deck,note_type,front,back,extra,card_family,card_type,concept_name,concept_aliases,importance,difficulty,exam_use,knowledge_domain,chapter_id,chapter_name,source_topic_ids,source_topic_names,source_ids,source_file,source_heading,related_question_ids,related_topic_ids,manual_review_status,manual_review_note,tags,checksum
软考::系统集成项目管理工程师,Basic,信息是什么？,信息是经过加工、具有意义并能支持决策的数据。,<div>理解：数据偏事实记录，信息偏可理解和可用于决策的内容。</div><div>题干信号：数据、加工、意义、决策</div><div>来源：01_信息化与信息系统 专题包 / topic_build_full 相关小节</div>,chapter_concept,概念卡,,,A,,,,01,01_信息化与信息系统,,,SRC-CH-01-001,outputs/anki_builds/full_expansion_20260521_003052/chapters/by_chapter/01_信息化与信息系统/chapter_concept_cards.md,01_信息化与信息系统 章节概念卡 (扩展版),,,keep,章节核心概念，Front具体，Back一句话定边界，Extra给出题干信号，本卡有稳定的复习价值。,ruankao ruankao::family::chapter_concept ruankao::card_type::概念卡 ruankao::importance::A ruankao::chapter::01,sha256:a3f0d78d1abb07df1981b768
软考::系统集成项目管理工程师,Basic,信息化是什么？,信息化是利用信息技术开发和利用信息资源，推动业务、组织和社会运行方式改变的过程。,<div>理解：它不是单纯买设备，而是技术、数据、流程和管理共同变化。</div><div>题干信号：信息技术应用、信息资源、业务改造</div><div>来源：01_信息化与信息系统 专题包 / topic_build_full 相关小节</div>,chapter_concept,概念卡,,,A,,,,01,01_信息化与信息系统,,,SRC-CH-01-002,outputs/anki_builds/full_expansion_20260521_003052/chapters/by_chapter/01_信息化与信息系统/chapter_concept_cards.md,01_信息化与信息系统 章节概念卡 (扩展版),,,keep,章节核心概念，Front具体，Back一句话定边界，Extra给出本概念的题干信号。,ruankao ruankao::family::chapter_concept ruankao::card_type::概念卡 ruankao::importance::A ruankao::chapter::01,sha256:61414f93bbfce7addc3c6cbe
软考::系统集成项目管理工程师,Basic,国家信息化体系是什么？,国家信息化体系通常从信息资源、网络、技术应用、产业、人才、政策法规和标准等要素理解。,<div>理解：具体要素表述有教材口径风险，涉及完整枚举时应核验。</div><div>题干信号：六要素、政策法规、信息化人才</div><div>来源：01_信息化与信息系统 专题包 / topic_build_full 相关小节</div>,chapter_concept,概念卡,,,B,,,,01,01_信息化与信息系统,,,SRC-CH-01-003,outputs/anki_builds/full_expansion_20260521_003052/chapters/by_chapter/01_信息化与信息系统/chapter_concept_cards.md,01_信息化与信息系统 章节概念卡 (扩展版),,,keep,关键概念但要素枚举有口径差异风险，B级合理。,ruankao ruankao::family::chapter_concept ruankao::card_type::概念卡 ruankao::importance::B ruankao::chapter::01,sha256:2e58aebea486ecfb02cfba89
软考::系统集成项目管理工程师,Basic,信息系统是什么？,信息系统是由人、硬件、软件、网络、数据和规程组成，用于处理信息并支持组织活动的系统。,<div>理解：不要把信息系统等同于软件；系统集成题常强调软硬件、网络和管理的整体。</div><div>题干信号：人机系统、数据处理、组织支持</div><div>来源：01_信息化与信息系统 专题包 / topic_build_full 相关小节</div>,chapter_concept,概念卡,,,A,,,,01,01_信息化与信息系统,,,SRC-CH-01-004,outputs/anki_builds/full_expansion_20260521_003052/chapters/by_chapter/01_信息化与信息系统/chapter_concept_cards.md,01_信息化与信息系统 章节概念卡 (扩展版),,,keep,Front聚焦概念，Back定义完整，Extra关联系统集成实务。,ruankao ruankao::family::chapter_concept ruankao::card_type::概念卡 ruankao::importance::A ruankao::chapter::01,sha256:b4d0c29c248ccd23abc1ab77
软考::系统集成项目管理工程师,Basic,信息系统生命周期是什么？,信息系统生命周期描述系统从规划、开发、运行维护到更新或退役的全过程。,<div>理解：它比单个项目生命周期更长，系统上线后仍进入运维和演化。</div><div>题干信号：规划、开发、运维、退役</div><div>来源：01_信息化与信息系统 专题包 / topic_build_full 相关小节</div>,chapter_concept,概念卡,,,A,,,,01,01_信息化与信息系统,,,SRC-CH-01-005,outputs/anki_builds/full_expansion_20260521_003052/chapters/by_chapter/01_信息化与信息系统/chapter_concept_cards.md,01_信息化与信息系统 章节概念卡 (扩展版),,,keep,核心概念，区分于项目生命周期，Extra强调生命周期跨度差异。,ruankao ruankao::family::chapter_concept ruankao::card_type::概念卡 ruankao::importance::A ruankao::chapter::01,sha256:5c412c5fcebed6c386a9234d
软考::系统集成项目管理工程师,Basic,系统集成是什么？,系统集成是把硬件、软件、网络、数据和业务流程组合成满足用户需求的信息系统。,<div>理解：核心不是拼设备，而是满足用户需求并形成可运行整体。</div><div>题干信号：软硬件网络集成、满足需求</div><div>来源：01_信息化与信息系统 专题包 / topic_build_full 相关小节</div>,chapter_concept,概念卡,,,A,,,,01,01_信息化与信息系统,,,SRC-CH-01-006,outputs/anki_builds/full_expansion_20260521_003052/chapters/by_chapter/01_信息化与信息系统/chapter_concept_cards.md,01_信息化与信息系统 章节概念卡 (扩展版),,,keep,本专题核心实务概念，Back定边界，Extra正本清源。,ruankao ruankao::family::chapter_concept ruankao::card_type::概念卡 ruankao::importance::A ruankao::chapter::01,sha256:16a6a2302ff35f33baeefc64
软考::系统集成项目管理工程师,Basic,需求分析是什么？,需求分析明确待建系统必须做什么以及应具备哪些功能和性能。,<div>理解：需求分析问 What to do，设计阶段才问 How to do。</div><div>题干信号：目标、范围、用户需求、What</div><div>来源：01_信息化与信息系统 专题包 / topic_build_full 相关小节</div>,chapter_concept,概念卡,,,A,,,,01,01_信息化与信息系统,,,SRC-CH-01-007,outputs/anki_builds/full_expansion_20260521_003052/chapters/by_chapter/01_信息化与信息系统/chapter_concept_cards.md,01_信息化与信息系统 章节概念卡 (扩展版),,,keep,"需求分析是后续章节基础，Extra用""What vs How""口诀帮助辨析。",ruankao ruankao::family::chapter_concept ruankao::card_type::概念卡 ruankao::importance::A ruankao::chapter::01,sha256:02d12e8db3ae9d6e9ff03b46
软考::系统集成项目管理工程师,Basic,瀑布模型是什么？,瀑布模型按需求、设计、编码、测试等阶段顺序推进，适合需求较稳定的项目。,<div>理解：需求不清或风险高时，瀑布模型容易在后期暴露问题。</div><div>题干信号：阶段顺序、需求稳定</div><div>来源：01_信息化与信息系统 专题包 / topic_build_full 相关小节</div>,chapter_concept,概念卡,,,B,,,,01,01_信息化与信息系统,,,SRC-CH-01-008,outputs/anki_builds/full_expansion_20260521_003052/chapters/by_chapter/01_信息化与信息系统/chapter_concept_cards.md,01_信息化与信息系统 章节概念卡 (扩展版),,,keep,经典开发模型，B级非核心失分点但仍需掌握。,ruankao ruankao::family::chapter_concept ruankao::card_type::概念卡 ruankao::importance::B ruankao::chapter::01,sha256:09c8e20394dc035a417d208f
软考::系统集成项目管理工程师,Basic,V 模型是什么？,V 模型强调开发阶段与测试阶段的对应关系，突出验证和确认。,<div>理解：看到需求、设计与验收测试、系统测试配对时，要想到 V 模型。</div><div>题干信号：测试对应、验证确认</div><div>来源：01_信息化与信息系统 专题包 / topic_build_full 相关小节</div>,chapter_concept,概念卡,,,B,,,,01,01_信息化与信息系统,,,SRC-CH-01-009,outputs/anki_builds/full_expansion_20260521_003052/chapters/by_chapter/01_信息化与信息系统/chapter_concept_cards.md,01_信息化与信息系统 章节概念卡 (扩展版),,,keep,开发模型辨析常见，Extra强调配对关系。,ruankao ruankao::family::chapter_concept ruankao::card_type::概念卡 ruankao::importance::B ruankao::chapter::01,sha256:aa63975269ce06ead3d477e1
软考::系统集成项目管理工程师,Basic,UML是什么？,UML 是面向对象分析与设计的可视化建模语言，不是程序设计语言。,"<div>理解：题干说""可视化程序设计语言""通常是陷阱。</div><div>题干信号：建模语言、类图、用例图</div><div>来源：01_信息化与信息系统 专题包 / topic_build_full 相关小节</div>",chapter_concept,概念卡,,,B,,,,01,01_信息化与信息系统,,,SRC-CH-01-010,outputs/anki_builds/full_expansion_20260521_003052/chapters/by_chapter/01_信息化与信息系统/chapter_concept_cards.md,01_信息化与信息系统 章节概念卡 (扩展版),,,keep,"常见易混淆概念，Extra给出典型错误选项信号。

---",ruankao ruankao::family::chapter_concept ruankao::card_type::概念卡 ruankao::importance::B ruankao::chapter::01,sha256:49098c10e6483d5b54e4f019
软考::系统集成项目管理工程师,Basic,信息的质量属性有哪些？,信息的质量属性包括精确性、完整性、可靠性、及时性、经济性、可验证性和安全性。,"<div>理解：七属性按""准、全、信、新、省、验、安""记忆。</div><div>易错点：""及时性""不等于""实时性""，及时性强调获取时刻与事件发生时刻的间隔小。</div><div>题干信号：信息价值、质量维度、信息属性判断</div><div>关联：Card 001 信息概念</div><div>来源：tutorial 1.1.1 第6节</div>",chapter_concept,概念卡,,,A,,,,01,01_信息化与信息系统,,,SRC-CH-01-011,outputs/anki_builds/full_expansion_20260521_003052/chapters/by_chapter/01_信息化与信息系统/chapter_concept_cards.md,01_信息化与信息系统 章节概念卡 (扩展版),,,keep,教程明确给出的信息质量属性七条，需要掌握枚举型题目。,ruankao ruankao::family::chapter_concept ruankao::card_type::概念卡 ruankao::importance::A ruankao::chapter::01,sha256:7e4b44f90d6d88412d349004
软考::系统集成项目管理工程师,Basic,信息传输模型包含哪些核心要素？,信息传输模型包含信源、信宿、信道、编码器、译码器和噪声六个核心要素。,<div>理解：信源产生信息，编码器将信号转换适应信道，译码器还原，噪声干扰传输过程。</div><div>易错点：不要混淆编码器与译码器的角色；信道是传送通道（如TCP/IP网络），不限于物理介质。</div><div>题干信号：信息传输、通信模型、信源编码</div><div>关联：Card 001 信息概念</div><div>来源：tutorial 1.1.1 第5节</div>,chapter_concept,概念卡,,,B,,,,01,01_信息化与信息系统,,,SRC-CH-01-012,outputs/anki_builds/full_expansion_20260521_003052/chapters/by_chapter/01_信息化与信息系统/chapter_concept_cards.md,01_信息化与信息系统 章节概念卡 (扩展版),,,keep,传输模型是信息论基础，要素枚举型常见，难度B级。,ruankao ruankao::family::chapter_concept ruankao::card_type::概念卡 ruankao::importance::B ruankao::chapter::01,sha256:001ece7a7e5827fb8435ca22
软考::系统集成项目管理工程师,Basic,电子商务按交易主体分类有哪些主要模式？,电子商务按交易主体分为B2B（企业对企业）、B2C（企业对消费者）、C2C（消费者对消费者）和O2O（线上到线下）四种模式。,<div>理解：B2B典型代表是阿里巴巴，B2C是京东/当当，C2C是淘宝/易趣，O2O是团购/线上购买线下消费。</div><div>易错点：O2O不是严格的交易主体分类，而是线上线下结合模式；考试可能混入B2G等干扰项。</div><div>题干信号：电子商务类型、交易主体划分、典型案例匹配</div><div>关联：Card 014 电子政务类型</div><div>来源：tutorial 1.4.5 第4节</div>,chapter_concept,概念卡,,,A,,,,01,01_信息化与信息系统,,,SRC-CH-01-013,outputs/anki_builds/full_expansion_20260521_003052/chapters/by_chapter/01_信息化与信息系统/chapter_concept_cards.md,01_信息化与信息系统 章节概念卡 (扩展版),,,keep,常考内容，需要掌握名称、英文缩写及典型平台对应关系。,ruankao ruankao::family::chapter_concept ruankao::card_type::概念卡 ruankao::importance::A ruankao::chapter::01,sha256:1815c51001896875d659636c
软考::系统集成项目管理工程师,Basic,电子政务按服务对象分类有哪些类型？,电子政务包括政府间电子政务（G2G）、政府对企业（G2B）、政府对公众（G2C）和政府内部（G2E）四类。,<div>理解：G2G是部门间协同，G2B是采购/审批等面向企业，G2C是面向公众的服务，G2E是政府内部办公。</div><div>易错点：第四类G2E（政府对公务员）容易被遗漏；注意和电子商务B2B/B2C/C2C区分记忆。</div><div>题干信号：电子政务分类、服务对象、G2G/G2B/G2C/G2E</div><div>关联：Card 013 电子商务类型</div><div>来源：tutorial 1.3.1</div>,chapter_concept,概念卡,,,A,,,,01,01_信息化与信息系统,,,SRC-CH-01-014,outputs/anki_builds/full_expansion_20260521_003052/chapters/by_chapter/01_信息化与信息系统/chapter_concept_cards.md,01_信息化与信息系统 章节概念卡 (扩展版),,,keep,常考内容，四种类型需完整记忆，注意G2E边界。,ruankao ruankao::family::chapter_concept ruankao::card_type::概念卡 ruankao::importance::A ruankao::chapter::01,sha256:d24b0252156ee077b77d6060
软考::系统集成项目管理工程师,Basic,ERP是什么？,ERP（企业资源计划）是一个以财务会计为核心的信息系统，对采购、生产、成本、库存、销售、运输、财务和人力资源等进行规划和优化，使企业利润最大化。,<div>理解：ERP由MRP逐步演变而来（基本MRP→闭环MRP→MRPⅡ→ERP），特点是统一集成、面向业务流程、模块化可配置、开放。</div><div>题干信号：企业资源计划、供应链整合、财务为核心、MRP演变</div><div>关联：Card 016 CRM、Card 017 SCM</div><div>来源：tutorial 1.4.1 演进中的ERP系统</div>,chapter_concept,概念卡,,,B,,,,01,01_信息化与信息系统,,,SRC-CH-01-015,outputs/anki_builds/full_expansion_20260521_003052/chapters/by_chapter/01_信息化与信息系统/chapter_concept_cards.md,01_信息化与信息系统 章节概念卡 (扩展版),,,keep,企业信息化核心概念，教程明确给出了定义和四个阶段演变。,ruankao ruankao::family::chapter_concept ruankao::card_type::概念卡 ruankao::importance::B ruankao::chapter::01,sha256:93c3b636988e68e683c45f3b
软考::系统集成项目管理工程师,Basic,CRM是什么？,CRM（客户关系管理）是基于方法学、软件和互联网，以有组织的方式帮助企业管理系统，以客户为中心的商业策略。,<div>理解：CRM不仅是信息系统，更是一种以客户为中心的商业策略，注重提高客户满意度和企业获利能力。</div><div>易错点：CRM不等于软件，其核心理念是客户中心制而非产品中心制。</div><div>题干信号：客户关系、客户中心、销售/营销自动化</div><div>关联：Card 015 ERP、Card 018 BI</div><div>来源：tutorial 1.4.3</div>,chapter_concept,概念卡,,,B,,,,01,01_信息化与信息系统,,,SRC-CH-01-016,outputs/anki_builds/full_expansion_20260521_003052/chapters/by_chapter/01_信息化与信息系统/chapter_concept_cards.md,01_信息化与信息系统 章节概念卡 (扩展版),,,keep,CRM是常见概念，需理解其管理理念与信息系统的双重属性。,ruankao ruankao::family::chapter_concept ruankao::card_type::概念卡 ruankao::importance::B ruankao::chapter::01,sha256:196adde34b9a3aa201cf6599
软考::系统集成项目管理工程师,Basic,SCM是什么？,SCM（供应链管理）是对供应链中信息流、资金流和物流进行计划、协调和控制，使供应链整体效益最大化。,<div>理解：供应链管理经历了初级萌芽（企业内部）→形成（跨企业整合）→成熟（供应链网络）三个阶段。</div><div>题干信号：供应链、供应商管理、物流/信息流/资金流协同</div><div>关联：Card 015 ERP、Card 016 CRM</div><div>来源：tutorial 1.4.4</div>,chapter_concept,概念卡,,,B,,,,01,01_信息化与信息系统,,,SRC-CH-01-017,outputs/anki_builds/full_expansion_20260521_003052/chapters/by_chapter/01_信息化与信息系统/chapter_concept_cards.md,01_信息化与信息系统 章节概念卡 (扩展版),,,keep,教程给出SCM三阶段发展，需掌握基本概念和定位。,ruankao ruankao::family::chapter_concept ruankao::card_type::概念卡 ruankao::importance::B ruankao::chapter::01,sha256:a191d5a3540a0be2d0d52c84
软考::系统集成项目管理工程师,Basic,BI是什么？,BI（商业智能）是将组织中现有数据转化为知识，帮助组织做出明智业务经营决策的解决方案，综合运用数据仓库、OLAP和数据挖掘等技术。,"<div>理解：BI本质是""数据→信息→知识→决策""的转化过程，核心是ETL（抽取、转换、装载）。</div><div>记忆线索：BI三层次——数据报表（低端）、多维数据分析（OLAP）、数据挖掘。</div><div>题干信号：商业智能、数据分析、决策支持、数据挖掘</div><div>关联：Card 015 ERP、Card 016 CRM</div><div>来源：tutorial 1.5</div>",chapter_concept,概念卡,,,B,,,,01,01_信息化与信息系统,,,SRC-CH-01-018,outputs/anki_builds/full_expansion_20260521_003052/chapters/by_chapter/01_信息化与信息系统/chapter_concept_cards.md,01_信息化与信息系统 章节概念卡 (扩展版),,,keep,教程明确给出了BI定义、三层次和实现步骤。,ruankao ruankao::family::chapter_concept ruankao::card_type::概念卡 ruankao::importance::B ruankao::chapter::01,sha256:6c1319482961dce4fb1917ae
软考::系统集成项目管理工程师,Basic,典型应用集成技术包含哪些核心技术？,典型应用集成技术包括Web Services（基于SOAP/WSDL/UDDI）、JavaEE架构、.NET架构以及组件标准（COM/DCOM/CORBA/EJB）等。,<div>理解：Web Services解决跨平台互操作问题，使用HTTP(S)和XML进行松耦合集成。</div><div>易错点：Web Services不是编程语言，而是一种分布计算模式；SOAP是协议不是传输层。</div><div>题干信号：应用集成、Web Service、SOAP/WSDL/UDDI、中间件</div><div>来源：tutorial 3.6</div>,chapter_concept,概念卡,,,C,,,,01,01_信息化与信息系统,,,SRC-CH-01-019,outputs/anki_builds/full_expansion_20260521_003052/chapters/by_chapter/01_信息化与信息系统/chapter_concept_cards.md,01_信息化与信息系统 章节概念卡 (扩展版),,,keep,C级作为扩展了解，Web Services的SOAP/WSDL/UDDI三个字母可能考。,ruankao ruankao::family::chapter_concept ruankao::card_type::概念卡 ruankao::importance::C ruankao::chapter::01,sha256:f7a1ee08ebbcc18116619783
软考::系统集成项目管理工程师,Basic,软件测试通常划分为哪几个阶段？,软件测试通常划分为单元测试、集成测试、系统测试和验收测试四个阶段。,<div>理解：V模型中，单元测试针对编码错误，集成测试检查接口问题，系统测试验证整体运行，验收测试由用户确认业务需求。</div><div>题干信号：测试阶段划分、V模型对应、各阶段目的</div><div>关联：Card 009 V模型、Card 008 瀑布模型</div><div>来源：tutorial 4.3.3 V模型部分</div>,chapter_concept,概念卡,,,B,,,,01,01_信息化与信息系统,,,SRC-CH-01-020,outputs/anki_builds/full_expansion_20260521_003052/chapters/by_chapter/01_信息化与信息系统/chapter_concept_cards.md,01_信息化与信息系统 章节概念卡 (扩展版),,,keep,测试阶段划分是常考内容，结合V模型理解各阶段目的。,ruankao ruankao::family::chapter_concept ruankao::card_type::概念卡 ruankao::importance::B ruankao::chapter::01,sha256:20c2cdca27a70fd71631e71d
软考::系统集成项目管理工程师,Basic,信息安全在信息化中为什么重要？,信息安全关系到国家安全、社会稳定和经济发展，是信息化体系建设的重要保障。,<div>理解：2014年中央网络安全和信息化领导小组成立，标志信息安全上升到国家安全战略高度。</div><div>题干信号：信息安全、网络安全、等级保护、密码算法</div><div>来源：tutorial 1.1.5 第9节</div>,chapter_concept,概念卡,,,B,,,,01,01_信息化与信息系统,,,SRC-CH-01-021,outputs/anki_builds/full_expansion_20260521_003052/chapters/by_chapter/01_信息化与信息系统/chapter_concept_cards.md,01_信息化与信息系统 章节概念卡 (扩展版),,,keep,信息安全是信息化基础知识，需理解其战略地位。,ruankao ruankao::family::chapter_concept ruankao::card_type::概念卡 ruankao::importance::B ruankao::chapter::01,sha256:a4b8f8191f302bdd5ff9c142
软考::系统集成项目管理工程师,Basic,"信息化从""小""到""大""分为哪几个层次？",信息化分为产品信息化、企业信息化、产业信息化、国民经济信息化和社会生活信息化五个层次。,<div>理解：从单个产品到企业再到全社会的递进关系。</div><div>易错点：注意企业信息化是国民经济信息化的基础；产品信息化是信息化的基础层。</div><div>题干信号：信息化层次、从小到大、递进关系</div><div>来源：tutorial 1.1.3</div>,chapter_concept,概念卡,,,C,,,,01,01_信息化与信息系统,,,SRC-CH-01-022,outputs/anki_builds/full_expansion_20260521_003052/chapters/by_chapter/01_信息化与信息系统/chapter_concept_cards.md,01_信息化与信息系统 章节概念卡 (扩展版),,,keep,教程明确给出五层次，C级扩展了解层次递进关系。,ruankao ruankao::family::chapter_concept ruankao::card_type::概念卡 ruankao::importance::C ruankao::chapter::01,sha256:b9c340d91a295a59cf605e86
软考::系统集成项目管理工程师,Basic,项目是什么？,项目是为创造独特产品、服务或成果而进行的临时性工作。,<div>理解：临时性不等于时间短，独特性不等于完全没有历史经验。</div><div>题干信号：临时性、独特性、成果</div><div>来源：02_项目管理基础 专题包 / topic_build_full 相关小节</div>,chapter_concept,概念卡,,,A,,,,02,02_项目管理基础,,,SRC-CH-02-001,outputs/anki_builds/full_expansion_20260521_003052/chapters/by_chapter/02_项目管理基础/chapter_concept_cards.md,02_项目管理基础 章节概念卡 (扩展版),,,keep,项目管理基础的核心概念，Back定义准确稳定。,ruankao ruankao::family::chapter_concept ruankao::card_type::概念卡 ruankao::importance::A ruankao::chapter::02,sha256:8662515ac244274e6874a649
软考::系统集成项目管理工程师,Basic,项目目标约束是什么？,项目通常要在范围、时间、成本、质量、资源和风险等约束下达成目标。,"<div>理解：案例题常考""只压工期导致成本或质量受影响""。</div><div>题干信号：多目标权衡、三重约束</div><div>来源：02_项目管理基础 专题包 / topic_build_full 相关小节</div>",chapter_concept,概念卡,,,A,,,,02,02_项目管理基础,,,SRC-CH-02-002,outputs/anki_builds/full_expansion_20260521_003052/chapters/by_chapter/02_项目管理基础/chapter_concept_cards.md,02_项目管理基础 章节概念卡 (扩展版),,,keep,目标约束是项目管理基础的核心知识点，考试频繁出现。,ruankao ruankao::family::chapter_concept ruankao::card_type::概念卡 ruankao::importance::A ruankao::chapter::02,sha256:fcd5cd4ec02c62cc8bdb0e82
软考::系统集成项目管理工程师,Basic,项目生命周期是什么？,项目生命周期是项目从启动到收尾经历的一系列阶段。,<div>理解：它与产品生命周期、信息系统生命周期不同，项目结束后产品或系统仍可继续存在。</div><div>题干信号：启动、阶段、收尾</div><div>来源：02_项目管理基础 专题包 / topic_build_full 相关小节</div>,chapter_concept,概念卡,,,A,,,,02,02_项目管理基础,,,SRC-CH-02-003,outputs/anki_builds/full_expansion_20260521_003052/chapters/by_chapter/02_项目管理基础/chapter_concept_cards.md,02_项目管理基础 章节概念卡 (扩展版),,,keep,基础概念，Extra给出与产品/系统生命周期的辨析。,ruankao ruankao::family::chapter_concept ruankao::card_type::概念卡 ruankao::importance::A ruankao::chapter::02,sha256:295e651c9871405c4af394c8
软考::系统集成项目管理工程师,Basic,阶段门是什么？,阶段门是在阶段结束处进行评审和决策的控制点。,"<div>理解：题干出现""是否进入下一阶段、评审通过后继续""，优先想到阶段门。</div><div>题干信号：阶段评审、继续/终止</div><div>来源：02_项目管理基础 专题包 / topic_build_full 相关小节</div>",chapter_concept,概念卡,,,B,,,,02,02_项目管理基础,,,SRC-CH-02-004,outputs/anki_builds/full_expansion_20260521_003052/chapters/by_chapter/02_项目管理基础/chapter_concept_cards.md,02_项目管理基础 章节概念卡 (扩展版),,,keep,B级概念，掌握定义和判断信号。,ruankao ruankao::family::chapter_concept ruankao::card_type::概念卡 ruankao::importance::B ruankao::chapter::02,sha256:476f1052ec4e5ae8afdfcbc1
软考::系统集成项目管理工程师,Basic,五大过程组是什么？,五大过程组是启动、规划、执行、监控、收尾，描述项目管理活动的时间逻辑。,<div>理解：过程组不是项目生命周期阶段，但常与阶段交织出现。</div><div>题干信号：启动规划执行监控收尾</div><div>来源：02_项目管理基础 专题包 / topic_build_full 相关小节</div>,chapter_concept,概念卡,,,A,,,,02,02_项目管理基础,,,SRC-CH-02-005,outputs/anki_builds/full_expansion_20260521_003052/chapters/by_chapter/02_项目管理基础/chapter_concept_cards.md,02_项目管理基础 章节概念卡 (扩展版),,,keep,核心知识点，过程组顺序与名称必须完整掌握。,ruankao ruankao::family::chapter_concept ruankao::card_type::概念卡 ruankao::importance::A ruankao::chapter::02,sha256:e508b64d3cc41985c195be73
软考::系统集成项目管理工程师,Basic,十大知识域是什么？,十大知识域按管理内容划分项目管理工作，如范围、进度、成本、质量、风险等。,<div>理解：知识域回答管什么，过程组回答什么时候管。</div><div>题干信号：范围、进度、成本、质量</div><div>来源：02_项目管理基础 专题包 / topic_build_full 相关小节</div>,chapter_concept,概念卡,,,A,,,,02,02_项目管理基础,,,SRC-CH-02-006,outputs/anki_builds/full_expansion_20260521_003052/chapters/by_chapter/02_项目管理基础/chapter_concept_cards.md,02_项目管理基础 章节概念卡 (扩展版),,,keep,"核心知识域概念，Extra用""管什么vs什么时候管""辨析知识域和过程组。",ruankao ruankao::family::chapter_concept ruankao::card_type::概念卡 ruankao::importance::A ruankao::chapter::02,sha256:e0a0306eb155fd5f23893bf1
软考::系统集成项目管理工程师,Basic,PDCA是什么？,PDCA 是计划、执行、检查、处理的持续改进循环。,<div>理解：软考常把 PDCA 与规划、执行、监控和纠偏联系起来。</div><div>题干信号：计划执行检查处理</div><div>来源：02_项目管理基础 专题包 / topic_build_full 相关小节</div>,chapter_concept,概念卡,,,B,,,,02,02_项目管理基础,,,SRC-CH-02-007,outputs/anki_builds/full_expansion_20260521_003052/chapters/by_chapter/02_项目管理基础/chapter_concept_cards.md,02_项目管理基础 章节概念卡 (扩展版),,,keep,质量管理基础概念，B级稳定性好。,ruankao ruankao::family::chapter_concept ruankao::card_type::概念卡 ruankao::importance::B ruankao::chapter::02,sha256:1f8f1e1df2c75341a415a0c8
软考::系统集成项目管理工程师,Basic,项目经理是什么？,项目经理负责整合项目资源并对项目目标实现承担管理责任。,<div>理解：项目经理不是万能批准者，权限受组织结构和章程授权影响。</div><div>题干信号：整合、授权、责任</div><div>来源：02_项目管理基础 专题包 / topic_build_full 相关小节</div>,chapter_concept,概念卡,,,A,,,,02,02_项目管理基础,,,SRC-CH-02-008,outputs/anki_builds/full_expansion_20260521_003052/chapters/by_chapter/02_项目管理基础/chapter_concept_cards.md,02_项目管理基础 章节概念卡 (扩展版),,,keep,项目管理核心角色概念，Extra提醒权限边界。,ruankao ruankao::family::chapter_concept ruankao::card_type::概念卡 ruankao::importance::A ruankao::chapter::02,sha256:f99f6db3731f9d73c99842c2
软考::系统集成项目管理工程师,Basic,PMO是什么？,PMO 是对项目、项目集或项目组合提供支持、控制或指令的组织单元。,<div>理解：三种类型权力逐级增强。</div><div>题干信号：支持、控制、指令</div><div>来源：02_项目管理基础 专题包 / topic_build_full 相关小节</div>,chapter_concept,概念卡,,,A,,,,02,02_项目管理基础,,,SRC-CH-02-009,outputs/anki_builds/full_expansion_20260521_003052/chapters/by_chapter/02_项目管理基础/chapter_concept_cards.md,02_项目管理基础 章节概念卡 (扩展版),,,keep,"PMO是组织级项目管理的重要概念，A级核心。

---",ruankao ruankao::family::chapter_concept ruankao::card_type::概念卡 ruankao::importance::A ruankao::chapter::02,sha256:30b66bd505cb6d108c96a589
软考::系统集成项目管理工程师,Basic,PMO有哪三种类型？各自有何特点？,PMO分为支持型（顾问角色，资源库，控制低）、控制型（提供支持并要求服从管理策略，控制中等）和指令型（直接管理和控制项目，控制高）。,<div>理解：三种类型权力从低到高：支持型→控制型→指令型。</div><div>易错点：控制型PMO不仅提供支持，还强制要求服从（如必须使用特定模板工具），不要和支持型混淆。</div><div>题干信号：PMO类型、控制程度、组织级项目管理</div><div>关联：Card 009 PMO定义</div><div>来源：tutorial 4.2.4 PMO在组织结构中的作用</div>,chapter_concept,概念卡,,,A,,,,02,02_项目管理基础,,,SRC-CH-02-010,outputs/anki_builds/full_expansion_20260521_003052/chapters/by_chapter/02_项目管理基础/chapter_concept_cards.md,02_项目管理基础 章节概念卡 (扩展版),,,keep,PMO三种类型是高频考点，本卡独立聚焦类型辨析，与Card 009互补。,ruankao ruankao::family::chapter_concept ruankao::card_type::概念卡 ruankao::importance::A ruankao::chapter::02,sha256:1d6e36ca094d4f80e51b3c95
软考::系统集成项目管理工程师,Basic,项目生命周期和产品生命周期有什么关系？,产品生命周期包含项目生命周期，项目生命周期是产品生命周期的一部分；项目结束后产品仍可继续存在和运行。,"<div>理解：一个产品从概念到退市的全过程（产品生命周期）中，可能包含一个或多个项目（如开发项目、升级项目）。</div><div>易错点：不要把两者混淆。题干说""项目结束后生命周期即结束""是错误陈述。</div><div>题干信号：产品生命周期vs项目生命周期、包含关系</div><div>关联：Card 003 项目生命周期</div><div>来源：tutorial 4.3.3</div>",chapter_concept,概念卡,,,B,,,,02,02_项目管理基础,,,SRC-CH-02-011,outputs/anki_builds/full_expansion_20260521_003052/chapters/by_chapter/02_项目管理基础/chapter_concept_cards.md,02_项目管理基础 章节概念卡 (扩展版),,,keep,与Card 003合理互补，前者问定义，后者问与产品生命周期的关系。,ruankao ruankao::family::chapter_concept ruankao::card_type::概念卡 ruankao::importance::B ruankao::chapter::02,sha256:285f24cf080b946eee010f3b
软考::系统集成项目管理工程师,Basic,事业环境因素与组织过程资产在项目管理中如何区分？,事业环境因素是项目团队不能直接控制的客观条件（如组织文化、行业标准）；组织过程资产是组织积累的过程和经验（如政策流程、经验教训库）。,"<div>理解：事业环境因素是""客观限制条件""（只能适应），组织过程资产是""可用的知识/流程库""（可直接使用）。</div><div>记忆线索：来自组织外部/客观 = 事业环境因素；来自组织内部/历史积累 = 组织过程资产。</div><div>题干信号：输入判断、制约因素、可用资产</div><div>来源：tutorial 4.1.11/4.1.12</div>",chapter_concept,概念卡,,,B,,,,02,02_项目管理基础,,,SRC-CH-02-012,outputs/anki_builds/full_expansion_20260521_003052/chapters/by_chapter/02_项目管理基础/chapter_concept_cards.md,02_项目管理基础 章节概念卡 (扩展版),,,keep,两个概念在多个管理过程的输入中都出现，区分清楚是解题关键。,ruankao ruankao::family::chapter_concept ruankao::card_type::概念卡 ruankao::importance::B ruankao::chapter::02,sha256:4d6052e424c6cbfbc4412b3f
软考::系统集成项目管理工程师,Basic,项目章程是什么？,项目章程是正式批准项目存在并授权项目经理使用组织资源的文件。,<div>理解：章程偏启动和授权，项目管理计划偏执行和控制。</div><div>题干信号：正式批准、授权项目经理</div><div>来源：04_整体管理 专题包 / topic_build_full 相关小节</div>,chapter_concept,概念卡,,,A,,,,04,04_整体管理,,,SRC-CH-04-001,outputs/anki_builds/full_expansion_20260521_003052/chapters/by_chapter/04_整体管理/chapter_concept_cards.md,04_整体管理 章节概念卡 (扩展版),,,keep,整体管理核心概念，定义准确稳定。,ruankao ruankao::family::chapter_concept ruankao::card_type::概念卡 ruankao::importance::A ruankao::chapter::04,sha256:937763ff6efbf52925d037c7
软考::系统集成项目管理工程师,Basic,SOW是什么？,工作说明书 SOW 描述项目需要提供的产品、服务或成果以及相关业务需求。,<div>理解：外部项目中 SOW 常是制定章程的重要输入。</div><div>题干信号：工作说明、业务需求</div><div>来源：04_整体管理 专题包 / topic_build_full 相关小节</div>,chapter_concept,概念卡,,,B,,,,04,04_整体管理,,,SRC-CH-04-002,outputs/anki_builds/full_expansion_20260521_003052/chapters/by_chapter/04_整体管理/chapter_concept_cards.md,04_整体管理 章节概念卡 (扩展版),,,keep,重要输入文档，B级合理。,ruankao ruankao::family::chapter_concept ruankao::card_type::概念卡 ruankao::importance::B ruankao::chapter::04,sha256:a3d6747731eb9551ca1bcf67
软考::系统集成项目管理工程师,Basic,项目管理计划是什么？,项目管理计划整合各子计划和基准，指导项目执行、监控和收尾。,<div>理解：它不是单一进度表，而是各管理计划和基准的集合。</div><div>题干信号：子计划、基准、指导执行</div><div>来源：04_整体管理 专题包 / topic_build_full 相关小节</div>,chapter_concept,概念卡,,,A,,,,04,04_整体管理,,,SRC-CH-04-003,outputs/anki_builds/full_expansion_20260521_003052/chapters/by_chapter/04_整体管理/chapter_concept_cards.md,04_整体管理 章节概念卡 (扩展版),,,keep,核心概念，Back简洁准确，Extra纠正常见误解。,ruankao ruankao::family::chapter_concept ruankao::card_type::概念卡 ruankao::importance::A ruankao::chapter::04,sha256:a86624d18310828117f1a776
软考::系统集成项目管理工程师,Basic,整体管理中，范围基准为什么会成为变更控制对象？,范围基准通常由项目范围说明书、WBS 和 WBS 词典组成。,<div>理解：范围变化若影响基准，应走变更控制。</div><div>题干信号：范围说明书、WBS、WBS词典</div><div>来源：04_整体管理 专题包 / topic_build_full 相关小节</div>,chapter_concept,概念卡,,,A,,,,04,04_整体管理,,,SRC-CH-04-004,outputs/anki_builds/full_expansion_20260521_003052/chapters/by_chapter/04_整体管理/chapter_concept_cards.md,04_整体管理 章节概念卡 (扩展版),,,keep,范围基准组成是常考内容，Back给出三要素。,ruankao ruankao::family::chapter_concept ruankao::card_type::概念卡 ruankao::importance::A ruankao::chapter::04,sha256:4ee883f648e429bb6135c0bf
软考::系统集成项目管理工程师,Basic,绩效测量基准是什么？,绩效测量基准通常整合范围、进度和成本基准，用于挣值等绩效评价。,<div>理解：质量基准通常不是 EVM 的三大基准之一。</div><div>题干信号：范围进度成本、EVM</div><div>来源：04_整体管理 专题包 / topic_build_full 相关小节</div>,chapter_concept,概念卡,,,A,,,,04,04_整体管理,,,SRC-CH-04-005,outputs/anki_builds/full_expansion_20260521_003052/chapters/by_chapter/04_整体管理/chapter_concept_cards.md,04_整体管理 章节概念卡 (扩展版),,,keep,三大基准整合是EVM基础，Extra指出常见错误。,ruankao ruankao::family::chapter_concept ruankao::card_type::概念卡 ruankao::importance::A ruankao::chapter::04,sha256:fe043628d3ccb794e419531e
软考::系统集成项目管理工程师,Basic,变更请求是什么？,变更请求是对项目文件、可交付成果或基准提出修改的正式请求。,<div>理解：口头要求不等于已批准变更。</div><div>题干信号：修改、正式请求、基准</div><div>来源：04_整体管理 专题包 / topic_build_full 相关小节</div>,chapter_concept,概念卡,,,A,,,,04,04_整体管理,,,SRC-CH-04-006,outputs/anki_builds/full_expansion_20260521_003052/chapters/by_chapter/04_整体管理/chapter_concept_cards.md,04_整体管理 章节概念卡 (扩展版),,,keep,变更管理基础概念，Extra纠正实务误解。,ruankao ruankao::family::chapter_concept ruankao::card_type::概念卡 ruankao::importance::A ruankao::chapter::04,sha256:20940881b62939f3404be84f
软考::系统集成项目管理工程师,Basic,CCB是什么？,变更控制委员会负责审查、批准、否决或推迟变更请求。,<div>理解：CCB 不一定亲自实施变更，重点在决策和控制。</div><div>题干信号：批准/否决变更</div><div>来源：04_整体管理 专题包 / topic_build_full 相关小节</div>,chapter_concept,概念卡,,,A,,,,04,04_整体管理,,,SRC-CH-04-007,outputs/anki_builds/full_expansion_20260521_003052/chapters/by_chapter/04_整体管理/chapter_concept_cards.md,04_整体管理 章节概念卡 (扩展版),,,keep,变更管理关键角色，定义清晰稳定。,ruankao ruankao::family::chapter_concept ruankao::card_type::概念卡 ruankao::importance::A ruankao::chapter::04,sha256:3d9fa870e71452fd38e06393
软考::系统集成项目管理工程师,Basic,管理收尾是什么？,管理收尾是正式结束项目或阶段，归档经验、移交成果并释放资源。,<div>理解：不要和合同收尾混淆；合同收尾聚焦采购合同关系。</div><div>题干信号：结束项目、经验教训、释放资源</div><div>来源：04_整体管理 专题包 / topic_build_full 相关小节</div>,chapter_concept,概念卡,,,A,,,,04,04_整体管理,,,SRC-CH-04-008,outputs/anki_builds/full_expansion_20260521_003052/chapters/by_chapter/04_整体管理/chapter_concept_cards.md,04_整体管理 章节概念卡 (扩展版),,,keep,收尾阶段核心活动，辨析管理收尾与合同收尾。,ruankao ruankao::family::chapter_concept ruankao::card_type::概念卡 ruankao::importance::A ruankao::chapter::04,sha256:1dd89a6ebd83e752c213acdc
软考::系统集成项目管理工程师,Basic,整体管理中，合同收尾提醒项目经理关注什么？,合同收尾是完成和结清采购合同，确认供应商工作和合同义务。,<div>理解：题干出现供应商、索赔、合同款项，通常更接近合同收尾。</div><div>题干信号：合同、供应商、结清</div><div>来源：04_整体管理 专题包 / topic_build_full 相关小节</div>,chapter_concept,概念卡,,,B,,,,04,04_整体管理,,,SRC-CH-04-009,outputs/anki_builds/full_expansion_20260521_003052/chapters/by_chapter/04_整体管理/chapter_concept_cards.md,04_整体管理 章节概念卡 (扩展版),,,keep,"与Card 008形成管理收尾/合同收尾的辨析对。

---",ruankao ruankao::family::chapter_concept ruankao::card_type::概念卡 ruankao::importance::B ruankao::chapter::04,sha256:67903bd602e7edf3b9dfaeed
软考::系统集成项目管理工程师,Basic,项目章程的主要内容要素有哪些？,项目章程包括项目目的、总体要求、可测量目标与成功标准、主要风险、总体里程碑、总体预算、审批要求、委派的项目经理及职权、发起人姓名和职权等。,"<div>理解：章程内容是原则性的、高层的，不涉及详细技术方案。</div><div>记忆线索：""目标风险里程碑，预算审批项目经理，发起人姓名职权一并提""。</div><div>易错点：项目管理计划中的详细内容是章程之后制定的，不属于章程内容。</div><div>题干信号：章程内容、高层级描述、原则性规定</div><div>关联：Card 001 项目章程定义</div><div>来源：tutorial 6.2.2 第4节 制定项目章程输出</div>",chapter_concept,概念卡,,,A,,,,04,04_整体管理,,,SRC-CH-04-010,outputs/anki_builds/full_expansion_20260521_003052/chapters/by_chapter/04_整体管理/chapter_concept_cards.md,04_整体管理 章节概念卡 (扩展版),,,keep,章程内容是案例题和选择题的高频考点，需要掌握主要要素。,ruankao ruankao::family::chapter_concept ruankao::card_type::概念卡 ruankao::importance::A ruankao::chapter::04,sha256:25c0f5ff6ef78dbade932df2
软考::系统集成项目管理工程师,Basic,项目管理计划由哪些组件构成？,项目管理计划由各子管理计划（如范围、进度、成本、质量、风险等管理计划）和三大基准（范围基准、进度基准、成本基准）组成。,<div>理解：子计划是各知识域的管理方法描述，基准是用于对比考核的参照标准。</div><div>易错点：项目管理计划不包括项目文件（如变更日志、风险登记册等），注意表6-2的区分。</div><div>题干信号：项目管理计划组成、子计划、基准</div><div>关联：Card 003 项目管理计划定义、Card 012 三大基准</div><div>来源：tutorial 6.3.4</div>,chapter_concept,概念卡,,,A,,,,04,04_整体管理,,,SRC-CH-04-011,outputs/anki_builds/full_expansion_20260521_003052/chapters/by_chapter/04_整体管理/chapter_concept_cards.md,04_整体管理 章节概念卡 (扩展版),,,keep,项目管理计划组成是基础知识点，表6-2区分PM计划与项目文件是考点。,ruankao ruankao::family::chapter_concept ruankao::card_type::概念卡 ruankao::importance::A ruankao::chapter::04,sha256:30af089ef605eeb960d4af92
软考::系统集成项目管理工程师,Basic,整体管理中三大基准分别指什么？,三大基准是范围基准（范围说明书+WBS+WBS词典）、进度基准（批准的进度计划）和成本基准（批准的预算）。,<div>理解：三大基准是绩效测量基准（PMB）的核心组成部分，用于挣值分析。</div><div>易错点：质量基准不属于三大基准；绩效测量基准=范围基准+进度基准+成本基准。</div><div>题干信号：基准、EVM、绩效测量</div><div>关联：Card 005 绩效测量基准、Card 004 范围基准</div><div>来源：tutorial 6.3.4 / 表6-2</div>,chapter_concept,概念卡,,,A,,,,04,04_整体管理,,,SRC-CH-04-012,outputs/anki_builds/full_expansion_20260521_003052/chapters/by_chapter/04_整体管理/chapter_concept_cards.md,04_整体管理 章节概念卡 (扩展版),,,keep,三大基准是EVM和变更控制的基础概念，需要准确记忆。,ruankao ruankao::family::chapter_concept ruankao::card_type::概念卡 ruankao::importance::A ruankao::chapter::04,sha256:f39a827aeee90a7329fdb882
软考::系统集成项目管理工程师,Basic,实施整体变更控制的基本流程是什么？,整体变更控制流程包括：提交变更请求→影响评价→CCB审查/批准/否决→批准后实施变更→跟踪验证→更新文件/基准。,"<div>理解：变更被批准后要通过""指导与管理项目工作""过程来实施，不是CCB去执行。</div><div>易错点：口头变更请求需先书面记录；CCB批准后仍需客户或发起人批准特定情况。</div><div>题干信号：变更流程、CCB角色、变更控制系统</div><div>关联：Card 006 变更请求、Card 007 CCB、Card 011 项目计划</div><div>来源：tutorial 6.6</div>",chapter_concept,概念卡,,,A,,,,04,04_整体管理,,,SRC-CH-04-013,outputs/anki_builds/full_expansion_20260521_003052/chapters/by_chapter/04_整体管理/chapter_concept_cards.md,04_整体管理 章节概念卡 (扩展版),,,keep,变更控制流程是案例题常考内容，流程步骤顺序需要掌握。,ruankao ruankao::family::chapter_concept ruankao::card_type::概念卡 ruankao::importance::A ruankao::chapter::04,sha256:84ad8e151f9aff765194f8d3
软考::系统集成项目管理工程师,Basic,监控项目工作过程使用的工具与技术有哪些？,监控项目工作的工具与技术包括分析技术（如回归分析、因果分析、根本原因分析、趋势分析、挣值管理）、项目管理信息系统、会议和专家判断。,<div>理解：分析技术是核心工具集，趋势分析检查绩效随时间的变化，挣值管理进行成本/进度偏差分析。</div><div>记忆线索：分析技术是工具主体，PMIS提供自动化支持，会议和专家判断是通用工具。</div><div>题干信号：监控工具、趋势分析、挣值、偏差分析</div><div>关联：Card 013 变更控制</div><div>来源：tutorial 6.5.3</div>,chapter_concept,概念卡,,,B,,,,04,04_整体管理,,,SRC-CH-04-014,outputs/anki_builds/full_expansion_20260521_003052/chapters/by_chapter/04_整体管理/chapter_concept_cards.md,04_整体管理 章节概念卡 (扩展版),,,keep,监控工具种类较多，B级要求掌握主要类型和用途。,ruankao ruankao::family::chapter_concept ruankao::card_type::概念卡 ruankao::importance::B ruankao::chapter::04,sha256:78c8b37e3bb867b849fbe1bb
软考::系统集成项目管理工程师,Basic,结束项目或阶段过程的主要工作步骤有哪些？,结束项目或阶段包括产品核实、财务收尾、更新项目记录、总结经验教训、更新组织过程资产、结束干系人关系和释放资源。,"<div>理解：行政收尾是本质，包括核实全部工作完成、财务结算、文档归档、经验总结和资源释放。</div><div>易错点：收尾阶段的验收是""形式上的最终验收""，真正的技术验收在范围确认过程中已完成。</div><div>题干信号：收尾、验收、经验教训、资源释放</div><div>关联：Card 008 管理收尾、Card 016 行政收尾vs合同收尾</div><div>来源：tutorial 6.7</div>",chapter_concept,概念卡,,,B,,,,04,04_整体管理,,,SRC-CH-04-015,outputs/anki_builds/full_expansion_20260521_003052/chapters/by_chapter/04_整体管理/chapter_concept_cards.md,04_整体管理 章节概念卡 (扩展版),,,keep,收尾流程步骤可能出现在案例题或选择题中，需要掌握主要活动顺序。,ruankao ruankao::family::chapter_concept ruankao::card_type::概念卡 ruankao::importance::B ruankao::chapter::04,sha256:82100583527380ba35445b52
软考::系统集成项目管理工程师,Basic,行政收尾与合同收尾的主要区别是什么？,行政收尾针对项目和阶段，每个阶段都需进行；合同收尾针对采购合同，每个合同仅需一次且发生在行政收尾之前。,<div>理解：以合同形式进行的项目，先做采购审计和合同收尾，再做行政收尾。</div><div>易错点：合同收尾本身也包含行政收尾工作（合同的行政收尾），不要绝对割裂。</div><div>题干信号：行政收尾vs合同收尾、先后顺序、签发确认书</div><div>关联：Card 008 管理收尾、Card 009 合同收尾、Card 015 收尾流程</div><div>来源：tutorial 6.7.1</div>,chapter_concept,概念卡,,,B,,,,04,04_整体管理,,,SRC-CH-04-016,outputs/anki_builds/full_expansion_20260521_003052/chapters/by_chapter/04_整体管理/chapter_concept_cards.md,04_整体管理 章节概念卡 (扩展版),,,keep,辨析卡，与Card 008/009形成互补，帮助解决易混淆点。,ruankao ruankao::family::chapter_concept ruankao::card_type::概念卡 ruankao::importance::B ruankao::chapter::04,sha256:a2cb11b45c7503bb8045c921
软考::系统集成项目管理工程师,Basic,指导与管理项目工作过程以什么活动为正式开始标志？,"指导与管理项目工作通常以""开踢会议""（Kick-off Meeting）为正式开始标志。",<div>理解：开踢会议在计划完成、执行开始时召开，由主要干系人联合参与。</div><div>题干信号：开踢会议、项目执行启动、计划结束</div><div>来源：tutorial 6.4.1</div>,chapter_concept,概念卡,,,B,,,,04,04_整体管理,,,SRC-CH-04-017,outputs/anki_builds/full_expansion_20260521_003052/chapters/by_chapter/04_整体管理/chapter_concept_cards.md,04_整体管理 章节概念卡 (扩展版),,,keep,B级概念，掌握开踢会议的位置和目的即可。,ruankao ruankao::family::chapter_concept ruankao::card_type::概念卡 ruankao::importance::B ruankao::chapter::04,sha256:bccd905db5ef104aae7c1d23
软考::系统集成项目管理工程师,Basic,质量是什么？,质量是满足要求和适用性的程度。,<div>理解：质量高不等于等级高，低等级产品也可以高质量。</div><div>题干信号：满足要求、适用性</div><div>来源：08_质量管理 专题包 / topic_build_full 相关小节</div>,chapter_concept,概念卡,,,A,,,,08,08_质量管理,,,SRC-CH-08-001,outputs/anki_builds/full_expansion_20260521_003052/chapters/by_chapter/08_质量管理/chapter_concept_cards.md,08_质量管理 章节概念卡,,,keep,"Front 聚焦""质量""这一章内概念，Back 一句话定边界，Extra 给出本概念的题干信号。",ruankao ruankao::family::chapter_concept ruankao::card_type::概念卡 ruankao::importance::A ruankao::chapter::08,sha256:0f0c4de30f2e74801950a045
软考::系统集成项目管理工程师,Basic,等级是什么？,等级是具有相同功能用途但技术特性不同的分类。,<div>理解：质量差是问题，等级低未必是问题。</div><div>题干信号：功能用途相同、技术特性不同</div><div>来源：08_质量管理 专题包 / topic_build_full 相关小节</div>,chapter_concept,概念卡,,,A,,,,08,08_质量管理,,,SRC-CH-08-002,outputs/anki_builds/full_expansion_20260521_003052/chapters/by_chapter/08_质量管理/chapter_concept_cards.md,08_质量管理 章节概念卡,,,keep,"Front 聚焦""等级""这一章内概念，Back 一句话定边界，Extra 给出本概念的题干信号。",ruankao ruankao::family::chapter_concept ruankao::card_type::概念卡 ruankao::importance::A ruankao::chapter::08,sha256:dc655f99356f49f5e6dd504f
软考::系统集成项目管理工程师,Basic,质量保证 QA是什么？,质量保证关注过程是否有效，强调预防和过程改进。,<div>理解：题干出现过程审查、质量审计，更接近 QA。</div><div>题干信号：过程、预防、审计</div><div>来源：08_质量管理 专题包 / topic_build_full 相关小节</div>,chapter_concept,概念卡,,,A,,,,08,08_质量管理,,,SRC-CH-08-003,outputs/anki_builds/full_expansion_20260521_003052/chapters/by_chapter/08_质量管理/chapter_concept_cards.md,08_质量管理 章节概念卡,,,keep,"Front 聚焦""质量保证 QA""这一章内概念，Back 一句话定边界，Extra 给出本概念的题干信号。",ruankao ruankao::family::chapter_concept ruankao::card_type::概念卡 ruankao::importance::A ruankao::chapter::08,sha256:c09f6eaa16703f6e6f9ac85e
软考::系统集成项目管理工程师,Basic,质量控制 QC是什么？,质量控制关注可交付成果是否符合质量要求，强调检查和缺陷发现。,<div>理解：题干出现测试、检查、缺陷，更接近 QC。</div><div>题干信号：结果、检查、缺陷</div><div>来源：08_质量管理 专题包 / topic_build_full 相关小节</div>,chapter_concept,概念卡,,,A,,,,08,08_质量管理,,,SRC-CH-08-004,outputs/anki_builds/full_expansion_20260521_003052/chapters/by_chapter/08_质量管理/chapter_concept_cards.md,08_质量管理 章节概念卡,,,keep,"Front 聚焦""质量控制 QC""这一章内概念，Back 一句话定边界，Extra 给出本概念的题干信号。",ruankao ruankao::family::chapter_concept ruankao::card_type::概念卡 ruankao::importance::A ruankao::chapter::08,sha256:60ee833d8cbc4e8aa171827c
软考::系统集成项目管理工程师,Basic,质量审计是什么？,质量审计是结构化、独立的过程检查，用于确认质量活动是否符合政策和程序。,<div>理解：质量审计通常是 QA 的工具。</div><div>题干信号：独立审查、过程符合性</div><div>来源：08_质量管理 专题包 / topic_build_full 相关小节</div>,chapter_concept,概念卡,,,A,,,,08,08_质量管理,,,SRC-CH-08-005,outputs/anki_builds/full_expansion_20260521_003052/chapters/by_chapter/08_质量管理/chapter_concept_cards.md,08_质量管理 章节概念卡,,,keep,"Front 聚焦""质量审计""这一章内概念，Back 一句话定边界，Extra 给出本概念的题干信号。",ruankao ruankao::family::chapter_concept ruankao::card_type::概念卡 ruankao::importance::A ruankao::chapter::08,sha256:36ce4b1729f477d716598741
软考::系统集成项目管理工程师,Basic,因果图是什么？,因果图用于分析问题可能原因，常按人机料法环等分类。,"<div>理解：题干问""找原因、分析根因""，优先想到鱼骨图。</div><div>题干信号：原因分析、鱼骨图</div><div>来源：08_质量管理 专题包 / topic_build_full 相关小节</div>",chapter_concept,概念卡,,,A,,,,08,08_质量管理,,,SRC-CH-08-006,outputs/anki_builds/full_expansion_20260521_003052/chapters/by_chapter/08_质量管理/chapter_concept_cards.md,08_质量管理 章节概念卡,,,keep,"Front 聚焦""因果图""这一章内概念，Back 一句话定边界，Extra 给出本概念的题干信号。",ruankao ruankao::family::chapter_concept ruankao::card_type::概念卡 ruankao::importance::A ruankao::chapter::08,sha256:2ffb6ce5c81a5eb1f60c6e91
软考::系统集成项目管理工程师,Basic,帕累托图是什么？,帕累托图用于识别造成多数问题的少数关键原因。,<div>理解：题干出现 80/20、优先处理主要问题，想到帕累托。</div><div>题干信号：80/20、关键少数</div><div>来源：08_质量管理 专题包 / topic_build_full 相关小节</div>,chapter_concept,概念卡,,,A,,,,08,08_质量管理,,,SRC-CH-08-007,outputs/anki_builds/full_expansion_20260521_003052/chapters/by_chapter/08_质量管理/chapter_concept_cards.md,08_质量管理 章节概念卡,,,keep,"Front 聚焦""帕累托图""这一章内概念，Back 一句话定边界，Extra 给出本概念的题干信号。",ruankao ruankao::family::chapter_concept ruankao::card_type::概念卡 ruankao::importance::A ruankao::chapter::08,sha256:ef63664641eecead643eaf56
软考::系统集成项目管理工程师,Basic,控制图是什么？,控制图用于判断过程是否稳定、是否受异常原因影响。,<div>理解：题干出现控制上限/下限、过程稳定性，想到控制图。</div><div>题干信号：UCL LCL、稳定性</div><div>来源：08_质量管理 专题包 / topic_build_full 相关小节</div>,chapter_concept,概念卡,,,B,,,,08,08_质量管理,,,SRC-CH-08-008,outputs/anki_builds/full_expansion_20260521_003052/chapters/by_chapter/08_质量管理/chapter_concept_cards.md,08_质量管理 章节概念卡,,,keep,"Front 聚焦""控制图""这一章内概念，Back 一句话定边界，Extra 给出本概念的题干信号。",ruankao ruankao::family::chapter_concept ruankao::card_type::概念卡 ruankao::importance::B ruankao::chapter::08,sha256:68231e8855d354d012c7fbf4
软考::系统集成项目管理工程师,Basic,检查表是什么？,检查表用于结构化收集和记录数据。,"<div>理解：它不是检查清单的同义词，但考试常考""收集缺陷数据""。</div><div>题干信号：记录数据、核查表</div><div>来源：08_质量管理 专题包 / topic_build_full 相关小节</div>",chapter_concept,概念卡,,,B,,,,08,08_质量管理,,,SRC-CH-08-009,outputs/anki_builds/full_expansion_20260521_003052/chapters/by_chapter/08_质量管理/chapter_concept_cards.md,08_质量管理 章节概念卡,,,keep,"Front 聚焦""检查表""这一章内概念，Back 一句话定边界，Extra 给出本概念的题干信号。",ruankao ruankao::family::chapter_concept ruankao::card_type::概念卡 ruankao::importance::B ruankao::chapter::08,sha256:2e8d071d0d29a7603b9959fe
软考::系统集成项目管理工程师,Basic,散点图是什么？,散点图用于观察两个变量之间是否存在相关关系。,<div>理解：题干出现两个变量关系，优先想到散点图。</div><div>题干信号：相关关系、两个变量</div><div>来源：08_质量管理 专题包 / topic_build_full 相关小节</div>,chapter_concept,概念卡,,,B,,,,08,08_质量管理,,,SRC-CH-08-010,outputs/anki_builds/full_expansion_20260521_003052/chapters/by_chapter/08_质量管理/chapter_concept_cards.md,08_质量管理 章节概念卡,,,keep,"Front 聚焦""散点图""这一章内概念，Back 一句话定边界，Extra 给出本概念的题干信号。",ruankao ruankao::family::chapter_concept ruankao::card_type::概念卡 ruankao::importance::B ruankao::chapter::08,sha256:1eb6a99520047d5b74fc2dad
软考::系统集成项目管理工程师,Basic,质量与等级的核心区别是什么？,质量衡量满足要求的程度，等级衡量技术特性的级别分类。低等级产品可以高质量，高等级产品也可能低质量。,"<div>理解：混凝土砖等级低但质量好（尺寸一致、强度达标），高端软件等级高但如果bug多则质量差。</div><div>题干信号：""功能有限但无明显缺陷""、""等级低≠质量差""</div><div>关联：Card 001 质量、Card 002 等级</div><div>来源：tutorial 10.1.1 质量与等级的区别</div>",chapter_concept,辨析卡,,,B,,,,08,08_质量管理,,,SRC-CH-08-011,outputs/anki_builds/full_expansion_20260521_003052/chapters/by_chapter/08_质量管理/chapter_concept_cards.md,08_质量管理 章节概念卡,,,keep,辨析型卡片，将 001 和 002 合并对比，Extra 给出典型例子帮助区分。,ruankao ruankao::family::chapter_concept ruankao::card_type::辨析卡 ruankao::importance::B ruankao::chapter::08,sha256:dfba2bc6ce0d7b662afc6fde
软考::系统集成项目管理工程师,Basic,质量成本(COQ)包括哪四类？,包括预防成本、评价成本、内部失败成本和外部失败成本。前两者属于一致性成本，后两者属于非一致性成本。,<div>记忆线索：预防(培训/流程)→评价(测试/检查)→内部失败(返工/报废)→外部失败(保修/投诉)。</div><div>易错点：外部失败成本远高于内部失败，务必尽早发现缺陷。</div><div>题干信号：COQ、一致性/非一致性、预防vs评估vs失败</div><div>来源：tutorial 10.2.3 质量成本法 + 图10-3</div>,chapter_concept,概念卡,,,A,,,,08,08_质量管理,,,SRC-CH-08-012,outputs/anki_builds/full_expansion_20260521_003052/chapters/by_chapter/08_质量管理/chapter_concept_cards.md,08_质量管理 章节概念卡,,,keep,四分类是考试常考点，Back 一句话概括，Extra 给出记忆顺序。,ruankao ruankao::family::chapter_concept ruankao::card_type::概念卡 ruankao::importance::A ruankao::chapter::08,sha256:4bb21f851bcaccc7effd2457
软考::系统集成项目管理工程师,Basic,一致性成本和非一致性成本分别指什么？,一致性成本是为避免失败而投入的成本（预防+评价），非一致性成本是因失败而产生的成本（内部+外部失败）。,"<div>理解：一致性成本花在""事前""和""事中检查""，非一致性成本花在""事后补救""。</div><div>题干信号：一致性vs非一致性、预防性投入</div><div>来源：tutorial 10.2.3 质量成本法</div>",chapter_concept,概念卡,,,B,,,,08,08_质量管理,,,SRC-CH-08-013,outputs/anki_builds/full_expansion_20260521_003052/chapters/by_chapter/08_质量管理/chapter_concept_cards.md,08_质量管理 章节概念卡,,,keep,与012形成互补，从收支配比视角理解质量投入。,ruankao ruankao::family::chapter_concept ruankao::card_type::概念卡 ruankao::importance::B ruankao::chapter::08,sha256:80d0c0e0c74241b58abfa6c8
软考::系统集成项目管理工程师,Basic,流程图在质量管理中起什么作用？,流程图显示活动顺序、决策点和分支，帮助分析和估算过程的质量成本。,<div>理解：流程图通过 SIPOC 模型展示价值链，识别哪些环节可能产生缺陷或返工。</div><div>题干信号：过程步骤、决策分支、SIPOC</div><div>来源：tutorial 10.2.3 七种基本质量工具</div>,chapter_concept,概念卡,,,B,,,,08,08_质量管理,,,SRC-CH-08-014,outputs/anki_builds/full_expansion_20260521_003052/chapters/by_chapter/08_质量管理/chapter_concept_cards.md,08_质量管理 章节概念卡,,,keep,补充7QC工具中的流程图，Back 点明用途，Extra 给出SIPOC关联。,ruankao ruankao::family::chapter_concept ruankao::card_type::概念卡 ruankao::importance::B ruankao::chapter::08,sha256:f0924c6783f91ac8dfe7b44f
软考::系统集成项目管理工程师,Basic,直方图在质量管理中有什么作用？,直方图用于描述数据的集中趋势、分散程度和统计分布形状，不考虑时间因素。,<div>易错点：直方图和控制图的区别——直方图不反映时间变化，控制图则有时间轴和控制界限。</div><div>题干信号：分布形状、集中趋势、频数</div><div>来源：tutorial 10.2.3 七种基本质量工具</div>,chapter_concept,概念卡,,,B,,,,08,08_质量管理,,,SRC-CH-08-015,outputs/anki_builds/full_expansion_20260521_003052/chapters/by_chapter/08_质量管理/chapter_concept_cards.md,08_质量管理 章节概念卡,,,keep,补充7QC工具中的直方图，Extra 强调与控制图的区别。,ruankao ruankao::family::chapter_concept ruankao::card_type::概念卡 ruankao::importance::B ruankao::chapter::08,sha256:e54bd7487e2426cfaa465ad6
软考::系统集成项目管理工程师,Basic,标杆对照是什么？,标杆对照是将项目实践与其他可比项目对照，识别最佳实践并改进绩效。,"<div>理解：核心是""找参照、学先进""，可以跟行业标杆或组织内部标杆比。</div><div>题干信号：最佳实践、对照、参考</div><div>来源：tutorial 10.2.3 标杆对照</div>",chapter_concept,概念卡,,,B,,,,08,08_质量管理,,,SRC-CH-08-016,outputs/anki_builds/full_expansion_20260521_003052/chapters/by_chapter/08_质量管理/chapter_concept_cards.md,08_质量管理 章节概念卡,,,keep,属于规划质量管理的工具，概念清晰，考试偶有出现。,ruankao ruankao::family::chapter_concept ruankao::card_type::概念卡 ruankao::importance::B ruankao::chapter::08,sha256:6933e9afba0d4f56fadb1d1b
软考::系统集成项目管理工程师,Basic,实验设计(DOE)在质量管理中用来做什么？,DOE是一种统计方法，识别哪些因素对产品或流程变量影响最大，并优化产品或流程。,<div>理解：不同于一次只改一个因素，DOE 系统性地同时改变多个重要因素，发现交互作用。</div><div>题干信号：DOE、因素分析、优化、统计方法</div><div>来源：tutorial 10.2.3 实验设计</div>,chapter_concept,概念卡,,,B,,,,08,08_质量管理,,,SRC-CH-08-017,outputs/anki_builds/full_expansion_20260521_003052/chapters/by_chapter/08_质量管理/chapter_concept_cards.md,08_质量管理 章节概念卡,,,keep,DOE是规划质量管理的工具，了解其统计优化作用即可。,ruankao ruankao::family::chapter_concept ruankao::card_type::概念卡 ruankao::importance::B ruankao::chapter::08,sha256:caa7f9a8bc959ee6142d12f1
软考::系统集成项目管理工程师,Basic,质量核对单在质量管理中起什么作用？,质量核对单是结构化工具，列出各项内容，核实所要求的一系列步骤是否已执行。,<div>理解：核对单 ≠ 检查表。检查表(Check Sheet)收集数据，核对单(Checklist)核实步骤。</div><div>易错点：注意区分检查表(7QC工具之一)和质量核对单(plan质量管理的输出)。</div><div>来源：tutorial 10.2.4 质量核对单</div>,chapter_concept,概念卡,,,C,,,,08,08_质量管理,,,SRC-CH-08-018,outputs/anki_builds/full_expansion_20260521_003052/chapters/by_chapter/08_质量管理/chapter_concept_cards.md,08_质量管理 章节概念卡,,,keep,质量核对单是规划质量管理的输出之一，Extra 指出与检查表的易混点。,ruankao ruankao::family::chapter_concept ruankao::card_type::概念卡 ruankao::importance::C ruankao::chapter::08,sha256:d3542db3dcde6a3a11be5747
软考::系统集成项目管理工程师,Basic,人力资源管理计划是什么？,人力资源管理计划说明角色、职责、汇报关系和人员管理安排。,<div>理解：它回答人怎么来、怎么管、何时释放。</div><div>题干信号：角色职责、人员安排</div><div>来源：09_人力资源与沟通管理 专题包 / topic_build_full 相关小节</div>,chapter_concept,概念卡,,,A,,,,09,09_人力资源与沟通管理,,,SRC-CH-09-001,outputs/anki_builds/full_expansion_20260521_003052/chapters/by_chapter/09_人力资源与沟通管理/chapter_concept_cards.md,09_人力资源与沟通管理 章节概念卡,,,keep,"Front 聚焦""人力资源管理计划""这一章内概念，Back 一句话定边界，Extra 给出本概念的题干信号。",ruankao ruankao::family::chapter_concept ruankao::card_type::概念卡 ruankao::importance::A ruankao::chapter::09,sha256:fec8e33a1b9c6b2c6d1cc8f2
软考::系统集成项目管理工程师,Basic,RAM是什么？,责任分配矩阵 RAM 把工作包与项目成员或组织单元对应起来。,<div>理解：用于看谁负责什么，RACI 是常见形式。</div><div>题干信号：工作包、责任</div><div>来源：09_人力资源与沟通管理 专题包 / topic_build_full 相关小节</div>,chapter_concept,概念卡,,,A,,,,09,09_人力资源与沟通管理,,,SRC-CH-09-002,outputs/anki_builds/full_expansion_20260521_003052/chapters/by_chapter/09_人力资源与沟通管理/chapter_concept_cards.md,09_人力资源与沟通管理 章节概念卡,,,keep,"Front 聚焦""RAM""这一章内概念，Back 一句话定边界，Extra 给出本概念的题干信号。",ruankao ruankao::family::chapter_concept ruankao::card_type::概念卡 ruankao::importance::A ruankao::chapter::09,sha256:1fbcd8e7f8e37d9a565724ac
软考::系统集成项目管理工程师,Basic,RACI是什么？,RACI 用负责、批准、咨询、知会表示责任角色。,<div>理解：一个活动最好有明确批准者，避免责任不清。</div><div>题干信号：负责批准咨询知会</div><div>来源：09_人力资源与沟通管理 专题包 / topic_build_full 相关小节</div>,chapter_concept,概念卡,,,B,,,,09,09_人力资源与沟通管理,,,SRC-CH-09-003,outputs/anki_builds/full_expansion_20260521_003052/chapters/by_chapter/09_人力资源与沟通管理/chapter_concept_cards.md,09_人力资源与沟通管理 章节概念卡,,,keep,"Front 聚焦""RACI""这一章内概念，Back 一句话定边界，Extra 给出本概念的题干信号。",ruankao ruankao::family::chapter_concept ruankao::card_type::概念卡 ruankao::importance::B ruankao::chapter::09,sha256:de893f23e2c9527d77419d37
软考::系统集成项目管理工程师,Basic,OBS是什么？,组织分解结构 OBS 按组织层级分解项目责任。,<div>理解：WBS 看成果，OBS 看组织。</div><div>题干信号：组织层级</div><div>来源：09_人力资源与沟通管理 专题包 / topic_build_full 相关小节</div>,chapter_concept,概念卡,,,B,,,,09,09_人力资源与沟通管理,,,SRC-CH-09-004,outputs/anki_builds/full_expansion_20260521_003052/chapters/by_chapter/09_人力资源与沟通管理/chapter_concept_cards.md,09_人力资源与沟通管理 章节概念卡,,,keep,"Front 聚焦""OBS""这一章内概念，Back 一句话定边界，Extra 给出本概念的题干信号。",ruankao ruankao::family::chapter_concept ruankao::card_type::概念卡 ruankao::importance::B ruankao::chapter::09,sha256:532ac957b20aafd151fd4da2
软考::系统集成项目管理工程师,Basic,团队建设是什么？,团队建设通过培训、规则、激励和协作提升团队绩效。,<div>理解：奖励加班不一定利于团队建设，尤其当加班源于计划不当。</div><div>题干信号：协作、绩效、规则</div><div>来源：09_人力资源与沟通管理 专题包 / topic_build_full 相关小节</div>,chapter_concept,概念卡,,,A,,,,09,09_人力资源与沟通管理,,,SRC-CH-09-005,outputs/anki_builds/full_expansion_20260521_003052/chapters/by_chapter/09_人力资源与沟通管理/chapter_concept_cards.md,09_人力资源与沟通管理 章节概念卡,,,keep,"Front 聚焦""团队建设""这一章内概念，Back 一句话定边界，Extra 给出本概念的题干信号。",ruankao ruankao::family::chapter_concept ruankao::card_type::概念卡 ruankao::importance::A ruankao::chapter::09,sha256:991c24c07e07799140a3f900
软考::系统集成项目管理工程师,Basic,塔克曼模型是什么？,塔克曼模型描述团队形成、震荡、规范、成熟和解散的发展阶段。,<div>理解：译名有教材口径风险，完整背诵需核验。</div><div>题干信号：形成震荡规范成熟</div><div>来源：09_人力资源与沟通管理 专题包 / topic_build_full 相关小节</div>,chapter_concept,概念卡,,,B,,,,09,09_人力资源与沟通管理,,,SRC-CH-09-006,outputs/anki_builds/full_expansion_20260521_003052/chapters/by_chapter/09_人力资源与沟通管理/chapter_concept_cards.md,09_人力资源与沟通管理 章节概念卡,,,keep,"Front 聚焦""塔克曼模型""这一章内概念，Back 一句话定边界，Extra 给出本概念的题干信号。",ruankao ruankao::family::chapter_concept ruankao::card_type::概念卡 ruankao::importance::B ruankao::chapter::09,sha256:3581abb389b1af24f48c9d2c
软考::系统集成项目管理工程师,Basic,冲突管理是什么？,冲突管理通过合作、妥协、缓和、强制、撤退等方式处理分歧。,<div>理解：问题解决/合作通常是更积极的方式。</div><div>题干信号：合作、妥协、撤退</div><div>来源：09_人力资源与沟通管理 专题包 / topic_build_full 相关小节</div>,chapter_concept,概念卡,,,A,,,,09,09_人力资源与沟通管理,,,SRC-CH-09-007,outputs/anki_builds/full_expansion_20260521_003052/chapters/by_chapter/09_人力资源与沟通管理/chapter_concept_cards.md,09_人力资源与沟通管理 章节概念卡,,,keep,"Front 聚焦""冲突管理""这一章内概念，Back 一句话定边界，Extra 给出本概念的题干信号。",ruankao ruankao::family::chapter_concept ruankao::card_type::概念卡 ruankao::importance::A ruankao::chapter::09,sha256:ed974debd37c73b96957574b
软考::系统集成项目管理工程师,Basic,沟通渠道数是什么？,沟通渠道数表示 n 个成员之间潜在沟通路径，常用 n(n-1)/2。,<div>理解：新增人员会显著增加沟通复杂度。</div><div>题干信号：n(n-1)/2</div><div>来源：09_人力资源与沟通管理 专题包 / topic_build_full 相关小节</div>,chapter_concept,概念卡,,,A,,,,09,09_人力资源与沟通管理,,,SRC-CH-09-008,outputs/anki_builds/full_expansion_20260521_003052/chapters/by_chapter/09_人力资源与沟通管理/chapter_concept_cards.md,09_人力资源与沟通管理 章节概念卡,,,keep,"Front 聚焦""沟通渠道数""这一章内概念，Back 一句话定边界，Extra 给出本概念的题干信号。",ruankao ruankao::family::chapter_concept ruankao::card_type::概念卡 ruankao::importance::A ruankao::chapter::09,sha256:a2e4e9a77527cbe16be38b1c
软考::系统集成项目管理工程师,Basic,推式沟通是什么？,推式沟通把信息发送给特定接收者，但不保证对方理解。,<div>理解：邮件、备忘录常是推式。</div><div>题干信号：发送给特定对象</div><div>来源：09_人力资源与沟通管理 专题包 / topic_build_full 相关小节</div>,chapter_concept,概念卡,,,B,,,,09,09_人力资源与沟通管理,,,SRC-CH-09-009,outputs/anki_builds/full_expansion_20260521_003052/chapters/by_chapter/09_人力资源与沟通管理/chapter_concept_cards.md,09_人力资源与沟通管理 章节概念卡,,,keep,"Front 聚焦""推式沟通""这一章内概念，Back 一句话定边界，Extra 给出本概念的题干信号。",ruankao ruankao::family::chapter_concept ruankao::card_type::概念卡 ruankao::importance::B ruankao::chapter::09,sha256:b3f37de2e6139a8199ead46e
软考::系统集成项目管理工程师,Basic,拉式沟通是什么？,拉式沟通让接收者按需获取信息，适合大量信息和大受众。,<div>理解：知识库、网站、公告库常是拉式。</div><div>题干信号：按需获取、大量信息</div><div>来源：09_人力资源与沟通管理 专题包 / topic_build_full 相关小节</div>,chapter_concept,概念卡,,,B,,,,09,09_人力资源与沟通管理,,,SRC-CH-09-010,outputs/anki_builds/full_expansion_20260521_003052/chapters/by_chapter/09_人力资源与沟通管理/chapter_concept_cards.md,09_人力资源与沟通管理 章节概念卡,,,keep,"Front 聚焦""拉式沟通""这一章内概念，Back 一句话定边界，Extra 给出本概念的题干信号。",ruankao ruankao::family::chapter_concept ruankao::card_type::概念卡 ruankao::importance::B ruankao::chapter::09,sha256:3d794548b638a236b3badf87
软考::系统集成项目管理工程师,Basic,交互式沟通是什么？,交互式沟通是多方之间进行多向信息交换，确保全体参与者对话题达成共识的最有效方法。,<div>理解：会议、电话、即时通讯、视频会议都属于交互式。</div><div>题干信号：多向信息交换、实时反馈、讨论</div><div>关联：与推式沟通(009)、拉式沟通(010)并列三种沟通方法。</div><div>来源：tutorial 12.2.2 沟通方法</div>,chapter_concept,概念卡,,,A,,,,09,09_人力资源与沟通管理,,,SRC-CH-09-011,outputs/anki_builds/full_expansion_20260521_003052/chapters/by_chapter/09_人力资源与沟通管理/chapter_concept_cards.md,09_人力资源与沟通管理 章节概念卡,,,keep,补充三种沟通方法中的交互式，与009、010形成完整体系。,ruankao ruankao::family::chapter_concept ruankao::card_type::概念卡 ruankao::importance::A ruankao::chapter::09,sha256:edf3d689d7a5912269060944
软考::系统集成项目管理工程师,Basic,马斯洛需要层次理论将人的需要分为哪五个层次？,从低到高依次为生理需要、安全需要、社会交往需要、自尊需要和自我实现需要。,<div>理解：底层四层（生理/安全/社交/自尊）是基本需要，自我实现是最高层。已被满足的需要不再起激励作用。</div><div>题干信号：金字塔、需求层次、激励</div><div>来源：tutorial 延伸阅读 1) 马斯洛需要层次理论</div>,chapter_concept,概念卡,,,A,,,,09,09_人力资源与沟通管理,,,SRC-CH-09-012,outputs/anki_builds/full_expansion_20260521_003052/chapters/by_chapter/09_人力资源与沟通管理/chapter_concept_cards.md,09_人力资源与沟通管理 章节概念卡,,,keep,"核心激励理论，Back列出五层顺序，Extra点明""已满足不激励""的关键假设。",ruankao ruankao::family::chapter_concept ruankao::card_type::概念卡 ruankao::importance::A ruankao::chapter::09,sha256:6f0792ed772e7bf28d16d79b
软考::系统集成项目管理工程师,Basic,赫兹伯格双因素理论中的保健因素和激励因素有什么区别？,保健因素与工作环境相关（工资、政策、人际关系），缺乏会导致不满意但满足也不激励；激励因素与工作本身相关（成就、认可、发展），具备才能产生满意和激励。,"<div>理解：保健因素""消除不满但不激励""，激励因素""真正让人愿意干""。</div><div>题干信号：双因素、保健vs激励、工作环境vs工作内容</div><div>来源：tutorial 延伸阅读 2) 赫茨伯格的双因素理论</div>",chapter_concept,概念卡,,,A,,,,09,09_人力资源与沟通管理,,,SRC-CH-09-013,outputs/anki_builds/full_expansion_20260521_003052/chapters/by_chapter/09_人力资源与沟通管理/chapter_concept_cards.md,09_人力资源与沟通管理 章节概念卡,,,keep,双因素理论是高频考点，Back明确区分两类因素，Extra帮助理解本质差异。,ruankao ruankao::family::chapter_concept ruankao::card_type::概念卡 ruankao::importance::A ruankao::chapter::09,sha256:9148bffd07fbc5a78e08951a
软考::系统集成项目管理工程师,Basic,期望理论认为激励程度受哪两个因素影响？,受目标效价（目标对个人的价值大小）和期望值（实现目标可能性的主观估计）两个因素共同影响。,<div>理解：即使目标很诱人(效价高)，如果觉得做不到(期望值低)，激励也很弱。</div><div>题干信号：效价、期望值、弗罗姆</div><div>来源：tutorial 延伸阅读 3) 期望理论</div>,chapter_concept,概念卡,,,B,,,,09,09_人力资源与沟通管理,,,SRC-CH-09-014,outputs/anki_builds/full_expansion_20260521_003052/chapters/by_chapter/09_人力资源与沟通管理/chapter_concept_cards.md,09_人力资源与沟通管理 章节概念卡,,,keep,补充激励理论体系，Back概括两个因素，Extra给出生活化理解。,ruankao ruankao::family::chapter_concept ruankao::card_type::概念卡 ruankao::importance::B ruankao::chapter::09,sha256:c3f5bf013610b0406d14551e
软考::系统集成项目管理工程师,Basic,X理论和Y理论对人性的假设有何不同？,X理论假设人天生懒惰、逃避责任、需强制管理；Y理论假设人热爱工作、愿意承担责任、可自我控制。,<div>理解：项目初期或新成员可用X理论加强管理，团队成熟后宜用Y理论授权。</div><div>题干信号：X理论Y理论、麦格雷戈、人性假设</div><div>来源：tutorial 延伸阅读 2. X理论和Y理论</div>,chapter_concept,概念卡,,,B,,,,09,09_人力资源与沟通管理,,,SRC-CH-09-015,outputs/anki_builds/full_expansion_20260521_003052/chapters/by_chapter/09_人力资源与沟通管理/chapter_concept_cards.md,09_人力资源与沟通管理 章节概念卡,,,keep,X/Y理论是管理风格基础，Back给出核心对立点，Extra给出适用场景。,ruankao ruankao::family::chapter_concept ruankao::card_type::概念卡 ruankao::importance::B ruankao::chapter::09,sha256:7bb2fd6ecbff3b3dd8d5a43f
软考::系统集成项目管理工程师,Basic,人员配备管理计划包含哪些主要内容？,包括人员招募方式、资源日历、人员遣散计划、培训需求、表彰奖励、合规规定和安全性。,"<div>理解：它是人力资源管理计划的子计划，回答""何时需要什么人、做多久、怎么管""。</div><div>题干信号：人员招募、遣散、资源日历、培训</div><div>来源：tutorial 11.2.3 人员配备管理计划</div>",chapter_concept,概念卡,,,B,,,,09,09_人力资源与沟通管理,,,SRC-CH-09-016,outputs/anki_builds/full_expansion_20260521_003052/chapters/by_chapter/09_人力资源与沟通管理/chapter_concept_cards.md,09_人力资源与沟通管理 章节概念卡,,,keep,人员配备管理计划是人力资源管理计划的核心输出，Back列出各要素，Extra点明作用。,ruankao ruankao::family::chapter_concept ruankao::card_type::概念卡 ruankao::importance::B ruankao::chapter::09,sha256:f474d0bbcf11367be93284ca
软考::系统集成项目管理工程师,Basic,虚拟团队有什么优缺点？,优点是可跨地域组建团队、引入专家、降低成本；缺点是可能产生误解、成员有孤立感、难以共享知识。,<div>理解：虚拟团队依赖现代沟通技术（Email、视频会议），需要更强的沟通计划。</div><div>题干信号：跨地域、远程、分布式团队</div><div>来源：tutorial 11.3.1 (4) 虚拟团队</div>,chapter_concept,概念卡,,,B,,,,09,09_人力资源与沟通管理,,,SRC-CH-09-017,outputs/anki_builds/full_expansion_20260521_003052/chapters/by_chapter/09_人力资源与沟通管理/chapter_concept_cards.md,09_人力资源与沟通管理 章节概念卡,,,keep,虚拟团队是组建团队的工具之一，Back概括优缺点，Extra点明依赖的沟通技术。,ruankao ruankao::family::chapter_concept ruankao::card_type::概念卡 ruankao::importance::B ruankao::chapter::09,sha256:f778e1064ef537ecba6d06b2
软考::系统集成项目管理工程师,Basic,人力资源柱状图用来表示什么？,人力资源柱状图以竖条表示个人/部门在每周或每月需要的工时数，横轴为日历时间，帮助进行资源平衡。,<div>理解：柱状图上可画一条水平线表示资源上限，超出部分提示需要资源平衡或延长进度。</div><div>题干信号：资源柱状图、工时、资源平衡</div><div>来源：tutorial 11.2.3 人员配备管理计划 资源日历</div>,chapter_concept,概念卡,,,C,,,,09,09_人力资源与沟通管理,,,SRC-CH-09-018,outputs/anki_builds/full_expansion_20260521_003052/chapters/by_chapter/09_人力资源与沟通管理/chapter_concept_cards.md,09_人力资源与沟通管理 章节概念卡,,,keep,属于人员配备管理计划中的工具，考试偶尔出现，Extra点明与资源平衡的关联。,ruankao ruankao::family::chapter_concept ruankao::card_type::概念卡 ruankao::importance::C ruankao::chapter::09,sha256:201e8e3993ade540d2fb1054
软考::系统集成项目管理工程师,Basic,干系人是什么？,干系人是能影响项目、受项目影响或认为自己受影响的个人、群体或组织。,<div>理解：不要只看客户，团队、供应商、监管方也可能是干系人。</div><div>题干信号：影响/受影响</div><div>来源：10_干系人与风险管理 专题包 / topic_build_full 相关小节</div>,chapter_concept,概念卡,,,A,,,,10,10_干系人与风险管理,,,SRC-CH-10-001,outputs/anki_builds/full_expansion_20260521_003052/chapters/by_chapter/10_干系人与风险管理/chapter_concept_cards.md,10_干系人与风险管理 章节概念卡,,,keep,"Front 聚焦""干系人""这一章内概念，Back 一句话定边界，Extra 给出本概念的题干信号。",ruankao ruankao::family::chapter_concept ruankao::card_type::概念卡 ruankao::importance::A ruankao::chapter::10,sha256:8423ae4d5edfe4b3301efcd2
软考::系统集成项目管理工程师,Basic,干系人登记册是什么？,干系人登记册记录干系人身份、需求、期望、影响力和分类等信息。,<div>理解：它是识别干系人的输出，也是管理参与的重要依据。</div><div>题干信号：身份、需求、影响</div><div>来源：10_干系人与风险管理 专题包 / topic_build_full 相关小节</div>,chapter_concept,概念卡,,,A,,,,10,10_干系人与风险管理,,,SRC-CH-10-002,outputs/anki_builds/full_expansion_20260521_003052/chapters/by_chapter/10_干系人与风险管理/chapter_concept_cards.md,10_干系人与风险管理 章节概念卡,,,keep,"Front 聚焦""干系人登记册""这一章内概念，Back 一句话定边界，Extra 给出本概念的题干信号。",ruankao ruankao::family::chapter_concept ruankao::card_type::概念卡 ruankao::importance::A ruankao::chapter::10,sha256:551a0e9e2b067d75a30bd5ba
软考::系统集成项目管理工程师,Basic,权力利益方格是什么？,权力利益方格按权力和利益对干系人分类，帮助制定管理策略。,<div>理解：高权力高利益通常重点管理。</div><div>题干信号：权力、利益、策略</div><div>来源：10_干系人与风险管理 专题包 / topic_build_full 相关小节</div>,chapter_concept,概念卡,,,B,,,,10,10_干系人与风险管理,,,SRC-CH-10-003,outputs/anki_builds/full_expansion_20260521_003052/chapters/by_chapter/10_干系人与风险管理/chapter_concept_cards.md,10_干系人与风险管理 章节概念卡,,,keep,"Front 聚焦""权力利益方格""这一章内概念，Back 一句话定边界，Extra 给出本概念的题干信号。",ruankao ruankao::family::chapter_concept ruankao::card_type::概念卡 ruankao::importance::B ruankao::chapter::10,sha256:22f158db57449b6c0a831dc5
软考::系统集成项目管理工程师,Basic,干系人参与度评估矩阵是什么？,参与度评估矩阵比较干系人当前参与程度和期望参与程度。,<div>理解：题干问当前/期望差距，想到参与度矩阵。</div><div>题干信号：当前参与、期望参与</div><div>来源：10_干系人与风险管理 专题包 / topic_build_full 相关小节</div>,chapter_concept,概念卡,,,B,,,,10,10_干系人与风险管理,,,SRC-CH-10-004,outputs/anki_builds/full_expansion_20260521_003052/chapters/by_chapter/10_干系人与风险管理/chapter_concept_cards.md,10_干系人与风险管理 章节概念卡,,,keep,"Front 聚焦""干系人参与度评估矩阵""这一章内概念，Back 一句话定边界，Extra 给出本概念的题干信号。",ruankao ruankao::family::chapter_concept ruankao::card_type::概念卡 ruankao::importance::B ruankao::chapter::10,sha256:54e27cc41a8ac0d36a48d8a1
软考::系统集成项目管理工程师,Basic,风险是什么？,风险是不确定事件或条件，一旦发生会对目标产生正面或负面影响。,<div>理解：风险未发生；已经发生的问题不再只是风险。</div><div>题干信号：不确定、目标影响</div><div>来源：10_干系人与风险管理 专题包 / topic_build_full 相关小节</div>,chapter_concept,概念卡,,,A,,,,10,10_干系人与风险管理,,,SRC-CH-10-005,outputs/anki_builds/full_expansion_20260521_003052/chapters/by_chapter/10_干系人与风险管理/chapter_concept_cards.md,10_干系人与风险管理 章节概念卡,,,keep,"Front 聚焦""风险""这一章内概念，Back 一句话定边界，Extra 给出本概念的题干信号。",ruankao ruankao::family::chapter_concept ruankao::card_type::概念卡 ruankao::importance::A ruankao::chapter::10,sha256:77cc6ec322cc948eff3fd5c9
软考::系统集成项目管理工程师,Basic,风险登记册是什么？,风险登记册记录已识别风险、原因、责任人、应对措施和状态。,<div>理解：它随风险管理过程持续更新。</div><div>题干信号：风险、原因、应对</div><div>来源：10_干系人与风险管理 专题包 / topic_build_full 相关小节</div>,chapter_concept,概念卡,,,A,,,,10,10_干系人与风险管理,,,SRC-CH-10-006,outputs/anki_builds/full_expansion_20260521_003052/chapters/by_chapter/10_干系人与风险管理/chapter_concept_cards.md,10_干系人与风险管理 章节概念卡,,,keep,"Front 聚焦""风险登记册""这一章内概念，Back 一句话定边界，Extra 给出本概念的题干信号。",ruankao ruankao::family::chapter_concept ruankao::card_type::概念卡 ruankao::importance::A ruankao::chapter::10,sha256:1b66dfd066dc315a8673109c
软考::系统集成项目管理工程师,Basic,风险分解结构 RBS是什么？,RBS 按类别分解风险来源，帮助系统识别风险。,<div>理解：不要和资源分解结构混淆。</div><div>题干信号：风险类别、来源</div><div>来源：10_干系人与风险管理 专题包 / topic_build_full 相关小节</div>,chapter_concept,概念卡,,,B,,,,10,10_干系人与风险管理,,,SRC-CH-10-007,outputs/anki_builds/full_expansion_20260521_003052/chapters/by_chapter/10_干系人与风险管理/chapter_concept_cards.md,10_干系人与风险管理 章节概念卡,,,keep,"Front 聚焦""风险分解结构 RBS""这一章内概念，Back 一句话定边界，Extra 给出本概念的题干信号。",ruankao ruankao::family::chapter_concept ruankao::card_type::概念卡 ruankao::importance::B ruankao::chapter::10,sha256:a1f5dfc6bb6b6a241807d62f
软考::系统集成项目管理工程师,Basic,残余风险是什么？,残余风险是实施风险应对后仍然存在的风险。,<div>理解：不是没处理，而是处理后仍保留。</div><div>题干信号：应对后仍存在</div><div>来源：10_干系人与风险管理 专题包 / topic_build_full 相关小节</div>,chapter_concept,概念卡,,,B,,,,10,10_干系人与风险管理,,,SRC-CH-10-008,outputs/anki_builds/full_expansion_20260521_003052/chapters/by_chapter/10_干系人与风险管理/chapter_concept_cards.md,10_干系人与风险管理 章节概念卡,,,keep,"Front 聚焦""残余风险""这一章内概念，Back 一句话定边界，Extra 给出本概念的题干信号。",ruankao ruankao::family::chapter_concept ruankao::card_type::概念卡 ruankao::importance::B ruankao::chapter::10,sha256:e2a8dab90dcaef8f7d2709a9
软考::系统集成项目管理工程师,Basic,二次风险是什么？,二次风险是风险应对措施本身引入的新风险。,<div>理解：转移风险后出现供应商依赖就是典型二次风险。</div><div>题干信号：应对引发新风险</div><div>来源：10_干系人与风险管理 专题包 / topic_build_full 相关小节</div>,chapter_concept,概念卡,,,B,,,,10,10_干系人与风险管理,,,SRC-CH-10-009,outputs/anki_builds/full_expansion_20260521_003052/chapters/by_chapter/10_干系人与风险管理/chapter_concept_cards.md,10_干系人与风险管理 章节概念卡,,,keep,"Front 聚焦""二次风险""这一章内概念，Back 一句话定边界，Extra 给出本概念的题干信号。",ruankao ruankao::family::chapter_concept ruankao::card_type::概念卡 ruankao::importance::B ruankao::chapter::10,sha256:46bb217e9a4929563e67bf4e
软考::系统集成项目管理工程师,Basic,EMV是什么？,预期货币价值 EMV 用概率乘以影响值，评价不确定结果的期望收益或损失。,<div>理解：机会取正值，威胁取负值，注意符号。</div><div>题干信号：概率×影响</div><div>来源：10_干系人与风险管理 专题包 / topic_build_full 相关小节</div>,chapter_concept,概念卡,,,A,,,,10,10_干系人与风险管理,,,SRC-CH-10-010,outputs/anki_builds/full_expansion_20260521_003052/chapters/by_chapter/10_干系人与风险管理/chapter_concept_cards.md,10_干系人与风险管理 章节概念卡,,,keep,"Front 聚焦""EMV""这一章内概念，Back 一句话定边界，Extra 给出本概念的题干信号。",ruankao ruankao::family::chapter_concept ruankao::card_type::概念卡 ruankao::importance::A ruankao::chapter::10,sha256:1365dcb62ebbc5a943bc7fb8
软考::系统集成项目管理工程师,Basic,定性风险分析与定量风险分析的核心区别是什么？,定性分析评估风险的概率和影响以排序优先级，输出风险等级列表；定量分析对高风险进行数值建模，输出量化数据（如成本/进度概率分布）。,"<div>理解：定性先排序""谁更重要""，定量再算""具体会损失多少""。定性快且经济，定量需要更多数据。</div><div>题干信号：优先级排序→定性，数值建模/EMV/蒙特卡洛→定量</div><div>来源：tutorial 18.5 定性风险分析、18.6 定量风险分析</div>",chapter_concept,辨析卡,,,A,,,,10,10_干系人与风险管理,,,SRC-CH-10-011,outputs/anki_builds/full_expansion_20260521_003052/chapters/by_chapter/10_干系人与风险管理/chapter_concept_cards.md,10_干系人与风险管理 章节概念卡,,,keep,辨析型卡片，直接对比两个过程的输入输出差异，Extra 点明考试信号词。,ruankao ruankao::family::chapter_concept ruankao::card_type::辨析卡 ruankao::importance::A ruankao::chapter::10,sha256:47d0375c30fa560b45ef9f80
软考::系统集成项目管理工程师,Basic,决策树分析在风险管理中如何使用？,决策树用分支表示不同方案和可能结果，结合 EMV 计算各方案期望值，辅助选择最优决策。,<div>理解：决策节点(方形)代表方案选择，机会节点(圆形)代表不确定结果，沿路径计算EMV取高者。</div><div>题干信号：决策树、EMV 计算、方案比较</div><div>关联：Card 010 EMV</div><div>来源：tutorial 18.6.2 预期货币价值分析 图18-12</div>,chapter_concept,概念卡,,,B,,,,10,10_干系人与风险管理,,,SRC-CH-10-012,outputs/anki_builds/full_expansion_20260521_003052/chapters/by_chapter/10_干系人与风险管理/chapter_concept_cards.md,10_干系人与风险管理 章节概念卡,,,keep,决策树是定量风险分析的建模技术，与EMV紧密关联，Extra给出结构要素。,ruankao ruankao::family::chapter_concept ruankao::card_type::概念卡 ruankao::importance::B ruankao::chapter::10,sha256:3e2118b94aa11406c77a924b
软考::系统集成项目管理工程师,Basic,消极风险(威胁)的应对策略有哪四种？,规避（消除威胁）、转移（转嫁责任给第三方）、减轻（降低概率或影响）、接受（被动或主动接受）。,<div>理解：规避≈彻底躲开，转移≈买保险，减轻≈加冗余，接受≈承认并预留储备。</div><div>记忆线索：避、转、减、受。</div><div>题干信号：威胁应对、规避措施、保险</div><div>来源：tutorial 18.7.2 消极风险或威胁的应对策略</div>,chapter_concept,概念卡,,,A,,,,10,10_干系人与风险管理,,,SRC-CH-10-013,outputs/anki_builds/full_expansion_20260521_003052/chapters/by_chapter/10_干系人与风险管理/chapter_concept_cards.md,10_干系人与风险管理 章节概念卡,,,keep,核心考点，Back列出四策略，Extra给出记忆口诀和典型例子。,ruankao ruankao::family::chapter_concept ruankao::card_type::概念卡 ruankao::importance::A ruankao::chapter::10,sha256:dd1a6d484081de6c98ac3cfe
软考::系统集成项目管理工程师,Basic,积极风险(机会)的应对策略有哪四种？,开拓（确保机会实现）、提高（增加概率或影响）、分享（分配给第三方）、接受（乐于利用但不主动追求）。,<div>理解：开拓≈砸资源确保发生，提高≈推一把增加概率，分享≈找伙伴一起做，接受≈躺赢。</div><div>记忆线索：开、提、分、受。</div><div>题干信号：机会应对、开拓、分享</div><div>来源：tutorial 18.7.2 积极风险或机会的应对策略</div>,chapter_concept,概念卡,,,B,,,,10,10_干系人与风险管理,,,SRC-CH-10-014,outputs/anki_builds/full_expansion_20260521_003052/chapters/by_chapter/10_干系人与风险管理/chapter_concept_cards.md,10_干系人与风险管理 章节概念卡,,,keep,补充机会应对策略，与013威胁应对形成完整对照，Extra给出记忆口诀。,ruankao ruankao::family::chapter_concept ruankao::card_type::概念卡 ruankao::importance::B ruankao::chapter::10,sha256:d1fbc733b7a3fd55f5c9ae61
软考::系统集成项目管理工程师,Basic,干系人参与程度分为哪五级？,分为不了解、抵制、中立、支持、领导五级。,<div>理解：干系人参与度评估矩阵记录当前参与程度(C)和期望参与程度(D)，差距越大越需要管理行动。</div><div>题干信号：不了解/抵制/中立/支持/领导、参与度矩阵</div><div>来源：tutorial 12.5.3 分析技术 + 图12-7</div>,chapter_concept,概念卡,,,A,,,,10,10_干系人与风险管理,,,SRC-CH-10-015,outputs/anki_builds/full_expansion_20260521_003052/chapters/by_chapter/10_干系人与风险管理/chapter_concept_cards.md,10_干系人与风险管理 章节概念卡,,,keep,核心考点，Back列出五级，Extra点明与参与度评估矩阵的关联。,ruankao ruankao::family::chapter_concept ruankao::card_type::概念卡 ruankao::importance::A ruankao::chapter::10,sha256:16b3ff9761f1c36fc2d7f4cf
软考::系统集成项目管理工程师,Basic,概率和影响矩阵在风险管理中的作用是什么？,概率和影响矩阵将风险的概率和影响映射为风险等级（高/中/低），帮助确定风险优先级。,<div>理解：风险值 = 概率 × 影响，矩阵按组合结果划分等级。高风险需优先应对，低风险列入观察清单。</div><div>题干信号：概率和影响矩阵、风险等级、P-I矩阵</div><div>来源：tutorial 18.3.3 概率和影响矩阵 + 图18-7</div>,chapter_concept,概念卡,,,B,,,,10,10_干系人与风险管理,,,SRC-CH-10-016,outputs/anki_builds/full_expansion_20260521_003052/chapters/by_chapter/10_干系人与风险管理/chapter_concept_cards.md,10_干系人与风险管理 章节概念卡,,,keep,风险优先级排序的核心工具，Back定义作用，Extra给出记忆公式和等级含义。,ruankao ruankao::family::chapter_concept ruankao::card_type::概念卡 ruankao::importance::B ruankao::chapter::10,sha256:b05c4f36322ef58cab254b3e
软考::系统集成项目管理工程师::真题刷题卡::下午案例题,Basic,【2019下 试题一 题干摘要】系统集成公司A于2019年1月中标某市政府B部门信息系统集成项目，合同总金额1150万元，建设内容包括搭建政府办公网络平台、改造中心机房、采购软硬件设备。A公司将中心机房电力改造工程分包给专业施工单位C公司。项目实施2周后，B部门决定将一个机房分拆为两个，需增加部分网络交换设备，B参照原合同委托A公司采购相同型号设备，金额127万元，双方签订补充协议。后C公司工作人员失误造成电力设备损毁，导致B部门两天无法正常办公，B部门就此向A公司提出索赔。,案例核心要素梳理,- 答题提醒：梳理合同管理相关知识点（补充协议合规性、分包管理、索赔流程）。注意补充协议的金额计算（127/1150≈11%）。<br>- 关联专题：T-CONTRACT-CASE-001<br>- 来源：questions.full.clean.md / 2019年下半年下午试题一,question,案例题干摘要卡,,,,,下午案例,,,,T-CONTRACT-CASE-001,T-CONTRACT-CASE-001,SRC-Q-2019-PM-CASE-01-SUMMARY,outputs/anki_builds/full_expansion_20260521_003052/question_cards/case_question_cards.md,2019年下半年 下午案例题 真题刷题卡,,T-CONTRACT-CASE-001,keep,"案例文本完整，场景清晰，属于高频合同管理考点。

---",ruankao ruankao::family::question ruankao::card_type::案例题干摘要卡 ruankao::importance:: ruankao::exam_use::下午案例 ruankao::topic::T-CONTRACT-CASE-001,sha256:e552151034ccd05012533b11
软考::系统集成项目管理工程师::真题刷题卡::下午案例题,Basic,【2019下 试题一 Q1】请指出A公司与政府B部门签订的补充协议有何不妥之处，并说明理由。,"不妥之处：补充协议金额127万元超过原合同总金额1150万元的10%（即115万元），属于""超出10%的追加采购应按新项目重新招标""。理由：根据政府采购相关规定，在政府采购合同中追加采购金额不得超过原合同采购金额的10%，超过部分应当重新组织招标。",- 答题提醒：（1）计算比例：127/1150≈11%>10%。（2）答题要点：政府采购法规定追加采购金额不得超过原合同10%；超出部分须重新招标。（3）注意金额计算不要出错。<br>- 关联专题：T-CONTRACT-CASE-001<br>- 来源：questions.full.clean.md / 2019年下半年下午试题一,question,问题识别卡,,,,,下午案例,,,,T-CONTRACT-CASE-001,T-CONTRACT-CASE-001,SRC-Q-2019-PM-CASE-01-Q1,outputs/anki_builds/full_expansion_20260521_003052/question_cards/case_question_cards.md,2019年下半年 下午案例题 真题刷题卡,,T-CONTRACT-CASE-001,keep,"问题文本完整，答案基于政府采购法相关规定，逻辑清晰。

---",ruankao ruankao::family::question ruankao::card_type::问题识别卡 ruankao::importance:: ruankao::exam_use::下午案例 ruankao::topic::T-CONTRACT-CASE-001,sha256:1bffb9fefa1935753e050d70
软考::系统集成项目管理工程师::真题刷题卡::下午案例题,Basic,【2019下 试题一 Q2】请简要叙述合同的索赔流程。,标准索赔流程：（1）索赔事件发生，受损方在约定期限内（通常28天）向监理/发包方提出索赔意向通知书。（2）提交详细的索赔报告，包括索赔依据、计算资料和证明材料。（3）监理/发包方收到索赔报告后，在约定时间内（通常28天）进行审核并答复。（4）如双方达成一致，签订索赔协议；如不能达成一致，按合同争议条款处理。（5）争议处理方式依次为：协商→调解→仲裁（如合同约定）→诉讼。,"- 答题提醒：答题时按""发起→提交→审核→协商→争议解决""五步走。注意合同不同则具体时限可能不同；政府采购项目还需遵循政府采购法特别规定。<br>- 关联专题：T-CONTRACT-CASE-001<br>- 来源：questions.full.clean.md / 2019年下半年下午试题一",question,答题框架卡,,,,,下午案例,,,,T-CONTRACT-CASE-001,T-CONTRACT-CASE-001,SRC-Q-2019-PM-CASE-01-Q2,outputs/anki_builds/full_expansion_20260521_003052/question_cards/case_question_cards.md,2019年下半年 下午案例题 真题刷题卡,,T-CONTRACT-CASE-001,keep,"参考答案在OCR中为图片格式，此处根据标准索赔流程整理。

---",ruankao ruankao::family::question ruankao::card_type::答题框架卡 ruankao::importance:: ruankao::exam_use::下午案例 ruankao::topic::T-CONTRACT-CASE-001,sha256:ad4fbc3cf666e0aaa604cc23
软考::系统集成项目管理工程师::真题刷题卡::下午案例题,Basic,【2019下 试题一 Q2 关键得分点】合同索赔流程的五个关键步骤是什么？每个步骤的核心操作是什么？,（1）索赔意向通知——事件发生后28天内发出书面意向通知。（2）提交索赔报告——提交详细计算和证据资料。（3）审核答复——28天内审核答复。（4）协商解决——双方就赔偿金额协商一致。（5）争议解决——协商不成按合同约定仲裁或诉讼。,"- 答题提醒：答索赔流程时，时间节点（28天）和书面化是关键得分点。注意区分""索赔意向""和""索赔报告""是两个不同的提交动作。<br>- 关联专题：T-CONTRACT-CASE-001<br>- 来源：questions.full.clean.md / 2019年下半年下午试题一",question,标准答案要点卡,,,,,下午案例,,,,T-CONTRACT-CASE-001,T-CONTRACT-CASE-001,SRC-Q-2019-PM-CASE-01-Q2-KEY,outputs/anki_builds/full_expansion_20260521_003052/question_cards/case_question_cards.md,2019年下半年 下午案例题 真题刷题卡,,T-CONTRACT-CASE-001,keep,"参考答案在OCR中为图片格式，此处根据标准合同索赔流程整理。

---",ruankao ruankao::family::question ruankao::card_type::标准答案要点卡 ruankao::importance:: ruankao::exam_use::下午案例 ruankao::topic::T-CONTRACT-CASE-001,sha256:f91b5f7f6b24d6159f6941e1
软考::系统集成项目管理工程师::真题刷题卡::下午案例题,Basic,"【2019下 试题一 易漏点】在试题一场景中，C公司（分包方）施工失误导致设备损毁，B部门向A公司索赔是否正确？A公司是否可以以""这是C公司的责任""为由拒绝？为什么？","正确。A公司应对B部门承担全部合同责任。因为：（1）A公司与B部门是合同主体，C公司是A公司的分包方。（2）根据合同相对性原则，A公司需就分包方的行为对B部门负责。（3）A公司在向B部门承担赔偿责任后，可依据与C公司的分包合同向C公司追偿。A公司不能以""这是分包方的责任""为由拒绝B部门的索赔。",- 答题提醒：分包管理中一个极易混淆的点——总包方对分包方的行为向业主承担全部责任，总包方可事后向分包方追偿但不能对抗业主。这一原则在索赔答题中经常出现。<br>- 关联专题：T-CONTRACT-CASE-001<br>- 来源：questions.full.clean.md / 2019年下半年下午试题一,question,易漏点卡,,,,,下午案例,,,,T-CONTRACT-CASE-001,T-CONTRACT-CASE-001,SRC-Q-2019-PM-CASE-01-MISS,outputs/anki_builds/full_expansion_20260521_003052/question_cards/case_question_cards.md,2019年下半年 下午案例题 真题刷题卡,,T-CONTRACT-CASE-001,keep,"分包责任归属是高频考点。

---",ruankao ruankao::family::question ruankao::card_type::易漏点卡 ruankao::importance:: ruankao::exam_use::下午案例 ruankao::topic::T-CONTRACT-CASE-001,sha256:80bad3db60a2d2425ed3f6a5
软考::系统集成项目管理工程师::真题刷题卡::下午案例题,Basic,"【可迁移模板】案例题中出现""补充协议/追加采购""时，答题应围绕哪些检查点展开？",合同类案例回答模板：（1）检查追加金额是否超过原合同10%（政府采购项目）。（2）检查是否履行了必要的审批/招标程序。（3）检查合同变更是否采用书面形式。（4）检查分包是否合规（分包是否有资质、是否经业主同意、是否主体工程/关键工作）。（5）检查索赔是否在规定时限内按流程提出。（6）检查总包方对分包方的连带责任。,- 答题提醒：此模板可迁移至任何涉及合同管理、采购管理、索赔管理的案例分析题。注意政府采购与普通商业合同的规则差异（10%的追加限额是政府采购特有规则）。<br>- 关联专题：T-CONTRACT-CASE-001<br>- 来源：questions.full.clean.md / 2019年下半年下午试题一,question,可迁移案例模板卡,,,,,下午案例,,,,T-CONTRACT-CASE-001,T-CONTRACT-CASE-001,SRC-Q-2019-PM-CASE-01-TEMPLATE,outputs/anki_builds/full_expansion_20260521_003052/question_cards/case_question_cards.md,2019年下半年 下午案例题 真题刷题卡,,T-CONTRACT-CASE-001,keep,"合同管理答题模板总结全面。

---",ruankao ruankao::family::question ruankao::card_type::可迁移案例模板卡 ruankao::importance:: ruankao::exam_use::下午案例 ruankao::topic::T-CONTRACT-CASE-001,sha256:a8834057eb7396cd624a3928
软考::系统集成项目管理工程师::真题刷题卡::下午案例题,Basic,【2019下 试题二 题干摘要】外国公司C（S主管精通软件开发但不懂汉语，W翻译不懂技术）委托中国H公司（项目经理杨工）建设业务系统。经过需求调研，杨工认为C公司想建设一个视频聊天网站，并据此完成系统方案。在W翻译下，S审阅并认可了方案，双方签合同并将方案作为验收标准。开发过程中，S主管和W翻译忙于开拓市场未与H公司接触。系统开发行将结束时，S主管表示视频聊天只是基本功能，核心功能是通过视频聊天实现网上交易的电子商务活动。W翻译承认工作有误。此后C公司多次提出范围变更，系统方案严重偏离原始方案。,案例核心要素梳理——核心问题：翻译沟通不畅导致范围理解重大偏差，且未进行范围确认。,"- 答题提醒：范围管理案例的典型场景——干系人未充分参与、需求未正式确认、翻译/沟通环节出现问题。注意答题时区分""范围定义不清晰""和""范围控制不到位""两个层面的问题。<br>- 关联专题：T-SCOPE-CASE-002<br>- 来源：questions.full.clean.md / 2019年下半年下午试题二",question,案例题干摘要卡,,,,,下午案例,,,,T-SCOPE-CASE-002,T-SCOPE-CASE-002,SRC-Q-2019-PM-CASE-02-SUMMARY,outputs/anki_builds/full_expansion_20260521_003052/question_cards/case_question_cards.md,2019年下半年 下午案例题 真题刷题卡,,T-SCOPE-CASE-002,keep,"案例文本完整，范围管理类案例非常典型。

---",ruankao ruankao::family::question ruankao::card_type::案例题干摘要卡 ruankao::importance:: ruankao::exam_use::下午案例 ruankao::topic::T-SCOPE-CASE-002,sha256:cc227cef33dea09880723aed
软考::系统集成项目管理工程师::真题刷题卡::下午案例题,Basic,【2019下 试题二 Q1】请结合案例简要说明，详细的项目范围说明书应包含哪些内容，并指出C公司和H公司对哪些方面的理解出现了重大偏差。,"详细的项目范围说明书应包含的内容：（1）项目的目标。（2）产品（或服务）的范围描述。（3）项目的可交付物。（4）项目边界。（5）产品验收标准。（6）项目的约束条件。（7）项目的假定。C和H在以下方面出现偏差：（1）项目目标——H以为做视频聊天网站，C期望做视频聊天的电子商务系统。（2）项目可交付物——同上。（3）验收标准——H把未经确认的""系统方案""作为验收标准。","- 答题提醒：7项内容可记忆为""目产可、边界验、约束假""（目标、产品描述、可交付物、边界、验收标准、约束、假定）。3项偏差记忆为""目标差、交付差、验收标准差""。<br>- 关联专题：T-SCOPE-CASE-002<br>- 来源：questions.full.clean.md / 2019年下半年下午试题二",question,标准答案要点卡,,,,,下午案例,,,,T-SCOPE-CASE-002,T-SCOPE-CASE-002,SRC-Q-2019-PM-CASE-02-Q1,outputs/anki_builds/full_expansion_20260521_003052/question_cards/case_question_cards.md,2019年下半年 下午案例题 真题刷题卡,,T-SCOPE-CASE-002,keep,"问题文本完整，参考答案完整。

---",ruankao ruankao::family::question ruankao::card_type::标准答案要点卡 ruankao::importance:: ruankao::exam_use::下午案例 ruankao::topic::T-SCOPE-CASE-002,sha256:839018086df2c3ee5407e4b3
软考::系统集成项目管理工程师::真题刷题卡::下午案例题,Basic,【2019下 试题二 Q2】S主管的要求是否恰当？为什么？并请结合本案例简要分析导致C公司多次提出范围变更的可能原因。,S主管的要求是恰当的。因为双方在需求（项目范围）理解上存在重大偏差，H公司未将详细的项目范围说明书（需求分析说明书）提交给C公司（S主管）确认签字。导致范围变更的可能原因：（1）W翻译对技术知之甚少，未能准确转达S主管的需求。（2）杨工收集需求时理解偏差，未能准确把握需求。（3）杨工编制的需求分析说明书未进行内部评审。（4）需求分析说明书未与C公司达成一致，未提交给S主管确认签字。（5）杨工在范围控制上做得不好。,"- 答题提醒：注意S主管的要求""恰当""是因为双方对范围有重大误解，不是因为他可以随意变更。答范围变更原因时从""需求获取→需求确认→范围控制""三个环节找问题。<br>- 关联专题：T-SCOPE-CASE-002<br>- 来源：questions.full.clean.md / 2019年下半年下午试题二",question,问题识别卡,,,,,下午案例,,,,T-SCOPE-CASE-002,T-SCOPE-CASE-002,SRC-Q-2019-PM-CASE-02-Q2,outputs/anki_builds/full_expansion_20260521_003052/question_cards/case_question_cards.md,2019年下半年 下午案例题 真题刷题卡,,T-SCOPE-CASE-002,keep,"问题文本完整，参考答案完整。

---",ruankao ruankao::family::question ruankao::card_type::问题识别卡 ruankao::importance:: ruankao::exam_use::下午案例 ruankao::topic::T-SCOPE-CASE-002,sha256:4375da59d091161d58b39feb
软考::系统集成项目管理工程师::真题刷题卡::下午案例题,Basic,【2019下 试题二 Q3】作为项目管理者，杨工此时应关注的范围变更控制的要点有哪些？,范围变更控制的要点：（1）确定范围变更是否已经产生。（2）对造成范围变更的因素施加影响，以确保这些变更得到一致认可。（3）当范围变更发生时，对实际的变更进行管理。具体包括：遵循变更控制流程（申请→评审→批准→实施→验证），确保所有变更经过CCB审批，更新范围基准和相关文档，并通知相关干系人。,- 答题提醒：答题时先给出三个要点（确定变更→施加影响→管理变更），再展开说明具体操作（CCB、流程、基准更新）。注意三点原文表述要准确。<br>- 关联专题：T-SCOPE-CASE-002<br>- 来源：questions.full.clean.md / 2019年下半年下午试题二,question,答题框架卡,,,,,下午案例,,,,T-SCOPE-CASE-002,T-SCOPE-CASE-002,SRC-Q-2019-PM-CASE-02-Q3,outputs/anki_builds/full_expansion_20260521_003052/question_cards/case_question_cards.md,2019年下半年 下午案例题 真题刷题卡,,T-SCOPE-CASE-002,keep,"问题文本完整，参考答案完整。

---",ruankao ruankao::family::question ruankao::card_type::答题框架卡 ruankao::importance:: ruankao::exam_use::下午案例 ruankao::topic::T-SCOPE-CASE-002,sha256:e8369ef64ffbba1746f5e5bc
软考::系统集成项目管理工程师::真题刷题卡::下午案例题,Basic,"【易漏点】试题二中，W翻译不懂技术导致需求传递失真。在项目管理中，这种""中间人""带来的沟通风险应如何防范？",防范措施：（1）尽量让关键干系人直接参与需求沟通，减少中间传递环节。（2）如必须通过翻译，应安排技术和业务双人复核。（3）需求确认环节必须由最终用户/关键干系人在中文和原文双版本上签字确认。（4）采用原型、演示等可视化方式确认需求，降低语言表达的不确定性。（5）在项目沟通计划中识别语言/文化差异风险并制定应对策略。,"- 答题提醒：项目中涉及翻译/中介的沟通风险是软考下午案例的常见考点。回答时应强调""减少传递环节""和""可视化确认""两个策略。<br>- 关联专题：T-SCOPE-CASE-002<br>- 来源：questions.full.clean.md / 2019年下半年下午试题二",question,易漏点卡,,,,,下午案例,,,,T-SCOPE-CASE-002,T-SCOPE-CASE-002,SRC-Q-2019-PM-CASE-02-MISS,outputs/anki_builds/full_expansion_20260521_003052/question_cards/case_question_cards.md,2019年下半年 下午案例题 真题刷题卡,,T-SCOPE-CASE-002,keep,"翻译沟通风险是范围管理中容易忽略但重要的考点。

---",ruankao ruankao::family::question ruankao::card_type::易漏点卡 ruankao::importance:: ruankao::exam_use::下午案例 ruankao::topic::T-SCOPE-CASE-002,sha256:2f3d66ba42f67fe0e340ba54
软考::系统集成项目管理工程师::真题刷题卡::下午案例题,Basic,"【可迁移模板】案例题中出现""范围理解偏差/干系人未参与/需求变更频繁""时，答题应检查哪些环节？",范围管理案例回答模板：（1）需求获取是否全面（是否识别了所有关键干系人、是否使用了多种需求获取技术）。（2）需求确认是否到位（是否形成书面需求规格说明书、是否经干系人签字确认）。（3）范围说明书是否完整（目标、产品描述、可交付物、边界、验收标准、约束、假定）。（4）范围控制是否规范（是否有变更控制流程、CCB、范围基准管理）。（5）沟通管理是否有效（语言障碍、文化差异、沟通频率、沟通渠道）。,- 答题提醒：范围管理案例题回答套路——从需求获取→需求确认→范围定义→范围确认→范围控制五个环节逐一检查问题。<br>- 关联专题：T-SCOPE-CASE-002<br>- 来源：questions.full.clean.md / 2019年下半年下午试题二,question,可迁移案例模板卡,,,,,下午案例,,,,T-SCOPE-CASE-002,T-SCOPE-CASE-002,SRC-Q-2019-PM-CASE-02-TEMPLATE,outputs/anki_builds/full_expansion_20260521_003052/question_cards/case_question_cards.md,2019年下半年 下午案例题 真题刷题卡,,T-SCOPE-CASE-002,keep,"范围管理答题模板总结全面，可迁移性强。

---",ruankao ruankao::family::question ruankao::card_type::可迁移案例模板卡 ruankao::importance:: ruankao::exam_use::下午案例 ruankao::topic::T-SCOPE-CASE-002,sha256:c53f91612d00399b05817115
软考::系统集成项目管理工程师::真题刷题卡::下午案例题,Basic,【2019下 试题三 题干摘要】F公司中标S市电子政务工程。项目经理李工参考以前成功实施的W市项目估算工作量120人月、计划工期6个月。项目开始不久，经业主与F公司协商，项目必须在当年年底前完成，工期压缩为4个月，工作量不变。李工按4个月重新制定计划，向公司申请增派开发人员，但增派的都是新人。李工取消每日例会改为每周例会，允许需求调研和方案设计部分重叠，允许需求未经确认即进行方案设计。最终项目一再延期无法交付，市政府严重不满。,案例核心要素梳理——核心问题：工期压缩不当、增派新人质量存疑、取消日常沟通、开发过程不规范、需求未确认。,"- 答题提醒：进度管理案例的典型""作死""操作——只加人不加能力、砍沟通不砍风险、跳过质量控制。答题时要从项目管理整体视角分析。<br>- 关联专题：T-TIME-CASE-003<br>- 来源：questions.full.clean.md / 2019年下半年下午试题三",question,案例题干摘要卡,,,,,下午案例,,,,T-TIME-CASE-003,T-TIME-CASE-003,SRC-Q-2019-PM-CASE-03-SUMMARY,outputs/anki_builds/full_expansion_20260521_003052/question_cards/case_question_cards.md,2019年下半年 下午案例题 真题刷题卡,,T-TIME-CASE-003,keep,"案例文本完整，进度管理类案例典型性强。

---",ruankao ruankao::family::question ruankao::card_type::案例题干摘要卡 ruankao::importance:: ruankao::exam_use::下午案例 ruankao::topic::T-TIME-CASE-003,sha256:99d931b450472b5b9b6a4d61
软考::系统集成项目管理工程师::真题刷题卡::下午案例题,Basic,【2019下 试题三 Q1】请简要分析该项目一再拖期的主要原因。,主要原因：（1）工作量估算可能不准，项目计划有问题或未经过评审。（2）新增派的开发人员是新人，经验不足，生产率低，开发质量有问题。（3）所有开发人员加班，导致过度疲劳，生产率降低，质量下降。（4）取消每日例会改为周例会，不能及时发现和纠正偏差。（5）需求调研和方案设计部分重叠，导致设计缺陷和返工。（6）需求未经确认，导致需求变更严重。,"- 答题提醒：从""人""（新人+疲劳）、""法""（估算不准、例会取消、阶段重叠）、""管""（需求未确认、计划未评审）三个维度组织答案，回答有条理。<br>- 关联专题：T-TIME-CASE-003<br>- 来源：questions.full.clean.md / 2019年下半年下午试题三",question,问题识别卡,,,,,下午案例,,,,T-TIME-CASE-003,T-TIME-CASE-003,SRC-Q-2019-PM-CASE-03-Q1,outputs/anki_builds/full_expansion_20260521_003052/question_cards/case_question_cards.md,2019年下半年 下午案例题 真题刷题卡,,T-TIME-CASE-003,keep,"问题文本完整，参考答案完整。

---",ruankao ruankao::family::question ruankao::card_type::问题识别卡 ruankao::importance:: ruankao::exam_use::下午案例 ruankao::topic::T-TIME-CASE-003,sha256:ca4d4d8e426cb555aad8d33b
软考::系统集成项目管理工程师::真题刷题卡::下午案例题,Basic,【2019下 试题三 Q2】请简要说明项目进度控制可以采用的技术和工具。,"进度控制的技术和工具：（1）进度报告（定期进度报告跟踪实际进展）。（2）进度变更控制系统（正式的变更流程）。（3）绩效衡量（挣值管理EVM的进度偏差SV和进度绩效指数SPI）。（4）项目管理软件（MS Project等）。（5）偏差分析（比较计划与实际差异）。（6）进度比较横道图（甘特图对比）。（7）资源平衡（优化资源使用）。（8）假设条件情景分析（""如果-那么""分析）。（9）进度压缩（赶工/快速跟进）。（10）制定进度的工具（关键路径法CPM等）。","- 答题提醒：记忆口诀：""报告、变更加绩效，软件、偏差和横道，资源平衡与假设（情景），进度压缩和工具""。回答10个工具中的6-7个即可拿满分。<br>- 关联专题：T-TIME-CASE-003<br>- 来源：questions.full.clean.md / 2019年下半年下午试题三",question,答题框架卡,,,,,下午案例,,,,T-TIME-CASE-003,T-TIME-CASE-003,SRC-Q-2019-PM-CASE-03-Q2,outputs/anki_builds/full_expansion_20260521_003052/question_cards/case_question_cards.md,2019年下半年 下午案例题 真题刷题卡,,T-TIME-CASE-003,keep,"问题文本完整，参考答案完整。

---",ruankao ruankao::family::question ruankao::card_type::答题框架卡 ruankao::importance:: ruankao::exam_use::下午案例 ruankao::topic::T-TIME-CASE-003,sha256:1e39ba68f6ea0a53543447af
软考::系统集成项目管理工程师::真题刷题卡::下午案例题,Basic,【2019下 试题三 Q3】请简要说明李工可以提出哪些措施以有效缩短项目工期。,（1）增派有经验的、水平高的开发人员（而非新人）。（2）在关键路径上赶工（适当加班，但不能过度）。（3）重新估算工作量，修订进度计划；如可能，调整优化部分工作的逻辑关系（但须注意快速跟进的风险）。（4）需求分析、设计方案及项目计划进行评审和用户确认，避免不必要的变更和后期返工。,"- 答题提醒：注意区分""赶工""（在关键路径上加班加资源）和""快速跟进""（并行进行原本顺序的工作）。本题李工犯的错误是压缩工期后未评审、未确认需求就并行——所以答案要强调""评审+确认""。<br>- 关联专题：T-TIME-CASE-003<br>- 来源：questions.full.clean.md / 2019年下半年下午试题三",question,标准答案要点卡,,,,,下午案例,,,,T-TIME-CASE-003,T-TIME-CASE-003,SRC-Q-2019-PM-CASE-03-Q3,outputs/anki_builds/full_expansion_20260521_003052/question_cards/case_question_cards.md,2019年下半年 下午案例题 真题刷题卡,,T-TIME-CASE-003,keep,"问题文本完整，参考答案完整。

---",ruankao ruankao::family::question ruankao::card_type::标准答案要点卡 ruankao::importance:: ruankao::exam_use::下午案例 ruankao::topic::T-TIME-CASE-003,sha256:a89090a3a3334800ec921a1f
软考::系统集成项目管理工程师::真题刷题卡::下午案例题,Basic,"【可迁移模板】案例中出现""工期压缩/进度延误/加班""时，答题应围绕哪些环节分析？",进度管理案例回答模板：（1）估算是否准确（三点估算/类比估算/专家判断）。（2）计划是否经过评审。（3）资源是否合理（人员技能匹配、增派新人需培训）。（4）沟通是否到位（例会频率、问题上报机制、进度报告）。（5）过程是否规范（需求确认、阶段评审、变更控制）。（6）加班管理是否合理（过度加班导致效率下降）。（7）控制技术是否使用（EVM、偏差分析、进度压缩技术）。,"- 答题提醒：进度类案例答题从""估不准→计划差→资源弱→沟通少→过程乱→加班多→控制无""这条线思考。<br>- 关联专题：T-TIME-CASE-003<br>- 来源：questions.full.clean.md / 2019年下半年下午试题三",question,可迁移案例模板卡,,,,,下午案例,,,,T-TIME-CASE-003,T-TIME-CASE-003,SRC-Q-2019-PM-CASE-03-TEMPLATE,outputs/anki_builds/full_expansion_20260521_003052/question_cards/case_question_cards.md,2019年下半年 下午案例题 真题刷题卡,,T-TIME-CASE-003,keep,"进度管理答题模板全面实用。

---",ruankao ruankao::family::question ruankao::card_type::可迁移案例模板卡 ruankao::importance:: ruankao::exam_use::下午案例 ruankao::topic::T-TIME-CASE-003,sha256:1c0ae178947529da2c226148
软考::系统集成项目管理工程师::真题刷题卡::下午案例题,Basic,"【2019下 试题四 题干摘要】某信息系统开发项目由A公司承建，工期1年，项目总预算20万元。目前项目实施已进行到第8个月末。项目执行情况分析表（元）：项目启动（PV=2000, AC=2100, 100%），可行性研究（PV=5000, AC=4500, 100%），需求调研与分析（PV=10000, AC=12000, 100%），设计选型（PV=75000, AC=86000, 90%），集成实施（PV=65000, AC=60000, 70%），测试（PV=20000, AC=15000, 35%）。",案例核心要素梳理——必须计算出PV、AC、EV，然后计算CV、SV、CPI、SPI。,"- 答题提醒：EVM计算题的关键是正确处理""完成百分比""。完成百分比乘以该活动的PV=EV。注意所有数据单位是""元""。<br>- 关联专题：T-EVM-CASE-004<br>- 来源：questions.full.clean.md / 2019年下半年下午试题四",question,案例题干摘要卡,,,,,下午案例,,,,T-EVM-CASE-004,T-EVM-CASE-004,SRC-Q-2019-PM-CASE-04-SUMMARY,outputs/anki_builds/full_expansion_20260521_003052/question_cards/case_question_cards.md,2019年下半年 下午案例题 真题刷题卡,,T-EVM-CASE-004,keep,"案例数据完整，EVM计算题典型。

---",ruankao ruankao::family::question ruankao::card_type::案例题干摘要卡 ruankao::importance:: ruankao::exam_use::下午案例 ruankao::topic::T-EVM-CASE-004,sha256:7317edf6b3ccb6483923e3eb
软考::系统集成项目管理工程师::真题刷题卡::下午案例题,Basic,【2019下 试题四 Q1】请计算截止到第8个月末该项目的成本偏差（CV）、进度偏差（SV）、成本执行指数（CPI）和进度执行指数（SPI），判断项目当前在成本和进度方面的执行情况。,"PV=2000+5000+10000+75000+65000+20000=177000（元）。AC=2100+4500+12000+86000+60000+15000=179600（元）。EV=(2000×100%)+(5000×100%)+(10000×100%)+(75000×90%)+(65000×70%)+(20000×35%)=2000+5000+10000+67500+45500+7000=137000（元）。CV=EV-AC=137000-179600=-42600（元）。SV=EV-PV=137000-177000=-40000（元）。CPI=EV/AC=137000/179600≈0.763。SPI=EV/PV=137000/177000≈0.774。结论：CV<0, CPI<1, 成本超支；SV<0, SPI<1, 进度落后。",- 答题提醒：计算步骤必须完整——先列每个活动数据、再算PV/AC/EV总和、再算CV/SV/CPI/SPI、最后下结论。注意EV计算中每个活动完成百分比要分别乘以该活动的PV（不是乘以其他金额）。<br>- 关联专题：T-EVM-CASE-004<br>- 来源：questions.full.clean.md / 2019年下半年下午试题四,question,标准答案要点卡,,,,,下午案例,,,,T-EVM-CASE-004,T-EVM-CASE-004,SRC-Q-2019-PM-CASE-04-Q1,outputs/anki_builds/full_expansion_20260521_003052/question_cards/case_question_cards.md,2019年下半年 下午案例题 真题刷题卡,,T-EVM-CASE-004,keep,"问题和数据完整，参考答案完整。

---",ruankao ruankao::family::question ruankao::card_type::标准答案要点卡 ruankao::importance:: ruankao::exam_use::下午案例 ruankao::topic::T-EVM-CASE-004,sha256:2394b284e11c95f0dc926ec1
软考::系统集成项目管理工程师::真题刷题卡::下午案例题,Basic,【2019下 试题四 Q2】请简要叙述成本控制的主要工作内容。,（1）对造成成本基准变更的因素施加影响。（2）确保变更请求获得同意。（3）当变更发生时，管理这些实际的变更。（4）保证潜在的成本超支不超过授权的项目阶段资金和总体资金。（5）监督成本执行绩效，找出与成本基准的偏差。（6）准确记录所有与成本基准的偏差。（7）防止错误的、不恰当的或未经批准的变更被纳入成本或资源使用报告中。（8）就审定的变更，通知项目干系人。（9）采取措施，将预期的成本超支控制在可接受的范围内。,"- 答题提醒：记忆口诀——""施加影响、确保同意、管理变更、控制超支、监督绩效、记录偏差、防止错变、通知干系、采取措施""。9个要点回答6-7个即可。<br>- 关联专题：T-EVM-CASE-004<br>- 来源：questions.full.clean.md / 2019年下半年下午试题四",question,答题框架卡,,,,,下午案例,,,,T-EVM-CASE-004,T-EVM-CASE-004,SRC-Q-2019-PM-CASE-04-Q2,outputs/anki_builds/full_expansion_20260521_003052/question_cards/case_question_cards.md,2019年下半年 下午案例题 真题刷题卡,,T-EVM-CASE-004,keep,"问题文本完整，参考答案完整。

---",ruankao ruankao::family::question ruankao::card_type::答题框架卡 ruankao::importance:: ruankao::exam_use::下午案例 ruankao::topic::T-EVM-CASE-004,sha256:0aac0d9133c4972b707c6494
软考::系统集成项目管理工程师::真题刷题卡::下午案例题,Basic,【易漏点】在试题四的EV计算中，常见的计算错误有哪些？如何避免？,常见错误：（1）将活动AC当成EV进行累计计算。（2）将活动完成百分比乘以AC来计算EV（应该乘PV）。（3）忘记将PV中未开始的活动计入total PV（本题所有活动均有PV值，情况不同）。（4）格式错误——忘记求和或求错总和。（5）忘记给出最终结论（仅给数字不给文字判断）。避免方法：始终记住公式——EV=∑(活动PV×完成百分比)，单独列每个活动的EV再求和，最后务必给出文字结论（成本超支/节约，进度提前/落后）。,- 答题提醒：EVM计算中EV是最容易出错的值。EV=已完成工作的计划价值——用已完成百分比乘以该活动的PV，而非乘以AC。<br>- 关联专题：T-EVM-CASE-004<br>- 来源：questions.full.clean.md / 2019年下半年下午试题四,question,易漏点卡,,,,,下午案例,,,,T-EVM-CASE-004,T-EVM-CASE-004,SRC-Q-2019-PM-CASE-04-MISS,outputs/anki_builds/full_expansion_20260521_003052/question_cards/case_question_cards.md,2019年下半年 下午案例题 真题刷题卡,,T-EVM-CASE-004,keep,"EVM计算常见错误总结实用。

---",ruankao ruankao::family::question ruankao::card_type::易漏点卡 ruankao::importance:: ruankao::exam_use::下午案例 ruankao::topic::T-EVM-CASE-004,sha256:a25095fc7231ab07632245b6
软考::系统集成项目管理工程师::真题刷题卡::下午案例题,Basic,"【可迁移模板】案例中出现""预算/实际成本/完成百分比""表格时，答题步骤是什么？",EVM类案例回答步骤：Step 1——列出每个活动的PV、AC、完成百分比。Step 2——计算总PV=各活动PV之和。Step 3——计算总AC=各活动AC之和。Step 4——计算总EV=各活动(PV×完成百分比)之和。Step 5——计算CV=EV-AC、SV=EV-PV、CPI=EV/AC、SPI=EV/PV。Step 6——判断：CV<0(或CPI<1)=成本超支，CV>0(或CPI>1)=成本节约；SV<0(或SPI<1)=进度落后，SV>0(或SPI>1)=进度提前。Step 7——回答问题中的具体内容（成本控制措施等）。,- 答题提醒：Step 4中注意每个活动的EV用各自的PV乘以完成百分比，不要混淆。计算百分比时一定要转化为小数（如90%=0.9）。<br>- 关联专题：T-EVM-CASE-004<br>- 来源：questions.full.clean.md / 2019年下半年下午试题四,question,可迁移案例模板卡,,,,,下午案例,,,,T-EVM-CASE-004,T-EVM-CASE-004,SRC-Q-2019-PM-CASE-04-TEMPLATE,outputs/anki_builds/full_expansion_20260521_003052/question_cards/case_question_cards.md,2019年下半年 下午案例题 真题刷题卡,,T-EVM-CASE-004,keep,"EVM计算模板清晰实用。

---",ruankao ruankao::family::question ruankao::card_type::可迁移案例模板卡 ruankao::importance:: ruankao::exam_use::下午案例 ruankao::topic::T-EVM-CASE-004,sha256:ee5de61543cf81aa012461c7
软考::系统集成项目管理工程师::真题刷题卡::下午案例题,Basic,【2019下 试题五 题干摘要】系统集成A公司承担某企业业务管理系统开发。张工任命为新项目经理，同时仍在负责原项目的收尾阶段。张工将新项目的需求分析阶段质量控制工作全权委托给SQA人员李工。李工制定了质量计划，形成项目质量计划书，并按计划书开展需求调研和分析阶段的质量控制工作。需求评审时，由于需求规格说明书不能完全覆盖企业业务需求，且部分需求理解与实际存在较大偏差，导致评审未通过。,案例核心要素梳理——核心问题：张工身兼多职、SQA人员越权做质量控制（QA和QC混淆）、质量计划未评审、需求规格说明书未内部评审。,- 答题提醒：质量管理案例的典型问题——质量保证与控制角色混淆、人员权责不清、评审缺失。<br>- 关联专题：T-QUAL-CASE-005<br>- 来源：questions.full.clean.md / 2019年下半年下午试题五,question,案例题干摘要卡,,,,,下午案例,,,,T-QUAL-CASE-005,T-QUAL-CASE-005,SRC-Q-2019-PM-CASE-05-SUMMARY,outputs/anki_builds/full_expansion_20260521_003052/question_cards/case_question_cards.md,2019年下半年 下午案例题 真题刷题卡,,T-QUAL-CASE-005,keep,"案例文本完整，质量管理类案例典型。

---",ruankao ruankao::family::question ruankao::card_type::案例题干摘要卡 ruankao::importance:: ruankao::exam_use::下午案例 ruankao::topic::T-QUAL-CASE-005,sha256:f78b02e3879ea170af62be1d
软考::系统集成项目管理工程师::真题刷题卡::下午案例题,Basic,【2019下 试题五 Q1】请指出A公司在项目管理过程中的不妥之处。,（1）整个公司项目管理过程不完善或缺乏，项目间资源平衡机制不完善。（2）单个项目管理制度不规范，张工权限下放随意。（3）员工身兼数职——张工兼任多个项目；质量保证人员李工兼任质量保证和质量控制，甚至代替项目经理编制项目质量计划（混淆了QA与QC的职责，SQA通常不代行项目经理的质量计划职能）。（4）项目质量计划未经过评审，需求规格说明书未经内部评审。,- 答题提醒：注意区分QA（质量保证）和QC（质量控制）的职责差异。QA关注过程合规和审计，QC关注具体产品的检查和测试。SQA李工代行项目经理职责做质量计划是不妥当的。<br>- 关联专题：T-QUAL-CASE-005<br>- 来源：questions.full.clean.md / 2019年下半年下午试题五,question,问题识别卡,,,,,下午案例,,,,T-QUAL-CASE-005,T-QUAL-CASE-005,SRC-Q-2019-PM-CASE-05-Q1,outputs/anki_builds/full_expansion_20260521_003052/question_cards/case_question_cards.md,2019年下半年 下午案例题 真题刷题卡,,T-QUAL-CASE-005,keep,"问题文本完整，参考答案完整。

---",ruankao ruankao::family::question ruankao::card_type::问题识别卡 ruankao::importance:: ruankao::exam_use::下午案例 ruankao::topic::T-QUAL-CASE-005,sha256:fb496f35e5eb90ff8a352f05
软考::系统集成项目管理工程师::真题刷题卡::下午案例题,Basic,【2019下 试题五 Q2】请简述项目质量控制过程的基本步骤。,（1）选择控制对象。（2）为控制对象确定标准或目标。（3）制定实施计划，确定保证措施。（4）按计划执行。（5）对项目实施情况进行跟踪监测、检查，并将监测结果与计划或标准比较。（6）发现并分析偏差。（7）根据偏差采取相应对策。,"- 答题提醒：记忆口诀——""选对象、定标准、做计划、按计划、跟检查、分偏差、采对策""。7步顺序不要颠倒。<br>- 关联专题：T-QUAL-CASE-005<br>- 来源：questions.full.clean.md / 2019年下半年下午试题五",question,答题框架卡,,,,,下午案例,,,,T-QUAL-CASE-005,T-QUAL-CASE-005,SRC-Q-2019-PM-CASE-05-Q2,outputs/anki_builds/full_expansion_20260521_003052/question_cards/case_question_cards.md,2019年下半年 下午案例题 真题刷题卡,,T-QUAL-CASE-005,keep,"问题文本完整，参考答案完整。

---",ruankao ruankao::family::question ruankao::card_type::答题框架卡 ruankao::importance:: ruankao::exam_use::下午案例 ruankao::topic::T-QUAL-CASE-005,sha256:92b219a2b63dc238baa74a0f
软考::系统集成项目管理工程师::真题刷题卡::下午案例题,Basic,【2019下 试题五 Q3】请简述制定项目质量计划可采用的方法、技术和工具。,（1）效益/成本分析（权衡质量投入与收益）。（2）基准比较（与行业标杆或类似项目对标）。（3）流程图（描述活动流程，识别质量关键点）。（4）实验设计（DOE，确定影响质量的关键因素）。（5）质量成本分析（分析一致性成本和非一致性成本）。（6）质量功能展开（QFD，将客户需求转化为设计要求）。（7）过程决策程序图法（PDPC，预判障碍制定应变措施）。,"- 答题提醒：记忆口诀——""效成本、基流图、实质量、PDPC""（效益/成本分析、基准比较、流程图、实验设计、质量成本分析、质量功能展开、过程决策程序图法）。其中PDPC（第68题考点）和QFD是较易忽略的工具。<br>- 关联专题：T-QUAL-CASE-005<br>- 来源：questions.full.clean.md / 2019年下半年下午试题五",question,标准答案要点卡,,,,,下午案例,,,,T-QUAL-CASE-005,T-QUAL-CASE-005,SRC-Q-2019-PM-CASE-05-Q3,outputs/anki_builds/full_expansion_20260521_003052/question_cards/case_question_cards.md,2019年下半年 下午案例题 真题刷题卡,,T-QUAL-CASE-005,keep,"问题文本完整，参考答案完整。

---",ruankao ruankao::family::question ruankao::card_type::标准答案要点卡 ruankao::importance:: ruankao::exam_use::下午案例 ruankao::topic::T-QUAL-CASE-005,sha256:225e78ff3ab02df58a10b9fd
软考::系统集成项目管理工程师::真题刷题卡::下午案例题,Basic,"【可迁移模板】案例中出现""质量评审未通过/质量保证与质量控制混淆/项目经理授权质量工作""时，答题应检查哪些方面？",质量管理案例回答模板：（1）角色职责——QA和QC是否混用、SQA是否越权代行项目经理职责。（2）评审机制——质量计划是否经过评审、需求/设计文档是否经过评审、评审是否有检查单。（3）标准体系——是否建立了质量标准体系（如ISO9000、CMMI）。（4）质量控制流程——是否有明确的质量控制步骤（选对象→定标准→执行→检查→分析→对策）。（5）管理过程——项目管理制度是否规范、项目经理资源协调是否到位、人员兼职是否合理。（6）质量工具——是否使用了合适的质量规划工具（PDPC、QFD、流程图等）。,"- 答题提醒：质量管理案例中""QA做了QC的事""或""程序员兼QA""是最常考的反面案例。记住：QA是过程审计（建造质量），QC是产品检验（检查质量）。<br>- 关联专题：T-QUAL-CASE-005<br>- 来源：questions.full.clean.md / 2019年下半年下午试题五",question,可迁移案例模板卡,,,,,下午案例,,,,T-QUAL-CASE-005,T-QUAL-CASE-005,SRC-Q-2019-PM-CASE-05-TEMPLATE,outputs/anki_builds/full_expansion_20260521_003052/question_cards/case_question_cards.md,2019年下半年 下午案例题 真题刷题卡,,T-QUAL-CASE-005,keep,质量管理答题模板全面实用。,ruankao ruankao::family::question ruankao::card_type::可迁移案例模板卡 ruankao::importance:: ruankao::exam_use::下午案例 ruankao::topic::T-QUAL-CASE-005,sha256:3df346975f72191614c94eaa
软考::系统集成项目管理工程师::真题刷题卡::下午案例题,Basic,【2010上 试题一 题干摘要】某网络建设项目在商务谈判阶段，建设方和承建方因有过合作经历，签订的合同只简单规定了项目建设内容、项目金额、付款方式和交工时间。实施中建设方提出新需求和对原有需求的更改，承建方评估后认为会导致工期延迟和成本增加，拒绝变更，并让销售人员通知建设方。建设方不满。初步验收时建设方提出很多问题，包括曾被拒绝的需求变更，双方陷入僵局。建设方拒绝在验收清单签字，导致进度延误，建设方以未按时交工为由要求赔偿。,案例核心要素梳理,"- 答题提醒：注意合同管理中的""范围明确""、""变更控制""、""验收标准""三个核心问题。合同过于简单是根源，拒绝变更的方式不当是导火索。<br>- 关联专题：T-CONTRACT-CASE-001<br>- 来源：questions.full.clean.md / 2010年上半年下午试题一",question,案例题干摘要卡,,,,,下午案例,,,,T-CONTRACT-CASE-001,T-CONTRACT-CASE-001,SRC-Q-2010-S1-CASE-01-SUMMARY,outputs/anki_builds/full_expansion_20260521_003052/question_cards/case_question_cards_2010.md,2010年 下午案例题 真题刷题卡,,T-CONTRACT-CASE-001,keep,"案例文本完整，场景典型。

---",ruankao ruankao::family::question ruankao::card_type::案例题干摘要卡 ruankao::importance:: ruankao::exam_use::下午案例 ruankao::topic::T-CONTRACT-CASE-001,sha256:727537bf1162435e4e29978f
软考::系统集成项目管理工程师::真题刷题卡::下午案例题,Basic,【2010上 试题一 Q1】分析该案例中项目未能顺利验收的原因，应从哪两个角度分析？合同管理角度可能导致不能验收的原因是什么？,从沟通管理和合同管理两个角度分析。合同管理角度导致不能验收的原因：合同中缺少明确的范围说明以及当事人各自的权利和义务、项目变更约定与违约责任、验收标准的相关内容。,- 答题提醒：①沟通管理方面——项目组未与建设方有效沟通变更影响，且由销售人员而非项目经理传达变更决定。②合同管理方面——合同缺少范围说明、权利义务、变更约定、违约责任和验收标准。<br>- 关联专题：T-CONTRACT-CASE-001<br>- 来源：questions.full.clean.md / 2010年上半年下午试题一,question,问题识别卡,,,,,下午案例,,,,T-CONTRACT-CASE-001,T-CONTRACT-CASE-001,SRC-Q-2010-S1-CASE-01-Q1,outputs/anki_builds/full_expansion_20260521_003052/question_cards/case_question_cards_2010.md,2010年 下午案例题 真题刷题卡,,T-CONTRACT-CASE-001,keep,"问题明确，答案基于标准合同管理知识。

---",ruankao ruankao::family::question ruankao::card_type::问题识别卡 ruankao::importance:: ruankao::exam_use::下午案例 ruankao::topic::T-CONTRACT-CASE-001,sha256:ab2dbc473f3f95e63b6e35ff
软考::系统集成项目管理工程师::真题刷题卡::下午案例题,Basic,【2010上 试题一 Q2】从合同变更管理角度来看，项目经理应当遵循哪些原则和方法？,（1）合同变更的处理原则是公平合理、双方沟通协商一致。（2）变更合同价款按以下方法：①首先确定合同变更量清单，然后确定变更合同价款。②若合同中已有适用于项目变更的价格，则按合同已有的价格变更合同价款。③若合同中只有类似项目的变更价格，可参照类似价格。④若合同中没有适用或类似的价格，则由承包人提出适当变更价格，监理工程师和业主确认后执行。,"- 答题提醒：变更价款顺序：已有→类似→承包人提出+监理确认。注意核心原则是""公平合理、协商一致""。<br>- 关联专题：T-CONTRACT-CASE-001<br>- 来源：questions.full.clean.md / 2010年上半年下午试题一",question,答题框架卡,,,,,下午案例,,,,T-CONTRACT-CASE-001,T-CONTRACT-CASE-001,SRC-Q-2010-S1-CASE-01-Q2,outputs/anki_builds/full_expansion_20260521_003052/question_cards/case_question_cards_2010.md,2010年 下午案例题 真题刷题卡,,T-CONTRACT-CASE-001,keep,"答案完整，逻辑清晰。

---",ruankao ruankao::family::question ruankao::card_type::答题框架卡 ruankao::importance:: ruankao::exam_use::下午案例 ruankao::topic::T-CONTRACT-CASE-001,sha256:484650a6f710cc83ce45224f
软考::系统集成项目管理工程师::真题刷题卡::下午案例题,Basic,【2010上 试题一 Q3】为了使项目通过验收，作为承建方的项目经理，应该如何处理？,1.与建设方沟通协商，确认或补充合同内容（项目范围、验收标准等）。2.与建设方协商，共同处理需求变更问题，而非单方拒绝。3.科学处理变更，加强对变更的控制和全程跟踪管理。4.加强文档管理，确保文档完整、准确、版本一致。5.在协商一致基础上，解决建设方关心的遗留问题。6.按系统测试→试运行→文档验收→终验与移交的顺序进行验收。,"- 答题提醒：按""沟通→补充合同→处理变更→完善文档→解决遗留→正式验收""的顺序展开。<br>- 关联专题：T-CONTRACT-CASE-001<br>- 可迁移考点：验收阶段项目经理的标准化处理流程。<br>- 来源：questions.full.clean.md / 2010年上半年下午试题一",question,标准答案要点卡,,,,,下午案例,,,,T-CONTRACT-CASE-001,T-CONTRACT-CASE-001,SRC-Q-2010-S1-CASE-01-Q3,outputs/anki_builds/full_expansion_20260521_003052/question_cards/case_question_cards_2010.md,2010年 下午案例题 真题刷题卡,,T-CONTRACT-CASE-001,keep,"答案要点全面。

---",ruankao ruankao::family::question ruankao::card_type::标准答案要点卡 ruankao::importance:: ruankao::exam_use::下午案例 ruankao::topic::T-CONTRACT-CASE-001,sha256:002506bfa0e34d6b117f98b4
软考::系统集成项目管理工程师::真题刷题卡::下午案例题,Basic,【2010上 试题二 题干摘要】某系统集成项目，李某为项目经理，制定WBS将项目分为10个任务。第4个月底，按计划应完成任务1、2、3、4、6、7、8，实际完成任务1、2、3、4、6、7，实际费用总和25万元。各任务预算：任务1=3万，任务2=3.5万，任务3=2.4万，任务4=5万，任务5=4.5万(未开始)，任务6=4万，任务7=6.4万，任务8=3万(未开始)，任务9=2.5万(未开始)，任务10=1万(未开始)。,数据梳理,"- 答题提醒：注意""应完成""和""已实际完成""的任务列表不同。任务8应完成但实际未完成，任务5/9/10未计划完成。<br>- 关联专题：T-EVM-CASE-001<br>- 来源：questions.full.clean.md / 2010年上半年下午试题二",question,案例题干摘要卡,,,,,下午案例,,,,T-EVM-CASE-001,T-EVM-CASE-001,SRC-Q-2010-S1-CASE-02-SUMMARY,outputs/anki_builds/full_expansion_20260521_003052/question_cards/case_question_cards_2010.md,2010年 下午案例题 真题刷题卡,,T-EVM-CASE-001,keep,"数据完整。

---",ruankao ruankao::family::question ruankao::card_type::案例题干摘要卡 ruankao::importance:: ruankao::exam_use::下午案例 ruankao::topic::T-EVM-CASE-001,sha256:886540d85d762310ee099c8e
软考::系统集成项目管理工程师::真题刷题卡::下午案例题,Basic,【2010上 试题二 Q1-Q2】根据案例数据，计算第4个月底的PV、AC、EV，并计算CPI和SPI。,PV = 3+3.5+2.4+5+4+6.4+3 = 27.3万元（计划完成任务1、2、3、4、6、7、8的预算之和）。AC = 25万元。EV = 3+3.5+2.4+5+4+6.4 = 24.3万元（实际完成任务1、2、3、4、6、7的预算之和）。CPI = EV/AC = 24.3/25 = 0.972。SPI = EV/PV = 24.3/27.3 = 0.89。,"- 答题提醒：①PV按""应该完成""的任务算，EV按""实际完成""的任务算，AC按实际花费算。②SPI=0.89<1表示进度落后，CPI=0.972<1表示成本略超支。<br>- 关联专题：T-EVM-CASE-001<br>- 可迁移考点：挣值管理的核心计算（PV/EV/AC/CPI/SPI）。<br>- 来源：questions.full.clean.md / 2010年上半年下午试题二",question,计算题卡,,,,,下午案例,,,,T-EVM-CASE-001,T-EVM-CASE-001,SRC-Q-2010-S1-CASE-02-Q12,outputs/anki_builds/full_expansion_20260521_003052/question_cards/case_question_cards_2010.md,2010年 下午案例题 真题刷题卡,,T-EVM-CASE-001,keep,"数据准确，计算过程清楚。

---",ruankao ruankao::family::question ruankao::card_type::计算题卡 ruankao::importance:: ruankao::exam_use::下午案例 ruankao::topic::T-EVM-CASE-001,sha256:50e5547366edecad375b9a48
软考::系统集成项目管理工程师::真题刷题卡::下午案例题,Basic,【2010上 试题二 Q3】根据CPI=0.972和SPI=0.89的分析结果，项目存在成本略超支和进度落后的问题，可以从哪些方面采取措施保障项目顺利进行？,成本方面：进行成本变更控制、绩效测量分析、偏差管理、制定建议的纠正行动。进度方面：进行偏差分析、使用进度压缩技术（赶工、缩小范围、快速跟进）把落后的进度追回来。,- 答题提醒：成本超支和进度落后要分别作答，不要混在一起。<br>- 关联专题：T-EVM-CASE-001<br>- 可迁移考点：成本控制方法与进度控制方法的标准措施列表。<br>- 来源：questions.full.clean.md / 2010年上半年下午试题二,question,易漏点卡,,,,,下午案例,,,,T-EVM-CASE-001,T-EVM-CASE-001,SRC-Q-2010-S1-CASE-02-Q3,outputs/anki_builds/full_expansion_20260521_003052/question_cards/case_question_cards_2010.md,2010年 下午案例题 真题刷题卡,,T-EVM-CASE-001,keep,"答案简明实用。

---",ruankao ruankao::family::question ruankao::card_type::易漏点卡 ruankao::importance:: ruankao::exam_use::下午案例 ruankao::topic::T-EVM-CASE-001,sha256:8274bd1fc34ca16d9f058aff
软考::系统集成项目管理工程师::真题刷题卡::下午案例题,Basic,【2010上 试题三 题干摘要】王某是某管理平台开发项目的项目经理，任命程序员李工兼任质量保证人员，质量检查时间定为每月1次。事件1：编码1个月后质量检查发现某模块代码未按编码规范编写，但已基本开发完毕。事件2：李工开具不符合项报告，开发人员认为不是自己的问题且修改会影响进度，双方未达成一致。事件3：代码走查中因可读性差耗费大量时间，发现大量错误，需重修改导致进度延误。,案例核心要素梳理,- 答题提醒：核心问题：①质量保证人员不应由开发人员兼任。②检查周期过长。③缺乏编码规范培训和过程检查。<br>- 关联专题：T-QUALITY-CASE-001<br>- 来源：questions.full.clean.md / 2010年上半年下午试题三,question,案例题干摘要卡,,,,,下午案例,,,,T-QUALITY-CASE-001,T-QUALITY-CASE-001,SRC-Q-2010-S1-CASE-03-SUMMARY,outputs/anki_builds/full_expansion_20260521_003052/question_cards/case_question_cards_2010.md,2010年 下午案例题 真题刷题卡,,T-QUALITY-CASE-001,keep,"案例文本完整。

---",ruankao ruankao::family::question ruankao::card_type::案例题干摘要卡 ruankao::importance:: ruankao::exam_use::下午案例 ruankao::topic::T-QUALITY-CASE-001,sha256:7bece1970daf728365fbf479
软考::系统集成项目管理工程师::真题刷题卡::下午案例题,Basic,【2010上 试题三 Q1】请指出这个项目在质量管理方面可能存在哪些问题？,"1.任命程序员李工兼任质量保证人员不恰当，质保应由专职人员负责。2.质量检查周期太长（每月1次），违背""预防胜于事后检查""原则。3.没有制定质量保证计划，或计划不完整。4.质量责任没有落实到具体人员，李工缺乏质保经验和权威。5.没有对编程人员进行编码技术培训和规范培训。","- 答题提醒：从""人员安排→检查频率→计划制定→责任落实→培训""五个维度分析质量问题。<br>- 关联专题：T-QUALITY-CASE-001<br>- 可迁移考点：质量管理常见问题清单（人员、流程、培训、检查频率）。<br>- 来源：questions.full.clean.md / 2010年上半年下午试题三",question,问题识别卡,,,,,下午案例,,,,T-QUALITY-CASE-001,T-QUALITY-CASE-001,SRC-Q-2010-S1-CASE-03-Q1,outputs/anki_builds/full_expansion_20260521_003052/question_cards/case_question_cards_2010.md,2010年 下午案例题 真题刷题卡,,T-QUALITY-CASE-001,keep,"答案完整。

---",ruankao ruankao::family::question ruankao::card_type::问题识别卡 ruankao::importance:: ruankao::exam_use::下午案例 ruankao::topic::T-QUALITY-CASE-001,sha256:2ad99180d2bcf6c2382ca420
软考::系统集成项目管理工程师::真题刷题卡::下午案例题,Basic,【2010上 试题三 Q2】质量控制的工具和技术包括哪六项？（从以下选项中选择：A.同行评审 B.挣值分析 C.测试 D.控制图 E.因果图 F.流程图 G.成本效益分析 H.甘特图 I.帕累托图 J.决策树分析 K.波士顿矩阵图）,A.同行评审、C.测试、D.控制图、E.因果图、F.流程图、I.帕累托图（排列图）。,- 答题提醒：质量控制的七种基本工具：因果图、控制图、流程图、直方图、帕累托图、趋势图、散点图。本题中同行评审和测试也属于质量控制工具。注意挣值分析是成本管理工具，甘特图是进度工具，决策树是风险管理工具。<br>- 关联专题：T-QUALITY-CASE-001<br>- 可迁移考点：质量控制的工具与技术（含老七种工具和新七种工具）。<br>- 来源：questions.full.clean.md / 2010年上半年下午试题三,question,标准答案要点卡,,,,,下午案例,,,,T-QUALITY-CASE-001,T-QUALITY-CASE-001,SRC-Q-2010-S1-CASE-03-Q2,outputs/anki_builds/full_expansion_20260521_003052/question_cards/case_question_cards_2010.md,2010年 下午案例题 真题刷题卡,,T-QUALITY-CASE-001,keep,"答案明确。

---",ruankao ruankao::family::question ruankao::card_type::标准答案要点卡 ruankao::importance:: ruankao::exam_use::下午案例 ruankao::topic::T-QUALITY-CASE-001,sha256:0aee9ad309710b63a4b96a24
软考::系统集成项目管理工程师::真题刷题卡::下午案例题,Basic,【2010上 试题三 Q3】作为项目的质量保证人员，在整个项目中应该完成哪些工作？,1.依据项目实际情况和质量计划，选择和确定QA活动。2.制定和维护QA计划。3.执行QA计划，对相关人员进行培训，选择适合的质量保证工具。4.评审项目产品、工具与设施。5.审查项目开发过程。6.参与技术和管理评审。7.制定QA报告。8.做QA度量。9.在项目各阶段组织质量检查或抽查，阶段末进行质量审计。10.不断完善质量保证过程。,"- 答题提醒：按""计划→执行→评审→报告→改进""的逻辑链条展开，10个要点可分层次记忆。<br>- 关联专题：T-QUALITY-CASE-001<br>- 可迁移考点：QA与QC的区别（QA关注过程、QC关注产品）。<br>- 来源：questions.full.clean.md / 2010年上半年下午试题三",question,答题框架卡,,,,,下午案例,,,,T-QUALITY-CASE-001,T-QUALITY-CASE-001,SRC-Q-2010-S1-CASE-03-Q3,outputs/anki_builds/full_expansion_20260521_003052/question_cards/case_question_cards_2010.md,2010年 下午案例题 真题刷题卡,,T-QUALITY-CASE-001,keep,"答案全面，逻辑清晰。

---",ruankao ruankao::family::question ruankao::card_type::答题框架卡 ruankao::importance:: ruankao::exam_use::下午案例 ruankao::topic::T-QUALITY-CASE-001,sha256:9aa104df5cc857c59d55fbe4
软考::系统集成项目管理工程师::真题刷题卡::下午案例题,Basic,【2010上 试题四 题干摘要】老陆是资深项目经理，项目建设初期带领团队确定项目范围后，因工作太忙无暇顾及项目，要求：①各小组组长分别制定子计划。②各小组组长各自监督子计划的执行。③项目组成员坚决执行子计划，原则上不允许修改。执行三个月后，出现各子项目间无法衔接、大量返工等问题，进度远远滞后。,案例核心要素梳理,"- 答题提醒：核心问题是""缺乏整体管理""——没有统一的项目管理计划、没有整体协调、没有变更控制。<br>- 关联专题：T-INTEGRATION-CASE-001<br>- 来源：questions.full.clean.md / 2010年上半年下午试题四",question,案例题干摘要卡,,,,,下午案例,,,,T-INTEGRATION-CASE-001,T-INTEGRATION-CASE-001,SRC-Q-2010-S1-CASE-04-SUMMARY,outputs/anki_builds/full_expansion_20260521_003052/question_cards/case_question_cards_2010.md,2010年 下午案例题 真题刷题卡,,T-INTEGRATION-CASE-001,keep,"案例典型，整体管理失败的经典场景。

---",ruankao ruankao::family::question ruankao::card_type::案例题干摘要卡 ruankao::importance:: ruankao::exam_use::下午案例 ruankao::topic::T-INTEGRATION-CASE-001,sha256:f326a9ef4fbf3980465a90ea
软考::系统集成项目管理工程师::真题刷题卡::下午案例题,Basic,【2010上 试题四 Q1】请简要分析造成项目目前状况的原因。,"1.老陆因工作太忙无暇顾及项目，没有对项目进行应有的管理，导致项目失控。2.老陆没有制定项目的整体管理计划，导致各项工作一盘散沙。3.没有对项目整体和各组工作进行组织协调，缺乏整体监控。4.缺乏整体变更管理（""原则上不允许修改""）。5.出现大量返工表明缺乏有效的质量管理，监控周期过长。","- 答题提醒：从""人员投入→整体计划→组织协调→变更管理→质量监控""五个层面分析。核心是""没有整体管理""。<br>- 关联专题：T-INTEGRATION-CASE-001<br>- 可迁移考点：项目失控的常见原因分析框架。<br>- 来源：questions.full.clean.md / 2010年上半年下午试题四",question,问题识别卡,,,,,下午案例,,,,T-INTEGRATION-CASE-001,T-INTEGRATION-CASE-001,SRC-Q-2010-S1-CASE-04-Q1,outputs/anki_builds/full_expansion_20260521_003052/question_cards/case_question_cards_2010.md,2010年 下午案例题 真题刷题卡,,T-INTEGRATION-CASE-001,keep,"答案完整。

---",ruankao ruankao::family::question ruankao::card_type::问题识别卡 ruankao::importance:: ruankao::exam_use::下午案例 ruankao::topic::T-INTEGRATION-CASE-001,sha256:97b7e2ac98d6c5521b5c2b0b
软考::系统集成项目管理工程师::真题刷题卡::下午案例题,Basic,【2010上 试题四 Q2】请简要叙述项目整体管理计划中应包含哪些内容。,项目管理计划应包含：1.项目背景（名称、客户、商业目的等）。2.项目团队（主管领导、客户方联系人、项目管理团队、实施团队）。3.总体技术解决方案。4.对用于完成这些过程的工具和技术的描述。5.选择的项目生命周期和相关阶段。6.项目最终目标和阶段性目标。7.进度计划。8.项目预算。9.变更流程和变更控制委员会。10.沟通管理计划。11.关键管理评审安排。分计划包括：范围管理计划、质量管理计划、过程改进计划、人力资源管理计划、风险管理计划、采购管理计划。,- 答题提醒：整体管理计划=主计划（11项内容）+分计划（6个分计划）。注意不同项目的管理计划详略程度不同。<br>- 关联专题：T-INTEGRATION-CASE-001<br>- 可迁移考点：项目管理计划的内容框架（11+6）。<br>- 来源：questions.full.clean.md / 2010年上半年下午试题四,question,答题框架卡,,,,,下午案例,,,,T-INTEGRATION-CASE-001,T-INTEGRATION-CASE-001,SRC-Q-2010-S1-CASE-04-Q2,outputs/anki_builds/full_expansion_20260521_003052/question_cards/case_question_cards_2010.md,2010年 下午案例题 真题刷题卡,,T-INTEGRATION-CASE-001,keep,"答案全面。

---",ruankao ruankao::family::question ruankao::card_type::答题框架卡 ruankao::importance:: ruankao::exam_use::下午案例 ruankao::topic::T-INTEGRATION-CASE-001,sha256:b75c9ea51f73a34725a8a463
软考::系统集成项目管理工程师::真题刷题卡::下午案例题,Basic,【2010上 试题四 Q3】为了完成该项目，从整体管理的角度，说明老陆和公司可采取哪些补救措施？,公司层面：1.让老陆按轻重缓急排序工作，必要时减轻其事务或增加项目经理助理。2.加强对项目的评审及监控，提供质量保证和必需资源。老陆层面：1.明确项目范围和各组分工，组织项目级管理团队，制定统一整体管理计划、变更管理计划、纠正措施。2.进行必要的变更管理。3.加强各小组间衔接、缩短监控周期、密切整体监控与组织协调。4.查清返工和进度延误原因，制定有效措施纠正。,"- 答题提醒：分""公司层面""和""项目经理层面""两个角度作答，不要漏。<br>- 关联专题：T-INTEGRATION-CASE-001<br>- 可迁移考点：项目失控后的补救措施标准化框架。<br>- 来源：questions.full.clean.md / 2010年上半年下午试题四",question,标准答案要点卡,,,,,下午案例,,,,T-INTEGRATION-CASE-001,T-INTEGRATION-CASE-001,SRC-Q-2010-S1-CASE-04-Q3,outputs/anki_builds/full_expansion_20260521_003052/question_cards/case_question_cards_2010.md,2010年 下午案例题 真题刷题卡,,T-INTEGRATION-CASE-001,keep,"答案结构清晰。

---",ruankao ruankao::family::question ruankao::card_type::标准答案要点卡 ruankao::importance:: ruankao::exam_use::下午案例 ruankao::topic::T-INTEGRATION-CASE-001,sha256:8604ac031a93f432c769beb9
软考::系统集成项目管理工程师::真题刷题卡::下午案例题,Basic,【2010上 试题五 题干摘要】有多年开发经验的赵工被任命为某应用软件开发项目经理，客户要求10个月完成，项目组10人，赵工兼任配置管理员。赵工在了解客户部分需求后就开始设计和开发。编码阶段需求文件不断修改形成多个版本，设计文件不知道对应哪版需求，代码不知道对应哪版需求和设计。客户不断提新需求，细微修改开发人员随手就改。集成调试时错误非常多，需求、设计和代码版本对应不上，进度无法保证。,案例核心要素梳理,- 答题提醒：核心问题：①PM兼任配置管理员。②需求不完整就开工。③没有配置管理计划。④没有需求跟踪矩阵。⑤缺乏变更控制。<br>- 关联专题：T-CM-CASE-001<br>- 来源：questions.full.clean.md / 2010年上半年下午试题五,question,案例题干摘要卡,,,,,下午案例,,,,T-CM-CASE-001,T-CM-CASE-001,SRC-Q-2010-S1-CASE-05-SUMMARY,outputs/anki_builds/full_expansion_20260521_003052/question_cards/case_question_cards_2010.md,2010年 下午案例题 真题刷题卡,,T-CM-CASE-001,keep,"配置管理失控的经典案例。

---",ruankao ruankao::family::question ruankao::card_type::案例题干摘要卡 ruankao::importance:: ruankao::exam_use::下午案例 ruankao::topic::T-CM-CASE-001,sha256:4f8caf8d758dc23feef90465
软考::系统集成项目管理工程师::真题刷题卡::下午案例题,Basic,【2010上 试题五 Q1】请从项目管理和配置管理的角度分析造成项目失控的原因。,1.赵工兼任配置管理员，顾此失彼。2.只了解部分需求就开始设计和开发，基于不完整需求的管理必然失控。3.没有制定配置管理计划，没有配置项标识规则，缺乏版本管理和发行管理。4.没有制定需求跟踪矩阵。5.缺乏配置项的变更控制（开发人员随意修改代码）。,- 答题提醒：项目管理角度（PM身兼多职、需求不完整）和配置管理角度（无计划、无标识、无跟踪、无变更控制）分别作答。<br>- 关联专题：T-CM-CASE-001<br>- 可迁移考点：配置管理失控的标准原因清单。<br>- 来源：questions.full.clean.md / 2010年上半年下午试题五,question,问题识别卡,,,,,下午案例,,,,T-CM-CASE-001,T-CM-CASE-001,SRC-Q-2010-S1-CASE-05-Q1,outputs/anki_builds/full_expansion_20260521_003052/question_cards/case_question_cards_2010.md,2010年 下午案例题 真题刷题卡,,T-CM-CASE-001,keep,"答案清晰。

---",ruankao ruankao::family::question ruankao::card_type::问题识别卡 ruankao::importance:: ruankao::exam_use::下午案例 ruankao::topic::T-CM-CASE-001,sha256:b680d5fcf69d4d06eb1642ed
软考::系统集成项目管理工程师::真题刷题卡::下午案例题,Basic,【2010上 试题五 Q3】请说明正常的配置管理工作包括哪些活动？,正常的配置管理工作包括：1.制定项目配置管理计划。2.确定配置标识规则。3.实施变更控制。4.报告配置状态。5.进行配置审核。6.进行版本管理和发行管理。,- 答题提醒：六个活动按顺序记忆：计划→标识→变更控制→状态报告→审核→版本/发行管理。<br>- 关联专题：T-CM-CASE-001<br>- 可迁移考点：配置管理的六个核心活动。<br>- 来源：questions.full.clean.md / 2010年上半年下午试题五,question,答题框架卡,,,,,下午案例,,,,T-CM-CASE-001,T-CM-CASE-001,SRC-Q-2010-S1-CASE-05-Q3,outputs/anki_builds/full_expansion_20260521_003052/question_cards/case_question_cards_2010.md,2010年 下午案例题 真题刷题卡,,T-CM-CASE-001,keep,"答案标准。

---

## 2010年下半年 下午试题

---",ruankao ruankao::family::question ruankao::card_type::答题框架卡 ruankao::importance:: ruankao::exam_use::下午案例 ruankao::topic::T-CM-CASE-001,sha256:aff9815e703031bc9cf60f0f
软考::系统集成项目管理工程师::真题刷题卡::下午案例题,Basic,【2010下 试题一 题干摘要】承建方中标某政府信息系统软件升级改造项目，工期1年，分四个阶段：需求分析（8月底结束）、设计（9月底）、编码（11月底）、安装测试调试运行（次年2月初）。2月底建设方通知6-8月无法配合。双方达成一致仍按原工期执行。承建方领导指示：①招聘新人加快需求分析赶在6月前完成。②6-8月在本单位内部完成系统设计。项目经理虽有不同意见仍修改进度计划招募新人。项目进展缓慢，直到11月底才完成需求分析和初步设计。,案例核心要素梳理,- 答题提醒：领导指示的两个风险：①招聘新人可能降低质量；②无建设方参与的设计可能不满足需求。<br>- 关联专题：T-SCHEDULE-CASE-001<br>- 来源：questions.full.clean.md / 2010年下半年下午试题一,question,案例题干摘要卡,,,,,下午案例,,,,T-SCHEDULE-CASE-001,T-SCHEDULE-CASE-001,SRC-Q-2010-S2-CASE-01-SUMMARY,outputs/anki_builds/full_expansion_20260521_003052/question_cards/case_question_cards_2010.md,2010年 下午案例题 真题刷题卡,,T-SCHEDULE-CASE-001,keep,"案例完整。

---",ruankao ruankao::family::question ruankao::card_type::案例题干摘要卡 ruankao::importance:: ruankao::exam_use::下午案例 ruankao::topic::T-SCHEDULE-CASE-001,sha256:feb01a4539700ebd2e1a12f5
软考::系统集成项目管理工程师::真题刷题卡::下午案例题,Basic,【2010下 试题一 Q1】除案例中描写的具体事项外，承建方项目经理在进度管理方面可以采取哪些措施？（从以下选项中选择：A.开发抛弃型原型 B.绩效评估 C.偏差分析 D.编写项目进度报告 E.确认项目范围 F.发布新版项目章程）,B.绩效评估、C.偏差分析、D.编写项目进度报告、E.确认项目范围。,- 答题提醒：排除法：A-开发抛弃型原型浪费时间，不利进度；F-只有项目目标或项目经理变动时才发布新版项目章程，不适用。<br>- 关联专题：T-SCHEDULE-CASE-001<br>- 可迁移考点：进度管理措施的选择判别。<br>- 来源：questions.full.clean.md / 2010年下半年下午试题一,question,问题识别卡,,,,,下午案例,,,,T-SCHEDULE-CASE-001,T-SCHEDULE-CASE-001,SRC-Q-2010-S2-CASE-01-Q1,outputs/anki_builds/full_expansion_20260521_003052/question_cards/case_question_cards_2010.md,2010年 下午案例题 真题刷题卡,,T-SCHEDULE-CASE-001,keep,"答案明确。

---",ruankao ruankao::family::question ruankao::card_type::问题识别卡 ruankao::importance:: ruankao::exam_use::下午案例 ruankao::topic::T-SCHEDULE-CASE-001,sha256:91b69724832e02b5748f9f15
软考::系统集成项目管理工程师::真题刷题卡::下午案例题,Basic,【2010下 试题一 Q2】(1)承建方领导的指示中可能存在哪些风险？(2)承建方项目经理得到领导指示后，如何控制相关变更？,(1)风险：①需求存在质量问题（如遗漏、误解）；②系统设计工作闭门造车（无建设方参与）。变更主要步骤：走变更流程→评估影响→报告CCB→批准/拒绝→书面记录变更以便追踪。(2)变更控制方法：对变更影响分析，制定相应措施（如计算需要招聘的人数、对新人培训），加强进度监控，对偏差分析并及时纠正，记录变更过程。,"- 答题提醒：领导指示中两个隐含风险：需求质量问题和设计脱离用户。变更控制的核心是""评估影响""和""走流程""。<br>- 关联专题：T-SCHEDULE-CASE-001<br>- 可迁移考点：进度变更控制流程。<br>- 来源：questions.full.clean.md / 2010年下半年下午试题一",question,问题识别卡,,,,,下午案例,,,,T-SCHEDULE-CASE-001,T-SCHEDULE-CASE-001,SRC-Q-2010-S2-CASE-01-Q2,outputs/anki_builds/full_expansion_20260521_003052/question_cards/case_question_cards_2010.md,2010年 下午案例题 真题刷题卡,,T-SCHEDULE-CASE-001,keep,"风险识别准确。

---",ruankao ruankao::family::question ruankao::card_type::问题识别卡 ruankao::importance:: ruankao::exam_use::下午案例 ruankao::topic::T-SCHEDULE-CASE-001,sha256:1d3748ce5b08d49080955c54
软考::系统集成项目管理工程师::真题刷题卡::下午案例题,Basic,【2010下 试题一 Q3】针对项目现状，请简述项目经理可以采用的进度压缩技术，并分析利弊。,进度压缩技术：1.赶工（招聘新人、加班加点）——加快进度但增加成本，长时间加班影响质量和士气。2.缩小项目范围（如把部分工作外包）——加快进度但增加成本，难以管理外包质量。3.快速跟进（优化流程，串行改并行）——不增加成本但要求项目经理有较高管理水平。,- 答题提醒：三种方法要逐一分析利弊。赶工最常用但副作用大，快速跟进最优但要求高。<br>- 关联专题：T-SCHEDULE-CASE-001<br>- 可迁移考点：进度压缩技术（赶工、快速跟进、缩小范围）的对比。<br>- 来源：questions.full.clean.md / 2010年下半年下午试题一,question,答题框架卡,,,,,下午案例,,,,T-SCHEDULE-CASE-001,T-SCHEDULE-CASE-001,SRC-Q-2010-S2-CASE-01-Q3,outputs/anki_builds/full_expansion_20260521_003052/question_cards/case_question_cards_2010.md,2010年 下午案例题 真题刷题卡,,T-SCHEDULE-CASE-001,keep,"答案完整。

---",ruankao ruankao::family::question ruankao::card_type::答题框架卡 ruankao::importance:: ruankao::exam_use::下午案例 ruankao::topic::T-SCHEDULE-CASE-001,sha256:1b007dd5daf43e153dfd7fcf
软考::系统集成项目管理工程师::真题刷题卡::下午案例题,Basic,【2010下 试题二 题干摘要】项目经理将其负责的系统集成项目进行了WBS和成本估算，各任务同时开工。开工5天后进行考核。数据：任务甲（工期10天，计划2000元/天，已发生16000元，完成20%）；乙（工期9天，3000元/天，13000元，30%）；丙（工期12天，4000元/天，27000元，30%）；丁（工期13天，2000元/天，19000元，80%）；戊（工期7天，1800元/天，10000元，50%）。,数据梳理,"- 答题提醒：各任务""同时开工""——意味着第5天末时各任务都已开工5天，PV=各任务日计划成本×5天之和。<br>- 关联专题：T-EVM-CASE-001<br>- 来源：questions.full.clean.md / 2010年下半年下午试题二",question,案例题干摘要卡,,,,,下午案例,,,,T-EVM-CASE-001,T-EVM-CASE-001,SRC-Q-2010-S2-CASE-02-SUMMARY,outputs/anki_builds/full_expansion_20260521_003052/question_cards/case_question_cards_2010.md,2010年 下午案例题 真题刷题卡,,T-EVM-CASE-001,keep,"数据完整。

---",ruankao ruankao::family::question ruankao::card_type::案例题干摘要卡 ruankao::importance:: ruankao::exam_use::下午案例 ruankao::topic::T-EVM-CASE-001,sha256:89e1e6b8ddaa3f2e057b869b
软考::系统集成项目管理工程师::真题刷题卡::下午案例题,Basic,【2010下 试题二 Q1-Q2】请计算该项目在第5天末的PV、EV值，并从进度和成本两方面评价项目的执行绩效。,"PV = (2000+3000+4000+2000+1800)×5 = 12800×5 = 64,000元。EV = 2000×5×20% + 3000×5×30% + 4000×5×30% + 2000×5×80% + 1800×5×50% = 2000+4500+6000+8000+4500 = 25,000元。AC = 16000+13000+27000+19000+10000 = 85,000元。SPI = EV/PV = 25/64 ≈ 0.39（进度严重落后）。CPI = EV/AC = 25/85 ≈ 0.29（成本严重超支）。",- 答题提醒：①PV计算：各任务日成本×5（各任务同时开工5天）。②EV计算：各任务日成本×5×完成百分比之和。③SPI=0.39<1表示进度严重落后，CPI=0.29<1表示成本严重超支。<br>- 关联专题：T-EVM-CASE-001<br>- 可迁移考点：多任务并行时的挣值计算。<br>- 来源：questions.full.clean.md / 2010年下半年下午试题二,question,计算题卡,,,,,下午案例,,,,T-EVM-CASE-001,T-EVM-CASE-001,SRC-Q-2010-S2-CASE-02-Q12,outputs/anki_builds/full_expansion_20260521_003052/question_cards/case_question_cards_2010.md,2010年 下午案例题 真题刷题卡,,T-EVM-CASE-001,keep,"数据准确，计算过程清楚。

---",ruankao ruankao::family::question ruankao::card_type::计算题卡 ruankao::importance:: ruankao::exam_use::下午案例 ruankao::topic::T-EVM-CASE-001,sha256:aa8a30c07611a5a4cf61222d
软考::系统集成项目管理工程师::真题刷题卡::下午案例题,Basic,【2010下 试题二 Q3】项目进度严重落后（SPI=0.39）、成本严重超支（CPI=0.29），项目经理可以采取哪些措施？,进度方面：采用进度压缩技术——①投入更多资源加速活动（赶工）；②指派经验更丰富的人完成项目工作；③减小活动范围或降低要求；④通过改进方法或技术提高生产效率。成本方面：先分析原因，再找对策——①改进方法；②优化方案；③提高效率。,- 答题提醒：进度和成本问题要分别回答。SPI=0.39是严重问题，需采取强力措施。<br>- 关联专题：T-EVM-CASE-001<br>- 可迁移考点：成本和进度双重问题下的应对策略。<br>- 来源：questions.full.clean.md / 2010年下半年下午试题二,question,答题框架卡,,,,,下午案例,,,,T-EVM-CASE-001,T-EVM-CASE-001,SRC-Q-2010-S2-CASE-02-Q3,outputs/anki_builds/full_expansion_20260521_003052/question_cards/case_question_cards_2010.md,2010年 下午案例题 真题刷题卡,,T-EVM-CASE-001,keep,"答案实用。

---",ruankao ruankao::family::question ruankao::card_type::答题框架卡 ruankao::importance:: ruankao::exam_use::下午案例 ruankao::topic::T-EVM-CASE-001,sha256:6eb87ff1f088b62797cc7e06
软考::系统集成项目管理工程师::真题刷题卡::下午案例题,Basic,【2010下 试题二 Q4】如果要求任务戊按期完成（原工期7天，已过去5天，完成50%），项目经理采取赶工措施，任务戊的剩余日平均工作量是原计划日平均工作量的多少倍？,戊原计划日平均工作量 = 1800×7/7 = 1800元/天。剩余工作量预算 = 1800×5×50%（未完成部分）+ 1800×2（第6-7天计划）= 4500+3600=8100元。剩余2天内完成，日平均需完成：8100/2=4050元/天。倍数 = 4050/1800 = 2.25倍。,- 答题提醒：注意第5天结束时已完成50%，剩余50%+第6-7天计划的工作量。剩余工作量要在2天内完成。<br>- 关联专题：T-EVM-CASE-001<br>- 可迁移考点：赶工情况下的工作量/成本倍数计算。<br>- 来源：questions.full.clean.md / 2010年下半年下午试题二,question,计算题卡,,,,,下午案例,,,,T-EVM-CASE-001,T-EVM-CASE-001,SRC-Q-2010-S2-CASE-02-Q4,outputs/anki_builds/full_expansion_20260521_003052/question_cards/case_question_cards_2010.md,2010年 下午案例题 真题刷题卡,,T-EVM-CASE-001,keep,"计算过程清楚。

---",ruankao ruankao::family::question ruankao::card_type::计算题卡 ruankao::importance:: ruankao::exam_use::下午案例 ruankao::topic::T-EVM-CASE-001,sha256:cc94f5449a10923572cfd908
软考::系统集成项目管理工程师::真题刷题卡::下午案例题,Basic,【2010下 试题三 题干摘要】某市石油销售公司实施加油卡联网收费系统，M公司为承包方，将加油机具改造模块分包给H公司。项目经理小刘识别出前三风险：①进度要求严格，现有人员技能可能无法实现进度。②人员流动风险。③分包商可能不能按期交付。小刘在进度计划中留出20%提前量，将风险管理写入项目管理计划，但未制定具体应对措施。第4个月底发现H公司未生产出联调样品，样品提交后问题多需多次返工，20%提前量已被用完。,案例核心要素梳理,- 答题提醒：核心问题：①未制定具体的风险应对计划。②对分包商缺乏过程监控。③风险预留20%缺乏依据。<br>- 关联专题：T-RISK-CASE-001<br>- 来源：questions.full.clean.md / 2010年下半年下午试题三,question,案例题干摘要卡,,,,,下午案例,,,,T-RISK-CASE-001,T-RISK-CASE-001,SRC-Q-2010-S2-CASE-03-SUMMARY,outputs/anki_builds/full_expansion_20260521_003052/question_cards/case_question_cards_2010.md,2010年 下午案例题 真题刷题卡,,T-RISK-CASE-001,keep,"案例完整。

---",ruankao ruankao::family::question ruankao::card_type::案例题干摘要卡 ruankao::importance:: ruankao::exam_use::下午案例 ruankao::topic::T-RISK-CASE-001,sha256:a9d86c5e23646e66b860f981
软考::系统集成项目管理工程师::真题刷题卡::下午案例题,Basic,【2010下 试题三 Q1】请从整体管理和风险管理的角度指出该项目的管理存在哪些问题？,整体管理方面：1.选择的分包商不合适或签订的合同有问题。2.小刘独自制定项目计划，未让大家参与。3.没有进行合同管理，缺乏对分包商合同执行过程的监控和阶段验收。风险管理方面：1.小刘不能独自识别风险，应采取访谈、专家判断、头脑风暴等方法让组员参与。2.20%预留没有确切根据，应对已识别风险制定可行的应对计划。3.没有进行风险监控。,"- 答题提醒：分""整体管理""和""风险管理""两个角度作答。风险管理的核心问题是只预留了缓冲但没有制定具体应对措施。<br>- 关联专题：T-RISK-CASE-001<br>- 可迁移考点：风险管理常见问题清单。<br>- 来源：questions.full.clean.md / 2010年下半年下午试题三",question,问题识别卡,,,,,下午案例,,,,T-RISK-CASE-001,T-RISK-CASE-001,SRC-Q-2010-S2-CASE-03-Q1,outputs/anki_builds/full_expansion_20260521_003052/question_cards/case_question_cards_2010.md,2010年 下午案例题 真题刷题卡,,T-RISK-CASE-001,keep,"答案全面。

---",ruankao ruankao::family::question ruankao::card_type::问题识别卡 ruankao::importance:: ruankao::exam_use::下午案例 ruankao::topic::T-RISK-CASE-001,sha256:063134a05aec32e68a6fb076
软考::系统集成项目管理工程师::真题刷题卡::下午案例题,Basic,【2010下 试题三 Q2】项目经理小刘预留20%进度提前量，在风险管理中这叫(1)。头脑风暴法可用于(2)。风险概率及影响矩阵可用于(3)。请填空。,(1)储备金（或叫预留、应急储备）。(2)风险识别。(3)风险定性分析。,- 答题提醒：应急储备（预留）是风险应对措施；头脑风暴是风险识别工具；概率影响矩阵是定性分析工具。<br>- 关联专题：T-RISK-CASE-001<br>- 可迁移考点：风险管理各过程对应的工具与技术。<br>- 来源：questions.full.clean.md / 2010年下半年下午试题三,question,标准答案要点卡,,,,,下午案例,,,,T-RISK-CASE-001,T-RISK-CASE-001,SRC-Q-2010-S2-CASE-03-Q2,outputs/anki_builds/full_expansion_20260521_003052/question_cards/case_question_cards_2010.md,2010年 下午案例题 真题刷题卡,,T-RISK-CASE-001,keep,"答案标准。

---",ruankao ruankao::family::question ruankao::card_type::标准答案要点卡 ruankao::importance:: ruankao::exam_use::下午案例 ruankao::topic::T-RISK-CASE-001,sha256:5ff8883bf84c23dad10a22fc
软考::系统集成项目管理工程师::真题刷题卡::下午案例题,Basic,"【2010下 试题三 Q3】针对""项目进度要求严格，现有人员的技能可能无法实现进度要求""这条风险，请提出应对措施。",1.回避：调整项目计划或加强培训。2.接受：制定应急计划（如增加合格人员）。3.转移：把部分工作外包给专业公司。4.减轻：加强对现有人员的培训，提高技能水平。,"- 答题提醒：用""回避/转移/减轻/接受""四种策略框架作答，每种给出具体措施。<br>- 关联专题：T-RISK-CASE-001<br>- 可迁移考点：风险应对的四种策略（规避、转移、减轻、接受）及其典型措施。<br>- 来源：questions.full.clean.md / 2010年下半年下午试题三",question,答题框架卡,,,,,下午案例,,,,T-RISK-CASE-001,T-RISK-CASE-001,SRC-Q-2010-S2-CASE-03-Q3,outputs/anki_builds/full_expansion_20260521_003052/question_cards/case_question_cards_2010.md,2010年 下午案例题 真题刷题卡,,T-RISK-CASE-001,keep,"答案框架清晰。

---",ruankao ruankao::family::question ruankao::card_type::答题框架卡 ruankao::importance:: ruankao::exam_use::下午案例 ruankao::topic::T-RISK-CASE-001,sha256:579ca0682bed636802c10080
软考::系统集成项目管理工程师::真题刷题卡::下午案例题,Basic,"【2010下 试题三 Q4】针对""分包商可能不能按期交付机具控制模块""这条风险，分别按避免、转移、减轻和应急响应四种策略提出具体应对措施。",1.避免：经石油销售公司同意，选用更有实力的分包商；或改变原设计方案不再改造加油机具。2.转移：请监理；或与H公司签订固定总价合同；或让H公司签订履约保证书。3.减轻：加强对分包商的过程监控；让分包商事先快速制作原型。4.应急响应：M公司/分包商请行业高手紧急救火。,- 答题提醒：四种策略要区分清楚：避免=消除风险源；转移=让第三方承担；减轻=降低概率或影响；应急响应=发生后的应对。<br>- 关联专题：T-RISK-CASE-001<br>- 可迁移考点：风险应对四种策略的区分与案例化应用。<br>- 来源：questions.full.clean.md / 2010年下半年下午试题三,question,答题框架卡,,,,,下午案例,,,,T-RISK-CASE-001,T-RISK-CASE-001,SRC-Q-2010-S2-CASE-03-Q4,outputs/anki_builds/full_expansion_20260521_003052/question_cards/case_question_cards_2010.md,2010年 下午案例题 真题刷题卡,,T-RISK-CASE-001,keep,"答案具体、可操作。

---",ruankao ruankao::family::question ruankao::card_type::答题框架卡 ruankao::importance:: ruankao::exam_use::下午案例 ruankao::topic::T-RISK-CASE-001,sha256:2ebb15e265987c75fb47332d
软考::系统集成项目管理工程师::真题刷题卡::下午案例题,Basic,【2010下 试题四 题干摘要】某公司为书店开发图书资料垂直搜索引擎产品，项目经理小张兼技术负责人。因小张从未参与过垂直搜索引擎开发，产品设计方案两次评审未通过。公司决定由小李接任。小李查阅小张的项目范围说明书和设计方案后修改：将从头开发的方案改为通过学习和重用开源代码实现；将按生命周期分解的列表形式WBS改为按主要可交付物分解的树形结构图形式。,案例核心要素梳理,- 答题提醒：核心知识点：①项目范围说明书的内容。②WBS的两种形式（列表vs树形）的优缺点。③范围确认的时机。<br>- 关联专题：T-SCOPE-CASE-001<br>- 来源：questions.full.clean.md / 2010年下半年下午试题四,question,案例题干摘要卡,,,,,下午案例,,,,T-SCOPE-CASE-001,T-SCOPE-CASE-001,SRC-Q-2010-S2-CASE-04-SUMMARY,outputs/anki_builds/full_expansion_20260521_003052/question_cards/case_question_cards_2010.md,2010年 下午案例题 真题刷题卡,,T-SCOPE-CASE-001,keep,"案例清晰。

---",ruankao ruankao::family::question ruankao::card_type::案例题干摘要卡 ruankao::importance:: ruankao::exam_use::下午案例 ruankao::topic::T-SCOPE-CASE-001,sha256:2bea117fcd918b37e0b22ef0
软考::系统集成项目管理工程师::真题刷题卡::下午案例题,Basic,【2010下 试题四 Q1】结合案例，判断以下说法的正误：<br>1.项目范围控制需要按照项目整体变更控制过程来处理。<br>2.项目范围说明书通过了评审，标志着完成了项目范围确认工作。<br>3.小李修改了项目范围说明书，但原有的项目范围管理计划不需要变更。<br>4.小李编写的项目范围说明书中应该包括产品验收标准等重要合同条款。<br>5.通过评审后，新项目范围说明书将成为该项目的范围基准。,1.正确（√）。范围控制属于整体变更控制的一部分。2.错误（×）。范围确认每阶段都应进行，不只在评审时完成。3.错误（×）。范围说明书变更，范围管理计划也可能需要对应调整。4.正确（√）。范围说明书应包含验收标准。5.正确（√）。经评审通过的范围说明书是范围基准的组成部分。,- 答题提醒：易错点：第2题——范围确认是持续的过程，不是一次评审就完成。第5题——范围是渐进明晰的，早期评审后的范围说明书是早期基准。<br>- 关联专题：T-SCOPE-CASE-001<br>- 可迁移考点：范围说明书、范围确认、范围基准的关系。<br>- 来源：questions.full.clean.md / 2010年下半年下午试题四,question,标准答案要点卡,,,,,下午案例,,,,T-SCOPE-CASE-001,T-SCOPE-CASE-001,SRC-Q-2010-S2-CASE-04-Q1,outputs/anki_builds/full_expansion_20260521_003052/question_cards/case_question_cards_2010.md,2010年 下午案例题 真题刷题卡,,T-SCOPE-CASE-001,keep,"答案标准。

---",ruankao ruankao::family::question ruankao::card_type::标准答案要点卡 ruankao::importance:: ruankao::exam_use::下午案例 ruankao::topic::T-SCOPE-CASE-001,sha256:c98aee4b5ea74c769e06e4ce
软考::系统集成项目管理工程师::真题刷题卡::下午案例题,Basic,【2010下 试题四 Q2】请简述WBS的列表形式（缩进式）与树形结构图形式各自的优缺点及适用场合。,列表形式（缩进式）：优点——分类多、容量大、易于修改。缺点——不直观。适用场合——大型项目的WBS，适合装订成册和在项目管理软件中表示。树形结构图形式：优点——直观、结构清晰。缺点——不能用于大型项目、不易修改。适用场合——中小型项目。,- 答题提醒：对比记忆：列表=容量大但不够直观→适合大型；树形=直观但不适合大型→适合中小型。<br>- 关联专题：T-SCOPE-CASE-001<br>- 可迁移考点：WBS的表示形式选择与项目规模的关系。<br>- 来源：questions.full.clean.md / 2010年下半年下午试题四,question,答题框架卡,,,,,下午案例,,,,T-SCOPE-CASE-001,T-SCOPE-CASE-001,SRC-Q-2010-S2-CASE-04-Q2,outputs/anki_builds/full_expansion_20260521_003052/question_cards/case_question_cards_2010.md,2010年 下午案例题 真题刷题卡,,T-SCOPE-CASE-001,keep,"对比清晰。

---",ruankao ruankao::family::question ruankao::card_type::答题框架卡 ruankao::importance:: ruankao::exam_use::下午案例 ruankao::topic::T-SCOPE-CASE-001,sha256:dd2b91a09691690468c8c21e
软考::系统集成项目管理工程师::真题刷题卡::下午案例题,Basic,【2010下 试题四 Q3】结合项目现状，在项目后续工作中小李应如何做好范围控制工作？,1.及时沟通，邀请客户阶段验收，对阶段成果及时确认，文档及时归档。2.及时进行范围变更控制：a)确认范围变更是否已经发生。b)对造成范围变更的因素施加影响，确保变更得到一致认可。c)当范围发生变更时，对实际的变更进行管理。,- 答题提醒：范围控制的两大方面：沟通确认（预防）和变更控制（处理）。注意客户阶段验收的重要性。<br>- 关联专题：T-SCOPE-CASE-001<br>- 可迁移考点：范围控制的标准化方法。<br>- 来源：questions.full.clean.md / 2010年下半年下午试题四,question,标准答案要点卡,,,,,下午案例,,,,T-SCOPE-CASE-001,T-SCOPE-CASE-001,SRC-Q-2010-S2-CASE-04-Q3,outputs/anki_builds/full_expansion_20260521_003052/question_cards/case_question_cards_2010.md,2010年 下午案例题 真题刷题卡,,T-SCOPE-CASE-001,keep,"答案简洁实用。

---",ruankao ruankao::family::question ruankao::card_type::标准答案要点卡 ruankao::importance:: ruankao::exam_use::下午案例 ruankao::topic::T-SCOPE-CASE-001,sha256:5e0d5922be74c1c7674abc5f
软考::系统集成项目管理工程师::真题刷题卡::下午案例题,Basic,【2010下 试题五 题干摘要】某公司配置管理程序文件规定：1.由CCB制定配置管理计划。2.由CMO创建配置管理环境。3.由CCB审核变更计划。4.基线变更经过变更申请、变更评估、变更实施后便可发布。5.CCB组成人员不少于一人，主席由项目经理担任。项目经理例行检查发现基线版本V1.3的两个源代码文件有遗留错误，向CMO提出变更申请。CMO批准后指定甲、乙修改。甲修改后版本号定为V1.4在项目组内发布。乙修改后版本号定为V2.3也在项目组内发布。,案例核心要素梳理,- 答题提醒：程序文件一共5条规定都有不同程度的问题。实际执行中的问题更多（版本号混乱、缺少验证环节等）。<br>- 关联专题：T-CM-CASE-001<br>- 来源：questions.full.clean.md / 2010年下半年下午试题五,question,案例题干摘要卡,,,,,下午案例,,,,T-CM-CASE-001,T-CM-CASE-001,SRC-Q-2010-S2-CASE-05-SUMMARY,outputs/anki_builds/full_expansion_20260521_003052/question_cards/case_question_cards_2010.md,2010年 下午案例题 真题刷题卡,,T-CM-CASE-001,keep,"案例典型。

---",ruankao ruankao::family::question ruankao::card_type::案例题干摘要卡 ruankao::importance:: ruankao::exam_use::下午案例 ruankao::topic::T-CM-CASE-001,sha256:6cb9c44978ded4aab2b94dbf
软考::系统集成项目管理工程师::真题刷题卡::下午案例题,Basic,【2010下 试题五 Q1】请结合案例，分析该公司的配置管理程序文件的规定及实际变更执行过程存在哪些问题？,程序文件问题：1.不应由CCB制定配置管理计划（应由CMO制定）。2.基线变更缺少验证与确认环节（变更实施后应验证再发布）。3.CCB主席由项目经理担任不妥（可能缺乏独立性）。4.规定不严密。实际执行问题：5.项目经理不应向CMO提变更申请（应向CCB提）。6.不应由CMO批准（应由CCB批准）。7.没有规定甲、乙两人的修改顺序。8.不应只在项目组内发布（应按正式渠道发布）。9.版本号管理混乱（同一基线两个文件分别变成V1.4和V2.3，不统一）。,"- 答题提醒：分别从""制度规定的问题""和""实际执行的问题""两个角度作答，不要遗漏。<br>- 关联专题：T-CM-CASE-001<br>- 可迁移考点：配置管理流程各环节的正确角色分配。<br>- 来源：questions.full.clean.md / 2010年下半年下午试题五",question,问题识别卡,,,,,下午案例,,,,T-CM-CASE-001,T-CM-CASE-001,SRC-Q-2010-S2-CASE-05-Q1,outputs/anki_builds/full_expansion_20260521_003052/question_cards/case_question_cards_2010.md,2010年 下午案例题 真题刷题卡,,T-CM-CASE-001,keep,"答案全面。

---",ruankao ruankao::family::question ruankao::card_type::问题识别卡 ruankao::importance:: ruankao::exam_use::下午案例 ruankao::topic::T-CM-CASE-001,sha256:420a1a5d525695f7b3e59a33
软考::系统集成项目管理工程师::真题刷题卡::下午案例题,Basic,【2010下 试题五 Q2】为以下每项工作职责指派最合适的负责角色（CCB/CMO/项目经理/开发人员）：编制配置管理计划、创建配置管理环境、审核变更计划、变更申请、变更实施、变更发布。,编制配置管理计划→CMO；创建配置管理环境→CMO；审核变更计划→CCB；变更申请→项目经理；变更实施→开发人员；变更发布→CMO。,- 答题提醒：记忆口诀：CMO管计划和环境和发布，CCB管审核和批准，项目经理负责申请，开发人员负责实施。<br>- 关联专题：T-CM-CASE-001<br>- 可迁移考点：CCB、CMO、PM、开发人员在配置管理中的职责分工。<br>- 来源：questions.full.clean.md / 2010年下半年下午试题五,question,标准答案要点卡,,,,,下午案例,,,,T-CM-CASE-001,T-CM-CASE-001,SRC-Q-2010-S2-CASE-05-Q2,outputs/anki_builds/full_expansion_20260521_003052/question_cards/case_question_cards_2010.md,2010年 下午案例题 真题刷题卡,,T-CM-CASE-001,keep,"职责分配清晰。

---",ruankao ruankao::family::question ruankao::card_type::标准答案要点卡 ruankao::importance:: ruankao::exam_use::下午案例 ruankao::topic::T-CM-CASE-001,sha256:bb0015c1c1c794a6770a77b6
软考::系统集成项目管理工程师::真题刷题卡::下午案例题,Basic,【2010下 试题五 Q3】判断以下配置管理概念的正误：<br>1.配置识别、变更控制、状态报告、配置审计是软件配置管理包含的主要活动。<br>2.CCB必须是常设机构，实际工作中需要设定专职人员。<br>3.基线是软件生存期各个开发阶段末尾的特定点，不同于里程碑。<br>4.动态配置库用于管理基线和控制基线的变更。<br>5.版本管理是对项目中配置项基线的变更控制。<br>6.配置项审计包括功能配置审计和物理配置审计。,1.正确（√）。2.错误（×）。CCB可以是兼职人员，不一定是常设机构。3.错误（×）。基线与里程碑有密切联系，不是完全不同的概念；基线是配置项的稳定版本，里程碑是时间点。4.错误（×）。动态库（开发库）用于存放开发中的配置项，基线在受控库中管理。5.错误（×）。版本管理涵盖所有配置项的版本，不仅限于基线。6.正确（√）。,- 答题提醒：高频易错点：CCB可以兼职；基线不等于里程碑；动态库存开发中版本，受控库存基线；版本管理包括非基线项。<br>- 关联专题：T-CM-CASE-001<br>- 可迁移考点：配置管理核心概念辨析（基线、CCB、配置库、版本管理）。<br>- 来源：questions.full.clean.md / 2010年下半年下午试题五,question,易漏点卡,,,,,下午案例,,,,T-CM-CASE-001,T-CM-CASE-001,SRC-Q-2010-S2-CASE-05-Q3,outputs/anki_builds/full_expansion_20260521_003052/question_cards/case_question_cards_2010.md,2010年 下午案例题 真题刷题卡,,T-CM-CASE-001,keep,"概念辨析精准。

---",ruankao ruankao::family::question ruankao::card_type::易漏点卡 ruankao::importance:: ruankao::exam_use::下午案例 ruankao::topic::T-CM-CASE-001,sha256:f1c931155bfee943bffbd651
软考::系统集成项目管理工程师::真题刷题卡::下午案例题,Basic,【2010下 试题五 总结】从案例中可提炼出配置管理的规范流程和职责分工模型是什么？,规范流程：制定配置管理计划→创建配置管理环境→配置标识→变更控制（变更申请→变更评估→CCB批准/拒绝→变更实施→变更验证与确认→变更发布）→配置状态报告→配置审计→版本管理和发行管理。核心角色分工：CCB审批变更、CMO编制计划和管理环境/库、PM提出变更申请、开发人员实施变更。,- 答题提醒：可将此模型应用于任何配置管理案例题的回答框架。<br>- 关联专题：T-CM-CASE-001<br>- 可迁移考点：配置管理的全流程标准化模板，可套用于类似案例分析。<br>- 来源：questions.full.clean.md / 2010年下半年下午试题五,question,可迁移案例模板卡,,,,,下午案例,,,,T-CM-CASE-001,T-CM-CASE-001,SRC-Q-2010-S2-CASE-05-TEMPLATE,outputs/anki_builds/full_expansion_20260521_003052/question_cards/case_question_cards_2010.md,2010年 下午案例题 真题刷题卡,,T-CM-CASE-001,keep,"模板实用性强，可迁移应用到类似题目。

---",ruankao ruankao::family::question ruankao::card_type::可迁移案例模板卡 ruankao::importance:: ruankao::exam_use::下午案例 ruankao::topic::T-CM-CASE-001,sha256:85c063f8c102649cdff2423e
软考::系统集成项目管理工程师::真题刷题卡::上午选择题,Basic,【2019下半年 上午 第2题】不属于供应链系统设计的原则。<br><br>A. 分析市场需求和竞争环境<br>B. 自顶向下和自底向上相结合<br>C. 简洁<br>D. 取长补短,正确答案：A,"- 解析：供应链系统设计的原则包括：自顶向下和自底向上相结合、简洁性原则、取长补短原则、动态性原则、合作性原则、创新性原则、战略性原则。""分析市场需求和竞争环境""属于制定供应链战略之前的分析工作，并非设计原则本身。<br>- 错项分析：A-这是制定供应链战略前的分析步骤，不是系统设计的原则，是本题正确答案。B-自顶向下和自底向上相结合是明确列出的设计原则之一，有些考生因记忆不全而误以为它不是原则。C-简洁是供应链设计的重要原则，要求简化供应链结构。D-取长补短原则要求各节点企业发挥各自优势。<br>- 题干信号：""不属于供应链系统设计的原则"" → 考察对供应链系统设计七项原则的准确记忆，注意区分""分析活动""与""设计原则""。<br>- 关联专题：T-SCM-001<br>- 可迁移考点：可与ERP、CRM系统的设计原则对比出题，也可考哪些属于供应链设计的原则（正向提问）。<br>- 来源：questions.full.clean.md / 2019年下半年上午第2题",question,上午选择,,,,,供应链管理,,,,T-SCM-001,T-SCM-001,SRC-Q-2019-PM-002,outputs/anki_builds/full_expansion_20260521_003052/question_cards/morning_choice_cards.md,2019年下半年 上午选择题 真题刷题卡,,T-SCM-001,keep,"题干和选项完整，解析充分，答案明确。

---",ruankao ruankao::family::question ruankao::card_type::上午选择 ruankao::importance:: ruankao::exam_use::供应链管理 ruankao::topic::T-SCM-001,sha256:b909d62a8a95afc30363f025
软考::系统集成项目管理工程师::真题刷题卡::上午选择题,Basic,【2019下半年 上午 第3题】在ERP系统中，不属于物流管理模块功能的是<br><br>A. 库存控制<br>B. 销售管理<br>C. 物料需求计划管理<br>D. 采购管理,正确答案：C,"- 解析：ERP中的物流管理模块包括销售管理、库存控制、采购管理三大功能。物料需求计划管理（MRP）属于20世纪60年代的基本MRP，在ERP中属于生产控制管理的功能，不是物流管理模块的功能。<br>- 错项分析：A-库存控制是物流管理模块的核心功能之一，负责库存水平控制。B-销售管理是物流管理模块的重要组成部分，包括销售订单管理等。C-物料需求计划管理属于生产控制管理领域，是MRP的核心，与物流管理不同。D-采购管理是物流管理模块的重要功能。<br>- 题干信号：""不属于物流管理模块功能"" → 需要区分ERP中物流管理模块与生产控制模块的边界。<br>- 关联专题：T-ERP-001<br>- 可迁移考点：可考ERP各模块（财务、物流、生产、人力资源等）的功能归属。<br>- 来源：questions.full.clean.md / 2019年下半年上午第3题",question,上午选择,,,,,ERP物流管理,,,,T-ERP-001,T-ERP-001,SRC-Q-2019-PM-003,outputs/anki_builds/full_expansion_20260521_003052/question_cards/morning_choice_cards.md,2019年下半年 上午选择题 真题刷题卡,,T-ERP-001,keep,"题干和选项完整，解析充分，答案明确。

---",ruankao ruankao::family::question ruankao::card_type::上午选择 ruankao::importance:: ruankao::exam_use::ERP物流管理 ruankao::topic::T-ERP-001,sha256:9ca4e985fa3101d17000f74b
软考::系统集成项目管理工程师::真题刷题卡::上午选择题,Basic,【2019下半年 上午 第4题】CRM系统是基于方法学、软件和互联网的以有组织的方式帮助企业管理客户关系的信息系统。以下哪项准确地说明了CRM的定位？<br><br>A. CRM在注重提高客户的满意度的同时，一定要把帮助企业提高获取利润的能力作为重要指标<br>B. CRM有一个统一的以客户为中心的数据库，以方便对客户信息进行全方位的统一管理<br>C. CRM能够提供销售、客户服务和营销三个业务的自动化工具，具有整合各种客户联系渠道的能力<br>D. CRM系统应该具有良好的可扩展性和可复用性，并把客户数据可以分为描述性、促销性和交易性数据三大类,正确答案：A,"- 解析：CRM的定位是战略层面的——通过管理客户关系同时实现客户满意度和企业利润增长。选项A准确描述了CRM的双重目标（客户满意+企业盈利），这是CRM区别于单纯客服系统的最核心定位。选项B和C描述的是CRM的功能特征，选项D描述的是设计原则和数据分类。<br>- 错项分析：A-准确描述了CRM的战略定位，即同时关注客户满意度和企业盈利能力，是本题正确答案。B-描述的是CRM应具备的数据库功能，属于功能层面而非定位。C-描述的是CRM的自动化工具功能，也是功能层面。D-前半句是设计原则，后半句是数据分类方法，都不是CRM的定位。<br>- 题干信号：""准确地说明了CRM的定位"" → 定位是""为什么做""而非""怎么做""，要从战略目标高度思考。<br>- 关联专题：T-CRM-001<br>- 可迁移考点：可对比ERP、SCM、BI等系统的定位。<br>- 来源：questions.full.clean.md / 2019年下半年上午第4题",question,上午选择,,,,,CRM定位,,,,T-CRM-001,T-CRM-001,SRC-Q-2019-PM-004,outputs/anki_builds/full_expansion_20260521_003052/question_cards/morning_choice_cards.md,2019年下半年 上午选择题 真题刷题卡,,T-CRM-001,keep,"题干和选项完整，解析充分，答案明确。

---",ruankao ruankao::family::question ruankao::card_type::上午选择 ruankao::importance:: ruankao::exam_use::CRM定位 ruankao::topic::T-CRM-001,sha256:e483cd84db1b2f98219e490b
软考::系统集成项目管理工程师::真题刷题卡::上午选择题,Basic,【2019下半年 上午 第5题】______是通过对商业信息的搜集、管理和分析，使企业的各级决策者获得知识或洞察力，促使他们做出有利决策的一种技术。<br><br>A. 客户关系管理（CRM）<br>B. 办公自动化（OA）<br>C. 企业资源计划（ERP）<br>D. 商业智能（BI）,正确答案：D,"- 解析：商业智能（BI）的实现涉及软件、硬件、咨询服务及应用，其核心是对商业信息的搜集、管理和分析过程，最终目的是使企业各级决策者获得知识或洞察力（insight），从而做出对企业更有利的决策。这一定义直接对应题干描述。<br>- 错项分析：A-CRM主要管理客户关系，不是对各种商业信息做综合分析以支持决策。B-OA是实现办公自动化的系统，不涉及商业信息的深度分析。C-ERP是对企业资源的计划和管理系统，虽然包含信息管理，但其核心是资源计划而非商业洞察。D-商业智能的核心正是商业信息搜集、管理、分析以支持决策，是本题正确答案。<br>- 题干信号：""对商业信息的搜集、管理和分析"" + ""获得知识或洞察力"" + ""做出有利决策"" → BI的三步曲：数据→信息→洞察→决策。<br>- 关联专题：T-BI-001<br>- 可迁移考点：可与数据仓库、数据挖掘的概念关联出题。<br>- 来源：questions.full.clean.md / 2019年下半年上午第5题",question,上午选择,,,,,商业智能BI,,,,T-BI-001,T-BI-001,SRC-Q-2019-PM-005,outputs/anki_builds/full_expansion_20260521_003052/question_cards/morning_choice_cards.md,2019年下半年 上午选择题 真题刷题卡,,T-BI-001,keep,"题干和选项完整，解析充分，答案明确。

---",ruankao ruankao::family::question ruankao::card_type::上午选择 ruankao::importance:: ruankao::exam_use::商业智能BI ruankao::topic::T-BI-001,sha256:06dfa6329e8eb78b70388a86
软考::系统集成项目管理工程师::真题刷题卡::上午选择题,Basic,【2019下半年 上午 第6题】某一MIS系统项目的实施过程如下：需求分析、概要设计、详细设计、编码、单元测试、集成测试、系统测试、验收测试。那么该项目最有可能采用的是<br><br>A. 瀑布模型<br>B. 迭代模型<br>C. V模型<br>D. 螺旋模型,正确答案：C,"- 解析：V模型的特点是开发阶段与测试阶段一一对应、层层验证：需求分析→系统测试/验收测试，概要设计→集成测试，详细设计→单元测试，编码→实现。题干中的实施过程正体现了这种""开发-测试""对称结构，因此是V模型。瀑布模型是线性顺序结构，没有这种对称的测试映射关系。<br>- 错项分析：A-瀑布模型虽也是线性顺序，但不会在过程描述中明确将测试阶段与设计阶段一一配对。B-迭代模型是反复循环、逐步精化的过程，题干描述的是单次线性过程。C-V模型的核心特征即为开发与测试的对称映射，与题干描述高度吻合。D-螺旋模型强调风险驱动和迭代，题干未体现风险分析环节。<br>- 题干信号：""需求分析、概要设计、详细设计、编码、单元测试、集成测试、系统测试、验收测试"" → 看到开发和测试对称排列，立即定位到V模型。<br>- 关联专题：T-SDLC-001<br>- 可迁移考点：也可考瀑布模型（阶段划分）、螺旋模型（风险驱动）、迭代模型（增量开发）的识别。<br>- 来源：questions.full.clean.md / 2019年下半年上午第6题",question,上午选择,,,,,V模型,,,,T-SDLC-001,T-SDLC-001,SRC-Q-2019-PM-006,outputs/anki_builds/full_expansion_20260521_003052/question_cards/morning_choice_cards.md,2019年下半年 上午选择题 真题刷题卡,,T-SDLC-001,keep,"题干和选项完整，解析充分，答案明确。

---",ruankao ruankao::family::question ruankao::card_type::上午选择 ruankao::importance:: ruankao::exam_use::V模型 ruankao::topic::T-SDLC-001,sha256:631bded0d6ef172e7787a2e9
软考::系统集成项目管理工程师::真题刷题卡::上午选择题,Basic,【2019下半年 上午 第7题】以质量为中心的信息系统工程控制管理工作是由三方分工合作实施的，这三方不包括<br><br>A. 主建方<br>B. 承建方<br>C. 评测单位<br>D. 监理单位,正确答案：C,"- 解析：信息系统工程控制管理的三方是：主建方（建设单位）、承建方（实施单位）和监理方（监理单位）。评测单位是在特定环节（如验收测试）中引入的第三方，但不属于日常的三方管理架构。<br>- 错项分析：A-主建方是项目出资方和使用方，是三方之一。B-承建方是项目实施方，是三方之一。C-评测单位是阶段性引入的外部检测机构，不属于常规控制管理的三方架构。D-监理单位代表主建方监督承建方，是三方之一。<br>- 题干信号：""以质量为中心的信息系统工程控制管理工作是由三方分工合作实施的"" → 信息系统工程监理的经典三方架构。<br>- 关联专题：T-PROCURE-001<br>- 可迁移考点：可考三方各自的职责、监理与评测单位的角色区别。<br>- 来源：questions.full.clean.md / 2019年下半年上午第7题",question,上午选择,,,,,三方分工,,,,T-PROCURE-001,T-PROCURE-001,SRC-Q-2019-PM-007,outputs/anki_builds/full_expansion_20260521_003052/question_cards/morning_choice_cards.md,2019年下半年 上午选择题 真题刷题卡,,T-PROCURE-001,keep,"题干和选项完整，解析充分，答案明确。

---",ruankao ruankao::family::question ruankao::card_type::上午选择 ruankao::importance:: ruankao::exam_use::三方分工 ruankao::topic::T-PROCURE-001,sha256:5b3397493158e55eaab8da49
软考::系统集成项目管理工程师::真题刷题卡::上午选择题,Basic,【2019下半年 上午 第8题】典型的信息系统项目开发的过程为：需求分析、概要设计、详细设计、程序设计、调试与测试、系统安装与部署。______阶段拟定了系统的目标、范围和要求。<br><br>A. 概要设计<br>B. 需求分析<br>C. 详细设计<br>D. 程序设计,正确答案：B,"- 解析：需求分析的任务是准确定义未来系统的目标，确定为了满足用户需求待建系统必须做什么（What to do?），并用需求规格说明书以规范形式准确表达需求。它让用户和开发者共同明确待建系统要做什么、具备什么功能和性能，即拟定系统的目标、范围和要求。<br>- 错项分析：A-概要设计回答""如何做""（How to do?），设计系统架构和模块划分，不属于定义目标范围。B-需求分析阶段界定系统目标、范围和要求，是本题正确答案。C-详细设计对每个模块进行细化设计，指导编码和测试。D-程序设计即编码实现阶段。<br>- 题干信号：""拟定了系统的目标、范围和要求"" → 这是需求分析阶段的经典描述。<br>- 关联专题：T-REQ-001<br>- 可迁移考点：可与需求规格说明书、需求确认等知识点关联。<br>- 来源：questions.full.clean.md / 2019年下半年上午第8题",question,上午选择,,,,,需求分析,,,,T-REQ-001,T-REQ-001,SRC-Q-2019-PM-008,outputs/anki_builds/full_expansion_20260521_003052/question_cards/morning_choice_cards.md,2019年下半年 上午选择题 真题刷题卡,,T-REQ-001,keep,"题干和选项完整，解析充分，答案明确。

---",ruankao ruankao::family::question ruankao::card_type::上午选择 ruankao::importance:: ruankao::exam_use::需求分析 ruankao::topic::T-REQ-001,sha256:8acf7ab72e7b624b07b98973
软考::系统集成项目管理工程师::真题刷题卡::上午选择题,Basic,【2019下半年 上午 第9题】常用的信息系统开发方法中，不包括<br><br>A. 结构化方法<br>B. 关系方法<br>C. 原型法<br>D. 面向对象方法,正确答案：B,"- 解析：常用的信息系统开发方法有三种：结构化方法、原型法、面向对象方法。""关系方法""是数据库设计领域的概念（关系模型），不是信息系统开发方法，属于干扰项。<br>- 错项分析：A-结构化方法（结构化分析与设计）是经典开发方法之一。B-""关系方法""不是信息系统开发方法，是数据库领域的关系模型概念。C-原型法通过快速构建原型获取需求，是常用开发方法。D-面向对象方法（OOAD）是现代主流开发方法。<br>- 题干信号：""常用的信息系统开发方法"" → 三大方法：结构化、原型法、面向对象。<br>- 关联专题：T-SDLC-002<br>- 可迁移考点：可考各开发方法的适用场景、优缺点对比。<br>- 来源：questions.full.clean.md / 2019年下半年上午第9题",question,上午选择,,,,,开发方法,,,,T-SDLC-002,T-SDLC-002,SRC-Q-2019-PM-009,outputs/anki_builds/full_expansion_20260521_003052/question_cards/morning_choice_cards.md,2019年下半年 上午选择题 真题刷题卡,,T-SDLC-002,keep,"题干和选项完整，解析充分，答案明确。

---

## Card 010｜上午选择｜｜软件复用（缺失题干）",ruankao ruankao::family::question ruankao::card_type::上午选择 ruankao::importance:: ruankao::exam_use::开发方法 ruankao::topic::T-SDLC-002,sha256:02252f01c7f918ed9ac53e81
软考::系统集成项目管理工程师::真题刷题卡::上午选择题,Basic,【2019下半年 上午 第11题】在软件生命周期中，能准确地确定软件系统必须做什么和必须具备哪些功能的阶段是<br><br>A. 概要设计<br>B. 详细设计<br>C. 可行性分析<br>D. 需求分析,正确答案：D,"- 解析：需求分析阶段的任务是确定软件系统""必须做什么""（What）和""必须具备哪些功能""。可行性分析在需求分析之前，主要判断项目是否值得做、是否可行；概要设计和详细设计回答""如何做""（How）。<br>- 错项分析：A-概要设计设计系统架构和模块划分，不定义具体功能清单。B-详细设计细化模块内部设计，不涉及做什么。C-可行性分析关注项目在经济、技术、操作上是否可行，不精确定义功能。D-需求分析确定系统功能和约束，是本题正确答案。<br>- 题干信号：""确定软件系统必须做什么和必须具备哪些功能"" → 需求分析的经典定义。<br>- 关联专题：T-REQ-001<br>- 可迁移考点：可与可行性分析、概要设计、详细设计各阶段的输出对比。<br>- 来源：questions.full.clean.md / 2019年下半年上午第11题",question,上午选择,,,,,需求分析,,,,T-REQ-001,T-REQ-001,SRC-Q-2019-PM-011,outputs/anki_builds/full_expansion_20260521_003052/question_cards/morning_choice_cards.md,2019年下半年 上午选择题 真题刷题卡,,T-REQ-001,keep,"题干和选项完整，解析充分，答案明确。

---",ruankao ruankao::family::question ruankao::card_type::上午选择 ruankao::importance:: ruankao::exam_use::需求分析 ruankao::topic::T-REQ-001,sha256:0aa40b73518bdd5acd64c7b3
软考::系统集成项目管理工程师::真题刷题卡::上午选择题,Basic,【2019下半年 上午 第12题】在我国的标准化代号中，属于推荐性国家标准代号的是<br><br>A. GB<br>B. GB/T<br>C. GB/Z<br>D. GJB,正确答案：B,"- 解析：中国国家标准代号：GB为强制性国家标准，GB/T为推荐性国家标准，GB/Z为国家标准化指导性技术文件，GJB为国家军用标准。<br>- 错项分析：A-GB是强制性国家标准代号，具有法律约束力。B-GB/T中的T代表""推荐""（Tui），是推荐性国家标准，本题正确答案。C-GB/Z是指导性技术文件。D-GJB是军用标准。<br>- 题干信号：""推荐性国家标准代号"" → 记住GB/T，T=推荐。<br>- 关联专题：T-STD-001<br>- 可迁移考点：其他标准代号如GB/Z（指导性）、GJB（军用）、DB（地方标准）、Q（企业标准）。<br>- 来源：questions.full.clean.md / 2019年下半年上午第12题",question,上午选择,,,,,标准化代号,,,,T-STD-001,T-STD-001,SRC-Q-2019-PM-012,outputs/anki_builds/full_expansion_20260521_003052/question_cards/morning_choice_cards.md,2019年下半年 上午选择题 真题刷题卡,,T-STD-001,keep,"题干和选项完整，解析充分，答案明确。

---",ruankao ruankao::family::question ruankao::card_type::上午选择 ruankao::importance:: ruankao::exam_use::标准化代号 ruankao::topic::T-STD-001,sha256:99704b66b7309ef9f2067319
软考::系统集成项目管理工程师::真题刷题卡::上午选择题,Basic,【2019下半年 上午 第13题】下列关于《软件文档管理指南GB/T16680-1996》的描述，正确的是<br><br>A. 该标准规定了软件文档分为：开发文档、产品文档和管理文档<br>B. 该标准给出了软件项目开发过程中编制软件需求说明书的详细指导<br>C. 该标准规定了在制定软件质量保证计划时应遵循的统一的基本要求<br>D. 该标准给出了软件完整生存周期中所涉及的各个过程的一个完整集合,正确答案：A,"- 解析：《软件文档管理指南GB/T16680-1996》把软件文档分为三类：开发文档（如需求规格说明书、设计说明书）、产品文档（如用户手册、安装手册）和管理文档（如项目计划、评审记录）。其他选项描述的内容属于其他标准（如需求规格说明书指南、质量保证计划标准、软件生存周期过程标准）。<br>- 错项分析：A-正确描述了该标准的核心分类内容。B-编制需求说明书的指导属于需求分析阶段的标准/指南，不是本文档管理指南的内容。C-质量保证计划的标准属于质量管理的标准体系。D-软件生存周期过程属于ISO/IEC 12207或GB/T 8566的内容。<br>- 题干信号：""《软件文档管理指南GB/T16680-1996》"" → 强调文档的三分类：开发、产品、管理。<br>- 关联专题：T-STD-002<br>- 可迁移考点：GB/T 16680与GB/T 8566（软件生存周期过程）、GB/T 19000（质量管理）的区别。<br>- 来源：questions.full.clean.md / 2019年下半年上午第13题",question,上午选择,,,,,软件文档管理,,,,T-STD-002,T-STD-002,SRC-Q-2019-PM-013,outputs/anki_builds/full_expansion_20260521_003052/question_cards/morning_choice_cards.md,2019年下半年 上午选择题 真题刷题卡,,T-STD-002,keep,"题干和选项完整，解析充分，答案明确。

---",ruankao ruankao::family::question ruankao::card_type::上午选择 ruankao::importance:: ruankao::exam_use::软件文档管理 ruankao::topic::T-STD-002,sha256:69567656a37c4356595d06a8
软考::系统集成项目管理工程师::真题刷题卡::上午选择题,Basic,【2019下半年 上午 第14题】有关信息系统集成的说法错误的是<br><br>A. 信息系统集成项目要以满足客户和用户的需求为根本出发点<br>B. 信息系统集成包括设备系统集成和管理系统集成<br>C. 信息系统集成包括技术、管理和商务等各项工作，是一项综合性的系统工程<br>D. 系统集成是指将计算机软件、硬件、网络通信等技术和产品集成为能够满足用户特定需求的信息系统,正确答案：B,"- 解析：从技术角度看，信息系统集成包括数据集成、网络集成和应用集成。设备系统集成只是网络集成的一部分，管理系统也只是应用集成的一个子类。因此B选项将信息系统集成简单地分为""设备系统集成和管理系统集成""是不准确的。<br>- 错项分析：A-这是信息系统集成的根本出发点，说法正确。B-信息系统集成的分类应从数据集成、网络集成、应用集成三个技术维度理解，设备系统集成和管理系统集成的分类方式不标准、不全面。C-信息系统集成确实涉及技术、管理、商务等多个维度，是综合性系统工程。D-这是信息系统集成的经典定义，正确。<br>- 题干信号：""有关信息系统集成的说法错误的是"" → 注意信息系统集成的技术分类：数据集成、网络集成、应用集成。<br>- 关联专题：T-SI-001<br>- 可迁移考点：信息系统集成的层次（数据集成、网络集成、应用集成）以及各自含义。<br>- 来源：questions.full.clean.md / 2019年下半年上午第14题",question,上午选择,,,,,信息系统集成,,,,T-SI-001,T-SI-001,SRC-Q-2019-PM-014,outputs/anki_builds/full_expansion_20260521_003052/question_cards/morning_choice_cards.md,2019年下半年 上午选择题 真题刷题卡,,T-SI-001,keep,"题干和选项完整，解析充分，答案明确。

---",ruankao ruankao::family::question ruankao::card_type::上午选择 ruankao::importance:: ruankao::exam_use::信息系统集成 ruankao::topic::T-SI-001,sha256:69ae82fe1304d88f58681abd
软考::系统集成项目管理工程师::真题刷题卡::上午选择题,Basic,【2019下半年 上午 第15题】关于UML，错误的说法是<br><br>A. UML是一种可视化的程序设计语言<br>B. UML不是过程，也不是方法，但允许任何一种过程和方法使用<br>C. UML简单且可扩展<br>D. UML是面向对象分析与设计的一种标准表示,正确答案：A,"- 解析：UML（Unified Modeling Language）是一种可视化的建模语言，不是程序设计语言。它用于对软件系统进行可视化建模、规约、构造和文档化。UML不是编程语言，不能直接编译执行。<br>- 错项分析：A-UML是建模语言而非程序设计语言，这是常见误解，也是本题错误选项。B-UML独立于过程和方法，可以被任何开发过程使用，说法正确。C-UML的语法相对简洁，同时通过扩展机制支持自定义，说法正确。D-UML是面向对象分析和设计的标准表示法，说法正确。<br>- 题干信号：""关于UML，错误的说法"" → 记住UML是建模语言不是编程语言。<br>- 关联专题：T-UML-001<br>- 可迁移考点：UML的5种视图、9种图（或14种图）、各种图的用途。<br>- 来源：questions.full.clean.md / 2019年下半年上午第15题",question,上午选择,,,,,UML,,,,T-UML-001,T-UML-001,SRC-Q-2019-PM-015,outputs/anki_builds/full_expansion_20260521_003052/question_cards/morning_choice_cards.md,2019年下半年 上午选择题 真题刷题卡,,T-UML-001,keep,"题干和选项完整，解析充分，答案明确。

---",ruankao ruankao::family::question ruankao::card_type::上午选择 ruankao::importance:: ruankao::exam_use::UML ruankao::topic::T-UML-001,sha256:f82ab6313a1f8038d7fb211b
软考::系统集成项目管理工程师::真题刷题卡::上午选择题,Basic,【2019下半年 上午 第16题】在UML中，动态行为描述了系统随时间变化的行为，下面不属于动态行为视图的是<br><br>A. 状态机视图<br>B. 实现视图<br>C. 交互视图<br>D. 活动视图,正确答案：B,"- 解析：UML的5种视图中，动态行为视图包括状态机视图（描述对象生命周期中的状态变化）、交互视图（描述对象间的消息传递）和活动视图（描述活动流程）。实现视图关注系统的物理构件、文件和配置管理，不属于动态行为视图。<br>- 错项分析：A-状态机视图描述对象的动态状态变化，属于动态行为视图。B-实现视图属于物理视图，描述系统的构件和文件配置，不是动态行为视图。C-交互视图（含时序图、通信图）描述对象间的动态交互。D-活动视图描述业务流程或工作流的动态行为。<br>- 题干信号：""UML动态行为""、""不属于动态行为视图"" → 5种视图中，实现视图和部署视图属于静态/物理视图。<br>- 关联专题：T-UML-001<br>- 可迁移考点：UML五种视图分类（用例视图、逻辑视图、实现视图、进程视图、部署视图）。<br>- 来源：questions.full.clean.md / 2019年下半年上午第16题",question,上午选择,,,,,UML动态视图,,,,T-UML-001,T-UML-001,SRC-Q-2019-PM-016,outputs/anki_builds/full_expansion_20260521_003052/question_cards/morning_choice_cards.md,2019年下半年 上午选择题 真题刷题卡,,T-UML-001,keep,"题干和选项完整，解析充分，答案明确。

---",ruankao ruankao::family::question ruankao::card_type::上午选择 ruankao::importance:: ruankao::exam_use::UML动态视图 ruankao::topic::T-UML-001,sha256:851740ab66e4332f900413bc
软考::系统集成项目管理工程师::真题刷题卡::上午选择题,Basic,【2019下半年 上午 第17题】面向对象中的______机制是对现实世界中遗传现象的模拟。通过该机制，基类的属性和方法被遗传给派生类。<br><br>A. 复用<br>B. 消息<br>C. 继承<br>D. 变异,正确答案：C,"- 解析：继承（Inheritance）是面向对象的核心机制之一，表现为""B类是A类的一种""的逻辑关系。它模拟现实世界的遗传现象，使得子类可以自动拥有父类的属性和方法，从而实现代码复用和层次化组织。<br>- 错项分析：A-复用是利用已有成果构建新的系统，但不是模拟遗传现象的机制。B-消息是对象之间通信的方式，与遗传无关。C-继承直接对应""遗传""的比喻，是正确答案。D-变异是生物学概念，在面向对象中不存在变异机制。<br>- 题干信号：""对现实世界中遗传现象的模拟"" → 直接对应""继承""。<br>- 关联专题：T-OO-001<br>- 可迁移考点：继承与多态、封装的联系，以及继承的优缺点（耦合增强）。<br>- 来源：questions.full.clean.md / 2019年下半年上午第17题",question,上午选择,,,,,继承,,,,T-OO-001,T-OO-001,SRC-Q-2019-PM-017,outputs/anki_builds/full_expansion_20260521_003052/question_cards/morning_choice_cards.md,2019年下半年 上午选择题 真题刷题卡,,T-OO-001,keep,"题干和选项完整，解析充分，答案明确。

---",ruankao ruankao::family::question ruankao::card_type::上午选择 ruankao::importance:: ruankao::exam_use::继承 ruankao::topic::T-OO-001,sha256:18ff60652e1eddfaedf5d894
软考::系统集成项目管理工程师::真题刷题卡::上午选择题,Basic,【2019下半年 上午 第18题】______是指把数据以及操作数据的相关方法组合在同一单元中，使我们可以把类作为软件复用中的基本单元，提高内聚度，降低耦合度。<br><br>A. 多态<br>B. 封装<br>C. 抽象<br>D. 接口,正确答案：B,"- 解析：封装（Encapsulation）是将数据和操作数据的方法捆绑在同一单元（类）中的机制。对外隐藏内部实现，仅暴露必要的接口，从而提高内聚、降低耦合，使类可以作为复用的基本单元。<br>- 错项分析：A-多态是同一操作在不同对象上产生不同行为，不是组合数据和方法的机制。B-封装正是将数据和方法组合在同一单元中，是正确答案。C-抽象是隐藏细节突出本质特征，但不强调""组合在同一单元""。D-接口是声明方法签名但不包含实现的规范。<br>- 题干信号：""把数据以及操作数据的相关方法组合在同一单元中"" → 封装的经典定义。<br>- 关联专题：T-OO-001<br>- 可迁移考点：封装与信息隐藏的关系，以及封装如何实现高内聚低耦合。<br>- 来源：questions.full.clean.md / 2019年下半年上午第18题",question,上午选择,,,,,封装,,,,T-OO-001,T-OO-001,SRC-Q-2019-PM-018,outputs/anki_builds/full_expansion_20260521_003052/question_cards/morning_choice_cards.md,2019年下半年 上午选择题 真题刷题卡,,T-OO-001,keep,"题干和选项完整，解析充分，答案明确。

---",ruankao ruankao::family::question ruankao::card_type::上午选择 ruankao::importance:: ruankao::exam_use::封装 ruankao::topic::T-OO-001,sha256:ae851d18016a450e9e4cea3b
软考::系统集成项目管理工程师::真题刷题卡::上午选择题,Basic,【2019下半年 上午 第19题】在进行网络规划时，要遵循统一的通信协议标准。网络架构和通信协议应该选择广泛使用的国际标准和事实上的工业标准，这属于网络规划的<br><br>A. 实用性原则<br>B. 开放性原则<br>C. 先进性原则<br>D. 可扩展性原则,正确答案：B,"- 解析：开放性原则要求网络架构和通信协议选择广泛应用的国家标准和事实上的工业标准。网络的开放性要靠标准化实现，使得网络成为完全开放式的网络计算环境。开放性原则包括采用开放标准、开放技术、开放结构、开放系统组件以及开放用户接口。<br>- 错项分析：A-实用性原则强调满足实际业务需求，不侧重标准化。B-开放性原则的核心就是采用国际标准和工业标准以确保互联互通，是正确答案。C-先进性原则强调采用先进技术和设备，不一定要求国际标准。D-可扩展性原则关注系统能够方便地扩充和升级，不影响现有网络运行。<br>- 题干信号：""遵循统一的通信协议标准""、""国际标准和事实上的工业标准"" → 开放性原则。<br>- 关联专题：T-NET-001<br>- 可迁移考点：网络规划五大原则（实用性、开放性、先进性、可扩展性、安全性）的具体内容。<br>- 来源：questions.full.clean.md / 2019年下半年上午第19题",question,上午选择,,,,,网络规划原则,,,,T-NET-001,T-NET-001,SRC-Q-2019-PM-019,outputs/anki_builds/full_expansion_20260521_003052/question_cards/morning_choice_cards.md,2019年下半年 上午选择题 真题刷题卡,,T-NET-001,keep,"题干和选项完整，解析充分，答案明确。

---",ruankao ruankao::family::question ruankao::card_type::上午选择 ruankao::importance:: ruankao::exam_use::网络规划原则 ruankao::topic::T-NET-001,sha256:ae4e76b3e96800838de70c9c
软考::系统集成项目管理工程师::真题刷题卡::上午选择题,Basic,【2019下半年 上午 第20题】DNS服务器的功能是将域名转换为<br><br>A. IP地址<br>B. 传输地址<br>C. 子网地址<br>D. MAC地址,正确答案：A,"- 解析：DNS（Domain Name System）的核心功能是将人类易记的域名（如www.example.com）解析为机器可读的IP地址（如192.168.1.1），以便在网络中定位资源。<br>- 错项分析：A-域名到IP地址的转换是DNS的经典定义，是正确答案。B-传输地址不是标准术语，传输层使用端口号不在此列。C-子网地址是IP地址中用于标识网络部分的内容，非DNS转换目标。D-MAC地址是数据链路层地址，由ARP协议负责解析，非DNS功能。<br>- 题干信号：""DNS服务器的功能是将域名转换为"" → 直接映射到IP地址。<br>- 关联专题：T-NET-002<br>- 可迁移考点：DNS解析过程（递归/迭代查询）、反向解析（PTR记录）、DNS与其他协议（ARP、DHCP）的职责区分。<br>- 来源：questions.full.clean.md / 2019年下半年上午第20题",question,上午选择,,,,,DNS,,,,T-NET-002,T-NET-002,SRC-Q-2019-PM-020,outputs/anki_builds/full_expansion_20260521_003052/question_cards/morning_choice_cards.md,2019年下半年 上午选择题 真题刷题卡,,T-NET-002,keep,"题干和选项完整，解析充分，答案明确。

---",ruankao ruankao::family::question ruankao::card_type::上午选择 ruankao::importance:: ruankao::exam_use::DNS ruankao::topic::T-NET-002,sha256:f27e0ff455c8e3d753afb99c
软考::系统集成项目管理工程师::真题刷题卡::上午选择题,Basic,【2019下半年 上午 第22题】以下关于接入Internet的叙述，______是不正确的。<br><br>A. 以终端的方式入网，需要一个动态的IP地址<br>B. 通过PPP拨号方式接入，可以有一个动态的IP地址<br>C. 通过LAN接入，可以有固定的IP地址，也可以用动态分配的IP地址<br>D. 通过代理服务器接入，多个主机可以共享1个IP地址,正确答案：A,"- 解析：以终端方式入网时，终端本身不需要IP地址，它只是通过串口等方式连接到远程主机，访问远程主机的资源。终端本身不直接参与IP网络通信，因此不需要IP地址。其他三种方式都需要或可以使用IP地址。<br>- 错项分析：A-终端方式入网不需要IP地址，只能访问所连接的远程主机，因此A的表述错误。B-PPP拨号通常由ISP动态分配IP地址，正确。C-LAN接入可以通过DHCP动态获取或配置固定IP，正确。D-代理服务器使用NAT技术使多个主机共享一个公网IP，正确。<br>- 题干信号：""关于接入Internet的叙述""、""不正确的"" → 辨别各种接入方式是否需要IP地址。<br>- 关联专题：T-NET-004<br>- 可迁移考点：终端入网（无IP）、PPP拨号（动态IP）、LAN接入（固定/动态IP）、代理共享IP的区别。<br>- 来源：questions.full.clean.md / 2019年下半年上午第22题",question,上午选择,,,,,Internet接入,,,,T-NET-004,T-NET-004,SRC-Q-2019-PM-022,outputs/anki_builds/full_expansion_20260521_003052/question_cards/morning_choice_cards.md,2019年下半年 上午选择题 真题刷题卡,,T-NET-004,keep,"题干和选项完整，解析充分，答案明确。

---",ruankao ruankao::family::question ruankao::card_type::上午选择 ruankao::importance:: ruankao::exam_use::Internet接入 ruankao::topic::T-NET-004,sha256:b8f36d3d0321b177939bedd8
软考::系统集成项目管理工程师::真题刷题卡::上午选择题,Basic,【2019下半年 上午 第23题】______是将存储设备与服务器直接连接的存储模式。<br><br>A. DAS<br>B. NAS<br>C. SAN<br>D. SCSI,正确答案：A,"- 解析：DAS（Direct Attached Storage，直接附加存储）是将存储设备通过线缆（如SCSI线缆）直接连接到服务器的存储架构。NAS（Network Attached Storage）通过网络共享存储，SAN（Storage Area Network）通过专用光纤网络连接存储，SCSI是接口标准而非存储模式。<br>- 错项分析：A-DAS即直接附加存储，定义与题干完全吻合。B-NAS通过网络提供文件级共享存储，不是直连。C-SAN通过专用存储网络提供块级存储。D-SCSI是接口标准，不是存储模式。<br>- 题干信号：""将存储设备与服务器直接连接的存储模式"" → 直接→DAS（Direct Attached Storage）。<br>- 关联专题：T-STOR-001<br>- 可迁移考点：DAS、NAS、SAN三种存储架构的对比（连接方式、数据级别、适用场景）。<br>- 来源：questions.full.clean.md / 2019年下半年上午第23题",question,上午选择,,,,,存储模式DAS,,,,T-STOR-001,T-STOR-001,SRC-Q-2019-PM-023,outputs/anki_builds/full_expansion_20260521_003052/question_cards/morning_choice_cards.md,2019年下半年 上午选择题 真题刷题卡,,T-STOR-001,keep,"题干和选项完整，解析充分，答案明确。

---",ruankao ruankao::family::question ruankao::card_type::上午选择 ruankao::importance:: ruankao::exam_use::存储模式DAS ruankao::topic::T-STOR-001,sha256:1556d7573ca2b7d7d00aabb1
软考::系统集成项目管理工程师::真题刷题卡::上午选择题,Basic,【2019下半年 上午 第24题】电子商务安全要求的四个方面是<br><br>A. 传输的高效性、数据的完整性、交易各方的身份认证和交易的不可抵赖性<br>B. 存储的安全性、传输的高效性、数据的完整性和交易各方的身份认证<br>C. 传输的安全性、数据的完整性、交易各方的身份认证和交易的不可抵赖性<br>D. 存储的安全性、传输的高效性、数据的完整性和交易的不可抵赖性,正确答案：C,"- 解析：电子商务安全要求的四个方面为：传输的安全性（保证数据在传输过程中不被窃听或篡改）、数据的完整性（保证数据不被非法篡改）、交易各方的身份认证（确认各方身份的真实性）、交易的不可抵赖性（防止交易双方否认交易行为）。<br>- 错项分析：A-混淆了""高效性""与""安全性""，传输的高效性不属于安全要求。B-存储的安全性和传输的高效性都不是电子商务安全的四大要求之一。C-四个方面全部正确匹配。D-存储安全性和传输高效性都不属于安全四大要求。<br>- 题干信号：""电子商务安全要求的四个方面"" → 记住四要素：传输安全、数据完整、身份认证、不可抵赖。<br>- 关联专题：T-SEC-001<br>- 可迁移考点：与信息安全五要素（机密性、完整性、可用性、可控性、不可抵赖性）的区别联系。<br>- 来源：questions.full.clean.md / 2019年下半年上午第24题",question,上午选择,,,,,电子商务安全,,,,T-SEC-001,T-SEC-001,SRC-Q-2019-PM-024,outputs/anki_builds/full_expansion_20260521_003052/question_cards/morning_choice_cards.md,2019年下半年 上午选择题 真题刷题卡,,T-SEC-001,keep,"题干和选项完整，解析充分，答案明确。

---",ruankao ruankao::family::question ruankao::card_type::上午选择 ruankao::importance:: ruankao::exam_use::电子商务安全 ruankao::topic::T-SEC-001,sha256:f39de828c6fae49bba402320
软考::系统集成项目管理工程师::真题刷题卡::上午选择题,Basic,【2019下半年 上午 第25题】应用数据完整性机制可以防止<br><br>A. 假冒源地址或用户地址的欺骗攻击<br>B. 抵赖做过信息的递交行为<br>C. 数据中途被攻击者窃听获取<br>D. 数据在途中被攻击者篡改或破坏,正确答案：D,"- 解析：数据完整性（Data Integrity）是指保证数据的一致性，防止数据被非法用户篡改或破坏。完整性机制通过校验和、哈希、数字签名等技术检测数据是否被篡改。<br>- 错项分析：A-防止假冒源地址是身份认证机制的功能，不是完整性机制。B-防止抵赖行为是不可抵赖性机制的功能。C-防止数据被窃听是机密性/加密机制的功能。D-防止数据被篡改正是数据完整性的目标。<br>- 题干信号：""应用数据完整性机制可以防止"" → 完整性 = 防止篡改/破坏。<br>- 关联专题：T-SEC-002<br>- 可迁移考点：完整性、机密性、可用性、不可抵赖性各自对应的防护手段。<br>- 来源：questions.full.clean.md / 2019年下半年上午第25题",question,上午选择,,,,,数据完整性,,,,T-SEC-002,T-SEC-002,SRC-Q-2019-PM-025,outputs/anki_builds/full_expansion_20260521_003052/question_cards/morning_choice_cards.md,2019年下半年 上午选择题 真题刷题卡,,T-SEC-002,keep,"题干和选项完整，解析充分，答案明确。

---",ruankao ruankao::family::question ruankao::card_type::上午选择 ruankao::importance:: ruankao::exam_use::数据完整性 ruankao::topic::T-SEC-002,sha256:0c74df595e25f8ca4ad897a3
软考::系统集成项目管理工程师::真题刷题卡::上午选择题,Basic,【2019下半年 上午 第26题】应用系统运行中涉及的安全和保密层次包括四层，这四个层次按粒度从粗到细的排列顺序是<br><br>A. 数据域安全、功能性安全、资源访问安全、系统级安全<br>B. 数据域安全、资源访问安全、功能性安全、系统级安全<br>C. 系统级安全、资源访问安全、功能性安全、数据域安全<br>D. 系统级安全、功能性安全、资源访问安全、数据域安全,正确答案：C,"- 解析：应用系统安全的四个层次从粗粒度到细粒度依次为：系统级安全（最上层、最粗，如操作系统安全配置）→ 资源访问安全（如文件/目录访问控制）→ 功能性安全（如功能权限设置）→ 数据域安全（最细粒度，如字段级数据权限）。<br>- 错项分析：A-顺序颠倒，将最细粒度的数据域安全排在第一位。B-顺序仍然错误。C-系统级安全（最粗）→ 资源访问安全 → 功能性安全 → 数据域安全（最细），顺序正确。D-资源访问安全应放在功能性安全之前。<br>- 题干信号：""安全保密层次""、""粒度从粗到细"" → 系统级 → 资源访问 → 功能性 → 数据域。<br>- 关联专题：T-SEC-003<br>- 可迁移考点：各层次的具体安全措施（系统级：身份认证；资源访问：ACL；功能性：RBAC；数据域：数据脱敏等）。<br>- 来源：questions.full.clean.md / 2019年下半年上午第26题",question,上午选择,,,,,安全层次,,,,T-SEC-003,T-SEC-003,SRC-Q-2019-PM-026,outputs/anki_builds/full_expansion_20260521_003052/question_cards/morning_choice_cards.md,2019年下半年 上午选择题 真题刷题卡,,T-SEC-003,keep,"题干和选项完整，解析充分，答案明确。

---",ruankao ruankao::family::question ruankao::card_type::上午选择 ruankao::importance:: ruankao::exam_use::安全层次 ruankao::topic::T-SEC-003,sha256:e5a40696722196ad4cf38694
软考::系统集成项目管理工程师::真题刷题卡::上午选择题,Basic,"【2019下半年 上午 第27题】为了确保系统运行的安全，针对用户管理，下列做法不妥当的是<br><br>A. 建立用户身份识别与验证机制，防止非法用户进入应用系统<br>B. 用户权限的分配应遵循""最小特权""原则<br>C. 用户密码应严格保密，并定时更新<br>D. 为了防止重要密码丢失，把密码记录在纸质介质上",正确答案：D,"- 解析：将密码记录在纸质介质上存在严重的安全隐患（丢失、被他人看到等），违背了密码管理的基本安全原则。正确的做法是使用密码管理器或安全的电子记录方式。<br>- 错项分析：A-建立身份识别与验证机制是用户管理的基本要求，做法妥当。B-最小特权原则确保用户仅有完成工作所需的最小权限，是安全最佳实践。C-密码保密和定期更新是基本安全策略。D-将密码写在纸质介质上是不安全的行为，无法保证密码的机密性。<br>- 题干信号：""针对用户管理，下列做法不妥当"" → 密码纸质记录 = 不安全。<br>- 关联专题：T-SEC-004<br>- 可迁移考点：密码管理策略（复杂度、更换周期、存储方式）、多因素认证、最小权限原则。<br>- 来源：questions.full.clean.md / 2019年下半年上午第27题",question,上午选择,,,,,用户安全管理,,,,T-SEC-004,T-SEC-004,SRC-Q-2019-PM-027,outputs/anki_builds/full_expansion_20260521_003052/question_cards/morning_choice_cards.md,2019年下半年 上午选择题 真题刷题卡,,T-SEC-004,keep,"题干和选项完整，解析充分，答案明确。

---",ruankao ruankao::family::question ruankao::card_type::上午选择 ruankao::importance:: ruankao::exam_use::用户安全管理 ruankao::topic::T-SEC-004,sha256:6d818f72a0b06fbdc41c8f91
软考::系统集成项目管理工程师::真题刷题卡::上午选择题,Basic,【2019下半年 上午 第28题】下面关于数据仓库的叙述，错误的是<br><br>A. 在数据仓库的结构中，数据源是数据仓库系统的基础<br>B. 数据的存储与管理是整个数据仓库系统的核心<br>C. 数据仓库前端分析工具中包括报表工具<br>D. 数据仓库中间层OLAP服务器只能采用关系型OLAP,正确答案：D,"- 解析：OLAP（联机分析处理）服务器有不同类型的实现，包括关系型OLAP（ROLAP）、多维型OLAP（MOLAP）和混合型OLAP（HOLAP）。选项D声称""只能采用关系型OLAP""过于绝对，是错误的。<br>- 错项分析：A-数据源（如各业务系统数据库）确实是数据仓库的数据来源和基础，说法正确。B-数据的存储与管理是整个数据仓库的核心环节，说法正确。C-报表工具是前端分析工具之一，说法正确。D-OLAP服务器有多种类型（ROLAP、MOLAP、HOLAP），不限于关系型，说法错误。<br>- 题干信号：""关于数据仓库的叙述，错误的是"" → 注意绝对化表述（""只能""）往往是错误选项。<br>- 关联专题：T-DW-001<br>- 可迁移考点：OLAP与OLTP的区别、ROLAP与MOLAP的区别、数据仓库的层次结构（数据源→ETL→存储→OLAP→前端）。<br>- 来源：questions.full.clean.md / 2019年下半年上午第28题",question,上午选择,,,,,数据仓库,,,,T-DW-001,T-DW-001,SRC-Q-2019-PM-028,outputs/anki_builds/full_expansion_20260521_003052/question_cards/morning_choice_cards.md,2019年下半年 上午选择题 真题刷题卡,,T-DW-001,keep,"题干和选项完整，解析充分，答案明确。

---",ruankao ruankao::family::question ruankao::card_type::上午选择 ruankao::importance:: ruankao::exam_use::数据仓库 ruankao::topic::T-DW-001,sha256:5785fd3ef74305f99e0f4e32
软考::系统集成项目管理工程师::真题刷题卡::上午选择题,Basic,【2019下半年 上午 第29题】以下______是SOA概念的一种实现。<br><br>A. DCOM<br>B. J2EE<br>C. Web service<br>D. WWW,正确答案：C,"- 解析：SOA（面向服务架构）是一种软件架构模式，Web Service是实现SOA的最常见技术方案。Web Service通过WSDL定义服务接口，通过SOAP或REST进行通信，服务的注册和发现通过UDDI实现，符合SOA的松耦合、可复用原则。<br>- 错项分析：A-DCOM是微软的分布式组件模型，不是SOA的实现。B-J2EE是企业级Java平台，可以用来构建SOA应用但不是SOA实现本身。C-Web Service是SOA最典型的实现技术。D-WWW是万维网，是信息共享平台，不是SOA实现。<br>- 题干信号：""SOA概念的一种实现"" → Web Service是SOA的最经典实现。<br>- 关联专题：T-SOA-001<br>- 可迁移考点：SOA的三大角色（服务提供者、服务注册中心、服务请求者）、SOA的三要素（WSDL、SOAP、UDDI）。<br>- 来源：questions.full.clean.md / 2019年下半年上午第29题",question,上午选择,,,,,SOA实现,,,,T-SOA-001,T-SOA-001,SRC-Q-2019-PM-029,outputs/anki_builds/full_expansion_20260521_003052/question_cards/morning_choice_cards.md,2019年下半年 上午选择题 真题刷题卡,,T-SOA-001,keep,"题干和选项完整，解析充分，答案明确。

---",ruankao ruankao::family::question ruankao::card_type::上午选择 ruankao::importance:: ruankao::exam_use::SOA实现 ruankao::topic::T-SOA-001,sha256:0475da622b295b50a13a346c
软考::系统集成项目管理工程师::真题刷题卡::上午选择题,Basic,【2019下半年 上午 第30题】在.NET架构中，______给开发人员提供了一个统一的、面向对象的、层次化的、可扩展的编程接口。<br><br>A. 通用语言规范<br>B. 基础类库<br>C. 通用语言运行环境<br>D. ADO.NET,正确答案：B,"- 解析：.NET基础类库（Base Class Library，BCL）是.NET Framework的核心组成部分，为开发人员提供了一整套统一的、面向对象的、层次化的、可扩展的编程接口（API），涵盖文件I/O、网络、数据库、XML等几乎所有领域。<br>- 错项分析：A-通用语言规范（CLS）定义了.NET语言互操作的规则，不是编程接口。B-基础类库正是提供统一编程接口的组件。C-通用语言运行环境（CLR）是.NET的执行引擎，负责内存管理、异常处理等。D-ADO.NET是.NET中访问数据库的专用类库，范围较窄。<br>- 题干信号："".NET架构""、""统一的、面向对象的、层次化的、可扩展的编程接口"" → 基础类库（BCL）。<br>- 关联专题：T-DOTNET-001<br>- 可迁移考点：.NET Framework分层（CLR → BCL → ADO.NET/WPF/WCF等 → 应用）。<br>- 来源：questions.full.clean.md / 2019年下半年上午第30题",question,上午选择,,,,,.NET基础类库,,,,T-DOTNET-001,T-DOTNET-001,SRC-Q-2019-PM-030,outputs/anki_builds/full_expansion_20260521_003052/question_cards/morning_choice_cards.md,2019年下半年 上午选择题 真题刷题卡,,T-DOTNET-001,keep,"题干和选项完整，解析充分，答案明确。

---",ruankao ruankao::family::question ruankao::card_type::上午选择 ruankao::importance:: ruankao::exam_use::.NET基础类库 ruankao::topic::T-DOTNET-001,sha256:3041c56f97ec229ea96481fa
软考::系统集成项目管理工程师::真题刷题卡::上午选择题,Basic,【2019下半年 上午 第31题】在______中，项目经理权限最大。<br><br>A. 职能型组织<br>B. 弱矩阵型组织<br>C. 强矩阵型组织<br>D. 项目型组织,正确答案：D,"- 解析：在项目型组织中，项目经理拥有全部的项目权力，包括人事任免、预算控制、资源调配等。职能型组织中职能经理权限最大，弱矩阵中项目经理权限有限，强矩阵中项目经理权限较大但仍受职能经理制约。<br>- 错项分析：A-职能型组织中项目经理权限最小甚至没有正式项目经理角色。B-弱矩阵型组织中项目经理扮演协调者角色，权限很有限。C-强矩阵型组织中项目经理权限较大，但仍有职能经理分享权力。D-项目型组织中项目经理拥有全部权限。<br>- 题干信号：""项目经理权限最大"" → 项目型组织 > 强矩阵 > 弱矩阵 > 职能型。<br>- 关联专题：T-ORG-001<br>- 可迁移考点：各类组织结构下项目经理的角色、权限、资源可用性的对比。<br>- 来源：questions.full.clean.md / 2019年下半年上午第31题",question,上午选择,,,,,组织结构权限,,,,T-ORG-001,T-ORG-001,SRC-Q-2019-PM-031,outputs/anki_builds/full_expansion_20260521_003052/question_cards/morning_choice_cards.md,2019年下半年 上午选择题 真题刷题卡,,T-ORG-001,keep,"题干和选项完整，解析充分，答案明确。

---",ruankao ruankao::family::question ruankao::card_type::上午选择 ruankao::importance:: ruankao::exam_use::组织结构权限 ruankao::topic::T-ORG-001,sha256:572f1de1f1cb8fc5fc45153a
软考::系统集成项目管理工程师::真题刷题卡::上午选择题,Basic,【2019下半年 上午 第32题】下列选项中，不属于项目建议书核心内容的是<br><br>A. 项目的必要性<br>B. 项目的市场预测<br>C. 产品方案或服务的市场预测<br>D. 风险因素及对策,正确答案：D,"- 解析：项目建议书的核心内容包括：项目必要性、市场预测（含产品方案或服务市场预测）、建设条件等。""风险因素及对策""属于可行性研究报告中的内容，不是项目建议书的核心内容。项目建议书主要回答""要不要做""，而可行性报告进一步分析""能不能做""。<br>- 错项分析：A-项目的必要性是项目建议书必须阐明的内容。B-项目的市场预测是项目建议书的核心内容之一。C-产品方案或服务的市场预测也是市场预测的一部分。D-风险因素及对策属于可行性研究报告的重点内容，不是项目建议书的核心内容。<br>- 题干信号：""不属于项目建议书核心内容"" → 区分项目建议书（要不要做）与可行性研究报告（能不能做）的内容差异。<br>- 关联专题：T-PJMGT-001<br>- 可迁移考点：项目建议书与可行性研究报告的内容区别、项目立项流程。<br>- 来源：questions.full.clean.md / 2019年下半年上午第32题",question,上午选择,,,,,项目建议书,,,,T-PJMGT-001,T-PJMGT-001,SRC-Q-2019-PM-032,outputs/anki_builds/full_expansion_20260521_003052/question_cards/morning_choice_cards.md,2019年下半年 上午选择题 真题刷题卡,,T-PJMGT-001,keep,"题干和选项完整，解析充分，答案明确。

---",ruankao ruankao::family::question ruankao::card_type::上午选择 ruankao::importance:: ruankao::exam_use::项目建议书 ruankao::topic::T-PJMGT-001,sha256:79befdb8aecfb5b3f48476fd
软考::系统集成项目管理工程师::真题刷题卡::上午选择题,Basic,【2019下半年 上午 第33题】以下关于投标文件送达的叙述，______是错误的。<br><br>A. 投标人必须按照招标文件规定的地点、在规定的时间内送达投标文件<br>B. 投递投标书的方式最好是直接送达或委托代理人送达，以便获得招标机构已收到投标书的回执<br>C. 如果以邮寄方式送达的，投标人应保证投标文件能够在截止日期之前投递即可<br>D. 招标人收到标书以后应当签收，在开标前不得开启,正确答案：C,"- 解析：根据《招标投标法》，投标文件的送达时间以""到达时间""为准，而非""投递时间""。以邮寄方式送达的，必须保证在投标截止时间之前到达招标人指定地点，仅仅""在截止日期之前投递""是不够的。邮寄延误导致迟到将被拒收。<br>- 错项分析：A-这是投标的基本规则，正确。B-直接送达可确保时效并获得回执作为凭证，是正确的建议。C-应以到达时间为准而非投递时间，这是常见错误理解。D-招标人收到标书后应签收密封保存，开标前不得开启，正确。<br>- 题干信号：""关于投标文件的送达""、""错误的"" → 记住""到达主义""而非""投递主义""。<br>- 关联专题：T-PROCURE-002<br>- 可迁移考点：投标有效期、投标保证金、开标程序等招标投标知识。<br>- 来源：questions.full.clean.md / 2019年下半年上午第33题",question,上午选择,,,,,投标文件送达,,,,T-PROCURE-002,T-PROCURE-002,SRC-Q-2019-PM-033,outputs/anki_builds/full_expansion_20260521_003052/question_cards/morning_choice_cards.md,2019年下半年 上午选择题 真题刷题卡,,T-PROCURE-002,keep,"题干和选项完整，解析充分，答案明确。

---",ruankao ruankao::family::question ruankao::card_type::上午选择 ruankao::importance:: ruankao::exam_use::投标文件送达 ruankao::topic::T-PROCURE-002,sha256:b1581430dcbc2c6ef3ca5cb6
软考::系统集成项目管理工程师::真题刷题卡::上午选择题,Basic,【2019下半年 上午 第34题】某单位要对一个网络集成项目进行招标，由于现场答辩环节没有一个定量的标准，相关负责人在制定该项评分细则时规定本项满分为10分，但是评委的打分不得低于5分。这一规定反映了制定招标评分标准时<br><br>A. 以客观事实为依据<br>B. 得分应能明显分出高低<br>C. 严格控制自由裁量权<br>D. 评分标准应便于评审,正确答案：C,"- 解析：规定评委打分不得低于5分，是对评委自由裁量权的限制——防止个别评委给出异常低的分数。在评分标准无法完全量化（如现场答辩）的情况下，通过设置最低分来约束评委的自由裁量范围，体现了""严格控制自由裁量权""的原则。<br>- 错项分析：A-以客观事实为依据要求评分基于可验证的事实，但现场答辩本就主观性强，此题设分约束的是主观裁量。B-设置最低分5分反而压缩了得分差距，不利于明显分出高低。C-规定最低分正是为了约束评委的自由裁量权，防止异常打分。D-便于评审是指评分标准的可操作性，设最低分与此无关。<br>- 题干信号：""评委的打分不得低于5分"" → 控制自由裁量权。<br>- 关联专题：T-PROCURE-003<br>- 可迁移考点：招标评分标准的制定原则（客观性、可量化、区分度、裁量控制）。<br>- 来源：questions.full.clean.md / 2019年下半年上午第34题",question,上午选择,,,,,招标评分标准,,,,T-PROCURE-003,T-PROCURE-003,SRC-Q-2019-PM-034,outputs/anki_builds/full_expansion_20260521_003052/question_cards/morning_choice_cards.md,2019年下半年 上午选择题 真题刷题卡,,T-PROCURE-003,keep,"题干和选项完整，解析充分，答案明确。

---",ruankao ruankao::family::question ruankao::card_type::上午选择 ruankao::importance:: ruankao::exam_use::招标评分标准 ruankao::topic::T-PROCURE-003,sha256:1ec9f62a079dae466921bd3c
软考::系统集成项目管理工程师::真题刷题卡::上午选择题,Basic,【2019下半年 上午 第35题】不属于活动资源估算输出的是<br><br>A. 活动属性<br>B. 资源分解结构<br>C. 请求的变更<br>D. 活动清单,正确答案：D,"- 解析：活动资源估算的输出包括：活动属性（更新）、资源分解结构（RBS）、资源日历（更新）、请求的变更。活动清单（Activity List）是活动定义（定义活动过程）的输出，在活动资源估算之前已经产生，不属于活动资源估算的输出。<br>- 错项分析：A-活动属性在资源估算过程中会被更新（增加资源需求等信息），是输出之一。B-资源分解结构是资源估算的重要输出，按类别和层次组织资源。C-资源估算可能触发变更请求（如发现资源不足需要调整计划）。D-活动清单是活动定义的输出，早于资源估算，不属于资源估算的输出。<br>- 题干信号：""不属于活动资源估算输出"" → 区分活动定义、活动排序、活动资源估算、活动持续时间估算各过程的输入输出。<br>- 关联专题：T-TIME-001<br>- 可迁移考点：活动资源估算的输入（活动清单、活动属性、资源日历等）和输出完整清单。<br>- 来源：questions.full.clean.md / 2019年下半年上午第35题",question,上午选择,,,,,活动资源估算,,,,T-TIME-001,T-TIME-001,SRC-Q-2019-PM-035,outputs/anki_builds/full_expansion_20260521_003052/question_cards/morning_choice_cards.md,2019年下半年 上午选择题 真题刷题卡,,T-TIME-001,keep,"题干和选项完整，解析充分，答案明确。

---",ruankao ruankao::family::question ruankao::card_type::上午选择 ruankao::importance:: ruankao::exam_use::活动资源估算 ruankao::topic::T-TIME-001,sha256:c557158a6e2d2d86cd77c9f6
软考::系统集成项目管理工程师::真题刷题卡::上午选择题,Basic,【2019下半年 上午 第37题】A公司的某项目即将开始，项目经理估计该项目10天即可完成，如果出现问题耽搁了也不会超过20天完成，最快6天即可完成。根据项目历时估计中的三点估算法，你认为该项目的历时为<br><br>A. 10天<br>B. 11天<br>C. 12天<br>D. 13天,正确答案：B,"- 解析：三点估算（PERT）公式：期望时间 = (最乐观 + 4×最可能 + 最悲观) / 6 = (6 + 4×10 + 20) / 6 = (6 + 40 + 20) / 6 = 66 / 6 = 11天。<br>- 错项分析：A-10天是最可能时间，不是加权平均后的期望时间。B-11天是按PERT公式计算得出的正确值。C-12天相当于简化平均(6+10+20)/3=12，但PERT加权平均公式权重不同。D-13天无根据。<br>- 题干信号：""三点估算法"" → 公式：(O+4M+P)/6，注意区分最乐观(O)、最可能(M)、最悲观(P)。<br>- 关联专题：T-TIME-003<br>- 可迁移考点：三点估算的标准差公式 (P-O)/6 和方差公式 [(P-O)/6]²。<br>- 来源：questions.full.clean.md / 2019年下半年上午第37题",question,上午选择,,,,,三点估算,,,,T-TIME-003,T-TIME-003,SRC-Q-2019-PM-037,outputs/anki_builds/full_expansion_20260521_003052/question_cards/morning_choice_cards.md,2019年下半年 上午选择题 真题刷题卡,,T-TIME-003,keep,"题干和选项完整，解析充分，答案明确。

---",ruankao ruankao::family::question ruankao::card_type::上午选择 ruankao::importance:: ruankao::exam_use::三点估算 ruankao::topic::T-TIME-003,sha256:5219129bad0aa2045f340cf4
软考::系统集成项目管理工程师::真题刷题卡::上午选择题,Basic,【2019下半年 上午 第38题】接第37题，该项目历时的估算方差为<br><br>A. 2.1天<br>B. 2.2天<br>C. 2.3天<br>D. 2.4天,正确答案：C,"- 解析：三点估算法中，标准差σ = (最悲观 - 最乐观) / 6 = (20 - 6) / 6 = 14 / 6 ≈ 2.33天，四舍五入约为2.3天。本题虽然问""方差""，但给出的选项范围为2.1~2.4，实际问的是标准差σ（即方差的平方根），严格意义上的方差σ²应为[(20-6)/6]² = (14/6)² ≈ 5.44，与选项不符，故按标准差理解处理。<br>- 错项分析：A-2.1天不是正确计算结果。B-2.2天接近但不精确。C-2.3天是(20-6)/6=14/6≈2.33的舍入值，正确。D-2.4天略大。<br>- 题干信号：""估算方差"" → 注意题目中实际考查的是标准差σ=(P-O)/6，而非严格方差σ²。<br>- 关联专题：T-TIME-003<br>- 可迁移考点：标准差与方差的计算、三个标准差范围内的完工概率（68.26%、95.44%、99.73%）。<br>- 来源：questions.full.clean.md / 2019年下半年上午第38题",question,上午选择,,,,,三点估算方差,,,,T-TIME-003,T-TIME-003,SRC-Q-2019-PM-038,outputs/anki_builds/full_expansion_20260521_003052/question_cards/morning_choice_cards.md,2019年下半年 上午选择题 真题刷题卡,,T-TIME-003,keep,"题干和选项完整，解析充分，答案明确。

---",ruankao ruankao::family::question ruankao::card_type::上午选择 ruankao::importance:: ruankao::exam_use::三点估算方差 ruankao::topic::T-TIME-003,sha256:1aa4df4219c54dcffa3d573b
软考::系统集成项目管理工程师::真题刷题卡::上午选择题,Basic,【2019下半年 上午 第39题】项目人力资源计划编制完成以后，不能得到的是<br><br>A. 角色和职责的分配<br>B. 项目的组织结构图<br>C. 人员配置管理计划<br>D. 项目团队成员的人际关系,正确答案：D,"- 解析：人力资源计划编制的输出包括：角色和职责分配、项目组织结构图、人员配置管理计划。项目团队成员之间的人际关系是团队建设过程中逐步形成的，不是计划编制阶段可以直接""得到""的产出物。<br>- 错项分析：A-角色和职责分配是人力资源计划的核心输出之一。B-项目的组织结构图（OBS）是人力资源计划的重要组成部分。C-人员配置管理计划规定了何时以何种方式获得团队成员。D-人际关系是实际工作中动态形成的，无法通过计划编制直接得到。<br>- 题干信号：""人力资源计划编制完成以后，不能得到"" → 计划只能得到角色/结构/配置计划，无法得到人际关系。<br>- 关联专题：T-HR-001<br>- 可迁移考点：人力资源计划编制与团队建设（塔克曼模型）的区别，以及建设项目团队过程的输出。<br>- 来源：questions.full.clean.md / 2019年下半年上午第39题",question,上午选择,,,,,人力资源计划,,,,T-HR-001,T-HR-001,SRC-Q-2019-PM-039,outputs/anki_builds/full_expansion_20260521_003052/question_cards/morning_choice_cards.md,2019年下半年 上午选择题 真题刷题卡,,T-HR-001,keep,"题干和选项完整，解析充分，答案明确。

---",ruankao ruankao::family::question ruankao::card_type::上午选择 ruankao::importance:: ruankao::exam_use::人力资源计划 ruankao::topic::T-HR-001,sha256:81a314d9e90cd9ff3e96895a
软考::系统集成项目管理工程师::真题刷题卡::上午选择题,Basic,【2019下半年 上午 第40题】公司要求项目团队中的成员能够清晰地看到与自己相关的所有活动以及和某个活动相关的所有成员。项目经理在编制该项目人力资源计划时应该选用的组织结构图类型是<br><br>A. 层次结构图<br>B. 矩阵图<br>C. 树形图<br>D. 文本格式描述,正确答案：B,"- 解析：矩阵图（Matrix Chart），尤其是责任分配矩阵（RAM），以活动为行、人员为列或反之，清楚显示了每项活动与每个成员之间的对应关系。团队成员可以一眼看到自己参与的所有活动，以及某活动的所有相关成员。<br>- 错项分析：A-层次结构图（如OBS）用层级方式展示组织架构，无法清晰展示活动与人员的交叉对应。B-矩阵图通过行列交叉方式展示活动与人员的多对多关系，符合需求。C-树形图类似层次结构图，同样无法展示交叉关系。D-文本格式描述只能逐一描述角色职责，不便于查看全局对应关系。<br>- 题干信号：""看到与自己相关的所有活动以及与某个活动相关的所有成员"" → 矩阵图（RAM）。<br>- 关联专题：T-HR-002<br>- 可迁移考点：RAM与RACI矩阵的区别、层次结构图（OBS）的用途。<br>- 来源：questions.full.clean.md / 2019年下半年上午第40题",question,上午选择,,,,,责任分配矩阵,,,,T-HR-002,T-HR-002,SRC-Q-2019-PM-040,outputs/anki_builds/full_expansion_20260521_003052/question_cards/morning_choice_cards.md,2019年下半年 上午选择题 真题刷题卡,,T-HR-002,keep,"题干和选项完整，解析充分，答案明确。

---",ruankao ruankao::family::question ruankao::card_type::上午选择 ruankao::importance:: ruankao::exam_use::责任分配矩阵 ruankao::topic::T-HR-002,sha256:4fa99ba2227f36ad17e35ada
软考::系统集成项目管理工程师::真题刷题卡::上午选择题,Basic,【2019下半年 上午 第41题】一些公司为了满足公司员工社会交往的需要会经常组织一些聚会和社会活动，还为没有住房的员工提供住处。这种激励员工的理论属于<br><br>A. 赫茨伯格的双因素理论<br>B. 马斯洛需要层次理论<br>C. 期望理论<br>D. X理论和Y理论,正确答案：B,"- 解析：马斯洛需要层次理论将人的需求分为五个层次：生理需要（食物、住处）→ 安全需要 → 社交需要（归属、爱、社会交往）→ 尊重需要 → 自我实现需要。题干中""社会交往的需要""对应""社交需要""，""没有住房的员工提供住处""对应""生理需要""，属于马斯洛需要层次理论的应用。<br>- 错项分析：A-双因素理论将激励因素和保健因素分开，社交和居住条件属于保健因素，但题干描述的管理实践更多是满足了不同层次需求，更适合马斯洛理论框架。B-马斯洛需要层次理论直接对应题干中不同层次的需求满足。C-期望理论关注努力→绩效→报酬的期望关系。D-X理论和Y理论关注对人性的不同假设和管理风格。<br>- 题干信号：""社会交往的需要""、""提供住处"" → 马斯洛需要层次中的社交需要和生理需要。<br>- 关联专题：T-HR-003<br>- 可迁移考点：赫茨伯格双因素理论（激励因素vs保健因素）、马斯洛五层次、期望理论、X/Y理论的区别。<br>- 来源：questions.full.clean.md / 2019年下半年上午第41题",question,上午选择,,,,,激励理论,,,,T-HR-003,T-HR-003,SRC-Q-2019-PM-041,outputs/anki_builds/full_expansion_20260521_003052/question_cards/morning_choice_cards.md,2019年下半年 上午选择题 真题刷题卡,,T-HR-003,keep,"题干和选项完整，解析充分，答案明确。

---",ruankao ruankao::family::question ruankao::card_type::上午选择 ruankao::importance:: ruankao::exam_use::激励理论 ruankao::topic::T-HR-003,sha256:524803f21b65ae783b4d6db4
软考::系统集成项目管理工程师::真题刷题卡::上午选择题,Basic,【2019下半年 上午 第42题】下面关于WBS的描述，错误的是<br><br>A. WBS是管理项目范围的基础，详细描述了项目所要完成的工作<br>B. WBS最底层的工作单元称为功能模块<br>C. 树型结构图的WBS层次清晰、直观、结构性强<br>D. 比较大的、复杂的项目一般采用列表形式的WBS,正确答案：B,"- 解析：WBS最底层的工作单元称为""工作包""（Work Package），不是""功能模块""。工作包是可以进行进度安排、成本估算、监控和验收的最小可交付物。功能模块是系统设计阶段的概念。<br>- 错项分析：A-这是WBS的基本定义和作用，正确。B-WBS最底层是工作包（Work Package），功能模块是设计概念，二者混淆，错误。C-树型WBS确实层次清晰、直观，说法正确。D-大型复杂项目使用列表形式（清单式）WBS更便于管理和更新，说法正确。<br>- 题干信号：""关于WBS的描述，错误的是"" → 最底层是工作包，不是功能模块。<br>- 关联专题：T-SCOPE-001<br>- 可迁移考点：WBS的分解原则（100%原则、互斥、可管理、可估算）、WBS字典、工作包的定义。<br>- 来源：questions.full.clean.md / 2019年下半年上午第42题",question,上午选择,,,,,WBS,,,,T-SCOPE-001,T-SCOPE-001,SRC-Q-2019-PM-042,outputs/anki_builds/full_expansion_20260521_003052/question_cards/morning_choice_cards.md,2019年下半年 上午选择题 真题刷题卡,,T-SCOPE-001,keep,"题干和选项完整，解析充分，答案明确。

---",ruankao ruankao::family::question ruankao::card_type::上午选择 ruankao::importance:: ruankao::exam_use::WBS ruankao::topic::T-SCOPE-001,sha256:2f4b0bbb68d0fabb227a2740
软考::系统集成项目管理工程师::真题刷题卡::上午选择题,Basic,【2019下半年 上午 第43题】______是客户等项目干系人正式验收并接受已完成的项目可交付物的过程。<br><br>A. 范围确认<br>B. 范围控制<br>C. 范围基准<br>D. 里程碑清单,正确答案：A,"- 解析：范围确认（Validate Scope，亦称范围核实）是客户或发起人正式验收已完成的可交付物的过程。它是项目范围管理的一个过程，重点关注对可交付物的验收。范围控制是管理范围变更的过程，范围基准是范围说明书、WBS和WBS字典的集合，里程碑清单是关键时间点的列表。<br>- 错项分析：A-范围确认的定义就是正式验收可交付物。B-范围控制是对范围变更进行管理的过程。C-范围基准是项目范围的参照依据，不是过程。D-里程碑清单是进度管理中的产物。<br>- 题干信号：""正式验收并接受已完成的项目可交付物"" → 范围确认（Validate Scope）。<br>- 关联专题：T-SCOPE-002<br>- 可迁移考点：范围确认与质量控制（Quality Control）的差异——范围确认关注可交付物的验收，质量控制关注可交付物的正确性。<br>- 来源：questions.full.clean.md / 2019年下半年上午第43题",question,上午选择,,,,,范围确认,,,,T-SCOPE-002,T-SCOPE-002,SRC-Q-2019-PM-043,outputs/anki_builds/full_expansion_20260521_003052/question_cards/morning_choice_cards.md,2019年下半年 上午选择题 真题刷题卡,,T-SCOPE-002,keep,"题干和选项完整，解析充分，答案明确。

---",ruankao ruankao::family::question ruankao::card_type::上午选择 ruankao::importance:: ruankao::exam_use::范围确认 ruankao::topic::T-SCOPE-002,sha256:828cafc3b071092a8c78dff3
软考::系统集成项目管理工程师::真题刷题卡::上午选择题,Basic,【2019下半年 上午 第44题】某项目经理正在负责某政府的一个大项目，采用自下而上的估算方法进行成本估算，一般而言，项目经理首先应该<br><br>A. 确定一种计算机化的工具，帮助其实现这个过程<br>B. 利用以前的项目成本估算来帮助其实现<br>C. 识别并估算每一个工作包或细节最详细的活动成本<br>D. 向这个方向的专家咨询，并将他们的建议作为估算基础,正确答案：C,"- 解析：自下而上估算（Bottom-Up Estimating）的基本方法是从底层开始，先估算每个工作包或每个最详细活动的成本，然后逐层向上汇总得出项目总成本。因此第一步应该是识别并估算每个工作包/活动的成本。<br>- 错项分析：A-工具是辅助手段，不是自下而上估算的第一步。B-利用历史数据属于类比估算或参数估算。C-识别并估算每个工作包或活动的成本是自下而上估算的起点。D-专家判断是另一种估算方法（或可用于辅助），但不属于自下而上估算的核心步骤。<br>- 题干信号：""自下而上的估算方法"" → 从底层工作包/活动开始估算。<br>- 关联专题：T-COST-001<br>- 可迁移考点：自下而上估算、类比估算、参数估算、三点估算四种成本估算方法的对比。<br>- 来源：questions.full.clean.md / 2019年下半年上午第44题",question,上午选择,,,,,自下而上估算,,,,T-COST-001,T-COST-001,SRC-Q-2019-PM-044,outputs/anki_builds/full_expansion_20260521_003052/question_cards/morning_choice_cards.md,2019年下半年 上午选择题 真题刷题卡,,T-COST-001,keep,"题干和选项完整，解析充分，答案明确。

---",ruankao ruankao::family::question ruankao::card_type::上午选择 ruankao::importance:: ruankao::exam_use::自下而上估算 ruankao::topic::T-COST-001,sha256:852f34fdcb2a449ec87ade64
软考::系统集成项目管理工程师::真题刷题卡::上午选择题,Basic,【2019下半年 上午 第45题】企业的保安费用对于项目而言属于<br><br>A. 可变成本<br>B. 固定成本<br>C. 间接成本<br>D. 直接成本,正确答案：C,"- 解析：间接成本（Indirect Cost）是指不能直接归属于某个具体项目，而是由多个项目或整个组织共同承担的成本。保安费用是企业整体运营的一部分，不能直接追溯到某个特定项目，因此属于间接成本。<br>- 错项分析：A-可变成本随生产量或工作量变化，保安费用相对固定不随项目变化。B-固定成本不随产量变化，但保安费用虽相对固定但在成本分类维度上属于间接成本更准确。C-保安费用属于组织级成本，无法直接分配到具体项目，是间接成本。D-直接成本可以直接计入某个项目（如项目人员的工资、专用设备），保安费用不符合。<br>- 题干信号：""保安费用对于项目而言"" → 不能直接归属于某个项目的成本 = 间接成本。<br>- 关联专题：T-COST-002<br>- 可迁移考点：直接成本与间接成本的区别、可变成本与固定成本的区别、以及两者交叉组合。<br>- 来源：questions.full.clean.md / 2019年下半年上午第45题",question,上午选择,,,,,间接成本,,,,T-COST-002,T-COST-002,SRC-Q-2019-PM-045,outputs/anki_builds/full_expansion_20260521_003052/question_cards/morning_choice_cards.md,2019年下半年 上午选择题 真题刷题卡,,T-COST-002,keep,"题干和选项完整，解析充分，答案明确。

---",ruankao ruankao::family::question ruankao::card_type::上午选择 ruankao::importance:: ruankao::exam_use::间接成本 ruankao::topic::T-COST-002,sha256:a31f5f063b6f03660219ec33
软考::系统集成项目管理工程师::真题刷题卡::上午选择题,Basic,【2019下半年 上午 第46题】在某项目进行的第三个月，累计计划费用是25万元人民币，而实际支出为28万元，以下关于这个项目进展的叙述，正确的是<br><br>A. 提供的信息不全，无法评估<br>B. 由于成本超支，项目面临困难<br>C. 项目将在原预算内完成<br>D. 项目计划提前,正确答案：A,"- 解析：仅知道计划值PV=25万元和实际成本AC=28万元，无法得出有效结论。要评估项目绩效，还需要挣值EV（实际完成工作的计划价值）。如果EV更低（比如20万元），则情况比表面更糟；如果EV很高（比如28万元），则可能成本控制正常。缺少EV无法做出任何判断。<br>- 错项分析：A-仅凭PV和AC无法判断，因为EV未知，正确。B-表面上看AC>PV，但若EV更高（如30万元），则成本实际节约。C-没有EAC预测数据，无法判断是否在预算内完成。D-没有EV数据，无法判断进度是否提前。<br>- 题干信号：""累计计划费用25万元""、""实际支出28万元"" → 只有PV和AC，没有EV，无法进行挣值分析。<br>- 关联专题：T-EVM-001<br>- 可迁移考点：挣值管理三要素（PV、AC、EV）缺一不可，CV=EV-AC，SV=EV-PV。<br>- 来源：questions.full.clean.md / 2019年下半年上午第46题",question,上午选择,,,,,挣值分析,,,,T-EVM-001,T-EVM-001,SRC-Q-2019-PM-046,outputs/anki_builds/full_expansion_20260521_003052/question_cards/morning_choice_cards.md,2019年下半年 上午选择题 真题刷题卡,,T-EVM-001,keep,"题干和选项完整，解析充分，答案明确。

---",ruankao ruankao::family::question ruankao::card_type::上午选择 ruankao::importance:: ruankao::exam_use::挣值分析 ruankao::topic::T-EVM-001,sha256:a957225f42a94abc1285d407
软考::系统集成项目管理工程师::真题刷题卡::上午选择题,Basic,【2019下半年 上午 第47题】德尔菲技术作为风险识别的一种方法，主要用途是<br><br>A. 为决策者提供图表式的决策选择次序<br>B. 确定具体偏差出现的概率<br>C. 有助于将决策者对风险的态度考虑进去<br>D. 减少分析过程中的偏见，防止任何人对事件结果施加不正确的影响,正确答案：D,"- 解析：德尔菲技术（Delphi Technique）通过匿名方式征求专家意见，经过多轮反馈和收敛，最终达成共识。其核心优势在于消除权威影响、减少从众心理，防止任何人对结果施加不当影响，从而减少分析过程中的偏见。<br>- 错项分析：A-决策树分析才是提供图表式决策选择次序的方法。B-确定偏差出现的概率是定量风险分析（如蒙特卡罗模拟）的内容。C-将决策者对风险的态度考虑进去是决策树分析中的效用理论处理的内容。D-德尔菲技术通过匿名和迭代减少偏见，是正确答案。<br>- 题干信号：""德尔菲技术"" → 匿名、多轮、消除偏见、达成共识。<br>- 关联专题：T-RISK-001<br>- 可迁移考点：德尔菲技术与头脑风暴法的区别（匿名vs公开、多轮vs一轮、收敛vs发散）。<br>- 来源：questions.full.clean.md / 2019年下半年上午第47题",question,上午选择,,,,,德尔菲技术,,,,T-RISK-001,T-RISK-001,SRC-Q-2019-PM-047,outputs/anki_builds/full_expansion_20260521_003052/question_cards/morning_choice_cards.md,2019年下半年 上午选择题 真题刷题卡,,T-RISK-001,keep,"题干和选项完整，解析充分，答案明确。

---",ruankao ruankao::family::question ruankao::card_type::上午选择 ruankao::importance:: ruankao::exam_use::德尔菲技术 ruankao::topic::T-RISK-001,sha256:11508ad332b53bc6780cef25
软考::系统集成项目管理工程师::真题刷题卡::上午选择题,Basic,【2019下半年 上午 第48题】______指通过考虑风险发生的概率及风险发生后对项目目标及其他因素的影响，对已识别风险的优先级进行评估。<br><br>A. 风险管理<br>B. 定性风险分析<br>C. 风险控制<br>D. 风险应对计划编制,正确答案：B,"- 解析：定性风险分析（Qualitative Risk Analysis）是对已识别的风险进行优先级排序的过程，它评估每个风险发生的概率及其对项目目标的影响程度，然后按风险值（概率×影响）进行排序，为后续的定量分析和应对计划提供依据。<br>- 错项分析：A-风险管理的范围太广，包含规划、识别、分析、应对、监控等全部过程。B-定性风险分析的核心正是概率×影响来评估优先级。C-风险控制是风险监控过程的一部分。D-风险应对计划编制是基于分析结果制定应对措施。<br>- 题干信号：""风险发生的概率及影响""、""对已识别风险的优先级进行评估"" → 定性风险分析。<br>- 关联专题：T-RISK-002<br>- 可迁移考点：定性风险分析与定量风险分析的区别（定性=概率×影响排序，定量=数值化建模分析）。<br>- 来源：questions.full.clean.md / 2019年下半年上午第48题",question,上午选择,,,,,定性风险分析,,,,T-RISK-002,T-RISK-002,SRC-Q-2019-PM-048,outputs/anki_builds/full_expansion_20260521_003052/question_cards/morning_choice_cards.md,2019年下半年 上午选择题 真题刷题卡,,T-RISK-002,keep,"题干和选项完整，解析充分，答案明确。

---",ruankao ruankao::family::question ruankao::card_type::上午选择 ruankao::importance:: ruankao::exam_use::定性风险分析 ruankao::topic::T-RISK-002,sha256:9f58817e35d3404b4c151e40
软考::系统集成项目管理工程师::真题刷题卡::上午选择题,Basic,【2019下半年 上午 第49题】风险定量分析是在不确定情况下进行决策的一种量化方法，该过程经常采用的技术有<br><br>A. 蒙特卡罗分析法<br>B. SWOT分析法<br>C. 检查表分析法<br>D. 预测技术,正确答案：A,"- 解析：蒙特卡罗分析（Monte Carlo Analysis）是风险定量分析中最常用的技术之一，通过对模型进行多次模拟计算，得出项目目标（如完工时间、成本）的概率分布。SWOT分析和检查表分析属于风险识别技术，预测技术属于成本/进度控制技术。<br>- 错项分析：A-蒙特卡罗模拟是定量风险分析的经典工具，通过多次模拟得出概率分布。B-SWOT分析（优势劣势机会威胁）属于风险识别方法。C-检查表分析也是风险识别方法。D-预测技术属于成本或进度控制过程。<br>- 题干信号：""风险定量分析""、""经常采用的技术"" → 蒙特卡罗模拟。<br>- 关联专题：T-RISK-003<br>- 可迁移考点：定量分析工具还包括决策树分析、敏感性分析（龙卷风图）、预期货币价值分析（EMV）等。<br>- 来源：questions.full.clean.md / 2019年下半年上午第49题",question,上午选择,,,,,蒙特卡罗,,,,T-RISK-003,T-RISK-003,SRC-Q-2019-PM-049,outputs/anki_builds/full_expansion_20260521_003052/question_cards/morning_choice_cards.md,2019年下半年 上午选择题 真题刷题卡,,T-RISK-003,keep,"题干和选项完整，解析充分，答案明确。

---",ruankao ruankao::family::question ruankao::card_type::上午选择 ruankao::importance:: ruankao::exam_use::蒙特卡罗 ruankao::topic::T-RISK-003,sha256:c29e7b54c01c77f8ddeb8b18
软考::系统集成项目管理工程师::真题刷题卡::上午选择题,Basic,【2019下半年 上午 第50题】合同一旦签署了就具有法律约束力，除非<br><br>A. 一方不愿意履行义务<br>B. 损害社会公共利益<br>C. 一方宣布合同无效<br>D. 一方由于某种原因破产,正确答案：B,"- 解析：根据《合同法》（现《民法典》合同编），合同无效的法定情形之一是""损害社会公共利益""。合同的法律约束力不由单方意志决定（一方不愿意履行或宣布无效均无效），破产也不自动使合同失效（可通过破产程序处理）。<br>- 错项分析：A-单方不愿意履行不构成合同无效的理由，违约方需承担违约责任。B-损害社会公共利益的合同自始无效，符合法律规定。C-单方宣布合同无效没有法律效力，合同无效需依法认定。D-破产不自动解除合同，由破产管理人处理合同。<br>- 题干信号：""合同具有法律约束力，除非"" → 合同无效的法定情形。<br>- 关联专题：T-CONTRACT-001<br>- 可迁移考点：合同无效的五种情形（欺诈胁迫、恶意串通、合法形式掩盖非法目的、损害社会公共利益、违反法律强制性规定）。<br>- 来源：questions.full.clean.md / 2019年下半年上午第50题",question,上午选择,,,,,合同约束力,,,,T-CONTRACT-001,T-CONTRACT-001,SRC-Q-2019-PM-050,outputs/anki_builds/full_expansion_20260521_003052/question_cards/morning_choice_cards.md,2019年下半年 上午选择题 真题刷题卡,,T-CONTRACT-001,keep,"题干和选项完整，解析充分，答案明确。

---",ruankao ruankao::family::question ruankao::card_type::上午选择 ruankao::importance:: ruankao::exam_use::合同约束力 ruankao::topic::T-CONTRACT-001,sha256:2c5b5d941ee6efb43f6b1373
软考::系统集成项目管理工程师::真题刷题卡::上午选择题,Basic,【2019下半年 上午 第51题】项目合同管理不包括<br><br>A. 合同签订<br>B. 合同履行<br>C. 合同纠纷仲裁<br>D. 合同档案管理,正确答案：C,"- 解析：项目合同管理的主要内容包括：合同签订管理、合同履行管理、合同变更管理、合同档案管理。合同纠纷仲裁属于法律救济手段，是在合同管理失效后通过第三方解决争议的方式，不属于合同管理的日常职能。<br>- 错项分析：A-合同签订是合同管理的起点。B-合同履行管理是合同管理的核心过程。C-合同纠纷仲裁是争议解决机制，不属于合同管理的范畴。D-合同档案管理是合同管理的重要组成部分。<br>- 题干信号：""项目合同管理不包括"" → 区分日常合同管理（签订、履行、档案）与法律救济（仲裁/诉讼）。<br>- 关联专题：T-CONTRACT-002<br>- 可迁移考点：合同管理全过程：签订→履行→变更→档案管理；争议解决方式有协商、调解、仲裁、诉讼。<br>- 来源：questions.full.clean.md / 2019年下半年上午第51题",question,上午选择,,,,,合同管理,,,,T-CONTRACT-002,T-CONTRACT-002,SRC-Q-2019-PM-051,outputs/anki_builds/full_expansion_20260521_003052/question_cards/morning_choice_cards.md,2019年下半年 上午选择题 真题刷题卡,,T-CONTRACT-002,keep,"题干和选项完整，解析充分，答案明确。

---",ruankao ruankao::family::question ruankao::card_type::上午选择 ruankao::importance:: ruankao::exam_use::合同管理 ruankao::topic::T-CONTRACT-002,sha256:747764a0cb693c67a991c944
软考::系统集成项目管理工程师::真题刷题卡::上午选择题,Basic,【2019下半年 上午 第52题】合同的内容就是当事人订立合同时的各项合同条款，下列不属于项目合同主要内容的是<br><br>A. 项目费用及支付方式<br>B. 项目干系人管理<br>C. 违约责任<br>D. 当事人各自权力、义务,正确答案：B,"- 解析：项目合同的主要内容一般包括：当事人各自权利和义务、项目费用及支付方式、项目变更约定、违约责任、验收标准、保密条款、知识产权、不可抗力等。项目干系人管理是项目管理知识领域的内容，不是合同条款。<br>- 错项分析：A-费用及支付方式是合同的必备条款。B-干系人管理是项目管理过程，不是合同条款内容。C-违约责任是合同必备条款。D-当事人权利和义务是合同的基本内容。<br>- 题干信号：""不属于项目合同主要内容"" → 合同条款聚焦于双方权责、费用、违约等，不包含项目管理方法论。<br>- 关联专题：T-CONTRACT-003<br>- 可迁移考点：合同的主要条款（《民法典》第470条）包括当事人、标的、数量、质量、价款、履行期限、违约责任、争议解决等。<br>- 来源：questions.full.clean.md / 2019年下半年上午第52题",question,上午选择,,,,,合同主要内容,,,,T-CONTRACT-003,T-CONTRACT-003,SRC-Q-2019-PM-052,outputs/anki_builds/full_expansion_20260521_003052/question_cards/morning_choice_cards.md,2019年下半年 上午选择题 真题刷题卡,,T-CONTRACT-003,keep,"题干和选项完整，解析充分，答案明确。

---",ruankao ruankao::family::question ruankao::card_type::上午选择 ruankao::importance:: ruankao::exam_use::合同主要内容 ruankao::topic::T-CONTRACT-003,sha256:c6e18bb1c1d2d2a022f5cc16
软考::系统集成项目管理工程师::真题刷题卡::上午选择题,Basic,【2019下半年 上午 第53题】承建单位有时为了获得项目可能将信息系统的作用过分夸大，使得建设单位对信息系统的预期过高。除此之外，建设单位对信息系统的期望可能会随着自己对系统的熟悉而提高。为避免此类情况的发生，在合同中清晰地规定______对双方都是有益的。<br><br>A. 保密约定<br>B. 售后服务<br>C. 验收标准<br>D. 验收时间,正确答案：C,"- 解析：为防止承建方夸大系统功能导致甲方预期过高，以及防止甲方期望随熟悉程度不断提高，最有效的方式是在合同中明确约定验收标准。清晰的验收标准可以客观判断系统是否满足要求，避免双方对""什么算完成""产生分歧。<br>- 错项分析：A-保密约定与防止预期过高无关。B-售后服务是项目交付后的支持。C-明确的验收标准可以限定范围并客观度量交付结果。D-验收时间只规定何时验收，不解决""验收什么""和""什么算通过""的问题。<br>- 题干信号：""预期过高""、""期望提高"" → 验收标准是约束预期的关键条款。<br>- 关联专题：T-CONTRACT-004<br>- 可迁移考点：验收标准在合同中的重要性，以及验收标准与需求规格说明书的对应关系。<br>- 来源：questions.full.clean.md / 2019年下半年上午第53题",question,上午选择,,,,,验收标准,,,,T-CONTRACT-004,T-CONTRACT-004,SRC-Q-2019-PM-053,outputs/anki_builds/full_expansion_20260521_003052/question_cards/morning_choice_cards.md,2019年下半年 上午选择题 真题刷题卡,,T-CONTRACT-004,keep,"题干和选项完整，解析充分，答案明确。

---",ruankao ruankao::family::question ruankao::card_type::上午选择 ruankao::importance:: ruankao::exam_use::验收标准 ruankao::topic::T-CONTRACT-004,sha256:2f3a8595016d34fe67c8abe1
软考::系统集成项目管理工程师::真题刷题卡::上午选择题,Basic,"【2019下半年 上午 第54题】为出售公司软件产品，张工为公司草拟了一份合同，其中写明""软件交付以后，买方应尽快安排付款""。经理看完后让张工重新修改，原因是<br><br>A. 没有使用国家或行业标准的合同形式<br>B. 用语含混不清，容易引起歧义<br>C. 名词术语使用错误<br>D. 措辞不够书面化",正确答案：B,"- 解析：""尽快安排付款""中的""尽快""是一个模糊的时间表述，没有明确的期限（如""7个工作日内""），容易引起争议。合同用语应当明确、具体、无歧义。""尽快""在法律上难以界定，一旦发生纠纷，双方对""尽快""的理解可能不同。<br>- 错项分析：A-合同形式没有强制要求必须使用标准模板。B-""尽快""属于含混不清的用语，容易引发歧义。C-名词术语没有错误。D-虽然""尽快安排""口语化，但主要问题在于含混不清而非书面化程度不够。<br>- 题干信号：""尽快安排付款"" → 合同用语必须明确具体，避免""尽快""""合理""等模糊词汇。<br>- 关联专题：T-CONTRACT-005<br>- 可迁移考点：合同条款的撰写要求——明确性、完整性、可执行性、合法性。<br>- 来源：questions.full.clean.md / 2019年下半年上午第54题",question,上午选择,,,,,合同用语,,,,T-CONTRACT-005,T-CONTRACT-005,SRC-Q-2019-PM-054,outputs/anki_builds/full_expansion_20260521_003052/question_cards/morning_choice_cards.md,2019年下半年 上午选择题 真题刷题卡,,T-CONTRACT-005,keep,"题干和选项完整，解析充分，答案明确。

---",ruankao ruankao::family::question ruankao::card_type::上午选择 ruankao::importance:: ruankao::exam_use::合同用语 ruankao::topic::T-CONTRACT-005,sha256:dee07d14ae5ef8cd6d312346
软考::系统集成项目管理工程师::真题刷题卡::上午选择题,Basic,【2019下半年 上午 第55题】下列关于索赔的描述中，错误的是<br><br>A. 索赔必须以合同为依据<br>B. 索赔的性质属于经济惩罚行为<br>C. 项目发生索赔事件后，合同双方可以通过协商方式解决<br>D. 合同索赔是规范合同行为的一种约束力和保障措施,正确答案：B,"- 解析：索赔（Claim）的性质属于经济补偿行为，而非经济惩罚。索赔的目的是弥补因对方违约或变更造成的实际损失，使受损方恢复到如果没有发生违约事件时应处的经济地位，而不是惩罚违约方。惩罚性赔偿需要法律特别规定。<br>- 错项分析：A-索赔必须以合同为依据，正确。B-索赔是补偿而非惩罚，这是对索赔性质的常见误解，错误。C-协商是解决索赔的方式之一，正确。D-索赔机制确实对合同行为起到约束和保障作用，正确。<br>- 题干信号：""关于索赔的描述，错误的是"" → 索赔=补偿≠惩罚。<br>- 关联专题：T-CONTRACT-006<br>- 可迁移考点：索赔的分类（工期索赔、费用索赔）、索赔流程、索赔与反索赔。<br>- 来源：questions.full.clean.md / 2019年下半年上午第55题",question,上午选择,,,,,索赔性质,,,,T-CONTRACT-006,T-CONTRACT-006,SRC-Q-2019-PM-055,outputs/anki_builds/full_expansion_20260521_003052/question_cards/morning_choice_cards.md,2019年下半年 上午选择题 真题刷题卡,,T-CONTRACT-006,keep,"题干和选项完整，解析充分，答案明确。

---",ruankao ruankao::family::question ruankao::card_type::上午选择 ruankao::importance:: ruankao::exam_use::索赔性质 ruankao::topic::T-CONTRACT-006,sha256:a61d55f138313e03611a76b1
软考::系统集成项目管理工程师::真题刷题卡::上午选择题,Basic,【2019下半年 上午 第57题】______是正式批准一个项目的文档，或者是批准现行项目是否进入下一阶段的文档。<br><br>A. 项目章程<br>B. 项目合同<br>C. 项目启动文档<br>D. 项目工作说明书,正确答案：A,"- 解析：项目章程（Project Charter）是由项目启动者或发起人发布的，正式批准项目成立并授权项目经理使用组织资源的文档。它也可以用于批准项目进入下一阶段（阶段关口评审时）。项目合同是法律协议，项目工作说明书（SOW）是对项目工作的描述，项目启动文档是广义概念。<br>- 错项分析：A-项目章程正式授权项目启动或进入下一阶段。B-项目合同是法律协议，不是批准项目的文件。C-项目启动文档范围宽泛，不特指批准文件。D-工作说明书描述项目需要完成的工作，不涉及批准。<br>- 题干信号：""正式批准一个项目的文档""、""批准是否进入下一阶段"" → 项目章程。<br>- 关联专题：T-PJMGT-002<br>- 可迁移考点：项目章程的内容（项目目的、目标、预算、里程碑、项目经理授权等）、项目章程的发布者。<br>- 来源：questions.full.clean.md / 2019年下半年上午第57题",question,上午选择,,,,,项目章程,,,,T-PJMGT-002,T-PJMGT-002,SRC-Q-2019-PM-057,outputs/anki_builds/full_expansion_20260521_003052/question_cards/morning_choice_cards.md,2019年下半年 上午选择题 真题刷题卡,,T-PJMGT-002,keep,"题干和选项完整，解析充分，答案明确。

---",ruankao ruankao::family::question ruankao::card_type::上午选择 ruankao::importance:: ruankao::exam_use::项目章程 ruankao::topic::T-PJMGT-002,sha256:61f4683573c4cb802a29d986
软考::系统集成项目管理工程师::真题刷题卡::上午选择题,Basic,【2019下半年 上午 第58题】经项目各有关干系人同意的______就是项目的基准，为项目的执行、监控和变更提供了基础。<br><br>A. 项目合同书<br>B. 项目管理计划<br>C. 项目章程<br>D. 项目范围说明书,正确答案：B,"- 解析：项目管理计划（Project Management Plan）是经过各干系人批准的整体计划，包含范围基准、进度基准、成本基准等子计划/基准。它是项目执行、监控和变更控制的基础。项目章程是授权文件，范围说明书是范围基准的一部分但不等同于项目管理计划。<br>- 错项分析：A-项目合同书是法律协议，不是管理基准。B-项目管理计划是经批准的、用于指导项目执行和监控的综合计划。C-项目章程授权项目但没有详细的执行计划。D-项目范围说明书仅是范围基准的一部分。<br>- 题干信号：""经各有关干系人同意""、""项目的基准"" → 项目管理计划。<br>- 关联专题：T-PJMGT-003<br>- 可迁移考点：项目管理计划的构成（范围基准、进度基准、成本基准等子计划），以及项目计划编制过程。<br>- 来源：questions.full.clean.md / 2019年下半年上午第58题",question,上午选择,,,,,项目管理计划,,,,T-PJMGT-003,T-PJMGT-003,SRC-Q-2019-PM-058,outputs/anki_builds/full_expansion_20260521_003052/question_cards/morning_choice_cards.md,2019年下半年 上午选择题 真题刷题卡,,T-PJMGT-003,keep,"题干和选项完整，解析充分，答案明确。

---",ruankao ruankao::family::question ruankao::card_type::上午选择 ruankao::importance:: ruankao::exam_use::项目管理计划 ruankao::topic::T-PJMGT-003,sha256:f6ccc34f32cc34a38a3fd488
软考::系统集成项目管理工程师::真题刷题卡::上午选择题,Basic,【2019下半年 上午 第59题】某软件项目已经到了测试阶段，但是由于用户订购的硬件设备没有到货而不能实施测试。这种测试活动与硬件之间的依赖关系属于<br><br>A. 强制性依赖关系<br>B. 直接依赖关系<br>C. 内部依赖关系<br>D. 外部依赖关系,正确答案：D,"- 解析：外部依赖关系（External Dependency）是项目活动与非项目活动之间的依赖关系。用户订购硬件设备是项目外部（用户方）的活动，不在项目团队的控制范围内，因此属于外部依赖关系。<br>- 错项分析：A-强制性依赖关系是项目内部活动之间的固有逻辑关系（如编码后测试）。B-直接依赖关系非标准项目管理术语。C-内部依赖关系是项目内部活动之间的关系。D-外部依赖关系涉及项目团队无法控制的第三方因素，正确。<br>- 题干信号：""用户订购的硬件设备没有到货"" → 依赖外部（项目外）活动，属于外部依赖关系。<br>- 关联专题：T-TIME-005<br>- 可迁移考点：四种依赖关系分类（强制/自由、外部/内部）及各自的辨识方法。<br>- 来源：questions.full.clean.md / 2019年下半年上午第59题",question,上午选择,,,,,外部依赖关系,,,,T-TIME-005,T-TIME-005,SRC-Q-2019-PM-059,outputs/anki_builds/full_expansion_20260521_003052/question_cards/morning_choice_cards.md,2019年下半年 上午选择题 真题刷题卡,,T-TIME-005,keep,"题干和选项完整，解析充分，答案明确。

---",ruankao ruankao::family::question ruankao::card_type::上午选择 ruankao::importance:: ruankao::exam_use::外部依赖关系 ruankao::topic::T-TIME-005,sha256:1340c67c74ee7c010464cc1f
软考::系统集成项目管理工程师::真题刷题卡::上午选择题,Basic,【2019下半年 上午 第60题】项目经理小王事后得知项目团队的一个成员已做了一个纠正措施，但是没有记录，小王接下来应该<br><br>A. 就该情况通知该成员的部门经理<br>B. 撤销纠正措施<br>C. 将该纠正行为记入文档<br>D. 询问实施该纠正措施的理由,正确答案：D,"- 解析：在不知道纠正措施的具体内容和原因之前，项目经理首先应了解情况——询问实施该纠正措施的理由。了解背景后才能判断纠正措施是否合理、是否需要记录或调整。直接通知部门经理、撤销措施或直接记入文档都可能过于武断。<br>- 错项分析：A-在了解具体情况之前就通知部门经理不恰当。B-未经了解就撤销可能损害项目。C-在了解情况之前直接记录属于流程倒置。D-首先了解情况，再决定后续行动，是合理的管理行为。<br>- 题干信号：""已做了一个纠正措施，但是没有记录"" → 先了解情况再做决定。<br>- 关联专题：T-MONITOR-001<br>- 可迁移考点：纠正措施、预防措施、缺陷补救的区别，以及变更控制流程。<br>- 来源：questions.full.clean.md / 2019年下半年上午第60题",question,上午选择,,,,,纠正措施,,,,T-MONITOR-001,T-MONITOR-001,SRC-Q-2019-PM-060,outputs/anki_builds/full_expansion_20260521_003052/question_cards/morning_choice_cards.md,2019年下半年 上午选择题 真题刷题卡,,T-MONITOR-001,keep,"题干和选项完整，解析充分，答案明确。

---",ruankao ruankao::family::question ruankao::card_type::上午选择 ruankao::importance:: ruankao::exam_use::纠正措施 ruankao::topic::T-MONITOR-001,sha256:98c63c3ac966d37948cf91e1
软考::系统集成项目管理工程师::真题刷题卡::上午选择题,Basic,【2019下半年 上午 第61题】在采购中，潜在买方的报价建议书是根据卖方的______制定的。<br><br>A. 采购文件<br>B. 评估标准<br>C. 工作说明书<br>D. 招标通知,正确答案：A,"- 解析：买方制定采购文件（包括招标文件、请求建议书RFP等）并向潜在卖方发布，卖方根据买方采购文件中的要求编制报价建议书（Proposal）并提交。工作说明书（SOW）是采购文件的组成部分之一，评估标准用于评标，招标通知是采购文件的发布形式。<br>- 错项分析：A-采购文件是卖方编制报价建议书的直接依据，包含技术要求、商务条件等。B-评估标准是买方评标时使用的，不是卖方报价的依据。C-工作说明书是采购文件中描述工作范围的部分，但完整的采购文件才是报价建议书的依据。D-招标通知只是采购文件的简版公告，不足以作为报价依据。<br>- 题干信号：""报价建议书是根据卖方的"" → 「买方的采购文件」是直接依据。<br>- 关联专题：T-PROCURE-004<br>- 可迁移考点：采购文档体系（采购文件、工作说明书SOW、评估标准、合同）之间的关系。<br>- 来源：questions.full.clean.md / 2019年下半年上午第61题",question,上午选择,,,,,采购文件,,,,T-PROCURE-004,T-PROCURE-004,SRC-Q-2019-PM-061,outputs/anki_builds/full_expansion_20260521_003052/question_cards/morning_choice_cards.md,2019年下半年 上午选择题 真题刷题卡,,T-PROCURE-004,keep,"题干和选项完整，解析充分，答案明确。

---",ruankao ruankao::family::question ruankao::card_type::上午选择 ruankao::importance:: ruankao::exam_use::采购文件 ruankao::topic::T-PROCURE-004,sha256:c1fc9665baecf7b3cf81f4fd
软考::系统集成项目管理工程师::真题刷题卡::上午选择题,Basic,"【2019下半年 上午 第62题】在对某项目采购供应商的评价中，评价项有：技术能力、管理水平、企业资质等，假定满分为10分，技术能力权重为20%，三个评定人的技术能力打分分别为7分，8分，9分，那么该供应商的""技术能力""的单项综合分为<br><br>A. 24<br>B. 8<br>C. 4.8<br>D. 1.6",正确答案：D,"- 解析：三位评委打分分别为7、8、9分，平均分 = (7+8+9)/3 = 8分。技术能力的权重为20%，加权得分 = 8 × 20% = 1.6分。<br>- 错项分析：A-24是三个分数的总和，没有计算平均和权重。B-8是平均分，但没有乘以权重。C-4.8不知道是怎么计算得到的。D-1.6是平均分乘以权重20%的正确结果。<br>- 题干信号：""技术能力权重为20%""、""评分7,8,9"" → 先平均再乘权重。<br>- 关联专题：T-PROCURE-005<br>- 可迁移考点：供应商评价的打分方法、加权评分模型、多标准决策分析。<br>- 来源：questions.full.clean.md / 2019年下半年上午第62题",question,上午选择,,,,,供应商评价,,,,T-PROCURE-005,T-PROCURE-005,SRC-Q-2019-PM-062,outputs/anki_builds/full_expansion_20260521_003052/question_cards/morning_choice_cards.md,2019年下半年 上午选择题 真题刷题卡,,T-PROCURE-005,keep,"题干和选项完整，解析充分，答案明确。

---",ruankao ruankao::family::question ruankao::card_type::上午选择 ruankao::importance:: ruankao::exam_use::供应商评价 ruankao::topic::T-PROCURE-005,sha256:820b8c47e9d85468bf0c71ff
软考::系统集成项目管理工程师::真题刷题卡::上午选择题,Basic,【2019下半年 上午 第63题】变更是项目干系人常常由于项目环境或者是其他各种原因要求对项目的范围基准等进行修改。如某项目由于行业标准变化导致变更，这属于<br><br>A. 项目实施组织本身发生变化<br>B. 客户对项目、项目产品或服务的要求发生变化<br>C. 项目外部环境发生变化<br>D. 项目范围的计划编制不周密详细,正确答案：C,"- 解析：行业标准变化属于项目外部环境因素的变化，既不是项目实施组织自身的变化，也不是客户直接要求的变化，也不属于计划编制问题。外部环境变化包括法律法规、行业标准、市场状况、技术更新等因素的变化。<br>- 错项分析：A-行业标准变化与项目实施组织内部变化无关。B-不是客户主动提出的要求变更，而是外部标准变化导致的。C-行业标准属于外部环境因素，正确。D-不是计划编制不周，是外部条件改变了。<br>- 题干信号：""由于行业标准变化导致变更"" → 行业标准属于外部环境。<br>- 关联专题：T-CHANGE-001<br>- 可迁移考点：变更原因的分类（外部环境、客户需求、组织变化、计划缺陷）。<br>- 来源：questions.full.clean.md / 2019年下半年上午第63题",question,上午选择,,,,,变更原因分类,,,,T-CHANGE-001,T-CHANGE-001,SRC-Q-2019-PM-063,outputs/anki_builds/full_expansion_20260521_003052/question_cards/morning_choice_cards.md,2019年下半年 上午选择题 真题刷题卡,,T-CHANGE-001,keep,"题干和选项完整，解析充分，答案明确。

---",ruankao ruankao::family::question ruankao::card_type::上午选择 ruankao::importance:: ruankao::exam_use::变更原因分类 ruankao::topic::T-CHANGE-001,sha256:3bc599552e7ee678ef51cbb5
软考::系统集成项目管理工程师::真题刷题卡::上午选择题,Basic,【2019下半年 上午 第64题】整体变更控制过程实际上是对______的变更进行标识、文档化、批准或拒绝，并控制的过程。<br><br>A. 详细的WBS计划<br>B. 项目基准<br>C. 项目预算<br>D. 明确的项目组织结构,正确答案：B,"- 解析：整体变更控制（Integrated Change Control）是对项目基准（包括范围基准、进度基准、成本基准等）的变更进行识别、评审、批准或拒绝，并管理变更实施的过程。WBS计划、预算等只是基准的一部分，整体变更控制覆盖所有基准。<br>- 错项分析：A-详细的WBS计划是范围基准的一部分，但整体变更控制范围更广。B-项目基准是整体变更控制的对象，包括范围、进度、成本等所有基准。C-项目预算只是成本基准的一部分。D-项目组织结构变更虽然也可纳入，但基准变更才是核心。<br>- 题干信号：""整体变更控制过程"" → 对项目基准的变更进行管理。<br>- 关联专题：T-CHANGE-002<br>- 可迁移考点：整体变更控制的输入、工具（变更控制委员会CCB、变更控制系统）和输出。<br>- 来源：questions.full.clean.md / 2019年下半年上午第64题",question,上午选择,,,,,整体变更控制,,,,T-CHANGE-002,T-CHANGE-002,SRC-Q-2019-PM-064,outputs/anki_builds/full_expansion_20260521_003052/question_cards/morning_choice_cards.md,2019年下半年 上午选择题 真题刷题卡,,T-CHANGE-002,keep,"题干和选项完整，解析充分，答案明确。

---",ruankao ruankao::family::question ruankao::card_type::上午选择 ruankao::importance:: ruankao::exam_use::整体变更控制 ruankao::topic::T-CHANGE-002,sha256:70cad37fbb550be3a41f14e2
软考::系统集成项目管理工程师::真题刷题卡::上午选择题,Basic,【2019下半年 上午 第65题】项目变更贯穿于整个项目过程的始终，项目经理应让项目干系人（特别是业主）认识到<br><br>A. 在项目策划阶段，变更成本较高<br>B. 在项目执行阶段，变更成本较低<br>C. 在项目编码开始前，变更成本较低<br>D. 在项目策划阶段，变更成本较低,正确答案：D,"- 解析：变更的代价随时间递增——项目越早期，变更成本越低；越到后期，变更成本越高。策划阶段（早期）变更只需要修改文档和计划，成本最低；到了编码、测试、上线阶段，变更需要返工、重新测试甚至重建，成本成倍增加。因此应让干系人认识到早期变更成本低，鼓励尽早提出变更。<br>- 错项分析：A-策划阶段变更成本最低而非最高。B-执行阶段变更成本显著高于策划阶段。C-编码开始前的设计阶段变更成本已高于策划阶段。D-策划阶段变更成本最低，正确。<br>- 题干信号：""变更贯穿于整个项目""、""让项目干系人认识到"" → 变更成本随时间递增，越早变更成本越低。<br>- 关联专题：T-CHANGE-003<br>- 可迁移考点：变更成本曲线（随时间递增的经典曲线）及其对变更管理策略的启示。<br>- 来源：questions.full.clean.md / 2019年下半年上午第65题",question,上午选择,,,,,变更成本,,,,T-CHANGE-003,T-CHANGE-003,SRC-Q-2019-PM-065,outputs/anki_builds/full_expansion_20260521_003052/question_cards/morning_choice_cards.md,2019年下半年 上午选择题 真题刷题卡,,T-CHANGE-003,keep,"题干和选项完整，解析充分，答案明确。

---",ruankao ruankao::family::question ruankao::card_type::上午选择 ruankao::importance:: ruankao::exam_use::变更成本 ruankao::topic::T-CHANGE-003,sha256:de939b42f902d4b881aab1ee
软考::系统集成项目管理工程师::真题刷题卡::上午选择题,Basic,【2019下半年 上午 第66题】项目规模小并且与其它项目的关联度小时，变更的提出与处理过程可在操作上力求简便和高效。关于小项目变更，不正确的说法是<br><br>A. 对变更产生的因素施加影响以防止不必要的变更并减少无谓的评估<br>B. 应明确变更的组织与分工合作<br>C. 变更流程也要规范化<br>D. 对变更的申请和确认，既可以是书面的也可以是口头的，以简化程序,正确答案：D,"- 解析：即使在小项目中，变更的申请和确认也必须以书面形式进行，留下可追溯的记录。口头变更容易导致后续争议和混乱，无法形成有效的配置管理和审计线索。这是变更管理的基本原则，不能因为项目小而省略。<br>- 错项分析：A-对变更因素施加影响以减少不必要变更，是所有项目都应做的，正确。B-明确变更的组织分工，即使是小项目也需要，正确。C-变更流程规范化是保障质量的关键，小项目可在流程上简化但不能不规范，正确。D-口头变更是不可接受的，任何变更都必须书面化，错误。<br>- 题干信号：""关于小项目变更，不正确的说法"" → 无论大小，变更都必须书面化。<br>- 关联专题：T-CHANGE-004<br>- 可迁移考点：变更控制流程（申请→评估→批准/拒绝→实施→确认→关闭），以及书面记录的重要性。<br>- 来源：questions.full.clean.md / 2019年下半年上午第66题",question,上午选择,,,,,小项目变更,,,,T-CHANGE-004,T-CHANGE-004,SRC-Q-2019-PM-066,outputs/anki_builds/full_expansion_20260521_003052/question_cards/morning_choice_cards.md,2019年下半年 上午选择题 真题刷题卡,,T-CHANGE-004,keep,"题干和选项完整，解析充分，答案明确。

---",ruankao ruankao::family::question ruankao::card_type::上午选择 ruankao::importance:: ruankao::exam_use::小项目变更 ruankao::topic::T-CHANGE-004,sha256:0b133262aee2bd0e0f453b9f
软考::系统集成项目管理工程师::真题刷题卡::上午选择题,Basic,【2019下半年 上午 第67题】为保证项目的质量，要对项目进行质量管理，项目质量管理过程的第一步是<br><br>A. 制定项目质量计划<br>B. 确立质量标准体系<br>C. 对项目实施质量监控<br>D. 将实际与标准对照,正确答案：B,"- 解析：项目质量管理的第一步是确立质量标准体系——确定项目相关的质量标准和目标，明确""什么是质量""、""质量的标准是什么""。只有在确立了标准之后，才能制定质量计划、实施质量保证和质量控制。质量计划是在质量标准体系基础上制定的详细方案。<br>- 错项分析：A-制定质量计划是在确立标准之后的步骤，标准是计划的依据。B-确立质量标准体系是质量管理的起点，为后续提供参照基准。C-质量监控是执行阶段的活动。D-将实际与标准对照是质量控制中的检查活动。<br>- 题干信号：""质量管理过程的第一步"" → 先确立标准，再做计划，然后执行和监控。<br>- 关联专题：T-QUAL-001<br>- 可迁移考点：质量管理过程：确立标准 → 制定计划 → 质量保证 → 质量控制。<br>- 来源：questions.full.clean.md / 2019年下半年上午第67题",question,上午选择,,,,,质量管理第一步,,,,T-QUAL-001,T-QUAL-001,SRC-Q-2019-PM-067,outputs/anki_builds/full_expansion_20260521_003052/question_cards/morning_choice_cards.md,2019年下半年 上午选择题 真题刷题卡,,T-QUAL-001,keep,"题干和选项完整，解析充分，答案明确。

---",ruankao ruankao::family::question ruankao::card_type::上午选择 ruankao::importance:: ruankao::exam_use::质量管理第一步 ruankao::topic::T-QUAL-001,sha256:9f798022bbc2e54e53c120ca
软考::系统集成项目管理工程师::真题刷题卡::上午选择题,Basic,【2019下半年 上午 第68题】在制定项目质量计划时对实现既定目标的过程加以全面分析，估计到各种可能出现的障碍及结果，设想并制定相应的应变措施和应变计划，保持计划的灵活性。这种方法属于<br><br>A. 流程图法<br>B. 实验设计法<br>C. 质量功能展开<br>D. 过程决策程序图法,正确答案：D,"- 解析：过程决策程序图法（PDPC，Process Decision Program Chart）是质量管理和运筹学中的一种方法，它通过预先分析过程中可能出现的障碍和问题，提前制定应变措施和替代方案，从而提高计划的灵活性和可靠性。题干描述完全符合PDPC的特点。<br>- 错项分析：A-流程图法描述活动流程和决策点，但不强调预先制定应变措施。B-实验设计法是统计学方法，用于确定影响产品质量的关键因素。C-质量功能展开（QFD）将客户需求转化为产品设计和生产要求。D-PDPC的核心就是预判障碍并制定应变计划。<br>- 题干信号：""估计各种可能出现的障碍及结果""、""制定相应的应变措施和应变计划"" → PDPC（过程决策程序图法）。<br>- 关联专题：T-QUAL-002<br>- 可迁移考点：质量管理的7种工具（老七种/新七种），PDPC属于新七种工具之一。<br>- 来源：questions.full.clean.md / 2019年下半年上午第68题",question,上午选择,,,,,过程决策程序图法,,,,T-QUAL-002,T-QUAL-002,SRC-Q-2019-PM-068,outputs/anki_builds/full_expansion_20260521_003052/question_cards/morning_choice_cards.md,2019年下半年 上午选择题 真题刷题卡,,T-QUAL-002,keep,"题干和选项完整，解析充分，答案明确。

---",ruankao ruankao::family::question ruankao::card_type::上午选择 ruankao::importance:: ruankao::exam_use::过程决策程序图法 ruankao::topic::T-QUAL-002,sha256:030245a3215e35372a82f0f3
软考::系统集成项目管理工程师::真题刷题卡::上午选择题,Basic,【2019下半年 上午 第69题】质量管理六西格玛标准的优越之处不包括<br><br>A. 从结果中检验控制质量<br>B. 减少了检控质量的步骤<br>C. 培养了员工的质量意识<br>D. 减少了由于质量问题带来的返工成本,正确答案：A,"- 解析：六西格玛（Six Sigma）采用DMAIC（定义、测量、分析、改进、控制）方法，强调从过程中预防问题，而非从结果中检验质量。""从结果中检验控制质量""是传统的质量检验（QC）思维，不是六西格玛的优越性。六西格玛通过过程改进来减少缺陷，从而减少检验步骤、培养质量意识、降低返工成本。<br>- 错项分析：A-""从结果中检验""是事后检验的被动方式，不是六西格玛的优越之处。B-六西格玛通过过程改进从根本上减少缺陷，从而减少检验环节。C-六西格玛强调全员参与和持续改进，培养质量文化。D-减少缺陷自然降低了返工成本。<br>- 题干信号：""六西格玛标准的优越之处不包括"" → 六西格玛强调过程预防，不是事后检验。<br>- 关联专题：T-QUAL-003<br>- 可迁移考点：六西格玛的DMAIC流程、六西格玛与其他质量管理方法（TQM、ISO9000）的对比。<br>- 来源：questions.full.clean.md / 2019年下半年上午第69题",question,上午选择,,,,,六西格玛,,,,T-QUAL-003,T-QUAL-003,SRC-Q-2019-PM-069,outputs/anki_builds/full_expansion_20260521_003052/question_cards/morning_choice_cards.md,2019年下半年 上午选择题 真题刷题卡,,T-QUAL-003,keep,"题干和选项完整，解析充分，答案明确。

---

## Card 070｜上午选择｜｜测试（缺失题干）",ruankao ruankao::family::question ruankao::card_type::上午选择 ruankao::importance:: ruankao::exam_use::六西格玛 ruankao::topic::T-QUAL-003,sha256:320e560458ef076fbea88cd9
软考::系统集成项目管理工程师::真题刷题卡::上午选择题,Basic,【2019下半年 上午 第71题】Risk management allows the project manager and the project team not to ______.<br><br>A. eliminate most risks during the planning phase of the project<br>B. identify project risks<br>C. identify impacts of various risks<br>D. plan suitable responses,正确答案：A,"- 解析：风险管理可以帮助识别风险、分析风险影响、制定应对计划，但不能消除大部分风险。风险是客观存在的，只能被管理和缓解，无法被""消除""。特别是在规划阶段，很多风险尚未暴露，更谈不上消除。<br>- 错项分析：A-""消除大部分风险""不现实，风险管理不能消除风险。B-识别风险是风险管理的核心功能之一。C-识别风险影响是风险分析的目标。D-制定合适的应对计划是风险应对规划的输出。<br>- 题干信号：""Risk management allows... not to"" → 找风险管理不能做到的。<br>- 关联专题：T-RISK-004<br>- 可迁移考点：风险管理的目标（识别、分析、应对、监控）和风险的本质（不确定性）。<br>- 来源：questions.full.clean.md / 2019年下半年上午第71题",question,上午选择,,,,,风险管理,,,,T-RISK-004,T-RISK-004,SRC-Q-2019-PM-071,outputs/anki_builds/full_expansion_20260521_003052/question_cards/morning_choice_cards.md,2019年下半年 上午选择题 真题刷题卡,,T-RISK-004,keep,"题干和选项完整，解析充分，答案明确。

---",ruankao ruankao::family::question ruankao::card_type::上午选择 ruankao::importance:: ruankao::exam_use::风险管理 ruankao::topic::T-RISK-004,sha256:4424e52e0692740e7e6175cb
软考::系统集成项目管理工程师::真题刷题卡::上午选择题,Basic,"【2019下半年 上午 第72题】The project life-cycle can be described as ______.<br><br>A. project concept, project planning, project execution, and project close-out<br>B. project planning, work authorization, and project reporting<br>C. project planning, project control, project definition, WBS development, and project termination<br>D. project concept, project execution, and project reporting",正确答案：A,"- 解析：项目生命周期（Project Life Cycle）通常分为四个阶段：概念阶段（Concept）→ 规划阶段（Planning）→ 执行阶段（Execution）→ 收尾阶段（Close-out）。这是最经典的项目生命周期描述。<br>- 错项分析：A-概念→规划→执行→收尾是标准四阶段划分。B-缺少概念和收尾阶段，且工作授权和报告不是阶段划分。C-阶段划分混乱，WBS开发是规划阶段的一部分。D-缺少规划和收尾阶段。<br>- 题干信号：""project life-cycle"" → 概念→规划→执行→收尾。<br>- 关联专题：T-PJMGT-004<br>- 可迁移考点：项目生命周期与产品生命周期的区别、各阶段的典型活动。<br>- 来源：questions.full.clean.md / 2019年下半年上午第72题",question,上午选择,,,,,项目生命周期,,,,T-PJMGT-004,T-PJMGT-004,SRC-Q-2019-PM-072,outputs/anki_builds/full_expansion_20260521_003052/question_cards/morning_choice_cards.md,2019年下半年 上午选择题 真题刷题卡,,T-PJMGT-004,keep,"题干和选项完整，解析充分，答案明确。

---",ruankao ruankao::family::question ruankao::card_type::上午选择 ruankao::importance:: ruankao::exam_use::项目生命周期 ruankao::topic::T-PJMGT-004,sha256:ec8326d06b51fed2112f5b50
软考::系统集成项目管理工程师::真题刷题卡::上午选择题,Basic,"【2019下半年 上午 第73题】______ is a method used in Critical Path Methodology for constructing a project schedule network diagram that uses boxes or rectangles, referred to as nodes, to represent activities and connects them with arrows that show the logical relationships that exist between them.<br><br>A. PERT<br>B. AOA<br>C. WBS<br>D. PDM",正确答案：D,"- 解析：PDM（Precedence Diagramming Method，前导图法）是CPM（关键路径法）中使用的网络图绘制方法，用方框/矩形（节点）表示活动，用箭头表示活动之间的逻辑关系。这种表示法也称为""节点法""（Activity-on-Node, AON）。<br>- 错项分析：A-PERT是计划评审技术，强调三点估算，不是网络图绘制方法。B-AOA（Activity-on-Arrow，箭线法）用箭线表示活动、节点表示事件，与描述相反。C-WBS是工作分解结构，不是网络图方法。D-PDM用节点表示活动、箭头表示关系，与题干描述完全吻合。<br>- 题干信号：""uses boxes... to represent activities"" + ""arrows that show logical relationships"" → PDM（前导图法）。<br>- 关联专题：T-TIME-006<br>- 可迁移考点：PDM与ADM（AOA）的区别、PDM中的四种依赖关系（FS、SS、FF、SF）。<br>- 来源：questions.full.clean.md / 2019年下半年上午第73题",question,上午选择,,,,,PDM,,,,T-TIME-006,T-TIME-006,SRC-Q-2019-PM-073,outputs/anki_builds/full_expansion_20260521_003052/question_cards/morning_choice_cards.md,2019年下半年 上午选择题 真题刷题卡,,T-TIME-006,keep,"题干和选项完整，解析充分，答案明确。

---",ruankao ruankao::family::question ruankao::card_type::上午选择 ruankao::importance:: ruankao::exam_use::PDM ruankao::topic::T-TIME-006,sha256:bfea7fa3172b8cad545d077a
软考::系统集成项目管理工程师::真题刷题卡::上午选择题,Basic,【2019下半年 上午 第74题】Schedule development can require the review and revision of duration estimates and resource estimates to create an approved ______ that can serve as a baseline to track progress.<br><br>A. scope statement<br>B. activity list<br>C. project charter<br>D. project schedule,正确答案：D,"- 解析：进度制定过程需要审查和修订持续时间估算和资源估算，最终输出经过批准的进度计划（Project Schedule），作为跟踪进展的基准（Schedule Baseline）。<br>- 错项分析：A-范围说明书是范围管理的内容。B-活动清单是进度管理的前置输出。C-项目章程是授权文件。D-项目进度计划（经批准的版本）是进度基准。<br>- 题干信号：""approved... as a baseline to track progress"" → 经批准的进度计划。<br>- 关联专题：T-TIME-007<br>- 可迁移考点：进度基准的构成（经批准的进度计划）与范围基准、成本基准的关系。<br>- 来源：questions.full.clean.md / 2019年下半年上午第74题",question,上午选择,,,,,进度基准,,,,T-TIME-007,T-TIME-007,SRC-Q-2019-PM-074,outputs/anki_builds/full_expansion_20260521_003052/question_cards/morning_choice_cards.md,2019年下半年 上午选择题 真题刷题卡,,T-TIME-007,keep,"题干和选项完整，解析充分，答案明确。

---",ruankao ruankao::family::question ruankao::card_type::上午选择 ruankao::importance:: ruankao::exam_use::进度基准 ruankao::topic::T-TIME-007,sha256:c9843e7cb95622091aa1bd3f
软考::系统集成项目管理工程师::真题刷题卡::上午选择题,Basic,"【2019下半年 上午 第75题】The Develop Project Management Plan Process includes the actions necessary to define, prepare, integrate, and coordinate all constituent plans into a ______.<br><br>A. Project Scope Statement<br>B. Project Management Plan<br>C. Forecasts<br>D. Project Charter",正确答案：B,"- 解析：制定项目管理计划（Develop Project Management Plan）过程的核心是将所有子计划（范围、进度、成本、质量、人力资源、沟通、风险、采购、干系人等）进行整合和协调，最终形成一份统一的项目管理计划（Project Management Plan）。<br>- 错项分析：A-范围说明书只是范围管理的一个输出，不是整合所有计划的文件。B-项目管理计划是整合所有子计划的总体计划。C-预测（如EAC等）是成本控制的输出。D-项目章程是授权文件，由发起人发布，不是整合所有计划的文件。<br>- 题干信号：""define, prepare, integrate, and coordinate all constituent plans"" → 整合所有子计划→项目管理计划。<br>- 关联专题：T-PJMGT-003<br>- 可迁移考点：项目管理计划的组成（10个子管理计划+3个基准）及其制定过程。<br>- 来源：questions.full.clean.md / 2019年下半年上午第75题",question,上午选择,,,,,项目管理计划制定,,,,T-PJMGT-003,T-PJMGT-003,SRC-Q-2019-PM-075,outputs/anki_builds/full_expansion_20260521_003052/question_cards/morning_choice_cards.md,2019年下半年 上午选择题 真题刷题卡,,T-PJMGT-003,keep,题干和选项完整，解析充分，答案明确。,ruankao ruankao::family::question ruankao::card_type::上午选择 ruankao::importance:: ruankao::exam_use::项目管理计划制定 ruankao::topic::T-PJMGT-003,sha256:ee0779c4054d7c8927ef4dd4
软考::系统集成项目管理工程师::真题刷题卡::上午选择题,Basic,【2010上半年 上午 第1题】以下对信息系统集成的描述正确的是<br>A. 信息系统集成的根本出发点是实现各个分立子系统的整合<br>B. 信息系统集成的最终交付物是若干分立的产品<br>C. 信息系统集成的核心是软件<br>D. 先进技术是信息系统集成项目成功实施的保障,正确答案：C,"- 解析：信息系统集成不只是设备选择和供应，更重要的是具有高技术含量的工程过程，要面向用户需求提供全面解决方案，其核心是软件。集成的根本出发点是满足用户需求而非子系统整合；最终交付物是整体解决方案而非分立产品；先进技术是保障但不是核心。<br>- 错项分析：A-根本出发点是满足用户需求，不是实现分立子系统整合；B-最终交付物是整体解决方案而非若干分立产品；C-核心是软件，面向用户需求提供全面解决方案，正确；D-先进技术是保障但不是核心。<br>- 题干信号：""对信息系统集成的描述正确的是"" → 考察信息系统集成的核心定位。<br>- 关联专题：T-INFO-SYS-INTEGRATION-001<br>- 可迁移考点：信息系统集成的定义、特征可与""系统集成项目""的定义对比学习。<br>- 来源：questions.full.clean.md / 2010年上半年上午第1题",question,上午选择,,,,,信息系统集成,,,,T-INFO-SYS-INTEGRATION-001,T-INFO-SYS-INTEGRATION-001,SRC-Q-2010-S1-M-001,outputs/anki_builds/full_expansion_20260521_003052/question_cards/morning_choice_cards_2010.md,2010年 上午选择题 真题刷题卡,,T-INFO-SYS-INTEGRATION-001,keep,"题干和选项完整，解析充分，答案明确。

---",ruankao ruankao::family::question ruankao::card_type::上午选择 ruankao::importance:: ruankao::exam_use::信息系统集成 ruankao::topic::T-INFO-SYS-INTEGRATION-001,sha256:7733b73d5d6d4b2616b372fe
软考::系统集成项目管理工程师::真题刷题卡::上午选择题,Basic,【2010上半年 上午 第2题】有四家系统集成企业计划申请资质，其中甲公司计划申请一级资质（注册资本3000万，项目经理20名，高级项目经理8名，2010年1月通过ISO9001认证）；乙公司申请一级资质（注册资本2000万，项目经理20名，高级项目经理8名，2009年4月通过ISO9001认证）；丙公司申请四级资质（注册资本500万）；丁公司申请四级资质（未通过ISO9001认证）。根据上述状况，哪家公司不符合基本的申报条件？<br>A. 甲<br>B. 乙<br>C. 丙<br>D. 丁,正确答案：A,"- 解析：申报一级资质，要求通过质量管理体系认证并运行一年以上。甲公司2010年1月通过认证，至2010年5月申请时仅运行约4个月，不满足""运行一年以上""的要求。乙公司2009年4月通过认证，已运行超过一年，满足条件。<br>- 错项分析：A-甲公司认证通过时间不足一年，不满足一级资质的""管理能力""要求；B-乙公司认证通过已超过一年，满足条件；C-丙公司申请四级资质，注册资本500万元符合要求；D-丁公司虽未通过ISO9001认证，但四级资质未强制要求通过认证。<br>- 题干信号：""不符合基本的申报条件"" → 关注资质评定条件中对""管理能力""（质量管理体系运行时间）的具体要求。<br>- 关联专题：T-QUALIFICATION-001<br>- 可迁移考点：系统集成资质等级评定条件（综合条件、业绩、管理能力、技术实力、人才实力）。<br>- 来源：questions.full.clean.md / 2010年上半年上午第2题",question,上午选择,,,,,系统集成资质,,,,T-QUALIFICATION-001,T-QUALIFICATION-001,SRC-Q-2010-S1-M-002,outputs/anki_builds/full_expansion_20260521_003052/question_cards/morning_choice_cards_2010.md,2010年 上午选择题 真题刷题卡,,T-QUALIFICATION-001,keep,"题干和选项完整，解析充分，答案明确。

---",ruankao ruankao::family::question ruankao::card_type::上午选择 ruankao::importance:: ruankao::exam_use::系统集成资质 ruankao::topic::T-QUALIFICATION-001,sha256:d9151b5e28126b18e2c609ab
软考::系统集成项目管理工程师::真题刷题卡::上午选择题,Basic,【2010上半年 上午 第5题】与制造资源计划MRPⅡ相比，企业资源计划ERP最大的特点是在制定计划时将什么考虑在一起，延伸管理范围？<br>A. 经销商<br>B. 整个供应链<br>C. 终端用户<br>D. 竞争对手,正确答案：B,"- 解析：MRPⅡ主要侧重对本企业内部人、财、物等资源的管理。ERP在MRPⅡ基础上扩展了管理范围，把客户需求和企业内部的制造活动以及供应商的制造资源整合在一起，形成一个完整的供应链并对供应链上所有环节进行有效管理。<br>- 错项分析：A-经销商只是供应链中的一部分，不全面；B-整个供应链正确，ERP将管理范围向整个供应链延伸；C-终端用户属于客户需求范畴，不全面；D-竞争对手不属于ERP的管理范围。<br>- 题干信号：""ERP最大的特点""、""延伸管理范围"" → MRPⅡ对内、ERP对外，关键是""供应链""。<br>- 关联专题：T-ERP-001<br>- 可迁移考点：ERP与MRPⅡ的区别（管理范围、供应链整合）；可与CRM结合出题。<br>- 来源：questions.full.clean.md / 2010年上半年上午第5题",question,上午选择,,,,,ERP与MRPⅡ,,,,T-ERP-001,T-ERP-001,SRC-Q-2010-S1-M-005,outputs/anki_builds/full_expansion_20260521_003052/question_cards/morning_choice_cards_2010.md,2010年 上午选择题 真题刷题卡,,T-ERP-001,keep,"题干和选项完整，解析充分，答案明确。

---",ruankao ruankao::family::question ruankao::card_type::上午选择 ruankao::importance:: ruankao::exam_use::ERP与MRPⅡ ruankao::topic::T-ERP-001,sha256:33e23408268eb793fcdb7d33
软考::系统集成项目管理工程师::真题刷题卡::上午选择题,Basic,【2010上半年 上午 第6题】小张在某电子商务网站建立一家经营手工艺品的个人网络商铺，向网民提供自己手工制作的工艺品。这种电子商务模式为<br>A. B2B<br>B. B2C<br>C. C2C<br>D. G2C,正确答案：C,"- 解析：B2B是企业对企业的电子商务；B2C是商业机构对消费者的电子商务；C2C是个人对个人的电子商务。小张作为个人在电子商务网站开设商铺向网民销售手工艺品，属于个人对个人的C2C模式。电子商务网站提供交易平台，小张是卖方（个人），网民是买方（个人）。<br>- 错项分析：A-B2B交易的供需双方都是企业，小张是个人不是企业；B-B2C是商业机构对消费者，小张是个人不是商业机构；C-C2C是个人与个人之间的电子商务，正确；D-G2C是政府对个人的电子商务模式。<br>- 题干信号：""个人网络商铺""、""自己手工制作""、""个人"" → 判断电子商务模式的依据是交易双方的主体身份。<br>- 关联专题：T-EBUSINESS-001<br>- 可迁移考点：B2B、B2C、C2C、G2C、O2O等多种电子商务模式区分。<br>- 来源：questions.full.clean.md / 2010年上半年上午第6题",question,上午选择,,,,,电子商务模式,,,,T-EBUSINESS-001,T-EBUSINESS-001,SRC-Q-2010-S1-M-006,outputs/anki_builds/full_expansion_20260521_003052/question_cards/morning_choice_cards_2010.md,2010年 上午选择题 真题刷题卡,,T-EBUSINESS-001,keep,"题干和选项完整，解析充分，答案明确。

---",ruankao ruankao::family::question ruankao::card_type::上午选择 ruankao::importance:: ruankao::exam_use::电子商务模式 ruankao::topic::T-EBUSINESS-001,sha256:12b18d783f689110cdef22b7
软考::系统集成项目管理工程师::真题刷题卡::上午选择题,Basic,【2010上半年 上午 第7题】与基于C/S架构的信息系统相比，基于B/S架构的信息系统<br>A. 具备更强的事务处理能力，易于实现复杂的业务流程<br>B. 人机界面友好，具备更加快速的用户响应速度<br>C. 更加容易部署和升级维护<br>D. 具备更高的安全性,正确答案：C,"- 解析：B/S架构的客户端仅需浏览器，无需安装专用软件，部署和升级维护集中在服务器端完成，因此更容易部署和维护。C/S架构因为是胖客户端，具备更强的事务处理能力和更快的响应速度；B/S架构的安全性通常低于C/S架构，因其暴露面更大。<br>- 错项分析：A-C/S架构具备更强的事务处理能力，B/S的瘦客户端处理能力弱；B-C/S架构的客户端可充分利用本地资源，响应速度更快；C-B/S只需管理服务器，部署升级方便，正确；D-B/S架构暴露在公网，安全性通常低于C/S。<br>- 题干信号：""与C/S相比，B/S"" → 常见对比题型，抓住B/S的核心优势（部署维护方便）。<br>- 关联专题：T-SOFTWARE-ARCH-001<br>- 可迁移考点：C/S与B/S架构的各维度对比（事务处理、响应速度、部署维护、安全性）。<br>- 来源：questions.full.clean.md / 2010年上半年上午第7题",question,上午选择,,,,,B/S架构,,,,T-SOFTWARE-ARCH-001,T-SOFTWARE-ARCH-001,SRC-Q-2010-S1-M-007,outputs/anki_builds/full_expansion_20260521_003052/question_cards/morning_choice_cards_2010.md,2010年 上午选择题 真题刷题卡,,T-SOFTWARE-ARCH-001,keep,"题干和选项完整，解析充分，答案明确。

---",ruankao ruankao::family::question ruankao::card_type::上午选择 ruankao::importance:: ruankao::exam_use::B/S架构 ruankao::topic::T-SOFTWARE-ARCH-001,sha256:e07f0301b35a498a71efc92c
软考::系统集成项目管理工程师::真题刷题卡::上午选择题,Basic,【2010上半年 上午 第8题】中间件是位于硬件、操作系统等平台和应用之间的通用服务。哪种中间件位于客户和服务器之间，负责负载均衡、失效恢复等任务，以提高系统的整体性能？<br>A. 数据库访问中间件<br>B. 面向消息中间件<br>C. 分布式对象中间件<br>D. 事务中间件,正确答案：D,"- 解析：事务处理监控程序（事务中间件）位于客户和服务器之间，完成事务管理与协调、负载平衡、失效恢复等任务，以提高系统的整体性能。数据库访问中间件（如ODBC/JDBC）用于统一访问不同数据库；面向消息中间件用于异步消息传递；分布式对象中间件用于分布式对象调用。<br>- 错项分析：A-数据库访问中间件用于屏蔽数据库差异，不负责负载均衡；B-面向消息中间件用于异步通信，不负责事务协调；C-分布式对象中间件用于分布式对象间通信；D-事务中间件负责事务管理、负载平衡、失效恢复，正确。<br>- 题干信号：""位于客户和服务器之间""、""负载均衡、失效恢复"" → 事务中间件。<br>- 关联专题：T-MIDDLEWARE-001<br>- 可迁移考点：各类中间件的功能区分（数据库访问、消息、事务、分布式对象）。<br>- 来源：questions.full.clean.md / 2010年上半年上午第8题",question,上午选择,,,,,中间件,,,,T-MIDDLEWARE-001,T-MIDDLEWARE-001,SRC-Q-2010-S1-M-008,outputs/anki_builds/full_expansion_20260521_003052/question_cards/morning_choice_cards_2010.md,2010年 上午选择题 真题刷题卡,,T-MIDDLEWARE-001,keep,"题干和选项完整，解析充分，答案明确。

---",ruankao ruankao::family::question ruankao::card_type::上午选择 ruankao::importance:: ruankao::exam_use::中间件 ruankao::topic::T-MIDDLEWARE-001,sha256:cf7b8d387d85212d1854d8c2
软考::系统集成项目管理工程师::真题刷题卡::上午选择题,Basic,【2010上半年 上午 第9题】以下关于软件测试的描述，正确的是<br>A. 系统测试应尽可能在实际运行使用环境下进行<br>B. 软件测试是在编码阶段完成之后进行的一项活动<br>C. 专业测试人员通常采用白盒测试法检查程序的功能是否符合用户需求<br>D. 软件测试工作的好坏，取决于测试发现错误的数量,正确答案：A,"- 解析：系统测试是针对整个产品系统的测试，需将软件与依赖的硬件、外设等结合，在实际运行环境下进行。测试活动包括测试计划的制定（在编码之前完成）。白盒测试检查内部逻辑，黑盒测试才检查功能是否符合需求。测试好坏取决于测试的充分性和有效性，而非单纯发现错误的数量。<br>- 错项分析：A-系统测试需在实际运行环境中进行，正确；B-测试计划在编码前就已完成，测试活动贯穿全生命周期；C-白盒测试检查内部结构逻辑，黑盒测试检查功能需求；D-测试质量取决于覆盖率和有效性，不取决于发现错误数量。<br>- 题干信号：""关于软件测试的描述，正确的是"" → 注意区分系统测试/单元测试、白盒/黑盒。<br>- 关联专题：T-SOFTWARE-TEST-001<br>- 可迁移考点：系统测试定义、白盒与黑盒测试的区别、测试活动的全生命周期。<br>- 来源：questions.full.clean.md / 2010年上半年上午第9题",question,上午选择,,,,,软件测试,,,,T-SOFTWARE-TEST-001,T-SOFTWARE-TEST-001,SRC-Q-2010-S1-M-009,outputs/anki_builds/full_expansion_20260521_003052/question_cards/morning_choice_cards_2010.md,2010年 上午选择题 真题刷题卡,,T-SOFTWARE-TEST-001,keep,"题干和选项完整，解析充分，答案明确。

---",ruankao ruankao::family::question ruankao::card_type::上午选择 ruankao::importance:: ruankao::exam_use::软件测试 ruankao::topic::T-SOFTWARE-TEST-001,sha256:09a9401c8ba77d9d79872472
软考::系统集成项目管理工程师::真题刷题卡::上午选择题,Basic,【2010上半年 上午 第10题】软件的质量是指<br>A. 软件的功能性、可靠性、易用性、效率、可维护性、可移植性<br>B. 软件的功能和性能<br>C. 用户需求的满意度<br>D. 软件特性的总和，以及满足规定和潜在用户需求的能力,正确答案：D,"- 解析：国际标准ISO 14598给出的""软件质量""定义是：软件特性的总和，软件满足规定或潜在用户需求的能力。选项A是ISO 9126质量模型的六大特性，是软件质量的组成部分而非定义；选项B过于片面；选项C侧重用户满意度，不全面。<br>- 错项分析：A-这是软件质量模型的六大质量特性，不是质量的定义；B-仅强调功能和性能，忽略其他质量属性；C-用户满意度是质量的一部分，不全面；D-ISO 14598给出的标准定义，正确。<br>- 题干信号：""软件的质量是指"" → 考察标准定义，区别""质量定义""与""质量特性""。<br>- 关联专题：T-SOFTWARE-QUALITY-001<br>- 可迁移考点：ISO 14598质量定义、ISO 9126/25010质量模型。<br>- 来源：questions.full.clean.md / 2010年上半年上午第10题",question,上午选择,,,,,软件质量,,,,T-SOFTWARE-QUALITY-001,T-SOFTWARE-QUALITY-001,SRC-Q-2010-S1-M-010,outputs/anki_builds/full_expansion_20260521_003052/question_cards/morning_choice_cards_2010.md,2010年 上午选择题 真题刷题卡,,T-SOFTWARE-QUALITY-001,keep,"题干和选项完整，解析充分，答案明确。

---",ruankao ruankao::family::question ruankao::card_type::上午选择 ruankao::importance:: ruankao::exam_use::软件质量 ruankao::topic::T-SOFTWARE-QUALITY-001,sha256:0247cda74c9908f9bd1ad741
软考::系统集成项目管理工程师::真题刷题卡::上午选择题,Basic,【2010上半年 上午 第11题】在软件生存周期中，将某种形式表示的软件转换成更高抽象形式表示的软件的活动属于<br>A. 逆向工程<br>B. 代码重构<br>C. 程序结构重构<br>D. 数据结构重构,正确答案：A,"- 解析：逆向工程是从产品到设计的过程，即根据已经存在的产品反向推出产品设计数据。在软件开发中，逆向工程是从低抽象层次（源代码）导出高抽象层次（设计、规格）的过程。代码重构是修改源代码以适应未来变化，但不改变整体体系结构。<br>- 错项分析：A-逆向工程是从低层抽象向高层抽象转换，正确；B-代码重构是在同一抽象层次修改代码质量；C-程序结构重构是重构的一种具体形式；D-数据结构重构是重构的一种具体形式。<br>- 题干信号：""转换成更高抽象形式"" → 关键词""更高抽象""，逆向工程是""反向""提升抽象层次。<br>- 关联专题：T-REVERSE-ENG-001<br>- 可迁移考点：正向工程与逆向工程的区别、软件重构的类型。<br>- 来源：questions.full.clean.md / 2010年上半年上午第11题",question,上午选择,,,,,逆向工程,,,,T-REVERSE-ENG-001,T-REVERSE-ENG-001,SRC-Q-2010-S1-M-011,outputs/anki_builds/full_expansion_20260521_003052/question_cards/morning_choice_cards_2010.md,2010年 上午选择题 真题刷题卡,,T-REVERSE-ENG-001,keep,"题干和选项完整，解析充分，答案明确。

---",ruankao ruankao::family::question ruankao::card_type::上午选择 ruankao::importance:: ruankao::exam_use::逆向工程 ruankao::topic::T-REVERSE-ENG-001,sha256:b306b1a18645808f12c0b3ca
软考::系统集成项目管理工程师::真题刷题卡::上午选择题,Basic,【2010上半年 上午 第12题】根据《软件文档管理指南》（GB/T16680-1996），以下关于文档评审的叙述，不正确的是<br>A. 需求评审进一步确认开发者和设计者已了解用户要求什么，以及用户从开发者一方了解某些限制和约束<br>B. 在概要设计评审过程中主要详细评审每个系统组成部分的基本设计方法和测试计划，系统规格说明应根据概要设计评审的结果加以修改<br>C. 设计评审产生的最终文档规定系统和程序将如何设计开发和测试以满足一致同意的需求规格说明书<br>D. 详细设计评审主要评审计算机程序、程序单元测试计划和集成测试计划,正确答案：D,"- 解析：根据GB/T16680-1996，详细设计评审主要评审计算机程序和程序单元测试计划，而集成测试计划是概要设计评审的对象之一。选项D将集成测试计划归入详细设计评审，属于张冠李戴。<br>- 错项分析：A-需求评审的作用描述正确；B-概要设计评审内容描述正确；C-设计评审的输出描述正确；D-详细设计评审不包括集成测试计划，集成测试计划属于概要设计评审的范畴。<br>- 题干信号：""不正确的"" + ""文档评审"" → 注意区分概要设计评审和详细设计评审各自的评审范围。<br>- 关联专题：T-DOC-MGMT-001<br>- 可迁移考点：各阶段评审的内容（需求评审、概要设计评审、详细设计评审）。<br>- 来源：questions.full.clean.md / 2010年上半年上午第12题",question,上午选择,,,,,文档评审,,,,T-DOC-MGMT-001,T-DOC-MGMT-001,SRC-Q-2010-S1-M-012,outputs/anki_builds/full_expansion_20260521_003052/question_cards/morning_choice_cards_2010.md,2010年 上午选择题 真题刷题卡,,T-DOC-MGMT-001,keep,"题干和选项完整，解析充分，答案明确。

---",ruankao ruankao::family::question ruankao::card_type::上午选择 ruankao::importance:: ruankao::exam_use::文档评审 ruankao::topic::T-DOC-MGMT-001,sha256:a750c1f4919119a1fb058358
软考::系统集成项目管理工程师::真题刷题卡::上午选择题,Basic,【2010上半年 上午 第14题】根据《软件工程产品质量》（GB/T16260.1-2006）定义的质量模型，不属于功能性的质量特性是<br>A. 适应性<br>B. 适合性<br>C. 安全保密性<br>D. 互操作性,正确答案：A,"- 解析：根据GB/T16260.1-2006软件质量模型，功能性质量特性包括适合性、准确性、互操作性（互用性）、安全保密性和依从性。适应性属于可移植性质量特性，不属于功能性。<br>- 错项分析：A-适应性属于可移植性，不属于功能性，正确；B-适合性是功能性的基本特性；C-安全保密性是功能性的重要特性；D-互操作性是功能性的特性之一（也称互用性）。<br>- 题干信号：""不属于功能性的质量特性"" → 需要准确记忆质量模型中各特性的分类归属。<br>- 关联专题：T-SOFTWARE-QUALITY-001<br>- 可迁移考点：GB/T16260质量模型的六大特性（功能性、可靠性、易用性、效率、可维护性、可移植性）及其子特性。<br>- 来源：questions.full.clean.md / 2010年上半年上午第14题",question,上午选择,,,,,质量模型,,,,T-SOFTWARE-QUALITY-001,T-SOFTWARE-QUALITY-001,SRC-Q-2010-S1-M-014,outputs/anki_builds/full_expansion_20260521_003052/question_cards/morning_choice_cards_2010.md,2010年 上午选择题 真题刷题卡,,T-SOFTWARE-QUALITY-001,keep,"题干和选项完整，解析充分，答案明确。

---",ruankao ruankao::family::question ruankao::card_type::上午选择 ruankao::importance:: ruankao::exam_use::质量模型 ruankao::topic::T-SOFTWARE-QUALITY-001,sha256:c5c10336409cfca34ad53138
软考::系统集成项目管理工程师::真题刷题卡::上午选择题,Basic,【2010上半年 上午 第15题】W公司想要对本单位的内部网络和办公系统进行改造，希望通过招标选择承建商，以下哪项活动不符合《中华人民共和国招标投标法》的要求？<br>A. 对此项目的承建方和监理方的招标工作，W公司计划由同一家招标代理机构负责招标，并计划在同一天开标<br>B. W公司根据此项目的特点和需要编制了招标文件，并确定了提交投标文件的截止日期<br>C. 有四家公司参加了投标，其中一家投标单位在截止日期之后提交投标文件，W公司认为其违反了招标文件要求，没有接受该投标单位的投标文件<br>D. W公司根据招标文件的要求，在三家投标单位中选择了其中一家作为此项目的承建商，并只将结果通知了中标企业,正确答案：D,"- 解析：根据《招标投标法》第四十五条，中标人确定后，招标人应当向中标人发出中标通知书，并同时将中标结果通知所有未中标的投标人。D选项中只通知中标企业的做法违反了该规定。<br>- 错项分析：A-同一代理机构负责承建方和监理方招标不违反法律；B-招标人有权编制招标文件和确定截止日期；C-截止日期后提交的投标文件不予接受是合规的；D-应同时通知所有未中标的投标人，只通知中标企业违反法律。<br>- 题干信号：""不符合招标投标法要求"" → 关注招标程序中的合规性要求，尤其是通知义务。<br>- 关联专题：T-PROCUREMENT-LAW-001<br>- 可迁移考点：《招标投标法》核心条款（公告、投标截止、开标、中标通知等）。<br>- 来源：questions.full.clean.md / 2010年上半年上午第15题",question,上午选择,,,,,招标投标法,,,,T-PROCUREMENT-LAW-001,T-PROCUREMENT-LAW-001,SRC-Q-2010-S1-M-015,outputs/anki_builds/full_expansion_20260521_003052/question_cards/morning_choice_cards_2010.md,2010年 上午选择题 真题刷题卡,,T-PROCUREMENT-LAW-001,keep,"题干和选项完整，解析充分，答案明确。

---",ruankao ruankao::family::question ruankao::card_type::上午选择 ruankao::importance:: ruankao::exam_use::招标投标法 ruankao::topic::T-PROCUREMENT-LAW-001,sha256:4fd78ed2106031e66baafdab
软考::系统集成项目管理工程师::真题刷题卡::上午选择题,Basic,【2010上半年 上午 第16题】以下采用单一来源采购方式的活动，哪项是不恰当的？<br>A. 某政府部门为建立内部办公系统，已从一个供应商采购了120万元的网络设备，由于办公地点扩大，打算继续从原供应商采购15万元的设备<br>B. 某地区发生自然灾害，当地民政部门需要紧急采购一批救灾物资<br>C. 某地方主管部门需要采购一种市政设施，目前此种设施国内仅有一家厂商生产<br>D. 某政府机关为升级其内部办公系统，与原承建商签订了系统维护合同,正确答案：A,"- 解析：根据《政府采购法》第三十一条，采用单一来源方式采购的情形之一为""必须保证原有采购项目一致性或者服务配套的要求，需要继续从原供应商处添购，且添购资金总额不超过原合同采购金额百分之十""。选项A原合同120万元，添购15万元，占比12.5%超过10%，因此不恰当。<br>- 错项分析：A-添购金额超原合同10%，不符合单一来源条件；B-紧急情况（自然灾害）属于不可预见的紧急情况，适用单一来源；C-唯一供应商，适用单一来源；D-系统维护需保持一致性，适用单一来源。<br>- 题干信号：""不恰当的"" + ""单一来源采购"" → 关键约束条件：添购金额不超过原合同采购金额10%。<br>- 关联专题：T-PROCUREMENT-LAW-001<br>- 可迁移考点：政府采购方式（公开招标、邀请招标、竞争性谈判、单一来源、询价）的适用条件。<br>- 来源：questions.full.clean.md / 2010年上半年上午第16题",question,上午选择,,,,,单一来源采购,,,,T-PROCUREMENT-LAW-001,T-PROCUREMENT-LAW-001,SRC-Q-2010-S1-M-016,outputs/anki_builds/full_expansion_20260521_003052/question_cards/morning_choice_cards_2010.md,2010年 上午选择题 真题刷题卡,,T-PROCUREMENT-LAW-001,keep,"题干和选项完整，解析充分，答案明确。

---",ruankao ruankao::family::question ruankao::card_type::上午选择 ruankao::importance:: ruankao::exam_use::单一来源采购 ruankao::topic::T-PROCUREMENT-LAW-001,sha256:1491522bdb9c23223a27aa25
软考::系统集成项目管理工程师::真题刷题卡::上午选择题,Basic,【2010上半年 上午 第17题】为了解决C/S模式中客户机负荷过重的问题，软件架构发展形成了什么模式？<br>A. 三层C/S<br>B. 分层<br>C. B/S<br>D. 知识库,正确答案：C,"- 解析：为了解决C/S模式中客户机负荷过重的问题，发展形成了浏览器/服务器（B/S）模式，将客户端简化为浏览器，大部分逻辑移至服务器端。为了解决服务器端的问题（如性能瓶颈），发展形成了三层（多层）C/S模式。注意区分：解决客户端问题用B/S，解决服务器端问题用三层C/S。<br>- 错项分析：A-三层C/S解决的是服务器端问题而非客户端问题；B-分层是一种架构设计原则不是具体模式；C-B/S将客户端简化为浏览器，解决客户端负荷过重问题，正确；D-知识库模式是人工智能领域的架构。<br>- 题干信号：""客户机负荷过重"" → B/S模式；""服务器端问题"" → 三层C/S。<br>- 关联专题：T-SOFTWARE-ARCH-001<br>- 可迁移考点：C/S、B/S、三层架构的各自优缺点和适用场景。<br>- 来源：questions.full.clean.md / 2010年上半年上午第17题",question,上午选择,,,,,B/S与三层C/S,,,,T-SOFTWARE-ARCH-001,T-SOFTWARE-ARCH-001,SRC-Q-2010-S1-M-017,outputs/anki_builds/full_expansion_20260521_003052/question_cards/morning_choice_cards_2010.md,2010年 上午选择题 真题刷题卡,,T-SOFTWARE-ARCH-001,keep,"题干和选项完整，解析充分，答案明确。

---",ruankao ruankao::family::question ruankao::card_type::上午选择 ruankao::importance:: ruankao::exam_use::B/S与三层C/S ruankao::topic::T-SOFTWARE-ARCH-001,sha256:36cdd8456f425f96b3a75b93
软考::系统集成项目管理工程师::真题刷题卡::上午选择题,Basic,【2010上半年 上午 第18题】小王在公司局域网中用Delphi编写了客户端应用程序，后台数据库使用MS NT4+SQL Server，应用程序通过ODBC连接到后台数据库。此处的ODBC是<br>A. 中间件<br>B. Web Service<br>C. COM构件<br>D. Web容器,正确答案：A,"- 解析：数据库访问中间件通过一个抽象层访问数据库，允许使用相同或相似的代码访问不同的数据库资源。ODBC（Open Database Connectivity）是Windows平台上的数据库访问中间件技术。同样，Java平台的JDBC也属于数据库访问中间件。<br>- 错项分析：A-ODBC是典型的数据库访问中间件，正确；B-Web Service是面向服务的架构技术，用于跨平台通信；C-COM构件是微软的组件对象模型技术；D-Web容器是J2EE中运行Servlet/JSP的环境。<br>- 题干信号：""ODBC"" → 知道ODBC是数据库访问中间件即可。<br>- 关联专题：T-MIDDLEWARE-001<br>- 可迁移考点：中间件的分类（数据库访问、消息、事务、分布式对象等），ODBC与JDBC的对应关系。<br>- 来源：questions.full.clean.md / 2010年上半年上午第18题",question,上午选择,,,,,ODBC,,,,T-MIDDLEWARE-001,T-MIDDLEWARE-001,SRC-Q-2010-S1-M-018,outputs/anki_builds/full_expansion_20260521_003052/question_cards/morning_choice_cards_2010.md,2010年 上午选择题 真题刷题卡,,T-MIDDLEWARE-001,keep,"题干和选项完整，解析充分，答案明确。

---",ruankao ruankao::family::question ruankao::card_type::上午选择 ruankao::importance:: ruankao::exam_use::ODBC ruankao::topic::T-MIDDLEWARE-001,sha256:303da8b6e7018130ec2a3120
软考::系统集成项目管理工程师::真题刷题卡::上午选择题,Basic,【2010上半年 上午 第19题】哪个标准制定了无线局域网访问控制方法与物理层规范？<br>A. IEEE 802.3<br>B. IEEE 802.11<br>C. IEEE 802.15<br>D. IEEE 802.16,正确答案：B,"- 解析：IEEE 802标准委员会定义了多种局域网标准：802.3是以太网标准；802.11是无线局域网（WLAN）标准；802.15是个人区域网（蓝牙）标准；802.16是宽带无线城域网（WiMAX）标准。<br>- 错项分析：A-802.3是以太网标准（有线）；B-802.11是无线局域网（WLAN/Wi-Fi）标准，正确；C-802.15是无线个人区域网（WPAN/蓝牙）；D-802.16是宽带无线城域网（WiMAX）。<br>- 题干信号：""无线局域网""、""访问控制方法与物理层规范"" → 熟悉IEEE 802系列标准。<br>- 关联专题：T-NETWORK-001<br>- 可迁移考点：802.3（以太网）、802.11（Wi-Fi）、802.15（蓝牙）、802.16（WiMAX）协议系列的区分。<br>- 来源：questions.full.clean.md / 2010年上半年上午第19题",question,上午选择,,,,,无线局域网标准,,,,T-NETWORK-001,T-NETWORK-001,SRC-Q-2010-S1-M-019,outputs/anki_builds/full_expansion_20260521_003052/question_cards/morning_choice_cards_2010.md,2010年 上午选择题 真题刷题卡,,T-NETWORK-001,keep,"题干和选项完整，解析充分，答案明确。

---",ruankao ruankao::family::question ruankao::card_type::上午选择 ruankao::importance:: ruankao::exam_use::无线局域网标准 ruankao::topic::T-NETWORK-001,sha256:63f207564a5fb6fabde29ff9
软考::系统集成项目管理工程师::真题刷题卡::上午选择题,Basic,【2010上半年 上午 第20题】可以实现在Internet上任意两台计算机之间传输文件的协议是<br>A. FTP<br>B. HTTP<br>C. SMTP<br>D. SNMP,正确答案：A,"- 解析：FTP（File Transfer Protocol）是Internet上用来传送文件的协议。HTTP是超文本传输协议（网页浏览）；SMTP是简单邮件传输协议（发送邮件）；SNMP是简单网络管理协议（网络管理）。<br>- 错项分析：A-FTP是文件传输协议，正确；B-HTTP用于网页浏览传输超文本；C-SMTP用于电子邮件发送；D-SNMP用于网络设备管理。<br>- 题干信号：""传输文件"" → 简单直接的协议功能识别题。<br>- 关联专题：T-NETWORK-001<br>- 可迁移考点：TCP/IP协议族中常见协议的功能（FTP、HTTP、SMTP、SNMP、DNS、DHCP等）。<br>- 来源：questions.full.clean.md / 2010年上半年上午第20题",question,上午选择,,,,,FTP协议,,,,T-NETWORK-001,T-NETWORK-001,SRC-Q-2010-S1-M-020,outputs/anki_builds/full_expansion_20260521_003052/question_cards/morning_choice_cards_2010.md,2010年 上午选择题 真题刷题卡,,T-NETWORK-001,keep,"题干和选项完整，解析充分，答案明确。

---",ruankao ruankao::family::question ruankao::card_type::上午选择 ruankao::importance:: ruankao::exam_use::FTP协议 ruankao::topic::T-NETWORK-001,sha256:e559833593d3651fd0432b6c
软考::系统集成项目管理工程师::真题刷题卡::上午选择题,Basic,"【2010上半年 上午 第21题】我国颁布的《大楼通信综合布线系统YD/T926》标准的适用范围是跨度距离不超过多少米，办公总面积不超过1,000,000平方米的布线区域？<br>A. 500<br>B. 1000<br>C. 2000<br>D. 3000",正确答案：D,"- 解析：通信行业标准《大楼通信综合布线系统》（YD/T926）的适用范围是跨越距离不超过3000米、建筑总面积不超过100万平方米的布线区域，区域内的人员为50人至5万人。<br>- 错项分析：A-500米不符合标准；B-1000米不符合标准；C-2000米不符合标准；D-3000米是标准规定的跨度距离，正确。<br>- 题干信号：""跨度距离不超过"" → 记忆型数字题。<br>- 关联专题：T-CABLING-001<br>- 可迁移考点：综合布线系统相关标准及适用范围参数。<br>- 来源：questions.full.clean.md / 2010年上半年上午第21题",question,上午选择,,,,,综合布线标准,,,,T-CABLING-001,T-CABLING-001,SRC-Q-2010-S1-M-021,outputs/anki_builds/full_expansion_20260521_003052/question_cards/morning_choice_cards_2010.md,2010年 上午选择题 真题刷题卡,,T-CABLING-001,keep,"题干和选项完整，解析充分，答案明确。

---",ruankao ruankao::family::question ruankao::card_type::上午选择 ruankao::importance:: ruankao::exam_use::综合布线标准 ruankao::topic::T-CABLING-001,sha256:505fae903803f82c07d0340e
软考::系统集成项目管理工程师::真题刷题卡::上午选择题,Basic,【2010上半年 上午 第22题】根据《电子信息系统机房设计规范》，以下哪项叙述是错误的？<br>A. 某机房内面积为125平方米，共设置了三个安全出口<br>B. 机房内所有设备的金属外壳、各类金属管道、金属线槽、建筑物金属结构等必须进行等电位联结并接地<br>C. 机房内的照明线路宜穿钢管暗敷或在吊顶内穿钢管明敷<br>D. 为了保证通风，A级电子信息系统机房应设置外窗,正确答案：D,"- 解析：《电子信息系统机房设计规范》（GB50174-2008）第6.4.6条款指出：A级和B级电子信息系统机房的主机房不宜设置外窗。因此为了保证通风而设置外窗的做法是错误的。<br>- 错项分析：A-面积超过100平方米设三个安全出口合理；B-等电位联结和接地是安全要求，描述正确；C-照明线路穿钢管敷设符合防火要求；D-A级机房不宜设置外窗，错误。<br>- 题干信号：""错误的"" + ""机房设计规范"" → 记忆A、B级机房不宜设外窗这一禁止性条款。<br>- 关联专题：T-IDC-DESIGN-001<br>- 可迁移考点：《电子信息系统机房设计规范》中关于安全出口、等电位、照明、外窗等的要求。<br>- 来源：questions.full.clean.md / 2010年上半年上午第22题",question,上午选择,,,,,机房设计规范,,,,T-IDC-DESIGN-001,T-IDC-DESIGN-001,SRC-Q-2010-S1-M-022,outputs/anki_builds/full_expansion_20260521_003052/question_cards/morning_choice_cards_2010.md,2010年 上午选择题 真题刷题卡,,T-IDC-DESIGN-001,keep,"题干和选项完整，解析充分，答案明确。

---",ruankao ruankao::family::question ruankao::card_type::上午选择 ruankao::importance:: ruankao::exam_use::机房设计规范 ruankao::topic::T-IDC-DESIGN-001,sha256:42d666d89755ac6229fa35c3
软考::系统集成项目管理工程师::真题刷题卡::上午选择题,Basic,【2010上半年 上午 第23题】SAN存储技术的特点包括<br>①高度的可扩展性 ②复杂但体系化的存储管理方式 ③优化的资源和服务共享 ④高度的可用性<br>A. ①③④<br>B. ①②④<br>C. ①②③<br>D. ②③④,正确答案：A,"- 解析：SAN是采用高速光纤通道作为传输介质的网络存储技术，拥有极度的可扩展性、简化的存储管理（注意是简化不是复杂化）、优化的资源和服务共享以及高度可用性。②说""复杂""的存储管理方式是错误的，应为""简化""的存储管理。<br>- 错项分析：A-①③④正确，②错误（应为""简化""而非""复杂""）；B-包含②错误项；C-包含②错误项；D-漏了①，包含了②。<br>- 题干信号：""SAN存储技术的特点"" → 注意""复杂""与""简化""的用词区别。<br>- 关联专题：T-STORAGE-001<br>- 可迁移考点：SAN与NAS的区别、DAS/SAN/NAS三种存储架构的对比。<br>- 来源：questions.full.clean.md / 2010年上半年上午第23题",question,上午选择,,,,,SAN存储,,,,T-STORAGE-001,T-STORAGE-001,SRC-Q-2010-S1-M-023,outputs/anki_builds/full_expansion_20260521_003052/question_cards/morning_choice_cards_2010.md,2010年 上午选择题 真题刷题卡,,T-STORAGE-001,keep,"题干和选项完整，解析充分，答案明确。

---",ruankao ruankao::family::question ruankao::card_type::上午选择 ruankao::importance:: ruankao::exam_use::SAN存储 ruankao::topic::T-STORAGE-001,sha256:703b49c1b9aced3145713529
软考::系统集成项目管理工程师::真题刷题卡::上午选择题,Basic,【2010上半年 上午 第26题】某企业应用系统为保证运行安全，只允许操作人员在规定的工作时间段内登录该系统进行业务操作，这种安全策略属于哪个层次？<br>A. 数据域安全<br>B. 功能性安全<br>C. 资源访问安全<br>D. 系统级安全,正确答案：D,"- 解析：系统级的安全策略包括敏感系统的隔离、访问IP地址段的限制、登录时间段的限制、会话时间的限制、连接数的限制、特定时间段内登录次数的限制以及远程访问控制等。系统级安全是应用系统的第一道防线。<br>- 错项分析：A-数据域安全关注数据记录的访问权限；B-功能性安全关注功能的访问控制；C-资源访问安全关注资源的访问权限；D-登录时间段限制属于系统级安全，正确。<br>- 题干信号：""规定的工作时间段内登录"" → 登录时间段的限制属于系统级安全策略。<br>- 关联专题：T-SECURITY-001<br>- 可迁移考点：应用系统安全的四个层次（系统级、资源访问、功能性、数据域）由粗到细的粒度区分。<br>- 来源：questions.full.clean.md / 2010年上半年上午第26题",question,上午选择,,,,,安全策略层次,,,,T-SECURITY-001,T-SECURITY-001,SRC-Q-2010-S1-M-026,outputs/anki_builds/full_expansion_20260521_003052/question_cards/morning_choice_cards_2010.md,2010年 上午选择题 真题刷题卡,,T-SECURITY-001,keep,"题干和选项完整，解析充分，答案明确。

---",ruankao ruankao::family::question ruankao::card_type::上午选择 ruankao::importance:: ruankao::exam_use::安全策略层次 ruankao::topic::T-SECURITY-001,sha256:565c2554f63d33b8253dd5db
软考::系统集成项目管理工程师::真题刷题卡::上午选择题,Basic,【2010上半年 上午 第27题】基于用户名和口令的用户入网访问控制可分为哪三个步骤？<br>A. 用户名的识别与验证、用户口令的识别与验证、用户账号的默认限制检查<br>B. 用户名的识别与验证、用户口令的识别与验证、用户权限的识别与控制<br>C. 用户身份识别与验证、用户口令的识别与验证、用户权限的识别与控制<br>D. 用户账号的默认限制检查、用户口令的识别与验证、用户权限的识别与控制,正确答案：A,"- 解析：用户入网访问控制三步：第一步用户名的识别与验证，第二步用户口令的识别与验证，第三步用户账号的默认限制检查（如是否允许该账号在此时段登录、是否超过最大登录次数等）。权限控制在登录之后由访问控制表（ACL）管理。<br>- 错项分析：A-三步顺序正确，内容准确，正确；B-第三步应为""默认限制检查""而非""权限识别与控制""；C-第一步应分为""用户名""而非笼统的""身份""；D-顺序有误，先验证用户名和口令，再检查限制。<br>- 题干信号：""三个步骤"" + ""入网访问控制"" → 记住三步的精确内容，区分""权限控制""和""默认限制检查""。<br>- 关联专题：T-SECURITY-001<br>- 可迁移考点：访问控制的三个步骤与访问控制表（ACL）的关系。<br>- 来源：questions.full.clean.md / 2010年上半年上午第27题",question,上午选择,,,,,入网访问控制,,,,T-SECURITY-001,T-SECURITY-001,SRC-Q-2010-S1-M-027,outputs/anki_builds/full_expansion_20260521_003052/question_cards/morning_choice_cards_2010.md,2010年 上午选择题 真题刷题卡,,T-SECURITY-001,keep,"题干和选项完整，解析充分，答案明确。

---",ruankao ruankao::family::question ruankao::card_type::上午选择 ruankao::importance:: ruankao::exam_use::入网访问控制 ruankao::topic::T-SECURITY-001,sha256:7fcbb36c67e0574c3b3fe9de
软考::系统集成项目管理工程师::真题刷题卡::上午选择题,Basic,【2010上半年 上午 第28题】Web Service技术适用于哪类应用？<br>①跨越防火墙 ②应用系统集成 ③单机应用程序 ④B2B应用 ⑤软件重用 ⑥局域网上的同构应用程序<br>A. ③④⑤<br>B. ②④⑤⑥<br>C. ①③④⑥<br>D. ①②④⑤,正确答案：D,"- 解析：Web服务的主要目标是跨平台的互操作性。适合使用Web Services的情况：跨越防火墙、应用程序集成、B2B集成和软件重用。不适合的情况：单机应用程序（不需要跨网络）以及局域网上的同构应用程序（同构环境下有更高效的通信方式）。<br>- 错项分析：A-包含③单机应用，不适合；B-包含⑥同构应用，不适合；C-包含③和⑥，都不适合；D-①②④⑤全部适合Web Service，正确。<br>- 题干信号：""Web Service技术适用于"" → 记住""跨平台互操作""这一核心特征，排除单机和同构场景。<br>- 关联专题：T-WEBSERVICE-001<br>- 可迁移考点：Web Service的适用场景与不适用场景。<br>- 来源：questions.full.clean.md / 2010年上半年上午第28题",question,上午选择,,,,,Web Service,,,,T-WEBSERVICE-001,T-WEBSERVICE-001,SRC-Q-2010-S1-M-028,outputs/anki_builds/full_expansion_20260521_003052/question_cards/morning_choice_cards_2010.md,2010年 上午选择题 真题刷题卡,,T-WEBSERVICE-001,keep,"题干和选项完整，解析充分，答案明确。

---",ruankao ruankao::family::question ruankao::card_type::上午选择 ruankao::importance:: ruankao::exam_use::Web_Service ruankao::topic::T-WEBSERVICE-001,sha256:016968dc27635edd698b4131
软考::系统集成项目管理工程师::真题刷题卡::上午选择题,Basic,【2010上半年 上午 第29题】以下关于J2EE应用服务器运行环境的叙述中，正确的是<br>A. 容器是构件的运行环境<br>B. 构件是应用服务器提供的各种功能接口<br>C. 构件可以与系统资源进行交互<br>D. 服务是表示应用逻辑的代码,正确答案：A,"- 解析：J2EE应用服务器运行环境包括构件（Component）、容器（Container）及服务（Services）三部分。构件是表示应用逻辑的代码；容器是构件的运行环境；服务是应用服务器提供的各种功能接口，可以同系统资源进行交互。<br>- 错项分析：A-容器是构件的运行环境，正确；B-构件是应用逻辑代码，不是功能接口；C-是服务可以与系统资源交互，不是构件；D-服务是功能接口，构件才是应用逻辑的代码。<br>- 题干信号：""J2EE"" + ""运行环境"" → 需要清晰区分构件、容器、服务三个概念。<br>- 关联专题：T-J2EE-001<br>- 可迁移考点：J2EE中的构件、容器、服务的定义与关系。<br>- 来源：questions.full.clean.md / 2010年上半年上午第29题",question,上午选择,,,,,J2EE架构,,,,T-J2EE-001,T-J2EE-001,SRC-Q-2010-S1-M-029,outputs/anki_builds/full_expansion_20260521_003052/question_cards/morning_choice_cards_2010.md,2010年 上午选择题 真题刷题卡,,T-J2EE-001,keep,"题干和选项完整，解析充分，答案明确。

---",ruankao ruankao::family::question ruankao::card_type::上午选择 ruankao::importance:: ruankao::exam_use::J2EE架构 ruankao::topic::T-J2EE-001,sha256:8b17e5ed96f16c0c3fd6db9e
软考::系统集成项目管理工程师::真题刷题卡::上午选择题,Basic,【2010上半年 上午 第30题】以下关于数据仓库与数据库的叙述中，正确的是<br>A. 数据仓库的数据高度结构化、复杂、适合操作计算；而数据库的数据结构比较简单，适合分析<br>B. 数据仓库的数据是历史的、归档的、处理过的数据；数据库的数据反映当前的数据<br>C. 数据仓库中的数据使用频率较高；数据库中的数据使用频率较低<br>D. 数据仓库中的数据是动态变化的，可以直接更新；数据库中的数据是静态的，不能直接更新,正确答案：B,"- 解析：数据库技术以事务处理为中心（OLTP），数据反映当前状态，实时更新。数据仓库是面向主题的、集成的、相对稳定的、反映历史变化的数据集合（OLAP），用于支持管理决策。数据仓库中的数据是历史的、归档的、处理过的数据，只有少量修改和删除操作。<br>- 错项分析：A-说反了，数据库适合操作计算（OLTP），数据仓库适合分析（OLAP）；B-数据仓库是历史的，数据库是当前的，正确；C-数据仓库使用频率低（决策分析用），数据库使用频率高（日常事务）；D-说反了，数据库是动态变化的，数据仓库相对稳定。<br>- 题干信号：""数据仓库与数据库的叙述"" → 对比分析型，抓住OLTP vs OLAP的核心区别。<br>- 关联专题：T-DATA-WAREHOUSE-001<br>- 可迁移考点：数据库（OLTP）与数据仓库（OLAP）的多维度对比。<br>- 来源：questions.full.clean.md / 2010年上半年上午第30题",question,上午选择,,,,,数据仓库,,,,T-DATA-WAREHOUSE-001,T-DATA-WAREHOUSE-001,SRC-Q-2010-S1-M-030,outputs/anki_builds/full_expansion_20260521_003052/question_cards/morning_choice_cards_2010.md,2010年 上午选择题 真题刷题卡,,T-DATA-WAREHOUSE-001,keep,"题干和选项完整，解析充分，答案明确。

---",ruankao ruankao::family::question ruankao::card_type::上午选择 ruankao::importance:: ruankao::exam_use::数据仓库 ruankao::topic::T-DATA-WAREHOUSE-001,sha256:b454f6c1cad02188270ae5f8
软考::系统集成项目管理工程师::真题刷题卡::上午选择题,Basic,【2010上半年 上午 第31题】以下围绕项目章程的叙述中，不正确的是<br>A. 制定项目章程的工具和技术包括专家判断<br>B. 项目章程要为项目经理提供授权，方便其使用组织资源进行项目活动<br>C. 项目章程应当由项目发起人发布<br>D. 项目经理应在制定项目章程后再任命,正确答案：D,"- 解析：项目章程是正式批准项目的文档，应当由项目发起人发布。制定项目章程的工具和技术包括专家判断。项目章程为项目经理提供授权。但项目经理应在制定项目章程之前或之初就任命，以便参与项目章程的制定。D项说""再任命""是错误的。<br>- 错项分析：A-专家判断是制定项目章程的工具和技术，正确；B-项目章程授权项目经理使用组织资源，正确；C-项目章程由项目发起人或投资人发布，正确；D-项目经理应在项目章程制定前或之初任命，而非之后。<br>- 题干信号：""项目章程"" + ""不正确的"" → 项目经理任命与项目章程发布的时间顺序。<br>- 关联专题：T-PROJECT-CH-001<br>- 可迁移考点：项目章程的作用、内容、发布者、与项目经理关系。<br>- 来源：questions.full.clean.md / 2010年上半年上午第31题",question,上午选择,,,,,项目章程,,,,T-PROJECT-CH-001,T-PROJECT-CH-001,SRC-Q-2010-S1-M-031,outputs/anki_builds/full_expansion_20260521_003052/question_cards/morning_choice_cards_2010.md,2010年 上午选择题 真题刷题卡,,T-PROJECT-CH-001,keep,"题干和选项完整，解析充分，答案明确。

---",ruankao ruankao::family::question ruankao::card_type::上午选择 ruankao::importance:: ruankao::exam_use::项目章程 ruankao::topic::T-PROJECT-CH-001,sha256:15193e07e2cb9067098324a0
软考::系统集成项目管理工程师::真题刷题卡::上午选择题,Basic,【2010上半年 上午 第32题】在编制项目管理计划时，项目经理应遵循编制原则和要求，使项目计划符合项目实际管理的需要。以下关于项目管理计划的叙述中，不正确的是<br>A. 应由项目经理独立进行编制<br>B. 可以是概括的<br>C. 项目管理计划可以逐步精确<br>D. 让干系人参与项目计划的编制,正确答案：A,"- 解析：编制项目管理计划应遵循全局性、全过程性、人员与资源统一组织与管理、技术工作与管理工作协调等原则。其中重要原则包括：各干系人的参与和逐步精确。计划应让各干系人参与编制，而非项目经理独立完成。<br>- 错项分析：A-计划应由各干系人参与编制，而非项目经理独立完成，错误；B-计划可以是概括的（渐进明细）；C-计划可以逐步精确（滚动式规划）；D-干系人参与是制定计划的重要原则。<br>- 题干信号：""不正确的"" + ""项目管理计划"" → 记住原则：干系人参与、渐进明细、全局性。<br>- 关联专题：T-PM-PLAN-001<br>- 可迁移考点：项目管理计划编制的原则（干系人参与、渐进明细、全局性等）。<br>- 来源：questions.full.clean.md / 2010年上半年上午第32题",question,上午选择,,,,,项目管理计划,,,,T-PM-PLAN-001,T-PM-PLAN-001,SRC-Q-2010-S1-M-032,outputs/anki_builds/full_expansion_20260521_003052/question_cards/morning_choice_cards_2010.md,2010年 上午选择题 真题刷题卡,,T-PM-PLAN-001,keep,"题干和选项完整，解析充分，答案明确。

---",ruankao ruankao::family::question ruankao::card_type::上午选择 ruankao::importance:: ruankao::exam_use::项目管理计划 ruankao::topic::T-PM-PLAN-001,sha256:49f4190877ed363d5c4581b5
软考::系统集成项目管理工程师::真题刷题卡::上午选择题,Basic,【2010上半年 上午 第33题】在项目实施过程中，项目经理通过项目周报中的项目进度分析图表发现机房施工进度有延期风险。项目经理立即组织相关人员进行分析，下达了关于改进措施的书面指令。该指令属于<br>A. 检查措施<br>B. 缺陷补救措施<br>C. 预防措施<br>D. 纠正措施,正确答案：C,"- 解析：预防措施是为降低项目风险的可能性而提出的建议，在问题发生前采取行动。纠正措施是针对已发生的偏差进行修正。该案例中""发现进度有延期风险""是在问题尚未发生之前采取的措施，属于预防措施。缺陷补救是针对质量缺陷的修复。<br>- 错项分析：A-检查措施是检查活动本身；B-缺陷补救针对已发现的质量缺陷；C-针对尚未发生的风险采取措施，属于预防措施，正确；D-纠正措施针对已发生的偏差。<br>- 题干信号：""有延期风险""而非""已延期"" → 关键词""风险""暗示问题尚未发生。<br>- 关联专题：T-RISK-001<br>- 可迁移考点：预防措施与纠正措施的区别（问题发生前vs发生后）。<br>- 来源：questions.full.clean.md / 2010年上半年上午第33题",question,上午选择,,,,,预防措施,,,,T-RISK-001,T-RISK-001,SRC-Q-2010-S1-M-033,outputs/anki_builds/full_expansion_20260521_003052/question_cards/morning_choice_cards_2010.md,2010年 上午选择题 真题刷题卡,,T-RISK-001,keep,"题干和选项完整，解析充分，答案明确。

---",ruankao ruankao::family::question ruankao::card_type::上午选择 ruankao::importance:: ruankao::exam_use::预防措施 ruankao::topic::T-RISK-001,sha256:737cc0435d5377a66c8dfd1c
软考::系统集成项目管理工程师::真题刷题卡::上午选择题,Basic,【2010上半年 上午 第35题】一项新的国家标准出台，某项目经理意识到新标准中的某些规定将导致其目前负责的一个项目必须重新设定一项技术指标，该项目经理首先应该<br>A. 撰写一份书面的变更请求<br>B. 召开一次变更控制委员会会议，讨论所面临的问题<br>C. 通知受到影响的项目干系人将采取新的项目计划<br>D. 修改项目计划和WBS，以保证该项目产品符合新标准,正确答案：A,"- 解析：当发现需要变更时，第一步应提出书面的变更请求，将变更纳入正式的变更管理流程。之后才是由CCB评估和审批变更、通知干系人、修改计划等后续步骤。不能跳过正式流程直接修改计划或通知干系人。<br>- 错项分析：A-先提交书面的变更请求是变更管理的第一步，正确；B-应先提交变更请求，再由CCB召开会议；C-应先走变更流程，批准后再通知干系人；D-不能未经审批直接修改计划和WBS。<br>- 题干信号：""意识到...必须重新设定""、""首先应该"" → 变更管理第一步永远是提交变更请求。<br>- 关联专题：T-CHANGE-MGMT-001<br>- 可迁移考点：变更管理流程（申请→评估→批准→实施→验证→发布）。<br>- 来源：questions.full.clean.md / 2010年上半年上午第35题",question,上午选择,,,,,变更请求,,,,T-CHANGE-MGMT-001,T-CHANGE-MGMT-001,SRC-Q-2010-S1-M-035,outputs/anki_builds/full_expansion_20260521_003052/question_cards/morning_choice_cards_2010.md,2010年 上午选择题 真题刷题卡,,T-CHANGE-MGMT-001,keep,"题干和选项完整，解析充分，答案明确。

---",ruankao ruankao::family::question ruankao::card_type::上午选择 ruankao::importance:: ruankao::exam_use::变更请求 ruankao::topic::T-CHANGE-MGMT-001,sha256:ceb8c1229906550b6f35919d
软考::系统集成项目管理工程师::真题刷题卡::上午选择题,Basic,【2010上半年 上午 第36题】项目经理对某软件需求分析活动历时估算的结果是：该活动用时2周（每周5天）。随后对其进行后备分析，确定的增加时间是2天。以下针对该项目后备分析结果的叙述中，不正确的是<br>A. 增加软件需求分析的应急时间是2天<br>B. 增加软件需求分析的缓冲时间是该活动历时的20%<br>C. 增加软件需求分析的时间储备是20%<br>D. 增加软件需求分析的历时标准差是2天,正确答案：D,"- 解析：后备分析是在制定进度计划时增加""应急时间""、""时间储备""或""缓冲时间""。2天应急时间占10天（2周）的20%。但""标准差""是三点估算法的概念，用于计算活动历时的不确定性，不是后备分析的结果。<br>- 错项分析：A-增加的2天就是应急时间，正确；B-2/10=20%，正确；C-时间储备=20%，正确；D-标准差需要三点估算（最乐观、最可能、最悲观）才能计算，后备分析不涉及标准差，错误。<br>- 题干信号：""后备分析""、""不正确的"" → 后备分析与三点估算的标准差是两个不同概念。<br>- 关联专题：T-SCHEDULE-001<br>- 可迁移考点：后备分析（应急时间/时间储备）与三点估算（标准差/方差）的区别。<br>- 来源：questions.full.clean.md / 2010年上半年上午第36题",question,上午选择,,,,,后备分析,,,,T-SCHEDULE-001,T-SCHEDULE-001,SRC-Q-2010-S1-M-036,outputs/anki_builds/full_expansion_20260521_003052/question_cards/morning_choice_cards_2010.md,2010年 上午选择题 真题刷题卡,,T-SCHEDULE-001,keep,"题干和选项完整，解析充分，答案明确。

---",ruankao ruankao::family::question ruankao::card_type::上午选择 ruankao::importance:: ruankao::exam_use::后备分析 ruankao::topic::T-SCHEDULE-001,sha256:78804db6b8a38678049bdfd1
软考::系统集成项目管理工程师::真题刷题卡::上午选择题,Basic,【2010上半年 上午 第37题】在工程网络计划中，工作M的最早开始时间为第16天，持续时间为5天。该工作有三项紧后工作，最早开始时间分别为第25天、第27天和第30天，最迟开始时间分别为第28天、第29天和第30天。则工作M的总时差为多少天？<br>A. 5<br>B. 6<br>C. 7<br>D. 9,正确答案：C,"- 解析：①工作M最早结束时间=16+5=21天。②工作M的最迟结束时间=min（紧后工作的最迟开始时间）=min（28,29,30）=28天。③工作M的总时差=最迟结束时间-最早结束时间=28-21=7天。<br>- 错项分析：掌握总时差计算公式：TF = LF - EF = LS - ES。<br>- 题干信号：""总时差为多少天"" → 总时差=最迟结束-最早结束=最迟开始-最早开始。<br>- 关联专题：T-SCHEDULE-001<br>- 可迁移考点：总时差与自由时差的区别和计算；关键路径的确定。<br>- 来源：questions.full.clean.md / 2010年上半年上午第37题",question,上午选择,,,,,总时差,,,,T-SCHEDULE-001,T-SCHEDULE-001,SRC-Q-2010-S1-M-037,outputs/anki_builds/full_expansion_20260521_003052/question_cards/morning_choice_cards_2010.md,2010年 上午选择题 真题刷题卡,,T-SCHEDULE-001,keep,"题干和选项完整，解析充分，答案明确。

---",ruankao ruankao::family::question ruankao::card_type::上午选择 ruankao::importance:: ruankao::exam_use::总时差 ruankao::topic::T-SCHEDULE-001,sha256:8c00ada43478518da636b57b
软考::系统集成项目管理工程师::真题刷题卡::上午选择题,Basic,【2010上半年 上午 第38题】以下关于关键路径法的叙述，不正确的是<br>A. 如果关键路径中的一个活动延迟，将会影响整个项目计划<br>B. 关键路径包括所有项目进度控制点<br>C. 如果有两个或两个以上的路径长度一样，就有可能存在多个关键路径<br>D. 关键路径可随项目的进展而改变,正确答案：B,"- 解析：关键路径是进度网络图中历时最长的路径，决定项目工期。如果关键路径活动延迟，会影响总工期。关键路径不一定包括所有里程碑（控制点）。当多个路径长度相同时可能存在多个关键路径。关键路径可随项目进展而改变。<br>- 错项分析：A-关键路径上的延迟直接影响总工期，正确；B-关键路径不一定包含所有进度控制点（里程碑），错误；C-多个路径长度相同时可能存在多个关键路径，正确；D-关键路径可因进度变化而改变，正确。<br>- 题干信号：""不正确的"" + ""关键路径法"" → 关键路径不包含所有里程碑。<br>- 关联专题：T-SCHEDULE-001<br>- 可迁移考点：关键路径的定义、特征、与里程碑的关系。<br>- 来源：questions.full.clean.md / 2010年上半年上午第38题",question,上午选择,,,,,关键路径,,,,T-SCHEDULE-001,T-SCHEDULE-001,SRC-Q-2010-S1-M-038,outputs/anki_builds/full_expansion_20260521_003052/question_cards/morning_choice_cards_2010.md,2010年 上午选择题 真题刷题卡,,T-SCHEDULE-001,keep,"题干和选项完整，解析充分，答案明确。

---",ruankao ruankao::family::question ruankao::card_type::上午选择 ruankao::importance:: ruankao::exam_use::关键路径 ruankao::topic::T-SCHEDULE-001,sha256:a78e1bcddbe0501b79fe731e
软考::系统集成项目管理工程师::真题刷题卡::上午选择题,Basic,【2010上半年 上午 第39题】在软件开发项目实施过程中，由于进度需要，有时要采取快速跟进措施。以下哪项属于快速跟进范畴？<br>A. 压缩需求分析工作周期<br>B. 设计图纸全部完成前就开始现场施工准备工作<br>C. 使用最好的工程师，加班加点尽快完成需求分析说明书编制工作<br>D. 同其他项目协调好关系以减少行政管理的磨擦,正确答案：B,"- 解析：快速跟进是指将原本串行的活动改为并行或部分并行执行。选项B中在""设计图纸全部完成前就开始现场施工准备工作""，就是将串行改为并行，属于快速跟进。A和C属于赶工（投入更多资源加快单一活动）；D属于协调管理。<br>- 错项分析：A-压缩工作周期属于赶工（增加资源）；B-设计未完成就并行开展施工，串行改并行，正确；C-用最好的人加班是赶工；D-协调关系不是进度压缩技术。<br>- 题干信号：""快速跟进范畴"" → 关键判断：是否将串行活动改为并行。<br>- 关联专题：T-SCHEDULE-001<br>- 可迁移考点：进度压缩技术（赶工 vs 快速跟进）的区别和适用场景。<br>- 来源：questions.full.clean.md / 2010年上半年上午第39题",question,上午选择,,,,,快速跟进,,,,T-SCHEDULE-001,T-SCHEDULE-001,SRC-Q-2010-S1-M-039,outputs/anki_builds/full_expansion_20260521_003052/question_cards/morning_choice_cards_2010.md,2010年 上午选择题 真题刷题卡,,T-SCHEDULE-001,keep,"题干和选项完整，解析充分，答案明确。

---",ruankao ruankao::family::question ruankao::card_type::上午选择 ruankao::importance:: ruankao::exam_use::快速跟进 ruankao::topic::T-SCHEDULE-001,sha256:6d2a7365334ee3ef2164c2a1
软考::系统集成项目管理工程师::真题刷题卡::上午选择题,Basic,【2010上半年 上午 第41题】某公司最近在一家大型企业OA项目招标中胜出，小张被指定为该项目的项目经理。公司发布了项目章程，小张依据该章程等项目资料编制了由项目目标、可交付成果、项目边界及成本和质量测量指标等内容组成的什么文档？<br>A. 项目工作说明书<br>B. 范围管理计划<br>C. 范围说明书<br>D. WBS,正确答案：C,"- 解析：发布项目章程后，接着要对项目进行初步分解，明确项目范围。范围说明书的内容包括项目目标、可交付成果、项目边界、成本和质量测量指标等。项目工作说明书（SOW）是在项目启动前对产品的描述；范围管理计划是如何管理范围的计划；WBS是范围基准的一部分。<br>- 错项分析：A-工作说明书在项目章程之前；B-范围管理计划是""如何管理范围""而非""范围内容""；C-范围说明书包含项目目标、可交付成果、边界等，正确；D-WBS是工作分解结构，不含成本和质量测量指标。<br>- 题干信号：""依据项目章程""、""项目目标、可交付成果、项目边界"" → 范围说明书的典型内容。<br>- 关联专题：T-SCOPE-001<br>- 可迁移考点：项目工作说明书、范围说明书、范围管理计划、WBS的区别。<br>- 来源：questions.full.clean.md / 2010年上半年上午第41题",question,上午选择,,,,,范围说明书,,,,T-SCOPE-001,T-SCOPE-001,SRC-Q-2010-S1-M-041,outputs/anki_builds/full_expansion_20260521_003052/question_cards/morning_choice_cards_2010.md,2010年 上午选择题 真题刷题卡,,T-SCOPE-001,keep,"题干和选项完整，解析充分，答案明确。

---",ruankao ruankao::family::question ruankao::card_type::上午选择 ruankao::importance:: ruankao::exam_use::范围说明书 ruankao::topic::T-SCOPE-001,sha256:c2629f1d184cc65ff94ae106
软考::系统集成项目管理工程师::真题刷题卡::上午选择题,Basic,【2010上半年 上午 第42题】下面关于项目范围确认的描述，正确的是<br>A. 范围确认是一项对项目范围说明书进行评审的活动<br>B. 范围确认活动通常由项目组和质量管理员参与执行即可<br>C. 范围确认过程中可能会产生变更申请<br>D. 范围确认属于一项质量控制活动,正确答案：C,"- 解析：范围确认是客户等项目干系人正式验收并接受已完成的项目可交付物的过程。范围确认过程中可能产生变更申请（如对缺陷的修复要求）。范围确认需要客户参与，而非仅项目组和质管员。范围确认是范围管理的一部分，不属于质量控制。<br>- 错项分析：A-范围确认是对可交付物的验收，不是对范围说明书的评审；B-范围确认需要客户等干系人参与；C-确认中发现问题可能触发变更申请，正确；D-范围确认是范围管理过程，不是质量控制。<br>- 题干信号：""关于项目范围确认描述，正确的是"" → 范围确认是客户对可交付物的正式验收。<br>- 关联专题：T-SCOPE-001<br>- 可迁移考点：范围确认与质量控制的区别、范围确认的输入输出。<br>- 来源：questions.full.clean.md / 2010年上半年上午第42题",question,上午选择,,,,,范围确认,,,,T-SCOPE-001,T-SCOPE-001,SRC-Q-2010-S1-M-042,outputs/anki_builds/full_expansion_20260521_003052/question_cards/morning_choice_cards_2010.md,2010年 上午选择题 真题刷题卡,,T-SCOPE-001,keep,"题干和选项完整，解析充分，答案明确。

---",ruankao ruankao::family::question ruankao::card_type::上午选择 ruankao::importance:: ruankao::exam_use::范围确认 ruankao::topic::T-SCOPE-001,sha256:1a4929345e534d5c89b2efde
软考::系统集成项目管理工程师::真题刷题卡::上午选择题,Basic,【2010上半年 上午 第44题】某企业今年用于信息系统安全工程师的培训费用为5万元，其中有8000元计入A项目成本，该成本属于A项目的<br>A. 可变成本<br>B. 沉没成本<br>C. 实际成本（AC）<br>D. 间接成本,正确答案：D,"- 解析：间接成本是与项目相关但不能直接归于某个具体项目的成本，通常在多个项目之间分摊。培训费用是为多个项目服务的公共支出，按比例分摊到A项目，属于间接成本。可变成本随产量变化；沉没成本是已发生不可收回的成本；实际成本是已实际支出的成本。<br>- 错项分析：A-培训费用不随项目进度变化，不是可变成本；B-培训费用没有沉没（培训仍产生价值）；C-实际成本（AC）是挣值管理概念，范围不同；D-培训费用是间接分摊到项目的，属于间接成本，正确。<br>- 题干信号：""培训费用""、""计入A项目成本"" → 培训费通常为多个项目共享，属于间接成本。<br>- 关联专题：T-COST-001<br>- 可迁移考点：直接成本与间接成本的区分；可变成本、固定成本、沉没成本的概念。<br>- 来源：questions.full.clean.md / 2010年上半年上午第44题",question,上午选择,,,,,间接成本,,,,T-COST-001,T-COST-001,SRC-Q-2010-S1-M-044,outputs/anki_builds/full_expansion_20260521_003052/question_cards/morning_choice_cards_2010.md,2010年 上午选择题 真题刷题卡,,T-COST-001,keep,"题干和选项完整，解析充分，答案明确。

---",ruankao ruankao::family::question ruankao::card_type::上午选择 ruankao::importance:: ruankao::exam_use::间接成本 ruankao::topic::T-COST-001,sha256:dccbfcde4153df1b68d92bbd
软考::系统集成项目管理工程师::真题刷题卡::上午选择题,Basic,【2010上半年 上午 第45题】项目进行到某阶段时，项目经理进行了绩效分析，计算出CPI值为0.91。这表示<br>A. 项目的每91元人民币投资中可创造相当于100元的价值<br>B. 当项目完成时将会花费投资额的91%<br>C. 项目仅进展到计划进度的91%<br>D. 项目的每100元人民币投资中只创造相当于91元的价值,正确答案：D,"- 解析：CPI（成本绩效指数）= EV/AC。CPI=0.91意味着每花费1元钱只创造了0.91元的价值，即每100元投资只创造91元的价值。CPI<1表示成本超支。选项A将CPI的分子分母颠倒了（1/0.91≈1.1才是每91元创造100元）；选项B是EAC的预测功能，不准确；选项C指的是SPI。<br>- 错项分析：A-颠倒了，CPI=0.91是每100元得91元，不是每91元得100元；B-EAC预测有多种情况，不一定是91%；C-这是SPI（进度绩效指数）的含义；D-每100元投资只创造91元价值，正确。<br>- 题干信号：""CPI值为0.91"" → CPI<1成本超支，每花1元得0.91元价值。<br>- 关联专题：T-EVM-001<br>- 可迁移考点：CPI与SPI的含义及计算；挣值管理的核心指标。<br>- 来源：questions.full.clean.md / 2010年上半年上午第45题",question,上午选择,,,,,CPI指标,,,,T-EVM-001,T-EVM-001,SRC-Q-2010-S1-M-045,outputs/anki_builds/full_expansion_20260521_003052/question_cards/morning_choice_cards_2010.md,2010年 上午选择题 真题刷题卡,,T-EVM-001,keep,"题干和选项完整，解析充分，答案明确。

---",ruankao ruankao::family::question ruankao::card_type::上午选择 ruankao::importance:: ruankao::exam_use::CPI指标 ruankao::topic::T-EVM-001,sha256:e6223b10e5e757a18a1a04ea
软考::系统集成项目管理工程师::真题刷题卡::上午选择题,Basic,【2010上半年 上午 第47题】在项目人力资源计划编制中，根据组织现有的部门、单位或团队进行分解，把工作包和项目的活动列在负责的部门下面的图采用的是<br>A. 工作分解结构（WBS）<br>B. 组织分解结构（OBS）<br>C. 资源分解结构（RBS）<br>D. 责任分配矩阵（RAM）,正确答案：B,"- 解析：组织分解结构（OBS）按照组织现有的部门、单位或团队进行分解，将工作包和活动列在负责的部门下面。WBS是按可交付成果分解；RBS是按资源类别分解；RAM是将工作包分配给责任人的矩阵。<br>- 错项分析：A-WBS按可交付成果分解，不是按部门；B-OBS按部门/单位分解，正确；C-RBS按资源类别（人员、设备等）分解；D-RAM是责任分配矩阵，不是结构图。<br>- 题干信号：""根据组织现有的部门、单位或团队进行分解"" → OBS的核心特征是按组织单元分解。<br>- 关联专题：T-HR-001<br>- 可迁移考点：WBS、OBS、RBS、RAM四种分解/分配方式的区别。<br>- 来源：questions.full.clean.md / 2010年上半年上午第47题",question,上午选择,,,,,OBS,,,,T-HR-001,T-HR-001,SRC-Q-2010-S1-M-047,outputs/anki_builds/full_expansion_20260521_003052/question_cards/morning_choice_cards_2010.md,2010年 上午选择题 真题刷题卡,,T-HR-001,keep,"题干和选项完整，解析充分，答案明确。

---",ruankao ruankao::family::question ruankao::card_type::上午选择 ruankao::importance:: ruankao::exam_use::OBS ruankao::topic::T-HR-001,sha256:3b19e29db27860d5afaf97d5
软考::系统集成项目管理工程师::真题刷题卡::上午选择题,Basic,【2010上半年 上午 第49题】项目经理管理项目团队有时需要解决冲突，以下哪项属于解决冲突的范畴？<br>A. 强制、妥协、撤退<br>B. 强制、求同存异、观察<br>C. 妥协、求同存异、增加权威<br>D. 妥协、撤退、预防,正确答案：A,"- 解析：解决冲突的方法包括五种：解决问题（面对）、强制、妥协、撤退、求同存异（调和/ smoothing）。选项A中的""强制、妥协、撤退""都是正式的冲突解决方法。选项B中的""观察""、C中的""增加权威""、D中的""预防""不在标准五种方法之列。<br>- 错项分析：A-三种都是标准的冲突解决方法，正确；B-""观察""不是冲突解决方法；C-""增加权威""不是冲突解决方法；D-""预防""不是冲突解决方法。<br>- 题干信号：""解决冲突的范畴"" → 记住五种方法：解决问题、强制、妥协、撤退、求同存异。<br>- 关联专题：T-HR-001<br>- 可迁移考点：五种冲突解决方法的定义和适用场景（面对/强制/妥协/撤退/调和）。<br>- 来源：questions.full.clean.md / 2010年上半年上午第49题",question,上午选择,,,,,冲突解决,,,,T-HR-001,T-HR-001,SRC-Q-2010-S1-M-049,outputs/anki_builds/full_expansion_20260521_003052/question_cards/morning_choice_cards_2010.md,2010年 上午选择题 真题刷题卡,,T-HR-001,keep,"题干和选项完整，解析充分，答案明确。

---",ruankao ruankao::family::question ruankao::card_type::上午选择 ruankao::importance:: ruankao::exam_use::冲突解决 ruankao::topic::T-HR-001,sha256:c1a23749d0d13d82a8c6a43a
软考::系统集成项目管理工程师::真题刷题卡::上午选择题,Basic,【2010上半年 上午 第50题】某承建单位准备把机房项目中的消防系统工程分包出去，并准备了详细的设计图纸和各项说明。该项目工程包括：火灾自动报警、广播、火灾早期报警灭火等。该工程宜采用哪种合同类型？<br>A. 单价合同<br>B. 成本加酬金合同<br>C. 总价合同<br>D. 委托合同,正确答案：C,"- 解析：当需求明确、范围清晰、有详细的设计图纸和说明时，宜采用总价合同（固定总价），这样可以将成本风险转移给分包方，避免自己的成本超支。单价合同适用于工程量不确定的情况；成本加酬金合同适用于需求不明确的情况。<br>- 错项分析：A-单价合同适用于工程量不确定的场合；B-成本加酬金合同适用于需求不明确、创新性项目；C-有详细图纸和说明，范围明确，适合总价合同，正确；D-委托合同不是工程合同的常见类型。<br>- 题干信号：""详细的设计图纸和各项说明"" → 范围明确时选择总价合同。<br>- 关联专题：T-CONTRACT-001<br>- 可迁移考点：合同类型选择依据（总价/成本补偿/工料合同）与项目特点的关系。<br>- 来源：questions.full.clean.md / 2010年上半年上午第50题",question,上午选择,,,,,总价合同,,,,T-CONTRACT-001,T-CONTRACT-001,SRC-Q-2010-S1-M-050,outputs/anki_builds/full_expansion_20260521_003052/question_cards/morning_choice_cards_2010.md,2010年 上午选择题 真题刷题卡,,T-CONTRACT-001,keep,"题干和选项完整，解析充分，答案明确。

---",ruankao ruankao::family::question ruankao::card_type::上午选择 ruankao::importance:: ruankao::exam_use::总价合同 ruankao::topic::T-CONTRACT-001,sha256:a865cbc24ae438d37efd06e6
软考::系统集成项目管理工程师::真题刷题卡::上午选择题,Basic,"【2010上半年 上午 第51题】小王为本公司草拟了一份计算机设备采购合同，其中写到""乙方需按通常的行业标准提供技术支持服务""。经理审阅后要求小王修改，原因是<br>A. 文字表达不通顺<br>B. 格式不符合国家或行业标准的要求<br>C. 对合同标的的描述不够清晰、准确<br>D. 术语使用不当",正确答案：C,"- 解析：""通常的行业标准""属于模糊不清的表述，没有明确技术支持服务的具体内容、响应时间、服务级别等关键要素，导致合同标的（服务内容）描述不清晰、不准确。合同条款应具体明确、可衡量。<br>- 错项分析：A-文字表达本身通顺；B-不符合格式标准不是根本问题；C-""通常的行业标准""缺乏具体定义，对合同标的描述不清晰，正确；D-术语使用没有问题，问题是太模糊。<br>- 题干信号：""通常的行业标准"" → 合同条款应具体、明确、可衡量。<br>- 关联专题：T-CONTRACT-001<br>- 可迁移考点：合同条款的SMART原则、常见合同缺陷（模糊表述）。<br>- 来源：questions.full.clean.md / 2010年上半年上午第51题",question,上午选择,,,,,合同标的,,,,T-CONTRACT-001,T-CONTRACT-001,SRC-Q-2010-S1-M-051,outputs/anki_builds/full_expansion_20260521_003052/question_cards/morning_choice_cards_2010.md,2010年 上午选择题 真题刷题卡,,T-CONTRACT-001,keep,"题干和选项完整，解析充分，答案明确。

---",ruankao ruankao::family::question ruankao::card_type::上午选择 ruankao::importance:: ruankao::exam_use::合同标的 ruankao::topic::T-CONTRACT-001,sha256:4114117c942c9e91fff98b08
软考::系统集成项目管理工程师::真题刷题卡::上午选择题,Basic,【2010上半年 上午 第52题】组织项目招标要按照《中华人民共和国招标投标法》进行。以下叙述中，不正确的是<br>A. 公开招标和邀请招标都是常用的招标方式<br>B. 公开招标是指招标人以招标公告方式邀请一定范围的法人或者其他组织投标<br>C. 邀请招标是指招标人以投标邀请书的方式邀请特定的法人或者其他组织投标<br>D. 招标人是依照本法规定提出招标项目、进行招标的法人或者其他组织,正确答案：B,"- 解析：根据《招标投标法》第十条，公开招标是指招标人以招标公告的方式邀请不特定的法人或者其他组织投标。B项中""一定范围""的描述错误，公开招标是""不特定""的。邀请招标才是邀请""特定的""法人或其他组织。<br>- 错项分析：A-公开招标和邀请招标都是法定招标方式，正确；B-公开招标应邀请""不特定的""而非""一定范围的""，错误；C-邀请招标的定义正确；D-招标人的定义正确。<br>- 题干信号：""不正确的"" + ""招标方式"" → 区分公开招标（不特定）与邀请招标（特定）。<br>- 关联专题：T-PROCUREMENT-LAW-001<br>- 可迁移考点：公开招标与邀请招标的定义和适用条件。<br>- 来源：questions.full.clean.md / 2010年上半年上午第52题",question,上午选择,,,,,公开招标,,,,T-PROCUREMENT-LAW-001,T-PROCUREMENT-LAW-001,SRC-Q-2010-S1-M-052,outputs/anki_builds/full_expansion_20260521_003052/question_cards/morning_choice_cards_2010.md,2010年 上午选择题 真题刷题卡,,T-PROCUREMENT-LAW-001,keep,"题干和选项完整，解析充分，答案明确。

---",ruankao ruankao::family::question ruankao::card_type::上午选择 ruankao::importance:: ruankao::exam_use::公开招标 ruankao::topic::T-PROCUREMENT-LAW-001,sha256:8e333f84a370da623102f92f
软考::系统集成项目管理工程师::真题刷题卡::上午选择题,Basic,【2010上半年 上午 第53题】系统集成商与建设方在一个ERP项目的谈判过程中，建设方提出：系统初验时间为2010年6月底（付款50%）；正式验收时间为2010年10月底（累计付款80%）；系统运行服务期限为一年（可能累计付款100%）；并希望长期提供应用软件技术支持。系统集成商在起草项目建设合同时，合同期限设定到什么时候为妥？<br>A. 2010年10月底<br>B. 2011年6月底<br>C. 2011年10月底<br>D. 长期,正确答案：C,"- 解析：合同期限应覆盖正式验收时间（2010年10月底）+1年的系统运行服务期（可能累计付款至100%）。因此合同期限应设定至2011年10月底。2011年10月以后的""长期提供技术支持""，应另行订立服务合同。<br>- 错项分析：A-仅到正式验收时间，未覆盖1年服务期；B-2011年6月底未满1年服务期；C-正式验收（2010年10月）+1年服务期=2011年10月底，正确；D-""长期""不明确，应另行签订服务合同。<br>- 题干信号：""合同期限设定到"" → 合同期限应覆盖服务期，后续服务另签合同。<br>- 关联专题：T-CONTRACT-001<br>- 可迁移考点：合同期限的确定原则、合同中应明确服务期限。<br>- 来源：questions.full.clean.md / 2010年上半年上午第53题",question,上午选择,,,,,合同期限,,,,T-CONTRACT-001,T-CONTRACT-001,SRC-Q-2010-S1-M-053,outputs/anki_builds/full_expansion_20260521_003052/question_cards/morning_choice_cards_2010.md,2010年 上午选择题 真题刷题卡,,T-CONTRACT-001,keep,"题干和选项完整，解析充分，答案明确。

---",ruankao ruankao::family::question ruankao::card_type::上午选择 ruankao::importance:: ruankao::exam_use::合同期限 ruankao::topic::T-CONTRACT-001,sha256:bae6a9c5a3f14e397e9b2f4a
软考::系统集成项目管理工程师::真题刷题卡::上午选择题,Basic,【2010上半年 上午 第54题】某软件开发项目合同规定，需求分析要经过客户确认后方可进行软件设计。但建设单位以客户代表出国、其他人员不知情为由拒绝签字，造成进度延期。软件开发单位进行索赔一般按什么顺序较妥当？<br>①由该项目的监理方进行调解 ②由经济合同仲裁委员会仲裁 ③由有关政府主管机构仲裁<br>A. ①②③<br>B. ①③②<br>C. ③①②<br>D. ②①③,正确答案：B,"- 解析：项目发生索赔事件后，一般先由监理工程师调解；若调解不成，由政府建设主管机构进行调解；若仍调解不成，由经济合同仲裁委员会进行调解或仲裁。顺序为：监理方→政府主管机构→经济合同仲裁委员会。<br>- 错项分析：掌握索赔处理的""三步走""顺序：监理→政府主管→仲裁。<br>- 题干信号：""索赔...顺序"" → 记住层次递进的调解/仲裁顺序。<br>- 关联专题：T-CONTRACT-001<br>- 可迁移考点：索赔处理流程以及各调解/仲裁机构的先后顺序。<br>- 来源：questions.full.clean.md / 2010年上半年上午第54题",question,上午选择,,,,,索赔顺序,,,,T-CONTRACT-001,T-CONTRACT-001,SRC-Q-2010-S1-M-054,outputs/anki_builds/full_expansion_20260521_003052/question_cards/morning_choice_cards_2010.md,2010年 上午选择题 真题刷题卡,,T-CONTRACT-001,keep,"题干和选项完整，解析充分，答案明确。

---",ruankao ruankao::family::question ruankao::card_type::上午选择 ruankao::importance:: ruankao::exam_use::索赔顺序 ruankao::topic::T-CONTRACT-001,sha256:56147f5bc94e20fd60f4c776
软考::系统集成项目管理工程师::真题刷题卡::上午选择题,Basic,【2010上半年 上午 第55题】按照索赔程序，索赔方要在索赔通知书发出后多少天内，向监理方提出延长工期和（或）补偿经济损失的索赔报告及有关资料？<br>A. 2周<br>B. 28天<br>C. 30天<br>D. 3周,正确答案：B,"- 解析：在索赔通知书发出后的28天内，向监理工程师提出延长工期和（或）补偿经济损失的索赔报告及有关资料。这是标准索赔程序中的时间要求。<br>- 错项分析：A-2周（14天）不符合要求；B-28天是标准时限，正确；C-30天错误；D-3周（21天）不符合要求。<br>- 题干信号：""索赔通知书发出后...多少天内"" → 记忆型数字题：28天。<br>- 关联专题：T-CONTRACT-001<br>- 可迁移考点：索赔程序中的关键时间节点（28天发通知、28天提交报告等）。<br>- 来源：questions.full.clean.md / 2010年上半年上午第55题",question,上午选择,,,,,索赔时间,,,,T-CONTRACT-001,T-CONTRACT-001,SRC-Q-2010-S1-M-055,outputs/anki_builds/full_expansion_20260521_003052/question_cards/morning_choice_cards_2010.md,2010年 上午选择题 真题刷题卡,,T-CONTRACT-001,keep,"题干和选项完整，解析充分，答案明确。

---",ruankao ruankao::family::question ruankao::card_type::上午选择 ruankao::importance:: ruankao::exam_use::索赔时间 ruankao::topic::T-CONTRACT-001,sha256:f3088a470b68ea536adfed45
软考::系统集成项目管理工程师::真题刷题卡::上午选择题,Basic,【2010上半年 上午 第56题】某项工程需在室外进行线缆铺设，但由于连续大雨造成承建方一直无法施工，开工日期比计划晚了2周（合同约定持续1周以内的天气异常不属于反常天气），给承建方造成一定的经济损失。承建方若寻求补偿，应当<br>A. 要求延长工期补偿<br>B. 要求费用补偿<br>C. 要求延长工期补偿、费用补偿<br>D. 自己克服,正确答案：A,"- 解析：连续大雨2周，超过合同约定的1周界限，属于反常天气（不可抗力）。对于不可抗力事件，通常只能要求延长工期补偿，不能要求费用补偿。经济损失应由承建方自己承担。<br>- 错项分析：A-不可抗力可延长工期，正确；B-不可抗力通常不能索赔费用；C-不可抗力只延工期不赔费用；D-超过合同约定界限，不应自己克服。<br>- 题干信号：""连续大雨""、""合同约定1周以内的天气异常不属于反常天气"" → 超过约定界限的可认定为不可抗力，只能延工期。<br>- 关联专题：T-CONTRACT-001<br>- 可迁移考点：不可抗力的索赔规则（工期可延、费用不补）。<br>- 来源：questions.full.clean.md / 2010年上半年上午第56题",question,上午选择,,,,,索赔补偿,,,,T-CONTRACT-001,T-CONTRACT-001,SRC-Q-2010-S1-M-056,outputs/anki_builds/full_expansion_20260521_003052/question_cards/morning_choice_cards_2010.md,2010年 上午选择题 真题刷题卡,,T-CONTRACT-001,keep,"题干和选项完整，解析充分，答案明确。

---",ruankao ruankao::family::question ruankao::card_type::上午选择 ruankao::importance:: ruankao::exam_use::索赔补偿 ruankao::topic::T-CONTRACT-001,sha256:8d80e21e9acb999b1a87ebb1
软考::系统集成项目管理工程师::真题刷题卡::上午选择题,Basic,【2010上半年 上午 第57题】某公司正在计划实施一项用于公司内部的办公自动化系统项目，由于该系统的实施涉及到公司很多内部人员，因此项目经理打算制定一个项目沟通管理计划，他应采取的第一个工作步骤是<br>A. 设计一份日程表，标记进行每种沟通的时间<br>B. 分析所有项目干系人的信息需求<br>C. 构建一个文档库并保存所有的项目文件<br>D. 描述准备发布的信息,正确答案：B,"- 解析：制定沟通管理计划的第一步是识别干系人并分析其信息需求。只有明确了谁需要什么信息、何时需要、以何种形式需要，才能制定有效的沟通计划。其他选项都是在分析需求之后的后续活动。<br>- 错项分析：A-日程表应在分析需求之后制定；B-分析干系人信息需求是第一步，正确；C-文档库是实施环节；D-描述发布信息是在分析需求之后。<br>- 题干信号：""第一个工作步骤"" + ""沟通管理计划"" → 第一步永远是分析干系人的信息需求。<br>- 关联专题：T-COMM-001<br>- 可迁移考点：沟通管理计划的制定步骤（分析需求→明确信息→制定计划→实施）。<br>- 来源：questions.full.clean.md / 2010年上半年上午第57题",question,上午选择,,,,,沟通管理计划,,,,T-COMM-001,T-COMM-001,SRC-Q-2010-S1-M-057,outputs/anki_builds/full_expansion_20260521_003052/question_cards/morning_choice_cards_2010.md,2010年 上午选择题 真题刷题卡,,T-COMM-001,keep,"题干和选项完整，解析充分，答案明确。

---",ruankao ruankao::family::question ruankao::card_type::上午选择 ruankao::importance:: ruankao::exam_use::沟通管理计划 ruankao::topic::T-COMM-001,sha256:6cb007610a8af0dd36c6d3b5
软考::系统集成项目管理工程师::真题刷题卡::上午选择题,Basic,【2010上半年 上午 第58题】召开会议就某一事项进行讨论是有效的项目沟通方法之一，确保会议成功的措施包括提前确定会议目的、按时开始会议等，哪项不是确保会议成功的措施？<br>A. 项目经理在会议召开前一天，将会议议程通过电子邮件发给参会人员<br>B. 在技术方案的评审会议中，某专家发言时间超时严重，会议主持人对会议进程进行控制<br>C. 某系统验收会上，为了避免专家组意见太发散，项目经理要求会议主持人给出结论性意见<br>D. 项目经理指定文档管理员负责会议记录,正确答案：C,"- 解析：在系统验收会上，项目经理不应要求主持人给出结论性意见，这样会引导或影响专家组的独立判断，使验收失去客观性。验收评审应充分听取专家意见，不能为了效率而人为引导结论。<br>- 错项分析：A-提前发送会议议程是有效措施；B-控制会议进程防止超时是有效措施；C-在验收会上引导结论性意见会妨碍专家独立判断，不是有效措施；D-指定专人记录是有效措施。<br>- 题干信号：""不是确保会议成功的措施"" → 注意验收评审的公正性、客观性要求。<br>- 关联专题：T-COMM-001<br>- 可迁移考点：高效会议的组织方法、评审会议中主持人/项目经理的角色定位。<br>- 来源：questions.full.clean.md / 2010年上半年上午第58题",question,上午选择,,,,,会议成功措施,,,,T-COMM-001,T-COMM-001,SRC-Q-2010-S1-M-058,outputs/anki_builds/full_expansion_20260521_003052/question_cards/morning_choice_cards_2010.md,2010年 上午选择题 真题刷题卡,,T-COMM-001,keep,"题干和选项完整，解析充分，答案明确。

---",ruankao ruankao::family::question ruankao::card_type::上午选择 ruankao::importance:: ruankao::exam_use::会议成功措施 ruankao::topic::T-COMM-001,sha256:3673245cf52c8c1312444499
软考::系统集成项目管理工程师::真题刷题卡::上午选择题,Basic,【2010上半年 上午 第65题】配置识别是软件项目管理中的一项重要工作，它的工作内容不包括<br>A. 确定需要纳入配置管理的配置项<br>B. 确定配置项的获取时间和所有者<br>C. 为识别的配置项分配唯一的标识<br>D. 对识别的配置项进行审计,正确答案：D,"- 解析：配置识别的工作内容包括：确定需要纳入配置管理的配置项、确定配置项的获取时间和所有者、为识别的配置项分配唯一标识。对配置项进行审计属于配置审计的工作内容，不属于配置识别。<br>- 错项分析：A-确定配置项是配置识别的内容；B-确定获取时间和所有者是配置识别的内容；C-分配唯一标识是配置识别的内容；D-配置审计是独立的管理活动，不属于配置识别，正确。<br>- 题干信号：""配置识别"" + ""不包括"" → 区别""配置识别""和""配置审计""。<br>- 关联专题：T-CM-001<br>- 可迁移考点：配置管理活动（识别、控制、状态报告、审计、版本管理）的区分。<br>- 来源：questions.full.clean.md / 2010年上半年上午第65题",question,上午选择,,,,,配置识别,,,,T-CM-001,T-CM-001,SRC-Q-2010-S1-M-065,outputs/anki_builds/full_expansion_20260521_003052/question_cards/morning_choice_cards_2010.md,2010年 上午选择题 真题刷题卡,,T-CM-001,keep,"题干和选项完整，解析充分，答案明确。

---",ruankao ruankao::family::question ruankao::card_type::上午选择 ruankao::importance:: ruankao::exam_use::配置识别 ruankao::topic::T-CM-001,sha256:034e86db10b20caa07848f60
软考::系统集成项目管理工程师::真题刷题卡::上午选择题,Basic,【2010上半年 上午 第67题】质量管理人员在安排时间进度时，为了能够从全局出发、抓住关键路径、统筹安排、集中力量，从而达到按时或提前完成计划的目标，可以使用<br>A. 活动网络图<br>B. 因果图<br>C. 优先矩阵图<br>D. 检查表,正确答案：A,"- 解析：活动网络图（又称箭线图/前导图）用于展示项目活动间的逻辑关系，可以找出关键路径，帮助从全局出发统筹安排。因果图（鱼骨图）用于分析问题原因；优先矩阵图用于确定优先级；检查表用于收集数据。<br>- 错项分析：A-活动网络图用于展示活动逻辑和关键路径，正确；B-因果图用于找原因；C-优先矩阵图用于确定优先级；D-检查表用于收集数据。<br>- 题干信号：""抓住关键路径"" → 关键路径对应的工具是活动网络图（网络图）。<br>- 关联专题：T-QUALITY-001<br>- 可迁移考点：质量管理七工具（因果图、控制图、流程图、直方图、帕累托图、趋势图、散点图）及其用途。<br>- 来源：questions.full.clean.md / 2010年上半年上午第67题",question,上午选择,,,,,活动网络图,,,,T-QUALITY-001,T-QUALITY-001,SRC-Q-2010-S1-M-067,outputs/anki_builds/full_expansion_20260521_003052/question_cards/morning_choice_cards_2010.md,2010年 上午选择题 真题刷题卡,,T-QUALITY-001,keep,"题干和选项完整，解析充分，答案明确。

---",ruankao ruankao::family::question ruankao::card_type::上午选择 ruankao::importance:: ruankao::exam_use::活动网络图 ruankao::topic::T-QUALITY-001,sha256:b7b031e0a8fb06966b25f053
软考::系统集成项目管理工程师::真题刷题卡::上午选择题,Basic,【2010上半年 上午 第68题】排列图（帕累托图）可以用来进行质量控制是因为<br>A. 它按缺陷的数量多少画出一条曲线，反映了缺陷的变化趋势<br>B. 它将缺陷数量从大到小进行了排列，使人们关注数量最多的缺陷<br>C. 它将引起缺陷的原因从大到小排列，项目团队应关注造成最多缺陷的原因<br>D. 它反映了按时间顺序抽取的样本的数值点，能够清晰地看出过程实现的状态,正确答案：C,"- 解析：排列图（帕累托图）基于帕累托原则（80/20法则），将引起缺陷的原因从大到小排列，帮助团队关注造成最多缺陷的关键原因，从而集中资源解决最重要的问题。选项A描述的是趋势图；B说""使人们关注数量最多的缺陷""而非""原因""；D描述的是控制图。<br>- 错项分析：A-按时间序列反映变化趋势的是趋势图/运行图；B-排列图排列的是""原因""的频次而非""缺陷""的简单计数；C-排列图的核心是按原因频次排列，找出关键原因，正确；D-描述的是控制图。<br>- 题干信号：""排列图（帕累托图）"" → 关键词""原因从大到小排列""、""关注主要原因""。<br>- 关联专题：T-QUALITY-001<br>- 可迁移考点：排列图的原理（80/20法则）、与其他质量工具的区分。<br>- 来源：questions.full.clean.md / 2010年上半年上午第68题",question,上午选择,,,,,排列图,,,,T-QUALITY-001,T-QUALITY-001,SRC-Q-2010-S1-M-068,outputs/anki_builds/full_expansion_20260521_003052/question_cards/morning_choice_cards_2010.md,2010年 上午选择题 真题刷题卡,,T-QUALITY-001,keep,"题干和选项完整，解析充分，答案明确。

---",ruankao ruankao::family::question ruankao::card_type::上午选择 ruankao::importance:: ruankao::exam_use::排列图 ruankao::topic::T-QUALITY-001,sha256:f38794d5c6df8d4a72eda4dc
软考::系统集成项目管理工程师::真题刷题卡::上午选择题,Basic,【2010上半年 上午 第69题】CMMI所追求的过程改进目标不包括<br>A. 保证产品或服务质量<br>B. 项目时间控制<br>C. 所有过程都必须文档化<br>D. 项目成本最低,正确答案：C,"- 解析：CMMI的过程改进目标包括提高产品或服务质量、项目时间控制、项目成本最低等。但CMMI并不追求""所有过程都必须文档化""，而是追求适度、有效的文档化，强调关键过程的规范化。过度文档化反而增加成本。<br>- 错项分析：A-保证质量是CMMI的核心目标；B-时间控制是CMMI改进的目标之一；C-""所有过程都必须文档化""过于绝对，不是CMMI追求的目标，错误；D-成本最低是CMMI希望达到的效果之一。<br>- 题干信号：""CMMI所追求的过程改进目标不包括"" → CMMI追求的是""适当文档化""而非""所有过程文档化""。<br>- 关联专题：T-CMMI-001<br>- 可迁移考点：CMMI的五个成熟度等级和关键过程域（KPA）。<br>- 来源：questions.full.clean.md / 2010年上半年上午第69题",question,上午选择,,,,,CMMI目标,,,,T-CMMI-001,T-CMMI-001,SRC-Q-2010-S1-M-069,outputs/anki_builds/full_expansion_20260521_003052/question_cards/morning_choice_cards_2010.md,2010年 上午选择题 真题刷题卡,,T-CMMI-001,keep,"题干和选项完整，解析充分，答案明确。

---",ruankao ruankao::family::question ruankao::card_type::上午选择 ruankao::importance:: ruankao::exam_use::CMMI目标 ruankao::topic::T-CMMI-001,sha256:b9acfbd9c0d006be258ef639
软考::系统集成项目管理工程师::真题刷题卡::上午选择题,Basic,【2010上半年 上午 第70题】项目经理在进行项目质量规划时应设计出符合项目要求的质量管理流程和标准，由此而产生的质量成本属于<br>A. 纠错成本<br>B. 预防成本<br>C. 评估成本<br>D. 缺陷成本,正确答案：B,"- 解析：质量成本包括预防成本、评估成本和缺陷成本（内部/外部失败成本）。在设计质量管理流程和标准时产生的成本，是为了""防止""质量问题发生而投入的，属于预防成本。纠错成本属于缺陷成本。<br>- 错项分析：A-纠错成本属于缺陷成本（失败成本）；B-设计流程和标准是预防性投入，属于预防成本，正确；C-评估成本是检查和测试成本；D-缺陷成本是质量问题出现后的处理成本。<br>- 题干信号：""质量规划时设计...流程和标准"" → 设计阶段的投入属于预防成本。<br>- 关联专题：T-QUALITY-001<br>- 可迁移考点：质量成本分类（预防、评估、缺陷）及各类的典型活动。<br>- 来源：questions.full.clean.md / 2010年上半年上午第70题",question,上午选择,,,,,质量成本,,,,T-QUALITY-001,T-QUALITY-001,SRC-Q-2010-S1-M-070,outputs/anki_builds/full_expansion_20260521_003052/question_cards/morning_choice_cards_2010.md,2010年 上午选择题 真题刷题卡,,T-QUALITY-001,keep,"题干和选项完整，解析充分，答案明确。

---",ruankao ruankao::family::question ruankao::card_type::上午选择 ruankao::importance:: ruankao::exam_use::质量成本 ruankao::topic::T-QUALITY-001,sha256:98e76a1c6d109ee5ef5448de
软考::系统集成项目管理工程师::真题刷题卡::上午选择题,Basic,"【2010上半年 上午 第71题】Project ( ) is an uncertain event or condition that, if it occurs, has a positive or a negative effect on at least one project objective, such as time, cost, scope, or quality.<br>A. risk<br>B. problem<br>C. result<br>D. data",正确答案：A,"- 解析：题干描述的是风险的标准定义：风险是一种不确定的事件或条件，一旦发生会对至少一个项目目标（时间、成本、范围或质量）产生正面或负面的影响。Problem是已经发生的问题；result是结果；data是数据。<br>- 错项分析：A-risk（风险）符合定义；B-problem（问题）不是不确定事件；C-result（结果）不准确；D-data（数据）不符合。<br>- 题干信号：""uncertain event or condition"" + ""positive or negative effect"" → 这是PMBOK中风险的标准定义。<br>- 关联专题：T-RISK-001<br>- 可迁移考点：风险的标准英语定义（PMBOK中risk的定义）。<br>- 来源：questions.full.clean.md / 2010年上半年上午第71题",question,上午选择,,,,,Risk定义（英语）,,,,T-RISK-001,T-RISK-001,SRC-Q-2010-S1-M-071,outputs/anki_builds/full_expansion_20260521_003052/question_cards/morning_choice_cards_2010.md,2010年 上午选择题 真题刷题卡,,T-RISK-001,keep,"题干和选项完整，解析充分，答案明确。

---",ruankao ruankao::family::question ruankao::card_type::上午选择 ruankao::importance:: ruankao::exam_use::Risk定义（英语） ruankao::topic::T-RISK-001,sha256:827d192076733504a5516401
软考::系统集成项目管理工程师::真题刷题卡::上午选择题,Basic,【2010下半年 上午 第1题】以下哪项不属于系统集成项目？<br>A. 不包含网络设备供货的局域网综合布线项目<br>B. 某信息管理应用系统升级项目<br>C. 某软件测试实验室为客户提供的测试服务项目<br>D. 某省通信骨干网的优化设计项目,正确答案：C,"- 解析：系统集成项目是指将计算机软件、硬件、网络通信等技术和产品集成为能够满足用户特定需求的信息系统，包括总体策划、设计、开发、实施、服务及保障。选项C的""测试服务项目""提供的是服务，是服务型项目，不属于系统集成项目。<br>- 错项分析：A-综合布线属于系统集成（设备系统集成）；B-应用系统升级属于应用系统集成；C-测试服务是服务型项目，不属于系统集成，正确；D-通信骨干网优化设计（包括实施）属于系统集成。<br>- 题干信号：""不属于系统集成项目"" → 区分""系统集成项目""和""服务型项目""。<br>- 关联专题：T-INFO-SYS-INTEGRATION-001<br>- 可迁移考点：系统集成项目的定义和涵盖范围（设备系统集成、应用系统集成）。<br>- 来源：questions.full.clean.md / 2010年下半年上午第1题",question,上午选择,,,,,系统集成项目定义,,,,T-INFO-SYS-INTEGRATION-001,T-INFO-SYS-INTEGRATION-001,SRC-Q-2010-S2-M-001,outputs/anki_builds/full_expansion_20260521_003052/question_cards/morning_choice_cards_2010.md,2010年 上午选择题 真题刷题卡,,T-INFO-SYS-INTEGRATION-001,keep,"题干和选项完整，解析充分，答案明确。

---",ruankao ruankao::family::question ruankao::card_type::上午选择 ruankao::importance:: ruankao::exam_use::系统集成项目定义 ruankao::topic::T-INFO-SYS-INTEGRATION-001,sha256:cf47bb782336745b0b2f2d70
软考::系统集成项目管理工程师::真题刷题卡::上午选择题,Basic,"【2010下半年 上午 第5题】信息系统工程监理要遵循""四控，三管，一协调""进行项目监理，下列哪项活动属于""三管""范畴？<br>A. 监理单位对系统性能进行测试验证<br>B. 监理单位定期检查、记录工程的实际进度情况<br>C. 监理单位应妥善保存开工令、停工令<br>D. 监理单位主持的有建设单位与承建单位参加的监理例会、专题会议",正确答案：C,"- 解析：""四控三管一协调""中的""三管""指合同管理、信息管理、安全管理。选项C""妥善保存开工令、停工令""属于信息管理（文档管理）的范畴。选项A属于质量控制（四控之一）；选项B属于进度控制（四控之一）；选项D属于组织协调（一协调）。<br>- 错项分析：A-性能测试属于质量控制（四控）；B-检查进度属于进度控制（四控）；C-保存开工令、停工令属于信息管理（三管），正确；D-主持监理会议属于协调（一协调）。<br>- 题干信号：""三管范畴"" → 记住三管=合同管理+信息管理+安全管理。<br>- 关联专题：T-SUPERVISION-001<br>- 可迁移考点：监理的""四控三管一协调""的具体内容。<br>- 来源：questions.full.clean.md / 2010年下半年上午第5题",question,上午选择,,,,,三管｜下半年,,,,T-SUPERVISION-001,T-SUPERVISION-001,SRC-Q-2010-S2-M-005,outputs/anki_builds/full_expansion_20260521_003052/question_cards/morning_choice_cards_2010.md,2010年 上午选择题 真题刷题卡,,T-SUPERVISION-001,keep,"题干和选项完整，解析充分，答案明确。

---",ruankao ruankao::family::question ruankao::card_type::上午选择 ruankao::importance:: ruankao::exam_use::三管｜下半年 ruankao::topic::T-SUPERVISION-001,sha256:0d4454dfc83649eb4c6dd06e
软考::系统集成项目管理工程师::真题刷题卡::上午选择题,Basic,"【2010下半年 上午 第7题】在软件需求规格说明书中，有一个需求项的描述为：""探针应以最快的速度响应气压值的变化""。该需求项存在的主要问题是不具有<br>A. 可验证性<br>B. 可信性<br>C. 兼容性<br>D. 一致性",正确答案：A,"- 解析：""最快的速度""是一个模糊的表述，没有具体量化标准（如""应在1秒内响应""），导致无法通过测试验证需求是否被满足。好的需求应遵循SMART原则，其中""可验证性""（Verifiable）要求需求能够通过测试、分析或演示等方式被证实。<br>- 错项分析：A-""最快""无法量化验证，不具备可验证性，正确；B-可信性指值得信赖的程度；C-兼容性指与其它系统协调工作的能力；D-一致性指需求之间不矛盾。<br>- 题干信号：""最快的速度"" → 模糊表述导致不可验证。<br>- 关联专题：T-REQUIREMENT-001<br>- 可迁移考点：需求规格的SMART原则（Specific、Measurable、Achievable、Relevant、Traceable）。<br>- 来源：questions.full.clean.md / 2010年下半年上午第7题",question,上午选择,,,,,需求可验证性,,,,T-REQUIREMENT-001,T-REQUIREMENT-001,SRC-Q-2010-S2-M-007,outputs/anki_builds/full_expansion_20260521_003052/question_cards/morning_choice_cards_2010.md,2010年 上午选择题 真题刷题卡,,T-REQUIREMENT-001,keep,"题干和选项完整，解析充分，答案明确。

---",ruankao ruankao::family::question ruankao::card_type::上午选择 ruankao::importance:: ruankao::exam_use::需求可验证性 ruankao::topic::T-REQUIREMENT-001,sha256:9ca753d8962e2833ca2fc340
软考::系统集成项目管理工程师::真题刷题卡::上午选择题,Basic,【2010下半年 上午 第8题】UML中的用例和用例图的主要用途是描述系统的<br>A. 功能需求<br>B. 详细设计<br>C. 体系结构<br>D. 内部接口,正确答案：A,"- 解析：UML用例图用于描述系统的功能需求，从用户视角展示系统提供的功能（用例）以及与外部角色（参与者）之间的交互。详细设计用类图、序列图等；体系结构用部署图、组件图等；内部接口用接口图等。<br>- 错项分析：A-用例图描述功能需求，正确；B-详细设计用类图、序列图等；C-体系结构用部署图、组件图；D-内部接口用接口图、类图。<br>- 题干信号：""用例和用例图的主要用途"" → 核心功能需求建模工具。<br>- 关联专题：T-UML-001<br>- 可迁移考点：UML各类图的主要用途（用例图、类图、序列图、活动图、状态图等）。<br>- 来源：questions.full.clean.md / 2010年下半年上午第8题",question,上午选择,,,,,用例图,,,,T-UML-001,T-UML-001,SRC-Q-2010-S2-M-008,outputs/anki_builds/full_expansion_20260521_003052/question_cards/morning_choice_cards_2010.md,2010年 上午选择题 真题刷题卡,,T-UML-001,keep,"题干和选项完整，解析充分，答案明确。

---",ruankao ruankao::family::question ruankao::card_type::上午选择 ruankao::importance:: ruankao::exam_use::用例图 ruankao::topic::T-UML-001,sha256:6a5ec5603d3870cf78fc06b2
软考::系统集成项目管理工程师::真题刷题卡::上午选择题,Basic,【2010下半年 上午 第9题】程序员小张在某项目中编写了源代码文件X的0.1版（Xv0.1），随后修改得到Xv1.0。经过正式评审后，Xv1.0被纳入基线进行配置管理。下列后续活动中符合配置管理要求的是<br>A. 文件Xv1.0进入基线后，配置管理员小李从配置库中删除了文件Xv0.1<br>B. 程序员小张被赋予相应的权限，可以直接读取受控库中的文件Xv1.0<br>C. 小张直接对Xv1.0进行了变更，之后通知了项目经理<br>D. 经过变更申请、变更评估并决定实施变更后，变更实施人完成了变更，随后立即发布了变更,正确答案：B,"- 解析：基线配置项的操作权限由配置管理员（CMO）严格管理。基本原则：基线配置项向软件开发人员开放读取权限。选项B中小张被赋予读取权限，符合要求。选项A中不应删除旧版本；选项C中不能直接变更基线，需走变更流程；选项D缺少变更验证与确认步骤。<br>- 错项分析：A-旧版本应保留在配置库中以便追溯；B-受控库的基线配置项可授权读取，正确；C-基线变更需走正式变更流程；D-遗漏了""变更验证与确认""环节。<br>- 题干信号：""符合配置管理要求"" → 基线配置项的权限控制（读取开放、修改受限）。<br>- 关联专题：T-CM-001<br>- 可迁移考点：配置库权限管理（CMO、开发人员、项目经理各自的权限）。<br>- 来源：questions.full.clean.md / 2010年下半年上午第9题",question,上午选择,,,,,配置管理,,,,T-CM-001,T-CM-001,SRC-Q-2010-S2-M-009,outputs/anki_builds/full_expansion_20260521_003052/question_cards/morning_choice_cards_2010.md,2010年 上午选择题 真题刷题卡,,T-CM-001,keep,"题干和选项完整，解析充分，答案明确。

---",ruankao ruankao::family::question ruankao::card_type::上午选择 ruankao::importance:: ruankao::exam_use::配置管理 ruankao::topic::T-CM-001,sha256:adf0abecd870c8b592e0a88f
软考::系统集成项目管理工程师::真题刷题卡::上午选择题,Basic,【2010下半年 上午 第11题】在几种不同类型的软件维护中，通常情况下哪种所占的工作量最大？<br>A. 更正性维护<br>B. 适应性维护<br>C. 完善性维护<br>D. 预防性维护,正确答案：C,"- 解析：软件维护分为四类：更正性维护（修复错误）、适应性维护（适应环境变化）、完善性维护（增加新功能/改进性能）、预防性维护（防止未来问题）。其中完善性维护是软件维护工作的主要部分，通常占最大比例。<br>- 错项分析：A-更正性维护占比较小；B-适应性维护有一定比例但不是最大；C-完善性维护占比最大（通常超过50%），正确；D-预防性维护占比最小。<br>- 题干信号：""所占的工作量最大"" → 完善性维护是软件维护的主体。<br>- 关联专题：T-MAINTENANCE-001<br>- 可迁移考点：四种软件维护类型的定义和各自占比。<br>- 来源：questions.full.clean.md / 2010年下半年上午第11题",question,上午选择,,,,,软件维护类型,,,,T-MAINTENANCE-001,T-MAINTENANCE-001,SRC-Q-2010-S2-M-011,outputs/anki_builds/full_expansion_20260521_003052/question_cards/morning_choice_cards_2010.md,2010年 上午选择题 真题刷题卡,,T-MAINTENANCE-001,keep,"题干和选项完整，解析充分，答案明确。

---",ruankao ruankao::family::question ruankao::card_type::上午选择 ruankao::importance:: ruankao::exam_use::软件维护类型 ruankao::topic::T-MAINTENANCE-001,sha256:2ce74db9321cc7353c972040
软考::系统集成项目管理工程师::真题刷题卡::上午选择题,Basic,【2010下半年 上午 第14题】关于知识产权，以下说法不正确的是<br>A. 知识产权具有一定的有效期限，超过法定期限后，就成为社会共同财富<br>B. 著作权、专利权、商标权皆属于知识产权范畴<br>C. 知识产权具有跨地域性，一旦在某国取得产权承认和保护，那么在域外将具有同等效力<br>D. 发明、文学和艺术作品等智力创造，都可被认为是知识产权,正确答案：C,"- 解析：知识产权具有独立保护原则（即地域性），在一个国家取得的产权保护，只在授予国境内有效，在域外不具有同等效力。要想在别国获得保护，需要按该国的法律另行申请。<br>- 错项分析：A-知识产权有期限，过期后成为公共财富，正确；B-著作权、专利权、商标权都是知识产权，正确；C-知识产权具有地域性，一国保护不自动延伸到域外，错误；D-智力创造属于知识产权范畴，正确。<br>- 题干信号：""不正确的"" + ""知识产权"" → 注意知识产权的地域性/独立性原则。<br>- 关联专题：T-IP-001<br>- 可迁移考点：知识产权的四大特征（无形性、专有性、地域性、时间性）。<br>- 来源：questions.full.clean.md / 2010年下半年上午第14题",question,上午选择,,,,,知识产权,,,,T-IP-001,T-IP-001,SRC-Q-2010-S2-M-014,outputs/anki_builds/full_expansion_20260521_003052/question_cards/morning_choice_cards_2010.md,2010年 上午选择题 真题刷题卡,,T-IP-001,keep,"题干和选项完整，解析充分，答案明确。

---",ruankao ruankao::family::question ruankao::card_type::上午选择 ruankao::importance:: ruankao::exam_use::知识产权 ruankao::topic::T-IP-001,sha256:c429d674378618fe88f306e5
软考::系统集成项目管理工程师::真题刷题卡::上午选择题,Basic,【2010下半年 上午 第16题】某省政府采用公开招标方式采购信息系统项目及服务，招标文件要求投标企业必须具备系统集成二级及其以上资质。开标当天共有5家企业投递标书。如果发生以下哪种情况，本次招标将作废标处理？<br>A. 有3家企业具备一级资质，2家企业具备三级资质<br>B. 有3家企业具备二级资质，2家企业具备三级资质<br>C. 5家企业都具有二级资质，其中有2家的二级资质证书有效期满未延续换证<br>D. 有3家企业具备三级资质，2家企业具备二级资质,正确答案：D,"- 解析：招标文件要求""二级及其以上资质""，三级资质不符合要求。如果有效投标人不足三家，应作废标处理。选项D中有3家企业是三级资质（不合格），只有2家二级资质（合格），合格投标人不足3家，应废标。<br>- 错项分析：A-一级资质5家都合格；B-5家都合格（二级三家+三级两家不符合要求）；等等，B中3家二级+2家三级，其中三级不符合要求... 不对，重新看：<br>A: 3家一级+2家三级 → 三级不合格，合格只有3家，不低于3家，不废标<br>B: 3家二级+2家三级 → 三级不合格，合格3家，不废标<br>C: 3家合格+2家证书过期无效，合格3家，不废标<br>D: 3家三级不合格+2家二级合格，合格仅2家<3家，废标<br><br>- 错项分析：A-一级资质5家合格；B-二级合格3家，不废标；C-5家都已过期，0家合格（应废标），但不等同于""有效期满未延续换证立即无效""——此处题干暗示证书过期即无效；更准确地说，C中5家都有二级资质但有2家过期，就是3家合格，不废标。但实际应看具体说明。事实上该题的标准答案是D，因为D中只有2家合格。<br><br>实际上，正确答案是D。3家三级资质不符合""二级及以上""的要求，只有2家二级资质企业合格，不足三家。<br><br>- 题干信号：""废标处理"" → 合格投标人不足三家。<br>- 关联专题：T-PROCUREMENT-LAW-001<br>- 可迁移考点：废标的几种情形（投标人不足三家、全部不符合要求等）。<br>- 来源：questions.full.clean.md / 2010年下半年上午第16题",question,上午选择,,,,,废标处理,,,,T-PROCUREMENT-LAW-001,T-PROCUREMENT-LAW-001,SRC-Q-2010-S2-M-016,outputs/anki_builds/full_expansion_20260521_003052/question_cards/morning_choice_cards_2010.md,2010年 上午选择题 真题刷题卡,,T-PROCUREMENT-LAW-001,keep,"题干和选项完整，解析充分，答案明确。

---",ruankao ruankao::family::question ruankao::card_type::上午选择 ruankao::importance:: ruankao::exam_use::废标处理 ruankao::topic::T-PROCUREMENT-LAW-001,sha256:a227d91de19d1ea2276d7bd8
软考::系统集成项目管理工程师::真题刷题卡::上午选择题,Basic,【2010下半年 上午 第38题】某项目经理在对项目历时进行估算时，认为正常情况下完成项目需要42天，同时也分析了影响项目工期的因素，认为最快可以在35天内完成工作，而在最不利的条件下则需要55天完成任务。采用三点估算得到的工期是多少天？<br>A. 42<br>B. 43<br>C. 44<br>D. 55,正确答案：B,"- 解析：三点估算公式：（最乐观 + 4 × 最可能 + 最悲观）/ 6 =（35 + 4×42 + 55）/ 6 =（35 + 168 + 55）/ 6 = 258 / 6 = 43天。<br>- 错项分析：A-42是最可能时间，不是三点估算结果；B-43是正确计算结果；C-44计算错误；D-55是最悲观时间。<br>- 题干信号：""三点估算"" → 直接套用公式：（O+4M+P）/6。<br>- 关联专题：T-SCHEDULE-001<br>- 可迁移考点：三点估算的公式及标准差计算。<br>- 来源：questions.full.clean.md / 2010年下半年上午第38题",question,上午选择,,,,,三点估算,,,,T-SCHEDULE-001,T-SCHEDULE-001,SRC-Q-2010-S2-M-038,outputs/anki_builds/full_expansion_20260521_003052/question_cards/morning_choice_cards_2010.md,2010年 上午选择题 真题刷题卡,,T-SCHEDULE-001,keep,"题干和选项完整，解析充分，答案明确。

---",ruankao ruankao::family::question ruankao::card_type::上午选择 ruankao::importance:: ruankao::exam_use::三点估算 ruankao::topic::T-SCHEDULE-001,sha256:84ee4b4bef3a206512705962
软考::系统集成项目管理工程师::真题刷题卡::上午选择题,Basic,【2010下半年 上午 第39题】甲公司生产急需5000个零件，承包给乙工厂加工，每个零件加工费预算20元，计划2周（每周5天）完成。甲公司负责人在开工后第9天早上到乙工厂检查进度，发现已完成加工3600个零件，支付款项81000元。经计算，以下哪项正确？<br>A. 该项目的费用偏差为-18000元<br>B. 该项目的进度偏差为-18000元<br>C. 该项目的CPI为0.80<br>D. 该项目的SPI为0.90,正确答案：D,"- 解析：总预算：5000×20=100,000元。计划每天完成5000÷10=500个。第9天早上检查，即已过去8个工作日。<br>PV=8×500×20=80,000元；EV=3600×20=72,000元；AC=81,000元。<br>CV=EV-AC=72000-81000=-9000元；SV=EV-PV=72000-80000=-8000元；<br>CPI=EV/AC=72000/81000≈0.89；SPI=EV/PV=72000/80000=0.90。<br>- 错项分析：A-CV=-9000不是-18000；B-SV=-8000不是-18000；C-CPI=0.89不是0.80；D-SPI=0.90，正确。<br>- 题干信号：""第9天早上"" → 注意是第8个工作日结束时。计算PV需注意时间。<br>- 关联专题：T-EVM-001<br>- 可迁移考点：挣值分析的计算（PV、EV、AC、CV、SV、CPI、SPI）。<br>- 来源：questions.full.clean.md / 2010年下半年上午第39题",question,上午选择,,,,,挣值分析,,,,T-EVM-001,T-EVM-001,SRC-Q-2010-S2-M-039,outputs/anki_builds/full_expansion_20260521_003052/question_cards/morning_choice_cards_2010.md,2010年 上午选择题 真题刷题卡,,T-EVM-001,keep,"题干和选项完整，解析充分，答案明确。

---",ruankao ruankao::family::question ruankao::card_type::上午选择 ruankao::importance:: ruankao::exam_use::挣值分析 ruankao::topic::T-EVM-001,sha256:42ecf57786338b2a2b7b216b
软考::系统集成项目管理工程师::真题刷题卡::上午选择题,Basic,"【2010下半年 上午 第47题】在信息系统试运行阶段，系统失效将对业务造成影响。针对该风险，如果采取""接受""的方式进行应对，应该<br>A. 签订一份保险合同，减轻中断带来的损失<br>B. 找出造成系统中断的各种因素，利用帕累托分析减轻和消除主要因素<br>C. 设置冗余系统<br>D. 建立相应的应急储备",正确答案：D,"- 解析：风险接受策略意味着承认风险存在，但不主动采取预防措施，而是准备应急储备（如时间、资金或资源）以应对风险发生后的影响。签订保险合同属于风险转移；找出原因并减轻属于风险减轻；设置冗余系统属于风险减轻。<br>- 错项分析：A-签订保险合同属于风险转移；B-利用帕累托分析消除因素属于风险减轻；C-设置冗余系统属于风险减轻；D-建立应急储备是风险接受的典型措施，正确。<br>- 题干信号：""接受"" + ""风险应对"" → 接受=准备应急储备/应急计划，不主动预防。<br>- 关联专题：T-RISK-001<br>- 可迁移考点：四种风险应对策略（避免、转移、减轻、接受）的典型措施。<br>- 来源：questions.full.clean.md / 2010年下半年上午第47题",question,上午选择,,,,,风险接受,,,,T-RISK-001,T-RISK-001,SRC-Q-2010-S2-M-047,outputs/anki_builds/full_expansion_20260521_003052/question_cards/morning_choice_cards_2010.md,2010年 上午选择题 真题刷题卡,,T-RISK-001,keep,"题干和选项完整，解析充分，答案明确。

---",ruankao ruankao::family::question ruankao::card_type::上午选择 ruankao::importance:: ruankao::exam_use::风险接受 ruankao::topic::T-RISK-001,sha256:e3c3e10ed81f860315407623
软考::系统集成项目管理工程师::真题刷题卡::上午选择题,Basic,【2010下半年 上午 第41题】围绕创建工作分解结构，关于下表（编号1/1.1/1.2/.../2等组成的任务列表）的判断正确的是<br>A. 该表只是一个文件的目录，不能作为WBS的表示形式<br>B. 该表如果再往下继续分解才能作为WBS<br>C. 该表是一个列表形式的WBS<br>D. 该表是一个树形的OBS,正确答案：C,"- 解析：WBS可以采用多种形式表示，包括树形结构图、列表（缩进式）等。题干中的表格以编号层级方式（1、1.1、1.2等）展示了WBS的分解结构，属于列表形式的WBS。这已经是完整的WBS表示形式，不需再继续分解才作为WBS。<br>- 错项分析：A-列表形式是WBS的有效表示形式；B-当前层级已构成有效的WBS；C-列表形式的WBS是公认的表示方式，正确；D-这是WBS不是OBS（组织分解结构）。<br>- 题干信号：""列表形式的WBS"" → WBS的表示形式包括树形图和列表（缩进式）。<br>- 关联专题：T-SCOPE-001<br>- 可迁移考点：WBS的表示形式（树形结构图 vs 列表/缩进式）及各自优缺点。<br>- 来源：questions.full.clean.md / 2010年下半年上午第41题",question,上午选择,,,,,WBS列表形式,,,,T-SCOPE-001,T-SCOPE-001,SRC-Q-2010-S2-M-041,outputs/anki_builds/full_expansion_20260521_003052/question_cards/morning_choice_cards_2010.md,2010年 上午选择题 真题刷题卡,,T-SCOPE-001,keep,"题干和选项完整，解析充分，答案明确。

---",ruankao ruankao::family::question ruankao::card_type::上午选择 ruankao::importance:: ruankao::exam_use::WBS列表形式 ruankao::topic::T-SCOPE-001,sha256:a4773e6fbbf7f2e251571314
软考::系统集成项目管理工程师::真题刷题卡::上午选择题,Basic,【2010下半年 上午 第44题】以下哪项不是系统集成项目的直接成本？<br>A. 进口设备报关费<br>B. 第三方测试费用<br>C. 差旅费<br>D. 员工福利,正确答案：D,"- 解析：直接成本是可直接归属于某个具体项目的成本。进口设备报关费、第三方测试费、差旅费均可直接归属于项目。员工福利通常由企业统一承担，按比例分摊到各个项目，属于间接成本。<br>- 错项分析：A-设备报关费可直接计入项目，是直接成本；B-第三方测试费直接为项目服务，是直接成本；C-差旅费直接因项目产生，是直接成本；D-员工福利是间接成本，正确。<br>- 题干信号：""不是...直接成本"" → 间接成本是不能直接归属于某一项目的成本。<br>- 关联专题：T-COST-001<br>- 可迁移考点：直接成本与间接成本的划分标准和典型例子。<br>- 来源：questions.full.clean.md / 2010年下半年上午第44题",question,上午选择,,,,,直接成本,,,,T-COST-001,T-COST-001,SRC-Q-2010-S2-M-044,outputs/anki_builds/full_expansion_20260521_003052/question_cards/morning_choice_cards_2010.md,2010年 上午选择题 真题刷题卡,,T-COST-001,keep,"题干和选项完整，解析充分，答案明确。

---",ruankao ruankao::family::question ruankao::card_type::上午选择 ruankao::importance:: ruankao::exam_use::直接成本 ruankao::topic::T-COST-001,sha256:ba7f7852d6ae5df9bfa6d656
软考::系统集成项目管理工程师::真题刷题卡::上午选择题,Basic,【2010下半年 上午 第70题】关于项目质量审计的叙述中，不正确的是<br>A. 质量审计是对其他质量管理活动的结构化和独立的评审方法<br>B. 质量审计可以内部完成，也可以委托第三方完成<br>C. 质量审计应该是预先计划的，不应该是随机的<br>D. 质量审计用于判断项目活动是否遵从于项目定义的过程,正确答案：C,"- 解析：质量审计可以是预先计划的，也可以是随机的。项目质量审计是对质量管理活动的结构化和独立的评审，可由内部或外部审计员进行，用于判断项目活动是否遵从于项目定义的过程。C项说""不应该是随机的""是错误的。<br>- 错项分析：A-质量审计的定义正确；B-内部或第三方均可，正确；C-审计可以是计划内或随机进行，错误；D-判断过程遵从性，正确。<br>- 题干信号：""不正确的"" + ""质量审计"" → 质量审计可以随机进行。<br>- 关联专题：T-QUALITY-001<br>- 可迁移考点：质量审计的定义、特点（结构化、独立、计划或随机）。<br>- 来源：questions.full.clean.md / 2010年下半年上午第70题",question,上午选择,,,,,质量审计,,,,T-QUALITY-001,T-QUALITY-001,SRC-Q-2010-S2-M-070,outputs/anki_builds/full_expansion_20260521_003052/question_cards/morning_choice_cards_2010.md,2010年 上午选择题 真题刷题卡,,T-QUALITY-001,keep,"题干和选项完整，解析充分，答案明确。

---",ruankao ruankao::family::question ruankao::card_type::上午选择 ruankao::importance:: ruankao::exam_use::质量审计 ruankao::topic::T-QUALITY-001,sha256:23d386543436f45aa27d0c7d
软考::系统集成项目管理工程师::真题刷题卡::上午选择题,Basic,【2010下半年 上午 第69题】甲公司最近中标某市应急指挥系统建设，为保证项目质量，项目经理在明确系统功能和性能的过程中，以本省应急指挥系统为标杆，定期将该项目的功能和性能与之比较。这种方法属于<br>A. 实验设计法<br>B. 相互关系图法<br>C. 优先矩阵图法<br>D. 基准比较法,正确答案：D,"- 解析：基准比较法（Benchmarking）是将实际或计划的项目实践与可比项目的实践进行对照，从中识别最佳实践、形成改进意见。题干中""以本省应急指挥系统为标杆，定期比较""正是基准比较法的典型应用。<br>- 错项分析：A-实验设计法用于确定影响产品或过程结果的因素；B-相互关系图法用于分析因素间的相互关系；C-优先矩阵图法用于确定优先级；D-以标杆系统进行对比是基准比较法，正确。<br>- 题干信号：""以...为标杆""、""定期...比较"" → 关键词""标杆""对应""基准比较法""。<br>- 关联专题：T-QUALITY-001<br>- 可迁移考点：质量管理的几种工具和方法（基准比较、实验设计、质量审计等）。<br>- 来源：questions.full.clean.md / 2010年下半年上午第69题",question,上午选择,,,,,基准比较法,,,,T-QUALITY-001,T-QUALITY-001,SRC-Q-2010-S2-M-069,outputs/anki_builds/full_expansion_20260521_003052/question_cards/morning_choice_cards_2010.md,2010年 上午选择题 真题刷题卡,,T-QUALITY-001,keep,"题干和选项完整，解析充分，答案明确。

---",ruankao ruankao::family::question ruankao::card_type::上午选择 ruankao::importance:: ruankao::exam_use::基准比较法 ruankao::topic::T-QUALITY-001,sha256:6aa7d2b5d2ce5af3b6b15d6d
软考::系统集成项目管理工程师::真题刷题卡::上午选择题,Basic,【2010下半年 上午 第15题】关于竞争性谈判，以下说法不恰当的是<br>A. 竞争性谈判公告须在财政部门指定的政府采购信息发布媒体上发布，公告发布日至谈判文件递交截止日期的时间不得少于20个自然日<br>B. 某地方政府采用公开招标采购视频点播系统，招标公告发布后仅2家供应商在指定日期前购买标书，经采购、财政部门认可，可改为竞争性谈判<br>C. 某机关办公大楼为配合线路改造，需在两周内紧急采购一批UPS设备，因此可采用竞争性谈判的采购方式<br>D. 须有3家以上具有资格的供应商参加谈判,正确答案：A,"- 解析：根据《政府采购法》，竞争性谈判不需要在指定媒体上发布公告（这与公开招标不同），也不存在""不少于20个自然日""的要求。竞争性谈判是直接邀请三家以上供应商进行谈判。选项A所述的公告和时间要求是针对公开招标的，不适用于竞争性谈判。<br>- 错项分析：A-竞争性谈判不需发公告和无20日期限要求，说法不恰当，正确；B-招标失败经批准可转竞争性谈判，正确；C-紧急情况（时间不够招标）可用竞争性谈判，正确；D-不少于3家供应商，正确。<br>- 题干信号：""竞争性谈判"" + ""不恰当"" → 区分公开招标和竞争性谈判的程序要求。<br>- 关联专题：T-PROCUREMENT-LAW-001<br>- 可迁移考点：竞争性谈判的适用条件（招标失败、紧急、技术复杂、无法定价）。<br>- 来源：questions.full.clean.md / 2010年下半年上午第15题",question,上午选择,,,,,竞争性谈判,,,,T-PROCUREMENT-LAW-001,T-PROCUREMENT-LAW-001,SRC-Q-2010-S2-M-015,outputs/anki_builds/full_expansion_20260521_003052/question_cards/morning_choice_cards_2010.md,2010年 上午选择题 真题刷题卡,,T-PROCUREMENT-LAW-001,keep,"题干和选项完整，解析充分，答案明确。

---",ruankao ruankao::family::question ruankao::card_type::上午选择 ruankao::importance:: ruankao::exam_use::竞争性谈判 ruankao::topic::T-PROCUREMENT-LAW-001,sha256:9aeb0ae4b989055dfb48b780
软考::系统集成项目管理工程师,Basic,"案例审题三层法中，第一层""事实层""的核心任务是什么？",标注题干中的四类关键信息：关键角色和部门、时间节点与偏差、数字异常、知识域信号词。,"- 理解：事实层只做""看见什么标什么""，不做分析判断。标完后为管理层分析提供原材料。<br>- 易错点：不要在事实层就开始分析原因——先标注事实，再升维到管理判断。<br>- 题干信号：任何案例题的第一步都是事实标注，2-3分钟完成。<br>- 关联：T-CASE-001。<br>- 来源：SRC-CASE-TUTOR-001。",topic_qa,概念理解卡,,,,,下午案例,,,,T-CASE-001,T-CASE-001,SRC-CASE-TUTOR-001,outputs/anki_builds/full_expansion_20260521_003052/topics/by_topic/T-CASE-001/topic_qa_cards.md,T-CASE-001 最终人工可读卡片,,T-CASE-001,keep,Front 精确指向事实层的核心任务，不与其他两层混淆。,ruankao ruankao::family::topic_qa ruankao::card_type::概念理解卡 ruankao::importance:: ruankao::exam_use::下午案例 ruankao::topic::T-CASE-001,sha256:dc6e42241018b4cf42e00585
软考::系统集成项目管理工程师,Basic,"案例审题三层法中，第二层""管理层""的核心任务是什么？","将事实层标注的信息""升维""到管理层面——按五大过程组逐一检查哪些管理过程缺失或执行错误。","- 理解：管理层回答""题干描述的现象违反了哪个管理过程""，是诊断的核心环节。<br>- 记忆线索：启动→规划→执行→监控→收尾，逐组检查。题干中没有提到的往往就是缺失的。<br>- 易错点：管理层不是复述事实，而是把事实翻译成管理术语（如""客户直接找开发""→""变更控制流程缺失""）。<br>- 关联：T-CASE-001；T-PM-002 过程组×知识域。<br>- 来源：SRC-CASE-TUTOR-001。",topic_qa,概念理解卡,,,,,下午案例,,,,T-CASE-001,T-CASE-001,SRC-CASE-TUTOR-001,outputs/anki_builds/full_expansion_20260521_003052/topics/by_topic/T-CASE-001/topic_qa_cards.md,T-CASE-001 最终人工可读卡片,,"T-CASE-001,T-PM-002",keep,与管理层核心任务精确对应，Extra 给出了关键诊断清单。,ruankao ruankao::family::topic_qa ruankao::card_type::概念理解卡 ruankao::importance:: ruankao::exam_use::下午案例 ruankao::topic::T-CASE-001,sha256:39cb40b6d45c9a932a549933
软考::系统集成项目管理工程师,Basic,"案例审题三层法中，第三层""答题层""的核心任务是什么？",按照问题类型（找问题/分析原因/提措施/判断对错）组织答案，分条列出、因果对应、具体可执行。,"- 理解：答题层是把管理诊断翻译成阅卷人想要的答案格式——不是写文章，是按点得分。<br>- 易错点：四种问题类型有四种答题格式，不能混用。先判断问的是什么类型，再选格式。<br>- 题干信号：""指出问题""=类型A；""分析原因""=类型B；""提出措施""=类型C；""判断正误""=类型D。<br>- 关联：T-CASE-001。<br>- 来源：SRC-CASE-TUTOR-001。",topic_qa,概念理解卡,,,,,下午案例,,,,T-CASE-001,T-CASE-001,SRC-CASE-TUTOR-001,outputs/anki_builds/full_expansion_20260521_003052/topics/by_topic/T-CASE-001/topic_qa_cards.md,T-CASE-001 最终人工可读卡片,,T-CASE-001,keep,与答题层输出任务精确对应，补全三层审题法体系。,ruankao ruankao::family::topic_qa ruankao::card_type::概念理解卡 ruankao::importance:: ruankao::exam_use::下午案例 ruankao::topic::T-CASE-001,sha256:b2e5bad81378dc84ed16e266
软考::系统集成项目管理工程师,Basic,"案例题中""找问题""类子问题（类型A）的标准答题格式是什么？","逐条列出，按知识域分组，用""缺失/没有/不足/未""开头。每条一句话，不用长篇展开。","- 正确示例：""范围管理方面：未建立WBS，导致工作边界不清。变更管理方面：变更控制流程缺失，客户直接找开发人员修改需求。""<br>- 易错点：不要写""管理不善""或""项目经理不行""——诊断的是管理过程缺失，不是评价人。<br>- 关联：T-CASE-001。<br>- 来源：SRC-CASE-TUTOR-001。",topic_qa,概念理解卡,,,,,下午案例,,,,T-CASE-001,T-CASE-001,SRC-CASE-TUTOR-001,outputs/anki_builds/full_expansion_20260521_003052/topics/by_topic/T-CASE-001/topic_qa_cards.md,T-CASE-001 最终人工可读卡片,,T-CASE-001,keep,"Front 精确限定于类型A的答题格式，Back 给出了""缺失/没有/不足/未""这一可直接套用的动词模板。",ruankao ruankao::family::topic_qa ruankao::card_type::概念理解卡 ruankao::importance:: ruankao::exam_use::下午案例 ruankao::topic::T-CASE-001,sha256:38a3706c5a07aba6c5c4325c
软考::系统集成项目管理工程师,Basic,"案例题中""提措施""类子问题（类型C）的标准答题格式是什么？",措施必须和前面分析的问题/原因一一对应，每个措施具体可执行，不能用空话。,"- 正确示例：前文分析了""WBS不清晰导致范围蔓延""，措施就写""重新梳理WBS并补充WBS词典，确认范围基准""。<br>- 不合格示例：""加强进度管理""——空洞无信息。<br>- 记忆线索：问题→原因→措施，三者形成因果链，不允许跳步。<br>- 关联：T-CASE-001。<br>- 来源：SRC-CASE-TUTOR-001。",topic_qa,概念理解卡,,,,,下午案例,,,,T-CASE-001,T-CASE-001,SRC-CASE-TUTOR-001,outputs/anki_builds/full_expansion_20260521_003052/topics/by_topic/T-CASE-001/topic_qa_cards.md,T-CASE-001 最终人工可读卡片,,T-CASE-001,keep,"Front 精确限定于类型C的答题格式，Extra 的""不合格示例""直接点出考生常见失分行为。",ruankao ruankao::family::topic_qa ruankao::card_type::概念理解卡 ruankao::importance:: ruankao::exam_use::下午案例 ruankao::topic::T-CASE-001,sha256:d15d4f3435ed5b77e88135ac
软考::系统集成项目管理工程师,Basic,五大常见案例框架分别是什么？,进度延误类、成本超支类、范围蔓延类、质量问题类、沟通与干系人冲突类。,- 理解：90%的下午案例题都可以归入这五类之一或几类的组合。<br>- 记忆线索：进→成→范→质→沟（进度/成本/范围/质量/沟通）。<br>- 易错点：合同纠纷类虽未列入五大框架，但近年出现频率增加，建议作为第六类补充掌握。<br>- 关联：T-CASE-001。<br>- 来源：SRC-CASE-TUTOR-001。,topic_qa,概念理解卡,,,,,下午案例,,,,T-CASE-001,T-CASE-001,SRC-CASE-TUTOR-001,outputs/anki_builds/full_expansion_20260521_003052/topics/by_topic/T-CASE-001/topic_qa_cards.md,T-CASE-001 最终人工可读卡片,,T-CASE-001,keep,"五类框架是案例答题的骨架，Front 问""有哪些""，Back 枚举后 Extra 补充合同类提醒。",ruankao ruankao::family::topic_qa ruankao::card_type::概念理解卡 ruankao::importance:: ruankao::exam_use::下午案例 ruankao::topic::T-CASE-001,sha256:ce795635139d32a8028f0d37
软考::系统集成项目管理工程师,Basic,进度延误类案例和成本超支类案例在诊断侧重点上有何不同？,进度延误类侧重关键路径分析、活动估算和压缩方案；成本超支类侧重挣值计算、偏差根因和EAC预测。,"- 理解：进度类核心问题是""关键路径在哪、谁延误了、怎么追""；成本类核心问题是""钱花在哪了、哪些活动超了、EAC是多少""。<br>- 易错点：进度超支和成本超支经常同时出现——需要两个框架一起用，不要漏掉其一。<br>- 题干信号：延期/加班/赶不上→进度；超预算/花多了/超支→成本。<br>- 关联：T-CASE-001；T-SCH-002；T-COST-001。<br>- 来源：SRC-CASE-TUTOR-001。",topic_qa,辨析卡,,,,,下午案例,,,,T-CASE-001,T-CASE-001,SRC-CASE-TUTOR-001,outputs/anki_builds/full_expansion_20260521_003052/topics/by_topic/T-CASE-001/topic_qa_cards.md,T-CASE-001 最终人工可读卡片,,"T-CASE-001,T-SCH-002,T-COST-001",keep,"Front 辨析两类的诊断侧重点差异，Extra 给出""同时出现""的复合场景提醒。",ruankao ruankao::family::topic_qa ruankao::card_type::辨析卡 ruankao::importance:: ruankao::exam_use::下午案例 ruankao::topic::T-CASE-001,sha256:4ee8a5453f3b3e6687f48585
软考::系统集成项目管理工程师,Basic,范围蔓延类案例和变更失控类案例在根本原因上有什么联系和区别？,范围蔓延往往是变更失控的结果；变更失控是管理过程缺失，范围蔓延是失控后的现象表现。,"- 理解：变更失控是""因""（流程缺失/CCB未运作），范围蔓延是""果""（WBS外的额外工作）。<br>- 答题提醒：写答案时不要只说""范围蔓延""，要追到根因""变更控制流程缺失管理过程""。<br>- 关联：T-CASE-001；T-SCOPE-002；T-INT-004。<br>- 来源：SRC-CASE-TUTOR-001。",topic_qa,辨析卡,,,,,下午案例,,,,T-CASE-001,T-CASE-001,SRC-CASE-TUTOR-001,outputs/anki_builds/full_expansion_20260521_003052/topics/by_topic/T-CASE-001/topic_qa_cards.md,T-CASE-001 最终人工可读卡片,,"T-CASE-001,T-SCOPE-002,T-INT-004",keep,理清了因果链条，帮助考生在案例答题中追根溯源而不止于表面现象。,ruankao ruankao::family::topic_qa ruankao::card_type::辨析卡 ruankao::importance:: ruankao::exam_use::下午案例 ruankao::topic::T-CASE-001,sha256:152e3556a2aaec5a716807f7
软考::系统集成项目管理工程师,Basic,"质量问题类案例和沟通冲突类案例在""诊断展开""上最主要的差异是什么？","质量类从""规划-保证-控制""三级展开：缺计划→无QA→QC集中后期；沟通类从""识别-计划-反馈""三级展开：识别不全→计划缺陷→反馈缺失。","- 理解：质量类的链条核心是""过程和产品""；沟通类的链条核心是""人和信息""。<br>- 答题提醒：质量案例不要只写""加强测试""，要写""补质量计划+建QA流程+分阶段QC""。<br>- 关联：T-CASE-001；T-QUAL-001；T-COM-001。<br>- 来源：SRC-CASE-TUTOR-001。",topic_qa,辨析卡,,,,,下午案例,,,,T-CASE-001,T-CASE-001,SRC-CASE-TUTOR-001,outputs/anki_builds/full_expansion_20260521_003052/topics/by_topic/T-CASE-001/topic_qa_cards.md,T-CASE-001 最终人工可读卡片,,"T-CASE-001,T-QUAL-001,T-COM-001",keep,通过诊断展开结构的差异进行辨析，而非简单定义对比，更有案例实战价值。,ruankao ruankao::family::topic_qa ruankao::card_type::辨析卡 ruankao::importance:: ruankao::exam_use::下午案例 ruankao::topic::T-CASE-001,sha256:57997ae52bbc86401606f356
软考::系统集成项目管理工程师,Basic,"案例题中""分析原因""（类型B）和""提出措施""（类型C）答题时的核心对应关系是什么？",原因和措施必须一一对应。你分析了几条原因，就要给出几条对应的措施。不能原因分析范围，措施跳到沟通。,"- 记忆锁链：现象→原因→措施，一条链走到底，不允许跳域。<br>- 不合格示例：原因写""WBS分解不完整""，措施写""加强团队沟通""——不对应，扣分。<br>- 合格示例：原因写""未建立变更控制流程""→措施写""建立变更控制流程，明确CCB组成和审批规则""。<br>- 关联：T-CASE-001。<br>- 来源：SRC-CASE-TUTOR-001。",topic_qa,辨析卡,,,,,下午案例,,,,T-CASE-001,T-CASE-001,SRC-CASE-TUTOR-001,outputs/anki_builds/full_expansion_20260521_003052/topics/by_topic/T-CASE-001/topic_qa_cards.md,T-CASE-001 最终人工可读卡片,,T-CASE-001,keep,原因-措施对应是下午题得分关键，Front 直接问对应关系，Extra 给出正反示例。,ruankao ruankao::family::topic_qa ruankao::card_type::辨析卡 ruankao::importance:: ruankao::exam_use::下午案例 ruankao::topic::T-CASE-001,sha256:510b924e4bb3bfd3aa4a5343
软考::系统集成项目管理工程师,Basic,拿到一道下午案例题，从阅读到开始作答的完整审题流程是什么？,① 2-3分钟通读题干，标注四类事实信息 → ② 按五大过程组逐一检查管理缺失 → ③ 判断各子问题所属类型（找问题/分析原因/提措施/判断对错）→ ④ 按对应答题格式组织答案。,- 时间分配：审题标注2-3分钟 → 管理诊断2分钟 → 答题类型判断1分钟 → 组织作答每题5-8分钟。<br>- 易错点：很多考生省略步骤②，直接从事实跳到答题——这是最大的失分原因。<br>- 关联：T-CASE-001。<br>- 来源：SRC-CASE-TUTOR-001。,topic_qa,流程卡,,,,,下午案例,,,,T-CASE-001,T-CASE-001,SRC-CASE-TUTOR-001,outputs/anki_builds/full_expansion_20260521_003052/topics/by_topic/T-CASE-001/topic_qa_cards.md,T-CASE-001 最终人工可读卡片,,T-CASE-001,keep,四步审题流程完整覆盖三层审题法，Extra 补充时间分配便于考场实操。,ruankao ruankao::family::topic_qa ruankao::card_type::流程卡 ruankao::importance:: ruankao::exam_use::下午案例 ruankao::topic::T-CASE-001,sha256:260a5fc88316d68598249bcf
软考::系统集成项目管理工程师,Basic,事实层标注四类信息分别是什么？每类举一个题干信号词例子。,① 关键角色和部门（项目经理、客户、CCB、供应商）；② 时间节点和偏差（延迟了、提前了、赶不上）；③ 数字异常（超支了多少、多少缺陷、多少返工）；④ 知识域信号词（WBS→范围、PV/EV→成本、关键路径→进度）。,- 理解：这四类信息覆盖了案例题90%的考点触发点。<br>- 答题提醒：建议在草稿纸上分四列同步标注，而不是读完全文再回头找。<br>- 关联：T-CASE-001。<br>- 来源：SRC-CASE-TUTOR-001。,topic_qa,流程卡,,,,,下午案例,,,,T-CASE-001,T-CASE-001,SRC-CASE-TUTOR-001,outputs/anki_builds/full_expansion_20260521_003052/topics/by_topic/T-CASE-001/topic_qa_cards.md,T-CASE-001 最终人工可读卡片,,T-CASE-001,keep,"Front 精确到""四类每类举例""，比泛泛问""事实层标注什么""更实用。",ruankao ruankao::family::topic_qa ruankao::card_type::流程卡 ruankao::importance:: ruankao::exam_use::下午案例 ruankao::topic::T-CASE-001,sha256:f40279157671dfa142d45cbf
软考::系统集成项目管理工程师,Basic,管理层诊断的五大过程组检查清单分别问什么？,① 启动：有没有章程？干系人识别了没？② 规划：有没有管理计划和三大基准？③ 执行：QA做了没？团队管理做好了没？④ 监控：偏差发现了没？变更走流程了没？⑤ 收尾：验收了没？合同结了没？,"- 记忆线索：题干没有提到的，往往就是缺失的——这是案例诊断的第一法则。<br>- 易错点：不要在""启动""和""规划""之间跳步——很多案例的根因在启动/规划阶段就埋下了。<br>- 关联：T-CASE-001；T-PM-002。<br>- 来源：SRC-CASE-TUTOR-001。",topic_qa,流程卡,,,,,下午案例,,,,T-CASE-001,T-CASE-001,SRC-CASE-TUTOR-001,outputs/anki_builds/full_expansion_20260521_003052/topics/by_topic/T-CASE-001/topic_qa_cards.md,T-CASE-001 最终人工可读卡片,,"T-CASE-001,T-PM-002",keep,"五大过程组诊断清单是案例审题的""操作系统""，Extra 强调""未提即缺失""法则。",ruankao ruankao::family::topic_qa ruankao::card_type::流程卡 ruankao::importance:: ruankao::exam_use::下午案例 ruankao::topic::T-CASE-001,sha256:7b4cb2b734f858a8a41d7610
软考::系统集成项目管理工程师,Basic,"答题层按因果链展开分析时，""直接原因→深层原因→系统原因""三层的区别是什么？",直接原因是题干直接能读出来的表层原因；深层原因需要推理（如单点估算引发误差）；系统原因是更大管理框架的缺陷（如缺乏进度偏差预警机制）。,- 例子（进度延误）：直接=关键路径活动延误；深层=活动历时采用单点估算未考虑风险；系统=缺乏进度偏差预警和定期纠偏机制。<br>- 答题提醒：尽量写到深层原因层面，直接原因人人都会写，深层原因才是区分分的关键。<br>- 关联：T-CASE-001。<br>- 来源：SRC-CASE-TUTOR-001。,topic_qa,流程卡,,,,,下午案例,,,,T-CASE-001,T-CASE-001,SRC-CASE-TUTOR-001,outputs/anki_builds/full_expansion_20260521_003052/topics/by_topic/T-CASE-001/topic_qa_cards.md,T-CASE-001 最终人工可读卡片,,T-CASE-001,keep,三层因果链分析是高手和普通考生的分水岭，Front 精确到三层定义和区别。,ruankao ruankao::family::topic_qa ruankao::card_type::流程卡 ruankao::importance:: ruankao::exam_use::下午案例 ruankao::topic::T-CASE-001,sha256:cfa54107fb09f1a19ab9e978
软考::系统集成项目管理工程师,Basic,"案例题""判断对错""类型（类型D）的标准答题三步法是什么？",第一步：明确表态（正确/不正确/不完全正确）；第二步：逐一分析每个做法——哪里错、为什么错、正确做法应是什么；第三步：补充可能的后果。,"- 答题格式示例：""不正确。理由：① 项目经理未……，正确做法是……；② 客户直接找开发人员……，违反了变更控制流程。""<br>- 易错点：第一步""明确表态""不可省略。含糊其辞或不直接表态会被扣分。<br>- 关联：T-CASE-001。<br>- 来源：SRC-CASE-TUTOR-001。",topic_qa,流程卡,,,,,下午案例,,,,T-CASE-001,T-CASE-001,SRC-CASE-TUTOR-001,outputs/anki_builds/full_expansion_20260521_003052/topics/by_topic/T-CASE-001/topic_qa_cards.md,T-CASE-001 最终人工可读卡片,,T-CASE-001,keep,三步法流程清晰，Extra 给出完整答题示例，便于考场直接套用。,ruankao ruankao::family::topic_qa ruankao::card_type::流程卡 ruankao::importance:: ruankao::exam_use::下午案例 ruankao::topic::T-CASE-001,sha256:c96e86719ee7bf69d09fcaff
软考::系统集成项目管理工程师,Basic,"题干出现""WBS""""工作分解""""范围不清""""没人知道做什么""时，应优先考虑哪个知识域的问题？",范围管理。具体指向范围定义不清、WBS分解不完整、范围基准未建立。,- 答题链：WBS不完整→工作边界不清→范围蔓延→需要重新确认范围基准并补充WBS词典。<br>- 关联：T-CASE-001；T-SCOPE-002。<br>- 来源：SRC-CASE-TUTOR-001。,topic_qa,关键词识别卡,,,,,下午案例,,,,T-CASE-001,T-CASE-001,SRC-CASE-TUTOR-001,outputs/anki_builds/full_expansion_20260521_003052/topics/by_topic/T-CASE-001/topic_qa_cards.md,T-CASE-001 最终人工可读卡片,,"T-CASE-001,T-SCOPE-002",keep,Front给出多信号词，Back指向知识域，Extra给出完整答题链。,ruankao ruankao::family::topic_qa ruankao::card_type::关键词识别卡 ruankao::importance:: ruankao::exam_use::下午案例 ruankao::topic::T-CASE-001,sha256:a36f082f08fde55e6d5b3f6b
软考::系统集成项目管理工程师,Basic,"题干出现""关键路径""""延期""""加班""""赶不上""""压缩工期""时，应优先考虑哪个知识域的问题？",进度管理。具体指向进度计划缺失、关键路径未识别、活动估算不准确、赶工/快速跟进不当。,"- 答题链：未做关键路径分析→盲目赶工→效率低/成本增→需要重新识别关键路径、在关键路径上压缩。<br>- 易错点：""加班""不总是进度管理问题——加班导致疲劳属于人力资源管理，答题时可跨域补充。<br>- 关联：T-CASE-001；T-SCH-002。<br>- 来源：SRC-CASE-TUTOR-001。",topic_qa,关键词识别卡,,,,,下午案例,,,,T-CASE-001,T-CASE-001,SRC-CASE-TUTOR-001,outputs/anki_builds/full_expansion_20260521_003052/topics/by_topic/T-CASE-001/topic_qa_cards.md,T-CASE-001 最终人工可读卡片,,"T-CASE-001,T-SCH-002",keep,信号词覆盖全面，Extra 补充跨域关联提醒。,ruankao ruankao::family::topic_qa ruankao::card_type::关键词识别卡 ruankao::importance:: ruankao::exam_use::下午案例 ruankao::topic::T-CASE-001,sha256:d2339a17e9c49b4d1837b0f4
软考::系统集成项目管理工程师,Basic,"题干出现""PV/EV/AC/BAC""""超预算""""花多了""""成本超支""""报价低""时，应优先考虑哪个知识域的问题？",成本管理。具体指向成本估算不准、挣值管理缺失、成本基准未建立、成本控制不力。,"- 答题链：EV<AC且EV<PV→成本超支+进度滞后→需要分析超支根因→采取成本控制+变更控制→预测EAC。<br>- 答题提醒：给出量化指标（CPI、SPI、EAC）比只写""成本超支""得分更高。<br>- 关联：T-CASE-001；T-COST-001。<br>- 来源：SRC-CASE-TUTOR-001。",topic_qa,关键词识别卡,,,,,下午案例,,,,T-CASE-001,T-CASE-001,SRC-CASE-TUTOR-001,outputs/anki_builds/full_expansion_20260521_003052/topics/by_topic/T-CASE-001/topic_qa_cards.md,T-CASE-001 最终人工可读卡片,,"T-CASE-001,T-COST-001",keep,信号词覆盖完整，答题提醒量化指标加分。,ruankao ruankao::family::topic_qa ruankao::card_type::关键词识别卡 ruankao::importance:: ruankao::exam_use::下午案例 ruankao::topic::T-CASE-001,sha256:0b5c58c48bb4235d404133cc
软考::系统集成项目管理工程师,Basic,"题干出现""bug多""""返工""""测试通不过""""质量差""""投诉""""缺陷""时，应优先考虑哪个知识域的问题？",质量管理。具体指向质量计划缺失、QA过程缺失、QC集中在后期、预防成本投入不足。,"- 答题链：缺质量计划→无过程评审（QA缺失）→QC集中在交付前→缺陷爆发→内部失败成本激增。<br>- 易错点：不要把质量问题仅仅归因于""测试不够""——根因往往是过程质量没有保证。<br>- 关联：T-CASE-001；T-QUAL-001。<br>- 来源：SRC-CASE-TUTOR-001。",topic_qa,关键词识别卡,,,,,下午案例,,,,T-CASE-001,T-CASE-001,SRC-CASE-TUTOR-001,outputs/anki_builds/full_expansion_20260521_003052/topics/by_topic/T-CASE-001/topic_qa_cards.md,T-CASE-001 最终人工可读卡片,,"T-CASE-001,T-QUAL-001",keep,答题链完整，易错点点出常见归因偏误。,ruankao ruankao::family::topic_qa ruankao::card_type::关键词识别卡 ruankao::importance:: ruankao::exam_use::下午案例 ruankao::topic::T-CASE-001,sha256:b9a8741881f9c248055b562c
软考::系统集成项目管理工程师,Basic,"题干出现""口头同意""""没走流程""""擅自改了""""领导直接说""""客户直接找开发""时，应优先考虑哪个知识域的问题？",变更管理。具体指向变更控制流程缺失、CCB未运作、口头变更替代正式流程、变更记录缺失。,- 答题链：绕过程序→变更未经影响分析→范围蔓延/进度延误/成本超支→需要建立正式变更控制流程并严格执行。<br>- 易错点：口头变更也是变更——但必须补走正式流程才能纳入管理。<br>- 关联：T-CASE-001；T-INT-004。<br>- 来源：SRC-CASE-TUTOR-001。,topic_qa,关键词识别卡,,,,,下午案例,,,,T-CASE-001,T-CASE-001,SRC-CASE-TUTOR-001,outputs/anki_builds/full_expansion_20260521_003052/topics/by_topic/T-CASE-001/topic_qa_cards.md,T-CASE-001 最终人工可读卡片,,"T-CASE-001,T-INT-004",keep,关键词覆盖了下午题最常见的变更失控场景。,ruankao ruankao::family::topic_qa ruankao::card_type::关键词识别卡 ruankao::importance:: ruankao::exam_use::下午案例 ruankao::topic::T-CASE-001,sha256:90765da0c372361bc893aecc
软考::系统集成项目管理工程师,Basic,"题干出现""没想到""""意外""""突然""""原以为""""没有考虑到""时，应优先考虑哪个知识域的问题？",风险管理。具体指向风险识别不足、风险分析缺失、风险应对规划缺失、风险储备未设置。,- 答题链：未识别风险→无风险分析→无应对措施→风险发生时措手不及→需要建立风险识别和分析机制并设储备。<br>- 易错点：风险管理和变更管理经常同时考——风险一旦发生，往往需要走变更控制。<br>- 关联：T-CASE-001；T-RISK-001。<br>- 来源：SRC-CASE-TUTOR-001。,topic_qa,关键词识别卡,,,,,下午案例,,,,T-CASE-001,T-CASE-001,SRC-CASE-TUTOR-001,outputs/anki_builds/full_expansion_20260521_003052/topics/by_topic/T-CASE-001/topic_qa_cards.md,T-CASE-001 最终人工可读卡片,,"T-CASE-001,T-RISK-001",keep,前瞻性补充风险案例场景，Extra 给出风险+变更的跨域关联。,ruankao ruankao::family::topic_qa ruankao::card_type::关键词识别卡 ruankao::importance:: ruankao::exam_use::下午案例 ruankao::topic::T-CASE-001,sha256:2aa07a919fc57a6e4998d719
软考::系统集成项目管理工程师,Basic,"题干出现""不满意""""不配合""""反对""""抵制""""投诉""""不知道""""没通知""时，应优先考虑哪个知识域的问题？",沟通管理/干系人管理。具体指向干系人识别不全、沟通计划缺失、干系人参与度评估缺失、反馈机制缺失。,- 答题链：干系人识别不全→沟通计划范围窄→关键信息未触达→冲突爆发→需要全面识别干系人、更新沟通计划并建立反馈确认机制。<br>- 易错点：沟通管理和干系人管理经常出在一起——先识别干系人，再定沟通策略，顺序不可颠倒。<br>- 关联：T-CASE-001；T-COM-001。<br>- 来源：SRC-CASE-TUTOR-001。,topic_qa,关键词识别卡,,,,,下午案例,,,,T-CASE-001,T-CASE-001,SRC-CASE-TUTOR-001,outputs/anki_builds/full_expansion_20260521_003052/topics/by_topic/T-CASE-001/topic_qa_cards.md,T-CASE-001 最终人工可读卡片,,"T-CASE-001,T-COM-001",keep,"沟通和干系人联合定位，Extra 给出""识别在前、沟通在后""的正确顺序。",ruankao ruankao::family::topic_qa ruankao::card_type::关键词识别卡 ruankao::importance:: ruankao::exam_use::下午案例 ruankao::topic::T-CASE-001,sha256:16bfc3e8b5aa23cb8c679cd2
软考::系统集成项目管理工程师,Basic,"题干出现""合同纠纷""""供应商不交货""""索赔""""验收不通过""""固定总价""""外包""时，应优先考虑哪个知识域的问题？",采购管理/合同管理。具体指向合同类型选择不当、合同变更管理缺失、供应商管理不力、索赔/争议处理不当。,- 答题链：合同类型不当→需求变更后费用不明→争议升级→需要合同变更流程+争议解决机制+合理分担追加费用。<br>- 易错点：固定总价≠卖方承担一切——范围外变更需要另行计价和补充协议。<br>- 关联：T-CASE-001；T-PROC-012。<br>- 来源：SRC-CASE-TRAIN-006。,topic_qa,关键词识别卡,,,,,下午案例,,,,T-CASE-001,T-CASE-001,SRC-CASE-TRAIN-006,outputs/anki_builds/full_expansion_20260521_003052/topics/by_topic/T-CASE-001/topic_qa_cards.md,T-CASE-001 最终人工可读卡片,,"T-CASE-001,T-PROC-012",keep,补充第六大场景（合同类）的信号词映射，覆盖考试常见非五大框架场景。,ruankao ruankao::family::topic_qa ruankao::card_type::关键词识别卡 ruankao::importance:: ruankao::exam_use::下午案例 ruankao::topic::T-CASE-001,sha256:b4364533924ee44b6d8cbe44
软考::系统集成项目管理工程师,Basic,"案例题中只写""加强管理""""加强沟通""""做好计划""这类答案，为什么不得分？","因为空洞不具体。阅卷按点给分，""加强""后面必须有具体的管理动作名称、管理过程名称或可执行措施。","- 不合格：""加强进度管理""→ 空格，不得分。<br>- 合格：""重新识别关键路径，对延误活动分析原因，制定针对性追赶方案，采用三点估算替代单点估算""→ 有信息，得分。<br>- 记忆口诀：每一条答案要包含""动词 + 管理对象 + 管理动作""，三要素缺一不可。<br>- 关联：T-CASE-001。<br>- 来源：SRC-CASE-TUTOR-001。",topic_qa,陷阱卡,,,,,下午案例,,,,T-CASE-001,T-CASE-001,SRC-CASE-TUTOR-001,outputs/anki_builds/full_expansion_20260521_003052/topics/by_topic/T-CASE-001/topic_qa_cards.md,T-CASE-001 最终人工可读卡片,,T-CASE-001,keep,直接攻击考生最常见失分行为，正面/反面示例对比强烈。,ruankao ruankao::family::topic_qa ruankao::card_type::陷阱卡 ruankao::importance:: ruankao::exam_use::下午案例 ruankao::topic::T-CASE-001,sha256:be8d9d05f952d4cafacb5216
软考::系统集成项目管理工程师,Basic,案例题中原因分析和措施建议不对应，会导致什么扣分后果？,"阅卷人认为答案逻辑断裂，原因和措施""两张皮""，两条都不得分或仅得一半分。","- 典型错误：原因写""WBS分解不完整""→措施写""加强团队沟通""（跳域了）。<br>- 正确写法：原因写""WBS分解不完整""→措施写""重新梳理WBS并补充WBS词典""（对应）。<br>- 答题提醒：写完所有措施后，逐一检查每条措施是对应哪条原因的。对不上的要删改。<br>- 关联：T-CASE-001。<br>- 来源：SRC-CASE-TUTOR-001。",topic_qa,陷阱卡,,,,,下午案例,,,,T-CASE-001,T-CASE-001,SRC-CASE-TUTOR-001,outputs/anki_builds/full_expansion_20260521_003052/topics/by_topic/T-CASE-001/topic_qa_cards.md,T-CASE-001 最终人工可读卡片,,T-CASE-001,keep,原因-措施不对应是高频失分点，Front 直接问扣分后果，具有威慑力。,ruankao ruankao::family::topic_qa ruankao::card_type::陷阱卡 ruankao::importance:: ruankao::exam_use::下午案例 ruankao::topic::T-CASE-001,sha256:68006784f493ce37167f3be3
软考::系统集成项目管理工程师,Basic,案例答题时完全不引用题干事实，只写管理理论框架，为什么扣分？,"下午案例题要求""结合案例""分析。不引用题干事实，答案空洞，阅卷人无法判断你是真的读懂了案例还是背模板。","- 正确做法：每条答案中适当引用1-2个案例事实作为论据支撑，如""案例中客户直接找开发人员增加报表功能（案例事实），说明变更控制流程缺失（管理判断）""。<br>- 易错点：引用事实不是复述全文——选择与判断相关的关键事实，一两句话带过即可。<br>- 关联：T-CASE-001。<br>- 来源：SRC-CASE-TUTOR-001。",topic_qa,陷阱卡,,,,,下午案例,,,,T-CASE-001,T-CASE-001,SRC-CASE-TUTOR-001,outputs/anki_builds/full_expansion_20260521_003052/topics/by_topic/T-CASE-001/topic_qa_cards.md,T-CASE-001 最终人工可读卡片,,T-CASE-001,keep,"提醒案例答题必须""事实+管理判断""成对出现，避免纯理论模板。",ruankao ruankao::family::topic_qa ruankao::card_type::陷阱卡 ruankao::importance:: ruankao::exam_use::下午案例 ruankao::topic::T-CASE-001,sha256:5f9925173c6bb8bbf7aaea1e
软考::系统集成项目管理工程师,Basic,把题干背景复述一遍当作答案，为什么不得分？,"复述题干只说明""你读懂了""，没有""你分析了""。阅卷要求给出管理诊断和判断，不是重复已知信息。","- 不合格：""客户多次提出变更需求，导致范围蔓延""——这只是复述题干。<br>- 合格：""客户多次提出变更需求（事实），说明变更控制流程缺失——变更未提交正式请求、未经影响分析、未经CCB审批（管理判断）。""<br>- 答题提醒：哪怕只加一句管理判断，也比纯复述得分高。<br>- 关联：T-CASE-001。<br>- 来源：SRC-CASE-TUTOR-001。",topic_qa,陷阱卡,,,,,下午案例,,,,T-CASE-001,T-CASE-001,SRC-CASE-TUTOR-001,outputs/anki_builds/full_expansion_20260521_003052/topics/by_topic/T-CASE-001/topic_qa_cards.md,T-CASE-001 最终人工可读卡片,,T-CASE-001,keep,"与Card 026形成互补——026讲""漏事实""，027讲""只有事实""。",ruankao ruankao::family::topic_qa ruankao::card_type::陷阱卡 ruankao::importance:: ruankao::exam_use::下午案例 ruankao::topic::T-CASE-001,sha256:044e16d864efb08b416f58c1
软考::系统集成项目管理工程师,Basic,不判断子问题类型就统一用一种格式答题，有什么风险？,不同类型（找问题/分析原因/提措施/判断对错）的答题格式和得分点不同。格式错误导致答案虽然内容正确但不符合阅卷预期，可能丢分。,"- 例子：题目问""分析原因""（类型B），你答成了""找问题""（类型A）。原因需要按因果链展开，你只罗列了现象——方向对了但深度不够。<br>- 答题提醒：读题时先判断每问属于A/B/C/D哪一类，在草稿上标注类型再组织语言。<br>- 关联：T-CASE-001。<br>- 来源：SRC-CASE-TUTOR-001。",topic_qa,陷阱卡,,,,,下午案例,,,,T-CASE-001,T-CASE-001,SRC-CASE-TUTOR-001,outputs/anki_builds/full_expansion_20260521_003052/topics/by_topic/T-CASE-001/topic_qa_cards.md,T-CASE-001 最终人工可读卡片,,T-CASE-001,keep,"补充审题流程中""判断类型""的关键子步骤。",ruankao ruankao::family::topic_qa ruankao::card_type::陷阱卡 ruankao::importance:: ruankao::exam_use::下午案例 ruankao::topic::T-CASE-001,sha256:079aae1f731180513f7457a4
软考::系统集成项目管理工程师,Basic,范围管理类案例的标准答题框架（问题→原因→措施）是什么？,问题：WBS不完整/范围定义不清/范围基准未建立/需求未确认。原因：客户需求不明确/缺少范围确认过程/变更控制缺失。措施：重新梳理WBS并补充WBS词典→确认范围基准→强化变更控制→管理客户预期。,- 记忆锁链：缺WBS→范围不清→蔓延→补WBS+确认基准+变更控制。<br>- 易错点：范围问题经常伴随变更问题一起答。不要把范围问题和变更问题割裂。<br>- 关联：T-CASE-001；T-SCOPE-002。<br>- 来源：SRC-CASE-TRAIN-003。,topic_qa,案例模板卡,,,,,下午案例,,,,T-CASE-001,T-CASE-001,SRC-CASE-TRAIN-003,outputs/anki_builds/full_expansion_20260521_003052/topics/by_topic/T-CASE-001/topic_qa_cards.md,T-CASE-001 最终人工可读卡片,,"T-CASE-001,T-SCOPE-002",keep,框架完整，包含问题-原因-措施链条，Extra 给出跨域关联提醒。,ruankao ruankao::family::topic_qa ruankao::card_type::案例模板卡 ruankao::importance:: ruankao::exam_use::下午案例 ruankao::topic::T-CASE-001,sha256:0147b2265e6b166b6dafae99
软考::系统集成项目管理工程师,Basic,进度管理类案例的标准答题框架（问题→原因→措施）是什么？,问题：活动估算缺失/关键路径未识别/进度监控不到位/盲目赶工。原因：单点估算未考虑风险/未识别关键路径/监控频次过低。措施：评估偏差→识别关键路径→关键路径赶工或快速跟进→建立周期性进度预警机制→评估对成本和质量的影响。,- 记忆锁链：无估算→无关键路径→盲目赶工→效果差→重估+关键路径压缩+偏差预警。<br>- 易错点：赶工的核心是优先压缩关键路径上的活动——对所有活动赶工效率低。<br>- 关联：T-CASE-001；T-SCH-002。<br>- 来源：SRC-CASE-TRAIN-001。,topic_qa,案例模板卡,,,,,下午案例,,,,T-CASE-001,T-CASE-001,SRC-CASE-TRAIN-001,outputs/anki_builds/full_expansion_20260521_003052/topics/by_topic/T-CASE-001/topic_qa_cards.md,T-CASE-001 最终人工可读卡片,,"T-CASE-001,T-SCH-002",keep,框架完整，Extra 特别强调关键路径在赶工中的核心地位。,ruankao ruankao::family::topic_qa ruankao::card_type::案例模板卡 ruankao::importance:: ruankao::exam_use::下午案例 ruankao::topic::T-CASE-001,sha256:57f911a57fec3ac7904b4270
软考::系统集成项目管理工程师,Basic,成本管理类案例的标准答题框架（问题→原因→措施）是什么？,问题：成本超支（CV负、CPI<1）/挣值管理缺失/EAC未预测/只看时间进度。原因：范围蔓延/资源价格波动/返工/效率低下/估算不准。措施：采用挣值管理持续监控→分析偏差根因→成本控制+变更控制→预测EAC并与干系人沟通→设偏差阈值触发预警。,- 记忆锁链：超支→缺EVM→根因分析→成本控制+变更→EAC预测→干系人预期管理。<br>- 答题提醒：给出CPI、SPI、EAC的量化计算比定性描述得分更高。<br>- 关联：T-CASE-001；T-COST-001。<br>- 来源：SRC-CASE-TRAIN-002。,topic_qa,案例模板卡,,,,,下午案例,,,,T-CASE-001,T-CASE-001,SRC-CASE-TRAIN-002,outputs/anki_builds/full_expansion_20260521_003052/topics/by_topic/T-CASE-001/topic_qa_cards.md,T-CASE-001 最终人工可读卡片,,"T-CASE-001,T-COST-001",keep,框架完整，答题提醒强调量化指标的重要性。,ruankao ruankao::family::topic_qa ruankao::card_type::案例模板卡 ruankao::importance:: ruankao::exam_use::下午案例 ruankao::topic::T-CASE-001,sha256:ff118c84b2eb098fe6a49b76
软考::系统集成项目管理工程师,Basic,质量管理类案例的标准答题框架（问题→原因→措施）是什么？,问题：QC集中在最后/QA缺失/代码评审缺位/预防成本不足/缺陷集中爆发。原因：质量计划缺失/质量活动安排不当/评审和测试流程缺位。措施：补质量计划→建立代码评审流程（QA）→分阶段测试策略（单元→集成→系统→验收）→根因分析→更新质量检查清单。,"- 记忆锁链：无QA→QC晚→缺陷爆发→补计划+建QA+分阶段测试+根因分析。<br>- 易错点：不是测试不够，而是测试做晚了+过程没有保证。答题时""QA""和""QC""都要覆盖。<br>- 关联：T-CASE-001；T-QUAL-001。<br>- 来源：SRC-CASE-TRAIN-004。",topic_qa,案例模板卡,,,,,下午案例,,,,T-CASE-001,T-CASE-001,SRC-CASE-TRAIN-004,outputs/anki_builds/full_expansion_20260521_003052/topics/by_topic/T-CASE-001/topic_qa_cards.md,T-CASE-001 最终人工可读卡片,,"T-CASE-001,T-QUAL-001",keep,"突出QA和QC区别，Extra 指出""测试做晚""而非""测试不够""这一关键认知。",ruankao ruankao::family::topic_qa ruankao::card_type::案例模板卡 ruankao::importance:: ruankao::exam_use::下午案例 ruankao::topic::T-CASE-001,sha256:b246d307b3aee66b8779b767
软考::系统集成项目管理工程师,Basic,风险管理类案例的标准答题框架（问题→原因→措施）是什么？,问题：风险识别不足/风险分析缺失/风险应对规划缺失/风险储备未设置。原因：未进行系统风险识别（检查单/SWOT/德尔菲等）/未评估概率和影响/未制定应对策略。措施：补充风险识别→进行定性和定量风险分析→制定应对策略（规避/转移/减轻/接受）→设置应急储备→建立风险评审和跟踪机制。,"- 记忆锁链：无识别→无分析→无应对→无储备→补充识别+分析+应对+跟踪。<br>- 易错点：风险发生后往往需要走变更控制——答题时可在末尾补充""如风险影响超出容忍度，应走变更控制流程更新基准""。<br>- 关联：T-CASE-001；T-RISK-001。<br>- 来源：SRC-CASE-TUTOR-001。",topic_qa,案例模板卡,,,,,下午案例,,,,T-CASE-001,T-CASE-001,SRC-CASE-TUTOR-001,outputs/anki_builds/full_expansion_20260521_003052/topics/by_topic/T-CASE-001/topic_qa_cards.md,T-CASE-001 最终人工可读卡片,,"T-CASE-001,T-RISK-001",keep,风险管理虽不在五大框架内但案例常考，Extra 给出风险+变更的跨域衔接。,ruankao ruankao::family::topic_qa ruankao::card_type::案例模板卡 ruankao::importance:: ruankao::exam_use::下午案例 ruankao::topic::T-CASE-001,sha256:76fd03639b40e32062f56d11
软考::系统集成项目管理工程师,Basic,采购管理/合同管理类案例的标准答题框架（问题→原因→措施）是什么？,问题：合同类型不当/变更费用不明/供应商管理缺失/争议处理方式过激。原因：未按变更频率选择合同类型/合同变更流程缺失/索赔管理经验不足。措施：暂停对抗→明确范围和费用归属→补签补充协议→建立合同变更流程→按协商→调解→仲裁→诉讼逐步升级处理争议。,- 记忆锁链：合同类型错→变更费用打架→争议升级→暂停诉讼+明确范围+补充协议+争议递进处理。<br>- 易错点：固定总价不等于卖方承担一切——范围外的变更需要重新定价。<br>- 关联：T-CASE-001；T-PROC-012。<br>- 来源：SRC-CASE-TRAIN-006。,topic_qa,案例模板卡,,,,,下午案例,,,,T-CASE-001,T-CASE-001,SRC-CASE-TRAIN-006,outputs/anki_builds/full_expansion_20260521_003052/topics/by_topic/T-CASE-001/topic_qa_cards.md,T-CASE-001 最终人工可读卡片,,"T-CASE-001,T-PROC-012",keep,合同类模板是五大框架的有力补充，Extra 给出争议递进处理路径。,ruankao ruankao::family::topic_qa ruankao::card_type::案例模板卡 ruankao::importance:: ruankao::exam_use::下午案例 ruankao::topic::T-CASE-001,sha256:789ef77ebbcf0ef3cd183bc8
软考::系统集成项目管理工程师,Basic,沟通管理与干系人管理类案例的标准答题框架（问题→原因→措施）是什么？,问题：干系人识别不全/沟通计划缺陷/反馈机制缺失/参与度评估缺失。原因：未识别受项目影响的干系人/沟通范围仅限核心团队/沟通方式单一/无反馈确认。措施：全面识别干系人→更新干系人登记册→评估当前和期望参与度→制定分层沟通策略→建立定期反馈和确认机制→对抵制型干系人制定专门策略。,"- 记忆锁链：识别不全→沟通窄→无反馈→冲突→补识别+定策略+分层沟通+反馈确认。<br>- 答题提醒：干系人管理的第一步永远是""识别""——不要跳过去直接写沟通计划。<br>- 关联：T-CASE-001；T-COM-001。<br>- 来源：SRC-CASE-TRAIN-005。",topic_qa,案例模板卡,,,,,下午案例,,,,T-CASE-001,T-CASE-001,SRC-CASE-TRAIN-005,outputs/anki_builds/full_expansion_20260521_003052/topics/by_topic/T-CASE-001/topic_qa_cards.md,T-CASE-001 最终人工可读卡片,,"T-CASE-001,T-COM-001",keep,"框架完整，强调""识别在前、沟通在后""的正确顺序。",ruankao ruankao::family::topic_qa ruankao::card_type::案例模板卡 ruankao::importance:: ruankao::exam_use::下午案例 ruankao::topic::T-CASE-001,sha256:2f3f928ee2b8632b7ffdf168
软考::系统集成项目管理工程师,Basic,整体管理与变更控制类案例的标准答题框架（问题→原因→措施）是什么？,问题：变更控制流程缺失/CCB未运作/口头变更/未经评估直接实施/变更后未更新文件。原因：缺乏变更管理意识/未设单一变更入口/变更控制制度未落地/监控不足。措施：建立变更控制流程（申请→影响分析→CCB审批→实施→验证→更新→通知）→设立单一变更入口→教育团队和客户→更新项目基准和配置记录→加强变更监控。,- 记忆锁链：无流程→口头变→失控+乱→建流程+设入口+教育+更新+监控。<br>- 易错点：CCB批准后不算完——必须更新项目文件、基准和配置记录，并通知相关干系人。<br>- 关联：T-CASE-001；T-INT-004。<br>- 来源：SRC-CASE-TUTOR-001。,topic_qa,案例模板卡,,,,,下午案例,,,,T-CASE-001,T-CASE-001,SRC-CASE-TUTOR-001,outputs/anki_builds/full_expansion_20260521_003052/topics/by_topic/T-CASE-001/topic_qa_cards.md,T-CASE-001 最终人工可读卡片,,"T-CASE-001,T-INT-004",keep,"补充整体管理变更控制案例模板，Extra强调""批准≠结束""的常见认知缺口。",ruankao ruankao::family::topic_qa ruankao::card_type::案例模板卡 ruankao::importance:: ruankao::exam_use::下午案例 ruankao::topic::T-CASE-001,sha256:c8fe24c0f7d10301fb88bfa4
软考::系统集成项目管理工程师,Basic,当案例同时出现范围蔓延和进度延误时，应如何综合运用多个知识域答题？,先理清因果链——范围蔓延（范围管理）导致额外工作，额外工作导致进度延误（进度管理）和成本超支（成本管理）。答题时按主次排列，不能只写一个知识域。,"- 答题顺序示例：① 范围管理（WBS不完整→范围蔓延）；② 变更控制（未走流程→导致无序追加）；③ 进度管理（额外工作→关键路径延误）；④ 成本管理（返工→成本超支）。<br>- 易错点：不要并列写——要用""先……再……最后""的因果逻辑串联各域。<br>- 关联：T-CASE-001；T-SCOPE-002；T-SCH-002；T-COST-001。<br>- 来源：SRC-CASE-TUTOR-001。",topic_qa,跨专题卡,,,,,下午案例,,,,T-CASE-001,T-CASE-001,SRC-CASE-TUTOR-001,outputs/anki_builds/full_expansion_20260521_003052/topics/by_topic/T-CASE-001/topic_qa_cards.md,T-CASE-001 最终人工可读卡片,,"T-CASE-001,T-SCOPE-002,T-SCH-002,T-COST-001",keep,跨域综合运用是下午案例高分的关键能力，Extra给出答题顺序示例。,ruankao ruankao::family::topic_qa ruankao::card_type::跨专题卡 ruankao::importance:: ruankao::exam_use::下午案例 ruankao::topic::T-CASE-001,sha256:0b7353e1d20d8cd06e3ed5e1
软考::系统集成项目管理工程师,Basic,当案例同时出现质量问题和成本超支时，应如何综合运用多个知识域答题？,先判断因果关系——质量问题（质量管理）导致返工，返工导致成本超支（成本管理）和进度延误（进度管理）。缺QA过程是根因，成本超支是结果。答题时先治本再治标。,- 答题顺序示例：① 质量管理（缺质量计划→QA缺失→QC集中在后期→缺陷爆发）；② 成本管理（返工导致内部失败成本→成本超支）；③ 进度管理（修复缺陷占用工期→进度延误）。<br>- 易错点：不要把质量问题和成本问题分开当两个独立问题答——它们有因果关系。<br>- 关联：T-CASE-001；T-QUAL-001；T-COST-001；T-SCH-002。<br>- 来源：SRC-CASE-TUTOR-001。,topic_qa,跨专题卡,,,,,下午案例,,,,T-CASE-001,T-CASE-001,SRC-CASE-TUTOR-001,outputs/anki_builds/full_expansion_20260521_003052/topics/by_topic/T-CASE-001/topic_qa_cards.md,T-CASE-001 最终人工可读卡片,,"T-CASE-001,T-QUAL-001,T-COST-001,T-SCH-002",keep,质量和成本的因果关系是经典跨域考点，Extra 给出正确答题顺序。,ruankao ruankao::family::topic_qa ruankao::card_type::跨专题卡 ruankao::importance:: ruankao::exam_use::下午案例 ruankao::topic::T-CASE-001,sha256:73562f8684ebcc12ec40f9dc
软考::系统集成项目管理工程师,Basic,当案例同时涉及变更失控和合同纠纷时，应如何综合运用多个知识域答题？,变更（变更管理）→合同费用争议（采购/合同管理）→关系恶化→需要变更控制和合同变更两条线同时处理。,- 答题顺序示例：① 变更管理（需求变更未走流程→范围蔓延）；② 合同管理（固定总价合同未约定变更计价规则→费用争议）；③ 争议处理（跳过协商直接准备起诉→应走协商→调解→仲裁→诉讼递进路径）；④ 措施（补变更流程+补签合同补充协议+止损协商）。<br>- 易错点：变更管理和合同管理不是两个独立问题——合同条款中应包含变更的计价规则。<br>- 关联：T-CASE-001；T-INT-004；T-PROC-012。<br>- 来源：SRC-CASE-TRAIN-006。,topic_qa,跨专题卡,,,,,下午案例,,,,T-CASE-001,T-CASE-001,SRC-CASE-TRAIN-006,outputs/anki_builds/full_expansion_20260521_003052/topics/by_topic/T-CASE-001/topic_qa_cards.md,T-CASE-001 最终人工可读卡片,,"T-CASE-001,T-INT-004,T-PROC-012",keep,变更+合同的跨域组合在真题中反复出现，Extra给出答题顺序和关联要点。,ruankao ruankao::family::topic_qa ruankao::card_type::跨专题卡 ruankao::importance:: ruankao::exam_use::下午案例 ruankao::topic::T-CASE-001,sha256:779c472dccea510ab6735987
软考::系统集成项目管理工程师,Basic,当案例同时涉及沟通冲突和范围蔓延时，应如何综合运用多个知识域答题？,干系人识别不全（干系人管理）→沟通计划缺陷（沟通管理）→客户未纳入有效沟通渠道→客户直接找开发提需求→范围蔓延（范围管理）+变更失控（变更管理）。,"- 答题顺序示例：① 干系人管理（未识别客户关键干系人→未分析其参与度）；② 沟通管理（客户未纳入沟通计划→信息不对称）；③ 变更管理（客户绕过PM→开发人员擅自实施→无变更流程）；④ 范围管理（WBS范围外工作→范围蔓延）。<br>- 易错点：不要只看到""客户直接找开发""就只答变更管理——根因可能是干系人没管好。<br>- 关联：T-CASE-001；T-COM-001；T-SCOPE-002；T-INT-004。<br>- 来源：SRC-CASE-TUTOR-001。",topic_qa,跨专题卡,,,,,下午案例,,,,T-CASE-001,T-CASE-001,SRC-CASE-TUTOR-001,outputs/anki_builds/full_expansion_20260521_003052/topics/by_topic/T-CASE-001/topic_qa_cards.md,T-CASE-001 最终人工可读卡片,,"T-CASE-001,T-COM-001,T-SCOPE-002,T-INT-004",keep,沟通+范围+变更的三域因果链，Extra给出递进式答题顺序指导。,ruankao ruankao::family::topic_qa ruankao::card_type::跨专题卡 ruankao::importance:: ruankao::exam_use::下午案例 ruankao::topic::T-CASE-001,sha256:120509175ed6f85ab6804da3
软考::系统集成项目管理工程师,Basic,进度延误诊断应先从哪两个维度定位问题？,先判断延误发生在关键路径还是非关键路径。关键路径延误直接导致总工期延误；非关键路径延误若超过总时差才影响总工期。,- 理解/记忆线索：关键路径延误=直接延期；非关键路径延误=看是否超过总时差。<br>- 易错点：不是所有延误都影响工期——非关键路径有时差缓冲。<br>- 题干信号：进度延误、关键路径、总时差。<br>- 关联：T-CASE-002；T-SCH-001 进度管理。<br>- 来源：SRC-T-CASE-002-001。,topic_qa,框架卡,,,,,下午案例,,,,T-CASE-002,T-CASE-002,SRC-T-CASE-002-001,outputs/anki_builds/full_expansion_20260521_003052/topics/by_topic/T-CASE-002/topic_qa_cards.md,T-CASE-002｜进度延误与成本超支案例专项模板 专题问答卡,,"T-CASE-002,T-SCH-001,T-CASE-002-001",keep,进度诊断的第一步——路径定位。,ruankao ruankao::family::topic_qa ruankao::card_type::框架卡 ruankao::importance:: ruankao::exam_use::下午案例 ruankao::topic::T-CASE-002,sha256:391896bedd8671989502c9c9
软考::系统集成项目管理工程师,Basic,进度延误的根本原因可以从哪三个层面分析？,估算层面（活动历时估算不准、未用三点估算、未识别关键路径）；执行层面（技术困难、需求返工、外部依赖延误）；监控层面（偏差发现太晚、监控频率不足）。,"- 理解/记忆线索：三层分析：估算不准→执行受阻→监控滞后。<br>- 易错点：不要只写""计划没做好""——要具体到估算、执行、监控哪个层面。<br>- 题干信号：进度延误原因、计划不准、执行困难、监控不够。<br>- 关联：T-CASE-002。<br>- 来源：SRC-T-CASE-002-001。",topic_qa,框架卡,,,,,下午案例,,,,T-CASE-002,T-CASE-002,SRC-T-CASE-002-001,outputs/anki_builds/full_expansion_20260521_003052/topics/by_topic/T-CASE-002/topic_qa_cards.md,T-CASE-002｜进度延误与成本超支案例专项模板 专题问答卡,,"T-CASE-002,T-CASE-002-001",keep,进度延误三层根因分析框架。,ruankao ruankao::family::topic_qa ruankao::card_type::框架卡 ruankao::importance:: ruankao::exam_use::下午案例 ruankao::topic::T-CASE-002,sha256:54b4d65029b7e1d68d865a61
软考::系统集成项目管理工程师,Basic,成本超支的根本原因可以从哪四个层面分析？,范围层面（范围蔓延、需求变更未追加预算）；估算层面（估算不准、未做自下而上估算）；执行层面（资源价格高于预算、返工/低效）；控制层面（未设偏差阈值、发现太晚）。,"- 理解/记忆线索：四层分析：范围→估算→执行→控制。<br>- 易错点：成本超支的根因很少是""花钱太多""——通常连着一串项目管理问题。<br>- 题干信号：成本超支、预算超标、花钱太多。<br>- 关联：T-CASE-002；T-COST-002 挣值管理。<br>- 来源：SRC-T-CASE-002-002。",topic_qa,框架卡,,,,,下午案例,,,,T-CASE-002,T-CASE-002,SRC-T-CASE-002-002,outputs/anki_builds/full_expansion_20260521_003052/topics/by_topic/T-CASE-002/topic_qa_cards.md,T-CASE-002｜进度延误与成本超支案例专项模板 专题问答卡,,"T-CASE-002,T-COST-002,T-CASE-002-002",keep,成本超支四层根因分析框架。,ruankao ruankao::family::topic_qa ruankao::card_type::框架卡 ruankao::importance:: ruankao::exam_use::下午案例 ruankao::topic::T-CASE-002,sha256:5faa620b739028b8d5775ee6
软考::系统集成项目管理工程师,Basic,"场景：项目经理说""项目花钱多是因为做得快，进度提前了""。但EVM数据是PV=200万，EV=160万，AC=220万。项目经理的判断对吗？",不对。SV=160-200=-40万（进度滞后），CV=160-220=-60万（成本超支），SPI=0.8，CPI≈0.73。实际上是花得多做得少。,- 理解/记忆线索：直觉可能骗人→用数据说话。算出具体指标再下结论。<br>- 易错点：不要凭主观感觉判断绩效，一定要用EVM数据。<br>- 题干信号：EVM数据、主观判断、实际情况。<br>- 关联：T-CASE-002；T-COST-002。<br>- 来源：SRC-T-CASE-002-002。,topic_qa,场景判断卡,,,,,下午案例,,,,T-CASE-002,T-CASE-002,SRC-T-CASE-002-002,outputs/anki_builds/full_expansion_20260521_003052/topics/by_topic/T-CASE-002/topic_qa_cards.md,T-CASE-002｜进度延误与成本超支案例专项模板 专题问答卡,,"T-CASE-002,T-COST-002,T-CASE-002-002",keep,凭感觉判断绩效的典型错误。,ruankao ruankao::family::topic_qa ruankao::card_type::场景判断卡 ruankao::importance:: ruankao::exam_use::下午案例 ruankao::topic::T-CASE-002,sha256:c29cc3811873e1c5623bfa67
软考::系统集成项目管理工程师,Basic,赶工的前提条件是什么？,必须识别关键路径。赶工只能针对关键路径上的活动，非关键路径有浮动时间，赶工不产生工期收益。,- 理解/记忆线索：赶工的前提=先找关键路径。不在关键路径上的活动压缩了也不影响总工期。<br>- 易错点：全员加班不加区分=浪费成本+增加疲劳，不是有效赶工。<br>- 题干信号：赶工、压缩工期、加班加人、关键路径。<br>- 关联：T-CASE-002；T-CROSS-001 赶工vs快速跟进。<br>- 来源：SRC-T-CASE-002-003。,topic_qa,概念卡,,,,,上午选择/下午案例,,,,T-CASE-002,T-CASE-002,SRC-T-CASE-002-003,outputs/anki_builds/full_expansion_20260521_003052/topics/by_topic/T-CASE-002/topic_qa_cards.md,T-CASE-002｜进度延误与成本超支案例专项模板 专题问答卡,,"T-CASE-002,T-CROSS-001,T-CASE-002-003",keep,赶工前必须先识别关键路径。,ruankao ruankao::family::topic_qa ruankao::card_type::概念卡 ruankao::importance:: ruankao::exam_use::上午选择/下午案例 ruankao::topic::T-CASE-002,sha256:34d49c95dfcfdbee0aa2b5b5
软考::系统集成项目管理工程师,Basic,面对进度延误，赶工和快速跟进各有什么代价？如何选择？,赶工增加成本，快速跟进增加返工风险。选择依据：看项目约束——成本敏感选快速跟进，风险敏感选赶工，也可组合使用。,"- 理解/记忆线索：赶工=花钱买时间；快速跟进=冒风险换时间。<br>- 易错点：不要只写""赶工""或""快速跟进""——要评估代价并说明选择理由。<br>- 题干信号：压缩工期、赶工、快速跟进、权衡。<br>- 关联：T-CASE-002；T-CROSS-001。<br>- 来源：SRC-T-CASE-002-003。",topic_qa,辨析卡,,,,,下午案例,,,,T-CASE-002,T-CASE-002,SRC-T-CASE-002-003,outputs/anki_builds/full_expansion_20260521_003052/topics/by_topic/T-CASE-002/topic_qa_cards.md,T-CASE-002｜进度延误与成本超支案例专项模板 专题问答卡,,"T-CASE-002,T-CROSS-001,T-CASE-002-003",keep,赶工和快速进跟的代价对比与选择逻辑。,ruankao ruankao::family::topic_qa ruankao::card_type::辨析卡 ruankao::importance:: ruankao::exam_use::下午案例 ruankao::topic::T-CASE-002,sha256:ea49a61039225a7296d307d8
软考::系统集成项目管理工程师,Basic,挣值管理（EVM）诊断案例的标准答题步骤是什么？,①列出PV、EV、AC数据；②计算SV/CV/SPI/CPI；③文字判断进度和成本状态；④预测EAC/ETC/VAC；⑤分析根因；⑥提出对应措施。,"- 理解/记忆线索：六步法：数据→指标→判断→预测→根因→措施。<br>- 易错点：很多人只计算不写文字判断——下午案例需要写""进度提前/落后、成本节约/超支""的文字结论。<br>- 题干信号：挣值案例、EVM计算、答题步骤。<br>- 关联：T-CASE-002；T-COST-002。<br>- 来源：SRC-T-CASE-002-004。",topic_qa,框架卡,,,,,下午案例,,,,T-CASE-002,T-CASE-002,SRC-T-CASE-002-004,outputs/anki_builds/full_expansion_20260521_003052/topics/by_topic/T-CASE-002/topic_qa_cards.md,T-CASE-002｜进度延误与成本超支案例专项模板 专题问答卡,,"T-CASE-002,T-COST-002,T-CASE-002-004",keep,EVM案例六步答题标准流程。,ruankao ruankao::family::topic_qa ruankao::card_type::框架卡 ruankao::importance:: ruankao::exam_use::下午案例 ruankao::topic::T-CASE-002,sha256:bf01f6fe2de8b1cbe5ccec75
软考::系统集成项目管理工程师,Basic,场景：BAC=500万，第4月末PV=200万，EV=160万，AC=220万。如果当前成本绩效持续下去，EAC是多少？,CPI=160/220≈0.727；EAC=BAC/CPI=500/0.727≈687.5万。预计超支187.5万。,"- 理解/记忆线索：典型偏差用EAC=BAC/CPI公式。<br>- 易错点：先判断绩效类型（典型还是非典型）再选公式；题干""将持续""是典型偏差的关键信号。<br>- 题干信号：绩效将持续、按目前趋势、没有改善迹象。<br>- 关联：T-CASE-002；T-COST-002。<br>- 来源：SRC-T-CASE-002-004。",topic_qa,场景判断卡,,,,,下午案例,,,,T-CASE-002,T-CASE-002,SRC-T-CASE-002-004,outputs/anki_builds/full_expansion_20260521_003052/topics/by_topic/T-CASE-002/topic_qa_cards.md,T-CASE-002｜进度延误与成本超支案例专项模板 专题问答卡,,"T-CASE-002,T-COST-002,T-CASE-002-004",keep,EVM预测的典型场景计算。,ruankao ruankao::family::topic_qa ruankao::card_type::场景判断卡 ruankao::importance:: ruankao::exam_use::下午案例 ruankao::topic::T-CASE-002,sha256:06be204c97917bf29b596143
软考::系统集成项目管理工程师,Basic,追赶进度的标准措施模板是什么？,识别关键路径→针对关键路径活动赶工或快速跟进→评估对成本和质量的影响→更新进度计划→与干系人沟通→加强监控防止再延误。,"- 理解/记忆线索：六步措施：识关键→选方法→评影响→更计划→通干系→强监控。<br>- 易错点：不能只写""赶工""——要写""识别关键路径后针对关键活动赶工""。<br>- 题干信号：追赶进度、进度延误措施。<br>- 关联：T-CASE-002。<br>- 来源：SRC-T-CASE-002-005。",topic_qa,措施卡,,,,,下午案例,,,,T-CASE-002,T-CASE-002,SRC-T-CASE-002-005,outputs/anki_builds/full_expansion_20260521_003052/topics/by_topic/T-CASE-002/topic_qa_cards.md,T-CASE-002｜进度延误与成本超支案例专项模板 专题问答卡,,"T-CASE-002,T-CASE-002-005",keep,进度追赶六步措施模板。,ruankao ruankao::family::topic_qa ruankao::card_type::措施卡 ruankao::importance:: ruankao::exam_use::下午案例 ruankao::topic::T-CASE-002,sha256:3a2a4639746b178e00ff196c
软考::系统集成项目管理工程师,Basic,防止进度再延误的措施有哪些？,采用三点估算替代单点估算提高准确度；建立偏差预警阈值；进行周期性进度审查；加强资源管理确保关键路径资源可用。,"- 理解/记忆线索：防再延误=算准点+早发现+常审查+保资源。<br>- 易错点：措施不能只写""加强进度管理""——要具体到用什么方法（三点估算、预警阈值）。<br>- 题干信号：防止延误、进度控制、持续改进。<br>- 关联：T-CASE-002。<br>- 来源：SRC-T-CASE-002-005。",topic_qa,措施卡,,,,,下午案例,,,,T-CASE-002,T-CASE-002,SRC-T-CASE-002-005,outputs/anki_builds/full_expansion_20260521_003052/topics/by_topic/T-CASE-002/topic_qa_cards.md,T-CASE-002｜进度延误与成本超支案例专项模板 专题问答卡,,"T-CASE-002,T-CASE-002-005",keep,预防性进度管理措施。,ruankao ruankao::family::topic_qa ruankao::card_type::措施卡 ruankao::importance:: ruankao::exam_use::下午案例 ruankao::topic::T-CASE-002,sha256:130b11ae81dd2348046b3469
软考::系统集成项目管理工程师,Basic,成本超支的控制措施模板是什么？,立即停止范围蔓延→严格变更控制→分析CV/CPI根因（范围/估算/执行/控制）→针对性采取纠偏措施→重新估算EAC→与干系人沟通→如超预算需走变更。,"- 理解/记忆线索：七步措施：停蔓延→严变更→分根因→纠偏差→重估算→通干系→走变更。<br>- 易错点：措施要具体——""加强成本管理""不够，要写""用EVM分析偏差方向后针对根因采取措施""。<br>- 题干信号：成本超支、控制成本、成本措施。<br>- 关联：T-CASE-002；T-COST-002。<br>- 来源：SRC-T-CASE-002-006。",topic_qa,措施卡,,,,,下午案例,,,,T-CASE-002,T-CASE-002,SRC-T-CASE-002-006,outputs/anki_builds/full_expansion_20260521_003052/topics/by_topic/T-CASE-002/topic_qa_cards.md,T-CASE-002｜进度延误与成本超支案例专项模板 专题问答卡,,"T-CASE-002,T-COST-002,T-CASE-002-006",keep,成本超支七步措施模板。,ruankao ruankao::family::topic_qa ruankao::card_type::措施卡 ruankao::importance:: ruankao::exam_use::下午案例 ruankao::topic::T-CASE-002,sha256:cd380b4790ec1a5d970b0e27
软考::系统集成项目管理工程师,Basic,防止成本再超支的措施有哪些？,改进估算方法（自下而上估算）；设偏差阈值和预警机制；周期性挣值分析；加强范围控制防止蔓延；更准确的资源价格估算。,"- 理解/记忆线索：防再超支=准估算+早发现+常分析+控范围+实定价。<br>- 易错点：不要只写""省钱""——要写怎么通过管理手段防止超支。<br>- 题干信号：防止超支、成本控制、改进估算。<br>- 关联：T-CASE-002；T-COST-002。<br>- 来源：SRC-T-CASE-002-006。",topic_qa,措施卡,,,,,下午案例,,,,T-CASE-002,T-CASE-002,SRC-T-CASE-002-006,outputs/anki_builds/full_expansion_20260521_003052/topics/by_topic/T-CASE-002/topic_qa_cards.md,T-CASE-002｜进度延误与成本超支案例专项模板 专题问答卡,,"T-CASE-002,T-COST-002,T-CASE-002-006",keep,预防性成本管理措施。,ruankao ruankao::family::topic_qa ruankao::card_type::措施卡 ruankao::importance:: ruankao::exam_use::下午案例 ruankao::topic::T-CASE-002,sha256:9d70c362ddc6f16f52437847
软考::系统集成项目管理工程师,Basic,"陷阱：案例题中写""加强管理""或""加强成本控制""能得分吗？",不能（或得分很少）。措施必须具体：用什么方法、针对什么问题、达到什么效果。,"- 理解/记忆线索：阅卷踩点：具体方法名（EVM、三点估算、CCB）比""加强管理""得分高。<br>- 易错点：""加强管理""是万金油答案——在任何案例中都正确但都不给分。<br>- 题干信号：措施题、答题模板、具体化。<br>- 关联：T-CASE-002。<br>- 来源：SRC-T-CASE-002-007。",topic_qa,陷阱卡,,,,,下午案例,,,,T-CASE-002,T-CASE-002,SRC-T-CASE-002-007,outputs/anki_builds/full_expansion_20260521_003052/topics/by_topic/T-CASE-002/topic_qa_cards.md,T-CASE-002｜进度延误与成本超支案例专项模板 专题问答卡,,"T-CASE-002,T-CASE-002-007",keep,"案例答题中""加强管理""类空洞表述的警示。",ruankao ruankao::family::topic_qa ruankao::card_type::陷阱卡 ruankao::importance:: ruankao::exam_use::下午案例 ruankao::topic::T-CASE-002,sha256:b4c84c46ecf1b135925b6df2
软考::系统集成项目管理工程师,Basic,场景：项目计划8个月完成，第5个月末只完成了原计划第3个月末的工作。项目经理要求全体成员每周加班20小时。2周后bug增多，进度改善不明显。请诊断问题。,①未识别关键路径→赶工缺乏针对性；②加班幅度过大→疲劳引入二次风险；③进度监控严重滞后（偏差2个月才行动）；④未评估赶工对质量的影响。,"- 理解/记忆线索：盲目赶工四大问题：无关键路径+幅度太大+监控太晚+忽视质量。<br>- 易错点：不要只看到""进度落后""——还要看到""赶工方式错误""。<br>- 题干信号：全体加班、bug增多、改善不明显。<br>- 关联：T-CASE-002。<br>- 来源：SRC-T-CASE-002-008。",topic_qa,场景判断卡,,,,,下午案例,,,,T-CASE-002,T-CASE-002,SRC-T-CASE-002-008,outputs/anki_builds/full_expansion_20260521_003052/topics/by_topic/T-CASE-002/topic_qa_cards.md,T-CASE-002｜进度延误与成本超支案例专项模板 专题问答卡,,"T-CASE-002,T-CASE-002-008",keep,盲目赶工的综合诊断训练。,ruankao ruankao::family::topic_qa ruankao::card_type::场景判断卡 ruankao::importance:: ruankao::exam_use::下午案例 ruankao::topic::T-CASE-002,sha256:50e28a2694a3d50cca207d8f
软考::系统集成项目管理工程师,Basic,"场景：项目经理说""Week 6时，PV=600万，EV=540万，AC=630万，BAC=1200万""。诊断项目状态并给出措施。",SPI=540/600=0.9（进度滞后），CPI=540/630≈0.857（成本超支）。如趋势持续，EAC=1200/0.857≈1400万。措施：①分析超支根因（范围/估算/执行/控制）；②识别关键路径聚焦赶工；③严格变更控制防止蔓延；④与客户沟通成本预测。,- 理解/记忆线索：用数据说话——先算再判后措施。<br>- 易错点：不要只计算不写文字结论和措施；EAC预测要说明前提（典型偏差）。<br>- 题干信号：EVM数据、综合诊断、答题链。<br>- 关联：T-CASE-002；T-COST-002。<br>- 来源：SRC-T-CASE-002-008。,topic_qa,场景判断卡,,,,,下午案例,,,,T-CASE-002,T-CASE-002,SRC-T-CASE-002-008,outputs/anki_builds/full_expansion_20260521_003052/topics/by_topic/T-CASE-002/topic_qa_cards.md,T-CASE-002｜进度延误与成本超支案例专项模板 专题问答卡,,"T-CASE-002,T-COST-002,T-CASE-002-008",keep,进度+成本双偏差的综合诊断训练。,ruankao ruankao::family::topic_qa ruankao::card_type::场景判断卡 ruankao::importance:: ruankao::exam_use::下午案例 ruankao::topic::T-CASE-002,sha256:8f9fbe9e7552920eb7838592
软考::系统集成项目管理工程师,Basic,范围蔓延的四种典型剧情模式是什么？,客户绕路型（客户直接找开发人员）；领导越权型（高层直接要求不走流程）；团队擅自型（团队自己决定加功能）；渐进蔓延型（每次加一点，积少成多）。,- 理解/记忆线索：四种来源：客户、领导、团队、渐进。<br>- 易错点：范围蔓延的共同特征——都绕过了正式的变更控制流程。<br>- 题干信号：直接联系开发、口头要求、每次加一点、觉得应该加上。<br>- 关联：T-CASE-003；T-SCOPE-003。<br>- 来源：SRC-T-CASE-003-001。,topic_qa,概念卡,,,,,下午案例,,,,T-CASE-003,T-CASE-003,SRC-T-CASE-003-001,outputs/anki_builds/full_expansion_20260521_003052/topics/by_topic/T-CASE-003/topic_qa_cards.md,T-CASE-003｜范围蔓延、变更失控与合同纠纷案例模板 专题问答卡,,"T-CASE-003,T-SCOPE-003,T-CASE-003-001",keep,范围蔓延四类剧情模式概括。,ruankao ruankao::family::topic_qa ruankao::card_type::概念卡 ruankao::importance:: ruankao::exam_use::下午案例 ruankao::topic::T-CASE-003,sha256:50381f4efbafca055576f96b
软考::系统集成项目管理工程师,Basic,场景：客户多次直接找开发人员口头提出新需求，开发人员为维护客户关系答应了。项目经理在周会上才知晓。这是什么剧情？问题在哪？,客户绕路型范围蔓延。问题：①变更控制流程缺失；②客户绕过PM直接对接开发；③团队缺乏变更管理意识；④PM监控失效。,"- 理解/记忆线索：客户→开发（跳过了PM）→口头答应→周会才暴露=客户绕路型。<br>- 易错点：不要只看到""客户提需求""——问题在于绕过流程，不是需求本身有问题。<br>- 题干信号：直接联系开发、口头答应、周会才暴露。<br>- 关联：T-CASE-003。<br>- 来源：SRC-T-CASE-003-001。",topic_qa,场景判断卡,,,,,下午案例,,,,T-CASE-003,T-CASE-003,SRC-T-CASE-003-001,outputs/anki_builds/full_expansion_20260521_003052/topics/by_topic/T-CASE-003/topic_qa_cards.md,T-CASE-003｜范围蔓延、变更失控与合同纠纷案例模板 专题问答卡,,"T-CASE-003,T-CASE-003-001",keep,客户绕路型剧情识别与诊断。,ruankao ruankao::family::topic_qa ruankao::card_type::场景判断卡 ruankao::importance:: ruankao::exam_use::下午案例 ruankao::topic::T-CASE-003,sha256:7c0245ff3dd3e2fea1dc3d52
软考::系统集成项目管理工程师,Basic,"场景：团队成员在开发过程中""顺便""加了一个小功能，觉得很有价值而且没花多少时间。这属于什么？",团队擅自型范围蔓延。团队自行决定增加范围外工作，未走变更流程。,"- 理解/记忆线索：团队自己觉得""挺好的""就做了=团队擅自型。<br>- 易错点：不管功能多小、多有用——没有走范围变更流程就是范围蔓延。<br>- 题干信号：顺便加了、自己决定、没通知PM。<br>- 关联：T-CASE-003。<br>- 来源：SRC-T-CASE-003-001。",topic_qa,场景判断卡,,,,,下午案例,,,,T-CASE-003,T-CASE-003,SRC-T-CASE-003-001,outputs/anki_builds/full_expansion_20260521_003052/topics/by_topic/T-CASE-003/topic_qa_cards.md,T-CASE-003｜范围蔓延、变更失控与合同纠纷案例模板 专题问答卡,,"T-CASE-003,T-CASE-003-001",keep,团队擅自型剧情识别。,ruankao ruankao::family::topic_qa ruankao::card_type::场景判断卡 ruankao::importance:: ruankao::exam_use::下午案例 ruankao::topic::T-CASE-003,sha256:d9be0dec5de8cdbfbab1f055
软考::系统集成项目管理工程师,Basic,变更失控案例的诊断链是什么？,①变更控制流程是否缺失/形同虚设；②范围基准是否被维护；③干系人/客户是否绕过项目经理；④PM监控频率是否不足；⑤团队是否缺乏变更管理意识。,"- 理解/记忆线索：五步诊断：流程→基准→干系人→监控→意识。<br>- 易错点：不要只写""变更管理有问题""——要逐项检查哪个环节出了漏洞。<br>- 题干信号：变更失控、范围蔓延、变更流程。<br>- 关联：T-CASE-003。<br>- 来源：SRC-T-CASE-003-002。",topic_qa,框架卡,,,,,下午案例,,,,T-CASE-003,T-CASE-003,SRC-T-CASE-003-002,outputs/anki_builds/full_expansion_20260521_003052/topics/by_topic/T-CASE-003/topic_qa_cards.md,T-CASE-003｜范围蔓延、变更失控与合同纠纷案例模板 专题问答卡,,"T-CASE-003,T-CASE-003-002",keep,变更失控五步诊断链。,ruankao ruankao::family::topic_qa ruankao::card_type::框架卡 ruankao::importance:: ruankao::exam_use::下午案例 ruankao::topic::T-CASE-003,sha256:3c2e84741596b4e0d819f84e
软考::系统集成项目管理工程师,Basic,范围蔓延和变更失控的应对措施模板是什么？,立即暂停未审批的变更工作→逐项评估对范围/进度/成本/质量的影响→补走正式变更流程（CCB审批）→更新基准→与客户建立单一变更接口（统一通过PM）→培训团队变更管理意识→缩短监控周期。,"- 理解/记忆线索：七步法：停→评→补→更→建→训→缩。<br>- 易错点：不能只写""加强变更控制""——要具体到暂停未审批变更、补流程、建单一接口。<br>- 题干信号：变更失控措施、范围蔓延处理。<br>- 关联：T-CASE-003。<br>- 来源：SRC-T-CASE-003-002。",topic_qa,措施卡,,,,,下午案例,,,,T-CASE-003,T-CASE-003,SRC-T-CASE-003-002,outputs/anki_builds/full_expansion_20260521_003052/topics/by_topic/T-CASE-003/topic_qa_cards.md,T-CASE-003｜范围蔓延、变更失控与合同纠纷案例模板 专题问答卡,,"T-CASE-003,T-CASE-003-002",keep,变更失控七步措施标准答案。,ruankao ruankao::family::topic_qa ruankao::card_type::措施卡 ruankao::importance:: ruankao::exam_use::下午案例 ruankao::topic::T-CASE-003,sha256:0552f82f2e8a2788cda613c0
软考::系统集成项目管理工程师,Basic,合同纠纷案例的诊断第一步应该做什么？,判断合同类型与项目特性的匹配性。很多合同纠纷的根源是合同类型选择不当（如需求频繁变更却用了固定总价合同）。,"- 理解/记忆线索：先看合同类型对不对→再看变更管理有没有→再看争议处理对不对。<br>- 易错点：不要一上来就讨论""谁对谁错""——先看合同类型是否匹配。<br>- 题干信号：合同纠纷、合同类型、固定总价、成本补偿。<br>- 关联：T-CASE-003；T-PROC-002 采购管理。<br>- 来源：SRC-T-CASE-003-003。",topic_qa,框架卡,,,,,下午案例,,,,T-CASE-003,T-CASE-003,SRC-T-CASE-003-003,outputs/anki_builds/full_expansion_20260521_003052/topics/by_topic/T-CASE-003/topic_qa_cards.md,T-CASE-003｜范围蔓延、变更失控与合同纠纷案例模板 专题问答卡,,"T-CASE-003,T-PROC-002,T-CASE-003-003",keep,合同纠纷诊断的起点。,ruankao ruankao::family::topic_qa ruankao::card_type::框架卡 ruankao::importance:: ruankao::exam_use::下午案例 ruankao::topic::T-CASE-003,sha256:0a22108ad27ab863c88c63e3
软考::系统集成项目管理工程师,Basic,合同纠纷诊断的五个要检查的方面是什么？,①合同类型是否适当；②变更管理是否缺失；③供方选择是否不当（低价中标等）；④验收标准是否明确；⑤索赔管理是否缺失。,- 理解/记忆线索：五查：类型→变更→供方→标准→索赔。<br>- 易错点：验收标准不明是最容易被忽视的合同纠纷根源。<br>- 题干信号：合同纠纷、索赔、合同条款。<br>- 关联：T-CASE-003。<br>- 来源：SRC-T-CASE-003-003。,topic_qa,框架卡,,,,,下午案例,,,,T-CASE-003,T-CASE-003,SRC-T-CASE-003-003,outputs/anki_builds/full_expansion_20260521_003052/topics/by_topic/T-CASE-003/topic_qa_cards.md,T-CASE-003｜范围蔓延、变更失控与合同纠纷案例模板 专题问答卡,,"T-CASE-003,T-CASE-003-003",keep,合同纠纷五方面诊断。,ruankao ruankao::family::topic_qa ruankao::card_type::框架卡 ruankao::importance:: ruankao::exam_use::下午案例 ruankao::topic::T-CASE-003,sha256:2628bfcee75e9c80f5bd99c7
软考::系统集成项目管理工程师,Basic,合同类型不匹配怎么办？,评估是否应转为更合适的合同类型（如固定总价转工料合同），与客户协商补签变更协议，明确后续变更的计价方式。,- 理解/记忆线索：类型错了→评估转类型→补签协议→明确规则。<br>- 易错点：不能单方面变更合同类型——需要双方协商同意。<br>- 题干信号：合同类型不当、固定总价频繁变更。<br>- 关联：T-CASE-003；T-PROC-002。<br>- 来源：SRC-T-CASE-003-004。,topic_qa,措施卡,,,,,下午案例,,,,T-CASE-003,T-CASE-003,SRC-T-CASE-003-004,outputs/anki_builds/full_expansion_20260521_003052/topics/by_topic/T-CASE-003/topic_qa_cards.md,T-CASE-003｜范围蔓延、变更失控与合同纠纷案例模板 专题问答卡,,"T-CASE-003,T-PROC-002,T-CASE-003-004",keep,合同类型不当的标准处理路径。,ruankao ruankao::family::topic_qa ruankao::card_type::措施卡 ruankao::importance:: ruankao::exam_use::下午案例 ruankao::topic::T-CASE-003,sha256:4c79bab31b75226379167f81
软考::系统集成项目管理工程师,Basic,验收标准不明确导致的合同纠纷怎么处理？,补充并确认验收标准→形成书面补充协议→记录当前问题清单→修复后重新验收。,- 理解/记忆线索：补标准→签协议→列问题→再验收。<br>- 易错点：不要在没有明确验收标准的情况下强行验收。<br>- 题干信号：验收标准不明、验收纠纷、拒收。<br>- 关联：T-CASE-003。<br>- 来源：SRC-T-CASE-003-004。,topic_qa,措施卡,,,,,下午案例,,,,T-CASE-003,T-CASE-003,SRC-T-CASE-003-004,outputs/anki_builds/full_expansion_20260521_003052/topics/by_topic/T-CASE-003/topic_qa_cards.md,T-CASE-003｜范围蔓延、变更失控与合同纠纷案例模板 专题问答卡,,"T-CASE-003,T-CASE-003-004",keep,验收标准不明的处理路径。,ruankao ruankao::family::topic_qa ruankao::card_type::措施卡 ruankao::importance:: ruankao::exam_use::下午案例 ruankao::topic::T-CASE-003,sha256:eff01ae0dc6b2c0fa99f0e86
软考::系统集成项目管理工程师,Basic,合同索赔管理的标准处理路径是什么？,收集证据→按合同条款提出索赔→与对方协商→协商不成请第三方调解→调解不成申请仲裁→仲裁不成提起诉讼。,- 理解/记忆线索：递进六步：证据→索赔→协商→调解→仲裁→诉讼。<br>- 易错点：不能跳过协商和调解直接诉讼——争议解决有递进路径。<br>- 题干信号：索赔、纠纷、起诉、仲裁。<br>- 关联：T-CASE-003。<br>- 来源：SRC-T-CASE-003-004。,topic_qa,措施卡,,,,,下午案例,,,,T-CASE-003,T-CASE-003,SRC-T-CASE-003-004,outputs/anki_builds/full_expansion_20260521_003052/topics/by_topic/T-CASE-003/topic_qa_cards.md,T-CASE-003｜范围蔓延、变更失控与合同纠纷案例模板 专题问答卡,,"T-CASE-003,T-CASE-003-004",keep,索赔争议解决的递进路径。,ruankao ruankao::family::topic_qa ruankao::card_type::措施卡 ruankao::importance:: ruankao::exam_use::下午案例 ruankao::topic::T-CASE-003,sha256:691383c519df46ebbdbb70be
软考::系统集成项目管理工程师,Basic,陷阱：固定总价合同意味着无论发生什么变更，卖方都不能要求追加费用。这个说法对吗？,不对。固定总价保障的是合同约定范围内的价格固定；合同范围外的变更需要重新计价，通过合同变更控制签署补充协议。,"- 理解/记忆线索：固定总价=范围固定价格固定；范围变了→价格可以重新谈。<br>- 易错点：不要认为""固定总价=什么变更都包干""——这是对固定总价的经典误解。<br>- 题干信号：固定总价、加钱、合同范围变更。<br>- 关联：T-CASE-003；T-PROC-002。<br>- 来源：SRC-T-CASE-003-005。",topic_qa,陷阱卡,,,,,上午选择/下午案例,,,,T-CASE-003,T-CASE-003,SRC-T-CASE-003-005,outputs/anki_builds/full_expansion_20260521_003052/topics/by_topic/T-CASE-003/topic_qa_cards.md,T-CASE-003｜范围蔓延、变更失控与合同纠纷案例模板 专题问答卡,,"T-CASE-003,T-PROC-002,T-CASE-003-005",keep,固定总价合同范围变更的定价权误解。,ruankao ruankao::family::topic_qa ruankao::card_type::陷阱卡 ruankao::importance:: ruankao::exam_use::上午选择/下午案例 ruankao::topic::T-CASE-003,sha256:594e26f29d931a7cb6a0eaa2
软考::系统集成项目管理工程师,Basic,"陷阱：用固定总价合同外包测试工作，需求发生4次变更。买方PM认为""固定总价意味着不管怎么变都不加钱""——这个认知错在哪？","错在把固定总价等同于""无限兜底""。固定总价保障合同范围内工作的价格，范围外的变更需重新计价和签署补充协议。","- 理解/记忆线索：固定总价=保险箱（范围固定的部分）；不是无底洞（范围变了要加钱）。<br>- 易错点：双方都可能有这种误解——买方认为""不加钱""，卖方认为""不合理""。<br>- 题干信号：固定总价、变更、追加费用。<br>- 关联：T-CASE-003。<br>- 来源：SRC-T-CASE-003-005。",topic_qa,陷阱卡,,,,,下午案例,,,,T-CASE-003,T-CASE-003,SRC-T-CASE-003-005,outputs/anki_builds/full_expansion_20260521_003052/topics/by_topic/T-CASE-003/topic_qa_cards.md,T-CASE-003｜范围蔓延、变更失控与合同纠纷案例模板 专题问答卡,,"T-CASE-003,T-CASE-003-005",keep,固定总价无限包干的合同认知错误。,ruankao ruankao::family::topic_qa ruankao::card_type::陷阱卡 ruankao::importance:: ruankao::exam_use::下午案例 ruankao::topic::T-CASE-003,sha256:9cd922e764009eed1bcd9201
软考::系统集成项目管理工程师,Basic,陷阱：口头答应客户的变更需求，事后补记录就可以——这个做法对吗？,不对。所有变更都应先走正式变更流程（书面请求→影响分析→CCB审批），审批通过后才能实施。口头答应再补记录已经形成了范围蔓延。,"- 理解/记忆线索：先批后做，不是先做后补。<br>- 易错点：不要认为""只要最终有记录就行""——顺序错了就是范围蔓延。<br>- 题干信号：口头答应、后补记录、变更流程。<br>- 关联：T-CASE-003。<br>- 来源：SRC-T-CASE-003-005。",topic_qa,陷阱卡,,,,,下午案例,,,,T-CASE-003,T-CASE-003,SRC-T-CASE-003-005,outputs/anki_builds/full_expansion_20260521_003052/topics/by_topic/T-CASE-003/topic_qa_cards.md,T-CASE-003｜范围蔓延、变更失控与合同纠纷案例模板 专题问答卡,,"T-CASE-003,T-CASE-003-005",keep,口头变更的顺序陷阱。,ruankao ruankao::family::topic_qa ruankao::card_type::陷阱卡 ruankao::importance:: ruankao::exam_use::下午案例 ruankao::topic::T-CASE-003,sha256:3cae0054297c0e1da9e103e6
软考::系统集成项目管理工程师,Basic,场景：某项目开发过半时，甲方信息中心主任多次直接找开发人员增加报表功能。开发人员口头答应了。项目经理在周例会上才发现范围严重超限，进度滞后2个月，团队因额外加班出现离职倾向。请诊断并给出措施。,诊断：客户绕路型范围蔓延+变更流程缺失+PM监控失效+团队离职风险。措施：①暂停所有新增功能开发；②评估已增部分影响补走变更流程；③与客户建立单一变更接口（统一通过PM）；④评估进度影响更新基准；⑤与团队沟通缓解焦虑。,- 理解/记忆线索：诊断五步+措施五步的综合运用。<br>- 易错点：不要只处理范围问题——团队离职倾向也是需要紧急处理的风险。<br>- 题干信号：客户直接找开发、口头答应、进度滞后、离职倾向。<br>- 关联：T-CASE-003；T-COM-002。<br>- 来源：SRC-T-CASE-003-005。,topic_qa,场景判断卡,,,,,下午案例,,,,T-CASE-003,T-CASE-003,SRC-T-CASE-003-005,outputs/anki_builds/full_expansion_20260521_003052/topics/by_topic/T-CASE-003/topic_qa_cards.md,T-CASE-003｜范围蔓延、变更失控与合同纠纷案例模板 专题问答卡,,"T-CASE-003,T-COM-002,T-CASE-003-005",keep,范围蔓延+团队风险的综合案例。,ruankao ruankao::family::topic_qa ruankao::card_type::场景判断卡 ruankao::importance:: ruankao::exam_use::下午案例 ruankao::topic::T-CASE-003,sha256:2b442086aa21f0915d4da038
软考::系统集成项目管理工程师,Basic,"场景：某公司以固定总价合同将测试工作外包给第三方。执行中需求发生4次变更，第三方要求追加费用。买方PM认为""固定总价不能加钱""。第三方暂停工作，买方准备起诉。请诊断。",诊断：①PM对固定总价认知错误（范围外变更需另行计价）；②变更管理缺失（未走合同变更流程、未签补充协议）；③争议处理跳跃（直接起诉，应先协商）。措施：①明确合同范围内外的责任边界；②补签变更补充协议；③优先协商解决争议。,- 理解/记忆线索：合同类型误判+变更流程缺失+争议跳跃三步错。<br>- 易错点：争议解决不能跳过协商和调解直接进入诉讼。<br>- 题干信号：固定总价、追加费用、暂停工作、起诉。<br>- 关联：T-CASE-003。<br>- 来源：SRC-T-CASE-003-005。,topic_qa,场景判断卡,,,,,下午案例,,,,T-CASE-003,T-CASE-003,SRC-T-CASE-003-005,outputs/anki_builds/full_expansion_20260521_003052/topics/by_topic/T-CASE-003/topic_qa_cards.md,T-CASE-003｜范围蔓延、变更失控与合同纠纷案例模板 专题问答卡,,"T-CASE-003,T-CASE-003-005",keep,合同纠纷综合诊断训练。,ruankao ruankao::family::topic_qa ruankao::card_type::场景判断卡 ruankao::importance:: ruankao::exam_use::下午案例 ruankao::topic::T-CASE-003,sha256:4d42fe173bc4fc9884e1e98c
软考::系统集成项目管理工程师,Basic,什么是配置项（Configuration Item）？,配置管理的基本单位——需要受控的任何工作产品、交付物或组件，包括代码、文档、设计图、测试用例、硬件规格等。,"- 理解/记忆线索：所有""需要管理的版本、需要跟踪变更的东西""都是配置项。<br>- 易错点：认为配置项只包括代码——文档、设计图、测试用例等也是配置项。<br>- 题干信号：""配置项""、""受控""、""工作产品""、""需要版本管理""。<br>- 关联：T-CFG-001。<br>- 来源：SRC-CFG-TUTOR-001。",topic_qa,概念理解卡,,,,,上午选择,,,,T-CFG-001,T-CFG-001,SRC-CFG-TUTOR-001,outputs/anki_builds/full_expansion_20260521_003052/topics/by_topic/T-CFG-001/topic_qa_cards.md,T-CFG-001 配置管理：配置项、基线、配置库与版本控制 — 专题 QA 卡片,,T-CFG-001,keep,,ruankao ruankao::family::topic_qa ruankao::card_type::概念理解卡 ruankao::importance:: ruankao::exam_use::上午选择 ruankao::topic::T-CFG-001,sha256:c452d9b8d2e230b6ac73f815
软考::系统集成项目管理工程师,Basic,什么是基线（Baseline）？和普通备份的区别是什么？,基线是经过正式评审和批准的、作为后续工作正式起点的配置项版本。基线不是普通备份——基线的任何修改都必须走正式的变更控制流程。,"- 理解/记忆线索：基线 = ""里程碑版本""——改它要走流程；备份 = ""以防万一的副本""——随便改。<br>- 易错点：认为基线 = 备份——备份可以随便覆盖，基线的修改必须受控。<br>- 题干信号：""基线""、""正式评审""、""变更控制""、""后续工作基础""。<br>- 关联：T-CFG-001。<br>- 来源：SRC-CFG-TUTOR-001。",topic_qa,概念理解卡,,,,,上午选择,,,,T-CFG-001,T-CFG-001,SRC-CFG-TUTOR-001,outputs/anki_builds/full_expansion_20260521_003052/topics/by_topic/T-CFG-001/topic_qa_cards.md,T-CFG-001 配置管理：配置项、基线、配置库与版本控制 — 专题 QA 卡片,,T-CFG-001,keep,,ruankao ruankao::family::topic_qa ruankao::card_type::概念理解卡 ruankao::importance:: ruankao::exam_use::上午选择 ruankao::topic::T-CFG-001,sha256:9fcdae1a550da9ee4ac79c28
软考::系统集成项目管理工程师,Basic,三类基线（功能基线/分配基线/产品基线）分别在什么阶段建立？,功能基线→系统级需求评审通过后（需求确定时）；分配基线→概要设计评审通过后（设计分配时）；产品基线→产品通过测试验收后（交付发布时）。,"- 理解/记忆线索：功能=需求基线，分配=设计基线，产品=发布基线。<br>- 易错点：混淆功能基线和分配基线——功能基线在需求阶段，分配基线在设计阶段。<br>- 题干信号：""三类基线""、""基线建立时机""、""功能/分配/产品""。<br>- 关联：T-CFG-001。<br>- 来源：SRC-CFG-TUTOR-001。",topic_qa,概念理解卡,,,,,上午选择,,,,T-CFG-001,T-CFG-001,SRC-CFG-TUTOR-001,outputs/anki_builds/full_expansion_20260521_003052/topics/by_topic/T-CFG-001/topic_qa_cards.md,T-CFG-001 配置管理：配置项、基线、配置库与版本控制 — 专题 QA 卡片,,T-CFG-001,keep,,ruankao ruankao::family::topic_qa ruankao::card_type::概念理解卡 ruankao::importance:: ruankao::exam_use::上午选择 ruankao::topic::T-CFG-001,sha256:581919518350051492cd2e30
软考::系统集成项目管理工程师,Basic,三类配置库（开发库/受控库/产品库）各自的特点是什么？,开发库（动态库）：开发者日常工作区，可自由修改，未纳入基线。受控库（主库）：已纳入基线的配置项，修改需走变更流程。产品库（静态库）：发布产品的最终版本，严格受控，修改需最高级别审批。,"- 理解/记忆线索：开发库=""随便改""，受控库=""走流程改""，产品库=""最高级别审批才能改""。<br>- 易错点：认为受控库和产品库权限一样——产品库比受控库更严格。<br>- 题干信号：""三类库""、""开发库 vs 受控库 vs 产品库""、""配置库类型""。<br>- 关联：T-CFG-001。<br>- 来源：SRC-CFG-TUTOR-001。",topic_qa,概念理解卡,,,,,上午选择,,,,T-CFG-001,T-CFG-001,SRC-CFG-TUTOR-001,outputs/anki_builds/full_expansion_20260521_003052/topics/by_topic/T-CFG-001/topic_qa_cards.md,T-CFG-001 配置管理：配置项、基线、配置库与版本控制 — 专题 QA 卡片,,T-CFG-001,keep,,ruankao ruankao::family::topic_qa ruankao::card_type::概念理解卡 ruankao::importance:: ruankao::exam_use::上午选择 ruankao::topic::T-CFG-001,sha256:84798206634215abbfbc536b
软考::系统集成项目管理工程师,Basic,开发人员日常编写代码和调试应在哪个库中进行？,开发库（动态库）。开发库是开发者自由工作区，未纳入基线控制。,"- 理解/记忆线索：写代码在开发库，代码评审通过后转入受控库。<br>- 易错点：认为写代码应该在受控库——受控库是基线后的受控区，不是日常工作区。<br>- 题干信号：""日常开发""、""编写代码""、""调试""、""自由修改""。<br>- 关联：T-CFG-001。<br>- 来源：SRC-CFG-TUTOR-001。",topic_qa,场景判断卡,,,,,上午选择,,,,T-CFG-001,T-CFG-001,SRC-CFG-TUTOR-001,outputs/anki_builds/full_expansion_20260521_003052/topics/by_topic/T-CFG-001/topic_qa_cards.md,T-CFG-001 配置管理：配置项、基线、配置库与版本控制 — 专题 QA 卡片,,T-CFG-001,keep,,ruankao ruankao::family::topic_qa ruankao::card_type::场景判断卡 ruankao::importance:: ruankao::exam_use::上午选择 ruankao::topic::T-CFG-001,sha256:ff9ef73d3eba4366a945ecef
软考::系统集成项目管理工程师,Basic,代码评审通过后纳入基线控制，应存入哪个库？,受控库（主库）。纳入基线的配置项存储在受控库。,"- 理解/记忆线索：基线化 = 从开发库升入受控库的""正式身份""。<br>- 易错点：认为直接进产品库——产品库是最终发布版本才进的。<br>- 题干信号：""基线库""、""评审通过""、""纳入控制""、""正式版本""。<br>- 关联：T-CFG-001。<br>- 来源：SRC-CFG-TUTOR-001。",topic_qa,场景判断卡,,,,,上午选择,,,,T-CFG-001,T-CFG-001,SRC-CFG-TUTOR-001,outputs/anki_builds/full_expansion_20260521_003052/topics/by_topic/T-CFG-001/topic_qa_cards.md,T-CFG-001 配置管理：配置项、基线、配置库与版本控制 — 专题 QA 卡片,,T-CFG-001,keep,,ruankao ruankao::family::topic_qa ruankao::card_type::场景判断卡 ruankao::importance:: ruankao::exam_use::上午选择 ruankao::topic::T-CFG-001,sha256:7b29a14ef2fa66295c18f513
软考::系统集成项目管理工程师,Basic,配置项从入库到发布的正确升级路径是什么？,开发库 → 受控库 → 产品库。,"- 理解/记忆线索：开发→受控→产品，方向不可逆，级别越来越高。<br>- 易错点：认为可以从开发库直接到产品库——必须经过受控库的基线管理。<br>- 题干信号：""配置项入库""、""升级路径""、""流向""。<br>- 关联：T-CFG-001。<br>- 来源：SRC-CFG-TUTOR-001。",topic_qa,流程卡,,,,,上午选择,,,,T-CFG-001,T-CFG-001,SRC-CFG-TUTOR-001,outputs/anki_builds/full_expansion_20260521_003052/topics/by_topic/T-CFG-001/topic_qa_cards.md,T-CFG-001 配置管理：配置项、基线、配置库与版本控制 — 专题 QA 卡片,,T-CFG-001,keep,,ruankao ruankao::family::topic_qa ruankao::card_type::流程卡 ruankao::importance:: ruankao::exam_use::上午选择 ruankao::topic::T-CFG-001,sha256:8a7a4cb8745190ea097718ac
软考::系统集成项目管理工程师,Basic,配置管理和变更管理的核心区别是什么？,"配置管理管配置项的""身份和状态""（识别、基线、版本、审计）；变更管理管变更的""审批和过程""（请求、分析、CCB审批、实施）。变更控制决定""改不改""，配置管理负责""改完记录成什么版本""。","- 理解/记忆线索：变更管理 = ""能不能改""，配置管理 = ""改完后叫什么版本""。<br>- 易错点：认为两者是同一回事——实际上一个是管""变不变""，一个是管""变完怎么记""。<br>- 题干信号：""配置管理 vs 变更管理""、""边界""、""各自管什么""。<br>- 关联：T-CFG-001。<br>- 来源：SRC-CFG-TUTOR-001。",topic_qa,辨析卡,,,,,跨域辨析,,,,T-CFG-001,T-CFG-001,SRC-CFG-TUTOR-001,outputs/anki_builds/full_expansion_20260521_003052/topics/by_topic/T-CFG-001/topic_qa_cards.md,T-CFG-001 配置管理：配置项、基线、配置库与版本控制 — 专题 QA 卡片,,T-CFG-001,keep,,ruankao ruankao::family::topic_qa ruankao::card_type::辨析卡 ruankao::importance:: ruankao::exam_use::跨域辨析 ruankao::topic::T-CFG-001,sha256:1abeb7a3288b3c086dd6302d
软考::系统集成项目管理工程师,Basic,变更批准后，配置管理系统中应做什么操作？,更新对应配置项的状态和版本，确保变更被正式记录和可追溯。,"- 理解/记忆线索：变更批准只是""同意改""，改完后要在配置管理系统里""登记新版本""。<br>- 易错点：认为变更批准后只需更新计划——配置项的版本和状态更新是必须的。<br>- 题干信号：""变更批准后""、""配置更新""、""版本记录""。<br>- 关联：T-CFG-001。<br>- 来源：SRC-CFG-TUTOR-001。",topic_qa,流程卡,,,,,上午选择,,,,T-CFG-001,T-CFG-001,SRC-CFG-TUTOR-001,outputs/anki_builds/full_expansion_20260521_003052/topics/by_topic/T-CFG-001/topic_qa_cards.md,T-CFG-001 配置管理：配置项、基线、配置库与版本控制 — 专题 QA 卡片,,T-CFG-001,keep,,ruankao ruankao::family::topic_qa ruankao::card_type::流程卡 ruankao::importance:: ruankao::exam_use::上午选择 ruankao::topic::T-CFG-001,sha256:f8a39c6903debf824c6b0502
软考::系统集成项目管理工程师,Basic,配置状态报告的主要作用是什么？,记录和报告每个配置项的当前状态（如草稿、评审中、已基线化、已发布、已变更），确保配置项状态透明可追溯。,"- 理解/记忆线索：状态报告回答""这个配置项现在处于什么阶段""。<br>- 易错点：混淆状态报告和配置审计——状态报告是""记录状态""，审计是""验证一致性""。<br>- 题干信号：""配置状态""、""状态报告""、""记录当前状态""。<br>- 关联：T-CFG-001。<br>- 来源：SRC-CFG-TUTOR-001。",topic_qa,概念理解卡,,,,,上午选择,,,,T-CFG-001,T-CFG-001,SRC-CFG-TUTOR-001,outputs/anki_builds/full_expansion_20260521_003052/topics/by_topic/T-CFG-001/topic_qa_cards.md,T-CFG-001 配置管理：配置项、基线、配置库与版本控制 — 专题 QA 卡片,,T-CFG-001,keep,,ruankao ruankao::family::topic_qa ruankao::card_type::概念理解卡 ruankao::importance:: ruankao::exam_use::上午选择 ruankao::topic::T-CFG-001,sha256:5f01e8879ade803da12c6376
软考::系统集成项目管理工程师,Basic,配置审计的两种类型是什么？,功能配置审计和物理配置审计。功能审计验证配置项是否达到了需求规格要求；物理审计验证配置项的实际组成是否与记录一致。,"- 理解/记忆线索：功能=对不对（是否满足需求），物理=全不全（实物和记录是否一致）。<br>- 易错点：认为配置审计是检查代码质量——那是 QA/QC，不是配置管理。<br>- 题干信号：""配置审计""、""功能审计""、""物理审计""、""一致性验证""。<br>- 关联：T-CFG-001。<br>- 来源：SRC-CFG-TUTOR-001。",topic_qa,概念理解卡,,,,,上午选择,,,,T-CFG-001,T-CFG-001,SRC-CFG-TUTOR-001,outputs/anki_builds/full_expansion_20260521_003052/topics/by_topic/T-CFG-001/topic_qa_cards.md,T-CFG-001 配置管理：配置项、基线、配置库与版本控制 — 专题 QA 卡片,,T-CFG-001,keep,,ruankao ruankao::family::topic_qa ruankao::card_type::概念理解卡 ruankao::importance:: ruankao::exam_use::上午选择 ruankao::topic::T-CFG-001,sha256:02b005a94543cec0e7e40c29
软考::系统集成项目管理工程师,Basic,配置审计和软件质量审计的区别是什么？,配置审计检查配置项与基线的一致性、完整性和可追溯性；质量审计检查过程是否符合标准和质量要求。两者不是一回事。,"- 理解/记忆线索：配置审计 = 管""版本对不对""，质量审计 = 管""质量好不好""。<br>- 易错点：题目说""配置审计检查代码质量""——那是错误说法。<br>- 题干信号：""配置审计""、""质量审计""、""区别""。<br>- 关联：T-CFG-001。<br>- 来源：SRC-CFG-TUTOR-001。",topic_qa,陷阱卡,,,,,上午选择,,,,T-CFG-001,T-CFG-001,SRC-CFG-TUTOR-001,outputs/anki_builds/full_expansion_20260521_003052/topics/by_topic/T-CFG-001/topic_qa_cards.md,T-CFG-001 配置管理：配置项、基线、配置库与版本控制 — 专题 QA 卡片,,T-CFG-001,keep,,ruankao ruankao::family::topic_qa ruankao::card_type::陷阱卡 ruankao::importance:: ruankao::exam_use::上午选择 ruankao::topic::T-CFG-001,sha256:f38e0b074ff740a23e8ce35e
软考::系统集成项目管理工程师,Basic,"项目出现""版本混乱、发布包不一致、配置项状态不清""的情况，应优先加强什么管理？",配置管理。配置管理负责版本控制、配置状态记录和可追溯性。,"- 理解/记忆线索：题干描述的所有问题都指向""版本和状态管理""——这正是配置管理的核心。<br>- 易错点：认为需要加强变更管理——根本问题是配置项的状态和版本没管好。<br>- 题干信号：""版本混乱""、""发布包不一致""、""状态不清""、""不知道哪个版本""。<br>- 关联：T-CFG-001。<br>- 来源：SRC-CFG-TUTOR-001。",topic_qa,情景判断卡,,,,,上午选择,,,,T-CFG-001,T-CFG-001,SRC-CFG-TUTOR-001,outputs/anki_builds/full_expansion_20260521_003052/topics/by_topic/T-CFG-001/topic_qa_cards.md,T-CFG-001 配置管理：配置项、基线、配置库与版本控制 — 专题 QA 卡片,,T-CFG-001,keep,,ruankao ruankao::family::topic_qa ruankao::card_type::情景判断卡 ruankao::importance:: ruankao::exam_use::上午选择 ruankao::topic::T-CFG-001,sha256:37a33e42a4e520ae4bf48375
软考::系统集成项目管理工程师,Basic,已纳入受控库形成基线的代码发现缺陷，最合适的做法是什么？,提交变更请求，按配置控制流程审批→修改→验证→更新基线版本。,"- 理解/记忆线索：基线的代码不是""不能改""，而是""不能随便改""——必须走变更控制流程。<br>- 易错点：选了""直接在受控库修改""——绕过变更控制流程是违规操作。<br>- 题干信号：""基线""、""缺陷""、""修改""、""受控库""。<br>- 关联：T-CFG-001。<br>- 来源：SRC-CFG-TUTOR-001。",topic_qa,场景判断卡,,,,,上午选择,,,,T-CFG-001,T-CFG-001,SRC-CFG-TUTOR-001,outputs/anki_builds/full_expansion_20260521_003052/topics/by_topic/T-CFG-001/topic_qa_cards.md,T-CFG-001 配置管理：配置项、基线、配置库与版本控制 — 专题 QA 卡片,,T-CFG-001,keep,,ruankao ruankao::family::topic_qa ruankao::card_type::场景判断卡 ruankao::importance:: ruankao::exam_use::上午选择 ruankao::topic::T-CFG-001,sha256:43662732509d8d2931153bd9
软考::系统集成项目管理工程师,Basic,版本控制的主要目的是什么？,管理配置项的变更历史，确保任何时候都能回溯到任意版本，并且清楚谁在什么时候改了什么、为什么改。,"- 理解/记忆线索：版本控制 = ""时光机""——随时可以查看历史、找回旧版、追踪变更记录。<br>- 易错点：认为版本控制就是""保存不同版本""——核心是可追溯和可回溯。<br>- 题干信号：""版本控制""、""变更历史""、""追溯""、""回溯""。<br>- 关联：T-CFG-001。<br>- 来源：SRC-CFG-TUTOR-001。",topic_qa,概念理解卡,,,,,上午选择,,,,T-CFG-001,T-CFG-001,SRC-CFG-TUTOR-001,outputs/anki_builds/full_expansion_20260521_003052/topics/by_topic/T-CFG-001/topic_qa_cards.md,T-CFG-001 配置管理：配置项、基线、配置库与版本控制 — 专题 QA 卡片,,T-CFG-001,keep,,ruankao ruankao::family::topic_qa ruankao::card_type::概念理解卡 ruankao::importance:: ruankao::exam_use::上午选择 ruankao::topic::T-CFG-001,sha256:194024c4bbde3c6491a77f56
软考::系统集成项目管理工程师,Basic,CCB（配置控制委员会/变更控制委员会）的主要职责是什么？,"审批变更请求、评估变更影响、批准或拒绝变更、确保变更受控。CCB 决定""改不改""。","- 理解/记忆线索：CCB = ""变更的裁判""——说行不行不是改的人说了算。<br>- 易错点：认为 CCB 只管配置变更——所有重大变更（范围、进度、成本等）都可能需要 CCB 审批。<br>- 题干信号：""CCB""、""变更审批""、""控制委员会""。<br>- 关联：T-CFG-001。<br>- 来源：SRC-CFG-TUTOR-001。",topic_qa,概念理解卡,,,,,上午选择,,,,T-CFG-001,T-CFG-001,SRC-CFG-TUTOR-001,outputs/anki_builds/full_expansion_20260521_003052/topics/by_topic/T-CFG-001/topic_qa_cards.md,T-CFG-001 配置管理：配置项、基线、配置库与版本控制 — 专题 QA 卡片,,T-CFG-001,keep,,ruankao ruankao::family::topic_qa ruankao::card_type::概念理解卡 ruankao::importance:: ruankao::exam_use::上午选择 ruankao::topic::T-CFG-001,sha256:1ac1a5f441b58521180e9b1c
软考::系统集成项目管理工程师,Basic,配置管理的完整闭环流程是什么？,配置项识别 → 建立基线 → 版本控制 → 配置状态报告 → 配置审计，形成闭环持续改进。,"- 理解/记忆线索：识→基→版→报→审，环环相扣。<br>- 易错点：遗漏配置状态报告或审计环节——识别、基线、版本控制只是前半段，状态报告和审计完成闭环。<br>- 题干信号：""配置管理流程""、""闭环""、""完整过程""。<br>- 关联：T-CFG-001。<br>- 来源：SRC-CFG-TUTOR-001。",topic_qa,流程卡,,,,,上午选择,,,,T-CFG-001,T-CFG-001,SRC-CFG-TUTOR-001,outputs/anki_builds/full_expansion_20260521_003052/topics/by_topic/T-CFG-001/topic_qa_cards.md,T-CFG-001 配置管理：配置项、基线、配置库与版本控制 — 专题 QA 卡片,,T-CFG-001,keep,,ruankao ruankao::family::topic_qa ruankao::card_type::流程卡 ruankao::importance:: ruankao::exam_use::上午选择 ruankao::topic::T-CFG-001,sha256:b0ed57c2fcacf88837f01573
软考::系统集成项目管理工程师,Basic,"案例中指出""交付给客户的产品版本与验收测试的版本不一致""，属于什么管理问题？",配置管理不当。产品基线管理缺失导致版本混乱，发布管理不规范。,"- 理解/记忆线索：版本不一致 → 配置管理的核心问题——版本控制和基线管理没做好。<br>- 易错点：认为是变更管理的问题——根因是配置管理没有管好版本标识和发布基线。<br>- 题干信号：""版本不一致""、""交付版本错误""、""发布混乱""。<br>- 关联：T-CFG-001。<br>- 来源：SRC-CFG-TUTOR-001, SRC-CFG-Q-CASE-001。",topic_qa,场景判断卡,,,,,下午案例,,,,T-CFG-001,T-CFG-001,"SRC-CFG-TUTOR-001, SRC-CFG-Q-CASE-001",outputs/anki_builds/full_expansion_20260521_003052/topics/by_topic/T-CFG-001/topic_qa_cards.md,T-CFG-001 配置管理：配置项、基线、配置库与版本控制 — 专题 QA 卡片,,T-CFG-001,keep,,ruankao ruankao::family::topic_qa ruankao::card_type::场景判断卡 ruankao::importance:: ruankao::exam_use::下午案例 ruankao::topic::T-CFG-001,sha256:8f8a423877d4f316981415e5
软考::系统集成项目管理工程师,Basic,产品库中的配置项修改需要什么级别的审批？,最高级别的变更审批。产品库是已发布产品的最终版本，修改必须经过最严格的变更控制。,"- 理解/记忆线索：产品库 = ""金库""——进去的东西要改是最难的。<br>- 易错点：认为产品库和受控库审批级别一样——产品库需要""最高级别审批""。<br>- 题干信号：""产品库""、""修改权限""、""最高级别审批""。<br>- 关联：T-CFG-001。<br>- 来源：SRC-CFG-TUTOR-001。",topic_qa,概念理解卡,,,,,上午选择,,,,T-CFG-001,T-CFG-001,SRC-CFG-TUTOR-001,outputs/anki_builds/full_expansion_20260521_003052/topics/by_topic/T-CFG-001/topic_qa_cards.md,T-CFG-001 配置管理：配置项、基线、配置库与版本控制 — 专题 QA 卡片,,T-CFG-001,keep,,ruankao ruankao::family::topic_qa ruankao::card_type::概念理解卡 ruankao::importance:: ruankao::exam_use::上午选择 ruankao::topic::T-CFG-001,sha256:b817dee48414bc183850dfbd
软考::系统集成项目管理工程师,Basic,配置项识别阶段需要确定哪些信息？,配置项的标识（唯一编号、名称）、类别（文档/代码/硬件等）、责任人、初始版本号、预计纳入基线的时间。,"- 理解/记忆线索：识别 = 给每个配置项""办身份证""——是谁、归谁管、什么版本。<br>- 易错点：认为识别就是起个名字——需要完整的标识体系和责任分配。<br>- 题干信号：""配置项识别""、""标识""、""初始版本""。<br>- 关联：T-CFG-001。<br>- 来源：SRC-CFG-TUTOR-001。",topic_qa,概念理解卡,,,,,上午选择,,,,T-CFG-001,T-CFG-001,SRC-CFG-TUTOR-001,outputs/anki_builds/full_expansion_20260521_003052/topics/by_topic/T-CFG-001/topic_qa_cards.md,T-CFG-001 配置管理：配置项、基线、配置库与版本控制 — 专题 QA 卡片,,T-CFG-001,keep,,ruankao ruankao::family::topic_qa ruankao::card_type::概念理解卡 ruankao::importance:: ruankao::exam_use::上午选择 ruankao::topic::T-CFG-001,sha256:02cbb8d7f071d08177c7b6d4
软考::系统集成项目管理工程师,Basic,配置管理中，基线一旦建立就永远不能修改。这句话对吗？,不对。基线可以修改，但必须通过正式的变更控制流程审批后才能修改。,"- 理解/记忆线索：基线不是""不能改""，而是""不能随便改""——要有流程有审批。<br>- 易错点：选了""基线不能修改""——这是绝对化的错误理解。<br>- 题干信号：""基线不能改""、""绝对不修改""、""永远不变""。<br>- 关联：T-CFG-001。<br>- 来源：SRC-CFG-TUTOR-001。",topic_qa,陷阱卡,,,,,上午选择,,,,T-CFG-001,T-CFG-001,SRC-CFG-TUTOR-001,outputs/anki_builds/full_expansion_20260521_003052/topics/by_topic/T-CFG-001/topic_qa_cards.md,T-CFG-001 配置管理：配置项、基线、配置库与版本控制 — 专题 QA 卡片,,T-CFG-001,keep,,ruankao ruankao::family::topic_qa ruankao::card_type::陷阱卡 ruankao::importance:: ruankao::exam_use::上午选择 ruankao::topic::T-CFG-001,sha256:7a6cff154f0a3d0af221de55
软考::系统集成项目管理工程师,Basic,配置管理计划通常包含哪些核心内容？,配置管理目标、配置项识别规则、基线管理策略、配置库结构、版本控制策略、变更控制流程、配置审计计划、角色与职责。,"- 理解/记忆线索：计划 = ""怎么管配置的总体方案""——覆盖识基版报审全流程。<br>- 易错点：认为配置管理计划只是""文件命名规范""——它涉及配置管理的所有方面。<br>- 题干信号：""配置管理计划""、""内容""、""包含什么""。<br>- 关联：T-CFG-001。<br>- 来源：SRC-CFG-TUTOR-001。",topic_qa,概念理解卡,,,,,上午选择,,,,T-CFG-001,T-CFG-001,SRC-CFG-TUTOR-001,outputs/anki_builds/full_expansion_20260521_003052/topics/by_topic/T-CFG-001/topic_qa_cards.md,T-CFG-001 配置管理：配置项、基线、配置库与版本控制 — 专题 QA 卡片,,T-CFG-001,keep,,ruankao ruankao::family::topic_qa ruankao::card_type::概念理解卡 ruankao::importance:: ruankao::exam_use::上午选择 ruankao::topic::T-CFG-001,sha256:b040a00abfa77808c5d010d5
软考::系统集成项目管理工程师,Basic,管理收尾（行政收尾）的定义是什么？包含哪些活动？,管理收尾是项目或阶段结束时的全面收尾活动。包括：获得最终验收、移交成果、总结经验教训、归档文件、释放资源。,"- 记忆线索：""验、交、总、归、放""——验收、移交、总结、归档、释放。<br>- 易错点：不要和合同收尾混淆——管理收尾是整个项目的收尾，合同收尾是逐个合同的收尾。<br>- 题干信号：管理收尾、行政收尾、全面收尾活动。<br>- 关联：T-CLOSE-001<br>- 来源：SRC-CLOSE-001-TUTOR",topic_qa,概念卡,,,,,上午选择,,,,T-CLOSE-001,T-CLOSE-001,SRC-CLOSE-001-TUTOR,outputs/anki_builds/full_expansion_20260521_003052/topics/by_topic/T-CLOSE-001/topic_qa_cards.md,T-CLOSE-001 项目收尾：管理收尾、合同收尾与验收,,T-CLOSE-001,keep,管理收尾定义和活动列表基础卡。,ruankao ruankao::family::topic_qa ruankao::card_type::概念卡 ruankao::importance:: ruankao::exam_use::上午选择 ruankao::topic::T-CLOSE-001,sha256:0d3a53d76b2886cdeed3a28b
软考::系统集成项目管理工程师,Basic,合同收尾的定义是什么？在什么时机执行？,合同收尾是针对每个合同的活动，包括确认合同条款已满足、完成合同结算、关闭合同。每个合同单独做，先做合同收尾再做管理收尾。,"- 记忆线索：一个合同结一次账、关一次合同——每个合同单独做。<br>- 易错点：不要认为""合同收尾在项目结束时统一做""——每个合同分别做，完成一个关一个。<br>- 题干信号：合同收尾、合同结算、合同关闭。<br>- 关联：T-CLOSE-001<br>- 来源：SRC-CLOSE-001-TUTOR",topic_qa,概念卡,,,,,上午选择,,,,T-CLOSE-001,T-CLOSE-001,SRC-CLOSE-001-TUTOR,outputs/anki_builds/full_expansion_20260521_003052/topics/by_topic/T-CLOSE-001/topic_qa_cards.md,T-CLOSE-001 项目收尾：管理收尾、合同收尾与验收,,T-CLOSE-001,keep,合同收尾定义基础卡。,ruankao ruankao::family::topic_qa ruankao::card_type::概念卡 ruankao::importance:: ruankao::exam_use::上午选择 ruankao::topic::T-CLOSE-001,sha256:b8d1df2aed36fe1b69839be1
软考::系统集成项目管理工程师,Basic,管理收尾和合同收尾的核心区别是什么？,管理收尾（行政收尾）是项目全面关闭，每个阶段或项目结束时做一次。合同收尾是针对每个合同的结算和关闭，每个合同单独做。,- 记忆线索：管理收尾 = 关项目（全面）；合同收尾 = 关合同（逐个）。<br>- 易错点：先做合同收尾（逐个清账），再做管理收尾（关闭项目），这个顺序不能颠倒。<br>- 题干信号：管理收尾 vs 合同收尾、区别。<br>- 关联：T-CLOSE-001<br>- 来源：SRC-CLOSE-001-TUTOR,topic_qa,辨析卡,,,,,上午选择,,,,T-CLOSE-001,T-CLOSE-001,SRC-CLOSE-001-TUTOR,outputs/anki_builds/full_expansion_20260521_003052/topics/by_topic/T-CLOSE-001/topic_qa_cards.md,T-CLOSE-001 项目收尾：管理收尾、合同收尾与验收,,T-CLOSE-001,keep,核心辨析，高频考题。,ruankao ruankao::family::topic_qa ruankao::card_type::辨析卡 ruankao::importance:: ruankao::exam_use::上午选择 ruankao::topic::T-CLOSE-001,sha256:fe42fda7d54955ad4d411955
软考::系统集成项目管理工程师,Basic,管理收尾和合同收尾的执行顺序是什么？,先做合同收尾（每个合同分别结算关闭），再做管理收尾（全面关闭项目或阶段）。,"- 记忆线索：先清账（合同收尾）→ 再关门（管理收尾）。<br>- 易错点：顺序题常设干扰项——""管理收尾之后再合同收尾""是错的。<br>- 题干信号：收尾顺序、先合同后管理。<br>- 关联：T-CLOSE-001<br>- 来源：SRC-CLOSE-001-TUTOR",topic_qa,流程卡,,,,,上午选择,,,,T-CLOSE-001,T-CLOSE-001,SRC-CLOSE-001-TUTOR,outputs/anki_builds/full_expansion_20260521_003052/topics/by_topic/T-CLOSE-001/topic_qa_cards.md,T-CLOSE-001 项目收尾：管理收尾、合同收尾与验收,,T-CLOSE-001,keep,顺序判断是流程题的常见考法。,ruankao ruankao::family::topic_qa ruankao::card_type::流程卡 ruankao::importance:: ruankao::exam_use::上午选择 ruankao::topic::T-CLOSE-001,sha256:cde90a11c79f97a1268b844e
软考::系统集成项目管理工程师,Basic,行政收尾（管理收尾）的五项主要活动是什么？,①获得正式验收 ②移交可交付成果 ③总结经验教训 ④归档项目文件 ⑤释放资源。,"- 记忆线索：""验收→移交→总结→归档→释放""，按时间顺序记。<br>- 易错点：归档之后才释放资源——先保留文档证据，再放人。<br>- 题干信号：行政收尾、管理收尾活动、收尾要做的事。<br>- 关联：T-CLOSE-001<br>- 来源：SRC-CLOSE-001-TUTOR",topic_qa,概念卡,,,,,上午选择,,,,T-CLOSE-001,T-CLOSE-001,SRC-CLOSE-001-TUTOR,outputs/anki_builds/full_expansion_20260521_003052/topics/by_topic/T-CLOSE-001/topic_qa_cards.md,T-CLOSE-001 项目收尾：管理收尾、合同收尾与验收,,T-CLOSE-001,keep,五项活动列表，直接对应多选题或案例踩分点。,ruankao ruankao::family::topic_qa ruankao::card_type::概念卡 ruankao::importance:: ruankao::exam_use::上午选择 ruankao::topic::T-CLOSE-001,sha256:b135a6d42b51cfe66b1a300a
软考::系统集成项目管理工程师,Basic,合同收尾需要满足哪些条件才能进行？,合同条款已全部履行或依法终止；合同结算完成；双方无未解决的争议（或争议已按约定方式处理）。,"- 理解：合同收尾 = 确认""合同义务都履行完了""或""该赔的赔了""，然后关闭合同记录。<br>- 易错点：合同收尾不只是""付款完成""，还要确认所有条款都满足。<br>- 题干信号：合同收尾条件、合同关闭、合同结算。<br>- 关联：T-CLOSE-001<br>- 来源：SRC-CLOSE-001-TUTOR",topic_qa,概念卡,,,,,上午选择,,,,T-CLOSE-001,T-CLOSE-001,SRC-CLOSE-001-TUTOR,outputs/anki_builds/full_expansion_20260521_003052/topics/by_topic/T-CLOSE-001/topic_qa_cards.md,T-CLOSE-001 项目收尾：管理收尾、合同收尾与验收,,T-CLOSE-001,keep,合同收尾条件卡。,ruankao ruankao::family::topic_qa ruankao::card_type::概念卡 ruankao::importance:: ruankao::exam_use::上午选择 ruankao::topic::T-CLOSE-001,sha256:c0c81f972ff5ab90f1143ff0
软考::系统集成项目管理工程师,Basic,判断正误：收尾只在项目全部完成时做一次。,错误。管理收尾在每个阶段结束时也可以做，项目结束时做最后一次全面收尾。收尾不是只在结束时做。,"- 理解：每个阶段结束时都需要做阶段收尾（如设计阶段结束时做设计评审和交付），不只是项目结束时才收尾。<br>- 易错点：把""收尾过程组""等同于""项目结束时的唯一动作""是常见误解。<br>- 题干信号：收尾只在结束时、只做一次。<br>- 关联：T-CLOSE-001<br>- 来源：SRC-CLOSE-001-TUTOR",topic_qa,陷阱卡,,,,,上午选择,,,,T-CLOSE-001,T-CLOSE-001,SRC-CLOSE-001-TUTOR,outputs/anki_builds/full_expansion_20260521_003052/topics/by_topic/T-CLOSE-001/topic_qa_cards.md,T-CLOSE-001 项目收尾：管理收尾、合同收尾与验收,,T-CLOSE-001,keep,收尾时机的陷阱卡，绝对化表述必错。,ruankao ruankao::family::topic_qa ruankao::card_type::陷阱卡 ruankao::importance:: ruankao::exam_use::上午选择 ruankao::topic::T-CLOSE-001,sha256:53efb8ecdcb4d5a50eaa88f1
软考::系统集成项目管理工程师,Basic,经验教训总结应该在什么时机进行？,在项目整个生命周期中持续进行，项目结束时汇总整理，形成组织过程资产。,"- 理解：不是""做完了再想""，而是""边做边总结，结束时做汇总""。<br>- 易错点：如果题目说""经验教训只在项目结束时总结一次""→ 错。<br>- 题干信号：经验教训总结时机、持续进行、组织过程资产。<br>- 关联：T-CLOSE-001<br>- 来源：SRC-CLOSE-001-TUTOR",topic_qa,概念卡,,,,,上午选择,,,,T-CLOSE-001,T-CLOSE-001,SRC-CLOSE-001-TUTOR,outputs/anki_builds/full_expansion_20260521_003052/topics/by_topic/T-CLOSE-001/topic_qa_cards.md,T-CLOSE-001 项目收尾：管理收尾、合同收尾与验收,,T-CLOSE-001,keep,经验教训总结时机核心卡。,ruankao ruankao::family::topic_qa ruankao::card_type::概念卡 ruankao::importance:: ruankao::exam_use::上午选择 ruankao::topic::T-CLOSE-001,sha256:324f847e08b2d748d3323635
软考::系统集成项目管理工程师,Basic,判断正误：经验教训总结是收尾阶段的事情，只在项目结束时做一次就够了。,错误。经验教训总结应贯穿项目始终持续进行，不是只做一次。,- 理解：好的做法是每个阶段或每个里程碑结束时都总结，项目结束时汇总。<br>- 易错点：收尾虽然包含总结经验教训，但它不是只在收尾才做。<br>- 题干信号：经验教训只在收尾、只做一次。<br>- 关联：T-CLOSE-001<br>- 来源：SRC-CLOSE-001-TUTOR,topic_qa,陷阱卡,,,,,上午选择,,,,T-CLOSE-001,T-CLOSE-001,SRC-CLOSE-001-TUTOR,outputs/anki_builds/full_expansion_20260521_003052/topics/by_topic/T-CLOSE-001/topic_qa_cards.md,T-CLOSE-001 项目收尾：管理收尾、合同收尾与验收,,T-CLOSE-001,keep,经验教训时机的绝对化陷阱。,ruankao ruankao::family::topic_qa ruankao::card_type::陷阱卡 ruankao::importance:: ruankao::exam_use::上午选择 ruankao::topic::T-CLOSE-001,sha256:a33e917b8e49728709f2533f
软考::系统集成项目管理工程师,Basic,最终验收（收尾过程组）和确认范围（监控过程组）有什么区别？,确认范围是过程中对已完成可交付成果的阶段性验收；最终验收是项目或阶段结束时的总体验收和移交。,"- 记忆线索：确认范围 = ""过程的检查点""；最终验收 = ""项目的终极大考""。<br>- 易错点：题目光说""验收""不一定是最终验收——需要看是过程中的还是项目级的。<br>- 题干信号：最终验收 vs 确认范围、阶段验收 vs 总体验收。<br>- 关联：T-CLOSE-001；T-PM-002<br>- 来源：SRC-CLOSE-001-TUTOR",topic_qa,辨析卡,,,,,上午选择,,,,T-CLOSE-001,T-CLOSE-001,SRC-CLOSE-001-TUTOR,outputs/anki_builds/full_expansion_20260521_003052/topics/by_topic/T-CLOSE-001/topic_qa_cards.md,T-CLOSE-001 项目收尾：管理收尾、合同收尾与验收,,"T-CLOSE-001,T-PM-002",keep,高频辨析，跨越两个专题。,ruankao ruankao::family::topic_qa ruankao::card_type::辨析卡 ruankao::importance:: ruankao::exam_use::上午选择 ruankao::topic::T-CLOSE-001,sha256:e2990eb589703e799d31ee03
软考::系统集成项目管理工程师,Basic,项目收尾的完整流程是怎样的？,合同收尾（逐合同结算）→ 管理收尾：获得正式验收 → 移交可交付成果 → 总结经验教训 → 归档文件 → 释放资源 → 项目正式关闭。,"- 记忆线索：先合同后管理，管理内部按""验交总归放""顺序。<br>- 易错点：释放资源在最后——先归档再放人，不是先放人再归档。<br>- 题干信号：收尾流程、收尾顺序、正确步骤。<br>- 关联：T-CLOSE-001<br>- 来源：SRC-CLOSE-001-TUTOR",topic_qa,流程卡,,,,,上午选择,,,,T-CLOSE-001,T-CLOSE-001,SRC-CLOSE-001-TUTOR,outputs/anki_builds/full_expansion_20260521_003052/topics/by_topic/T-CLOSE-001/topic_qa_cards.md,T-CLOSE-001 项目收尾：管理收尾、合同收尾与验收,,T-CLOSE-001,keep,收尾完整流程卡。,ruankao ruankao::family::topic_qa ruankao::card_type::流程卡 ruankao::importance:: ruankao::exam_use::上午选择 ruankao::topic::T-CLOSE-001,sha256:011621bf861525061bd103cd
软考::系统集成项目管理工程师,Basic,"收尾阶段""释放资源""是在什么时机进行的？释放前需要先做什么？",在归档项目文件之后进行。释放前必须先完成文件归档，确保项目信息和证据保留。,- 理解：人员可以离开项目，但项目文件必须先存档，否则以后找不到依据。<br>- 易错点：不要先放人再归档——归档是释放资源的前置条件。<br>- 题干信号：释放资源、资源释放时机、归档。<br>- 关联：T-CLOSE-001<br>- 来源：SRC-CLOSE-001-TUTOR,topic_qa,概念卡,,,,,上午选择,,,,T-CLOSE-001,T-CLOSE-001,SRC-CLOSE-001-TUTOR,outputs/anki_builds/full_expansion_20260521_003052/topics/by_topic/T-CLOSE-001/topic_qa_cards.md,T-CLOSE-001 项目收尾：管理收尾、合同收尾与验收,,T-CLOSE-001,keep,资源释放时机的细节卡。,ruankao ruankao::family::topic_qa ruankao::card_type::概念卡 ruankao::importance:: ruankao::exam_use::上午选择 ruankao::topic::T-CLOSE-001,sha256:d5e6a6985ca3b06f49fa4419
软考::系统集成项目管理工程师,Basic,最终验收在项目管理中的含义是什么？,最终验收是项目或阶段结束时，客户或发起人对项目整体成果的正式验收和移交，属于收尾过程组。,"- 理解：最终验收 = ""签个字确认项目成果符合要求""，之后就可以正式移交。<br>- 易错点：最终验收 ≠ 项目全部结束——验收后还有移交、总结、归档、释放资源等工作。<br>- 题干信号：最终验收、正式验收、客户签字。<br>- 关联：T-CLOSE-001<br>- 来源：SRC-CLOSE-001-TUTOR",topic_qa,概念卡,,,,,上午选择,,,,T-CLOSE-001,T-CLOSE-001,SRC-CLOSE-001-TUTOR,outputs/anki_builds/full_expansion_20260521_003052/topics/by_topic/T-CLOSE-001/topic_qa_cards.md,T-CLOSE-001 项目收尾：管理收尾、合同收尾与验收,,T-CLOSE-001,keep,最终验收卡。,ruankao ruankao::family::topic_qa ruankao::card_type::概念卡 ruankao::importance:: ruankao::exam_use::上午选择 ruankao::topic::T-CLOSE-001,sha256:c268bb5276f54ea92881830d
软考::系统集成项目管理工程师,Basic,判断正误：客户完成最终验收并签字后，项目收尾工作就全部结束了。,错误。最终验收只是收尾活动中的一环。之后还需要移交成果、总结经验教训、归档文件、释放资源，项目才正式关闭。,"- 理解：验收签字 = 通过考试，但后面还要交卷、讲评、存档、离场。<br>- 易错点：不要把""验收""等同""收尾完成""——很多人惯性思维认为客户签字就完事了。<br>- 题干信号：验收通过、收尾完成、客户签字后。<br>- 关联：T-CLOSE-001<br>- 来源：SRC-CLOSE-001-TUTOR",topic_qa,陷阱卡,,,,,上午选择,,,,T-CLOSE-001,T-CLOSE-001,SRC-CLOSE-001-TUTOR,outputs/anki_builds/full_expansion_20260521_003052/topics/by_topic/T-CLOSE-001/topic_qa_cards.md,T-CLOSE-001 项目收尾：管理收尾、合同收尾与验收,,T-CLOSE-001,keep,验收不等于收尾结束，常见误区。,ruankao ruankao::family::topic_qa ruankao::card_type::陷阱卡 ruankao::importance:: ruankao::exam_use::上午选择 ruankao::topic::T-CLOSE-001,sha256:f3e3504be9491919678fda7f
软考::系统集成项目管理工程师,Basic,"案例分析题中问到""项目收尾存在哪些问题""，应从哪些方面检查？",①验收手续是否完备（有无正式签字确认）；②合同是否有未结算的款项；③项目文档是否已归档；④经验教训有无总结沉淀；⑤资源是否已正式释放；⑥是否进行了管理收尾和合同收尾（而不是只有一个）。,"- 理解：这六个检查点构成了收尾管理案例题的""标准答案框架""。<br>- 易错点：案例题中经常只做了""部分收尾""（只有验收没有归档、只有合同收尾没有管理收尾等）。<br>- 题干信号：案例题、收尾问题、验收不妥、管理缺失。<br>- 关联：T-CLOSE-001<br>- 来源：SRC-CLOSE-001-TUTOR",topic_qa,案例模板卡,,,,,下午案例,,,,T-CLOSE-001,T-CLOSE-001,SRC-CLOSE-001-TUTOR,outputs/anki_builds/full_expansion_20260521_003052/topics/by_topic/T-CLOSE-001/topic_qa_cards.md,T-CLOSE-001 项目收尾：管理收尾、合同收尾与验收,,T-CLOSE-001,keep,案例题检查清单，直接服务下午考试。,ruankao ruankao::family::topic_qa ruankao::card_type::案例模板卡 ruankao::importance:: ruankao::exam_use::下午案例 ruankao::topic::T-CLOSE-001,sha256:a8b40a564e68a50b442985ac
软考::系统集成项目管理工程师,Basic,沟通渠道数的计算公式是什么？,沟通渠道数 = n(n-1)/2，其中 n 是参与沟通的人数（含项目经理）。,"- 理解/记忆线索：完全图 C(n,2)，每两人之间有一条沟通渠道。<br>- 易错点：忘记除以 2 会得出 n(n-1)，翻倍了。<br>- 题干信号：问团队沟通渠道数、沟通路径数量。<br>- 关联：T-COM-001。<br>- 来源：SRC-COM-TUTOR-001。",topic_qa,概念理解卡,,,,,上午选择,,,,T-COM-001,T-COM-001,SRC-COM-TUTOR-001,outputs/anki_builds/full_expansion_20260521_003052/topics/by_topic/T-COM-001/topic_qa_cards.md,T-COM-001 沟通渠道计算与干系人参与管理 — 专题 QA 卡片,,T-COM-001,keep,核心公式，必须保留。,ruankao ruankao::family::topic_qa ruankao::card_type::概念理解卡 ruankao::importance:: ruankao::exam_use::上午选择 ruankao::topic::T-COM-001,sha256:03c5ed1ec0cf77c1f44823d5
软考::系统集成项目管理工程师,Basic,团队原有 5 人，增加 3 人后，沟通渠道增加了多少条？,原 5 人：5×4/2=10 条；现 8 人：8×7/2=28 条。增加 = 28-10=18 条。,"- 理解/记忆线索：不要只算新增 3 人之间的渠道 3×2/2=3，必须算新增人与原团队所有成员之间的新渠道。<br>- 易错点：误选 3（仅新增成员内部渠道）或 21（混淆增量）。<br>- 题干信号：""增加了多少人""、""渠道数增加了""。<br>- 关联：T-COM-001。<br>- 来源：SRC-COM-TUTOR-001。",topic_qa,陷阱卡,,,,,上午选择,,,,T-COM-001,T-COM-001,SRC-COM-TUTOR-001,outputs/anki_builds/full_expansion_20260521_003052/topics/by_topic/T-COM-001/topic_qa_cards.md,T-COM-001 沟通渠道计算与干系人参与管理 — 专题 QA 卡片,,T-COM-001,keep,经典陷阱，必考。,ruankao ruankao::family::topic_qa ruankao::card_type::陷阱卡 ruankao::importance:: ruankao::exam_use::上午选择 ruankao::topic::T-COM-001,sha256:72e6f7a21285da4c73ecb55e
软考::系统集成项目管理工程师,Basic,沟通模型中，发送方发送消息后，沟通是否完成的判断标准是什么？,发送方收到接收方的反馈确认，证明接收方已正确理解信息，沟通才算完成。,"- 理解/记忆线索：""我发了 ≠ 你懂了""。反馈确认是闭环的关键。<br>- 易错点：误以为消息发出就完成了沟通。模型强调解码和理解才是终点。<br>- 题干信号：""发了邮件但没人执行""、""确认理解""、""反馈机制""。<br>- 关联：T-COM-001。<br>- 来源：SRC-COM-TUTOR-001。",topic_qa,流程卡,,,,,上午选择,,,,T-COM-001,T-COM-001,SRC-COM-TUTOR-001,outputs/anki_builds/full_expansion_20260521_003052/topics/by_topic/T-COM-001/topic_qa_cards.md,T-COM-001 沟通渠道计算与干系人参与管理 — 专题 QA 卡片,,T-COM-001,keep,高频概念。,ruankao ruankao::family::topic_qa ruankao::card_type::流程卡 ruankao::importance:: ruankao::exam_use::上午选择 ruankao::topic::T-COM-001,sha256:08dfec72f6b0557786f69856
软考::系统集成项目管理工程师,Basic,沟通模型中，编码和解码的不对称性可能导致什么问题？,"发送方和接收方使用不同的""翻译系统""（不同专业背景、文化、语言），导致信息被曲解或误解。","- 理解/记忆线索：技术专家对业务用户讲术语 → 对方听不懂，就是编解码不对称。<br>- 易错点：混淆编码问题（用词不当）与媒介问题（渠道不对）。<br>- 题干信号：""听不懂专业术语""、""跨部门沟通困难""、""文化差异""。<br>- 关联：T-COM-001。<br>- 来源：SRC-COM-TUTOR-001。",topic_qa,概念理解卡,,,,,上午选择,,,,T-COM-001,T-COM-001,SRC-COM-TUTOR-001,outputs/anki_builds/full_expansion_20260521_003052/topics/by_topic/T-COM-001/topic_qa_cards.md,T-COM-001 沟通渠道计算与干系人参与管理 — 专题 QA 卡片,,T-COM-001,keep,,ruankao ruankao::family::topic_qa ruankao::card_type::概念理解卡 ruankao::importance:: ruankao::exam_use::上午选择 ruankao::topic::T-COM-001,sha256:8bab875734b7b5e188b7cd4e
软考::系统集成项目管理工程师,Basic,三种沟通方式（推式/拉式/交互式）的核心区别是什么？,推式（Push）是发送方主动推送，适合单向通知；拉式（Pull）是接收方自行获取，适合大量信息共享；交互式（Interactive）是双方实时交换，效率最高但成本也最高。,"- 理解/记忆线索：邮件/报告=推式；知识库/门户=拉式；会议/电话=交互式。<br>- 易错点：误以为""邮件群发""是交互式——邮件是推式，因为没有实时双向交流。<br>- 题干信号：""干系人多且分散""、""紧急风险""、""定期发布状态""。<br>- 关联：T-COM-001。<br>- 来源：SRC-COM-TUTOR-001。",topic_qa,概念理解卡,,,,,上午选择,,,,T-COM-001,T-COM-001,SRC-COM-TUTOR-001,outputs/anki_builds/full_expansion_20260521_003052/topics/by_topic/T-COM-001/topic_qa_cards.md,T-COM-001 沟通渠道计算与干系人参与管理 — 专题 QA 卡片,,T-COM-001,keep,,ruankao ruankao::family::topic_qa ruankao::card_type::概念理解卡 ruankao::importance:: ruankao::exam_use::上午选择 ruankao::topic::T-COM-001,sha256:6f97110428afd9a4bbde8079
软考::系统集成项目管理工程师,Basic,项目有 200 多名干系人分散在全国各地，项目经理需要定期发布项目状态信息。最合适的沟通方式是？,拉式沟通（Pull）。在项目门户或共享平台上发布，让干系人自行获取。,"- 理解/记忆线索：人多、分散、定期单向发布 → 拉式最高效。<br>- 易错点：选推式（邮件群发）——200 人逐一推送效果差且无法确认阅读。<br>- 题干信号：""数量多、分布广""、""定期发布""、""非紧急""。<br>- 关联：T-COM-001。<br>- 来源：SRC-COM-TUTOR-001。",topic_qa,场景判断卡,,,,,上午选择,,,,T-COM-001,T-COM-001,SRC-COM-TUTOR-001,outputs/anki_builds/full_expansion_20260521_003052/topics/by_topic/T-COM-001/topic_qa_cards.md,T-COM-001 沟通渠道计算与干系人参与管理 — 专题 QA 卡片,,T-COM-001,keep,,ruankao ruankao::family::topic_qa ruankao::card_type::场景判断卡 ruankao::importance:: ruankao::exam_use::上午选择 ruankao::topic::T-COM-001,sha256:d81515da19f47f3afc37bba3
软考::系统集成项目管理工程师,Basic,项目中突发关键风险，需要立即召集相关人员讨论应对方案。最合适的沟通方式是？,交互式沟通（Interactive）。召开紧急会议或电话会议，实时讨论和决策。,"- 理解/记忆线索：紧急 + 需要讨论 + 快速决策 → 交互式。<br>- 易错点：选推式（发紧急邮件）——邮件无法保证实时双向讨论。<br>- 题干信号：""紧急""、""立即讨论""、""快速决策""。<br>- 关联：T-COM-001。<br>- 来源：SRC-COM-TUTOR-001。",topic_qa,场景判断卡,,,,,上午选择,,,,T-COM-001,T-COM-001,SRC-COM-TUTOR-001,outputs/anki_builds/full_expansion_20260521_003052/topics/by_topic/T-COM-001/topic_qa_cards.md,T-COM-001 沟通渠道计算与干系人参与管理 — 专题 QA 卡片,,T-COM-001,keep,,ruankao ruankao::family::topic_qa ruankao::card_type::场景判断卡 ruankao::importance:: ruankao::exam_use::上午选择 ruankao::topic::T-COM-001,sha256:f469ad3e041f7e6a82488cae
软考::系统集成项目管理工程师,Basic,干系人参与度五级分别是什么？,不知晓（Unaware）、抵制（Resistant）、中立（Neutral）、支持（Supportive）、领导（Leading）。,"- 理解/记忆线索：记忆口诀""不抵中支领""——从消极到积极递进。<br>- 易错点：""不知晓""和""中立""容易混淆——不知晓是完全不知道项目存在，中立是知道但不表态。<br>- 题干信号：""当前参与度""、""期望参与度""、""C/D 标记""。<br>- 关联：T-COM-001。<br>- 来源：SRC-COM-TUTOR-001。",topic_qa,概念理解卡,,,,,上午选择,,,,T-COM-001,T-COM-001,SRC-COM-TUTOR-001,outputs/anki_builds/full_expansion_20260521_003052/topics/by_topic/T-COM-001/topic_qa_cards.md,T-COM-001 沟通渠道计算与干系人参与管理 — 专题 QA 卡片,,T-COM-001,keep,,ruankao ruankao::family::topic_qa ruankao::card_type::概念理解卡 ruankao::importance:: ruankao::exam_use::上午选择 ruankao::topic::T-COM-001,sha256:3b913bc6ab0715822a623eb5
软考::系统集成项目管理工程师,Basic,"某部门经理知道项目正在进行，但公开表示""这个项目不会成功，不要配合""。该经理当前的参与度是？",抵制（Resistant）。,"- 理解/记忆线索：""知道且反对"" = 抵制。比""中立""更消极，比""不知晓""更有意识。<br>- 易错点：误选""中立""——中立是不支持也不反对；这里明确""公开反对""是抵制。<br>- 题干信号：""不配合""、""反对""、""不予支持""、""公开表示不看好""。<br>- 关联：T-COM-001。<br>- 来源：SRC-COM-TUTOR-001。",topic_qa,场景判断卡,,,,,上午选择,,,,T-COM-001,T-COM-001,SRC-COM-TUTOR-001,outputs/anki_builds/full_expansion_20260521_003052/topics/by_topic/T-COM-001/topic_qa_cards.md,T-COM-001 沟通渠道计算与干系人参与管理 — 专题 QA 卡片,,T-COM-001,keep,,ruankao ruankao::family::topic_qa ruankao::card_type::场景判断卡 ruankao::importance:: ruankao::exam_use::上午选择 ruankao::topic::T-COM-001,sha256:52789b3869d5465b1abadb8e
软考::系统集成项目管理工程师,Basic,干系人参与度评估矩阵（C/D 标记）的作用是什么？,"标记每个干系人的""当前参与度（C）""和""期望参与度（D）""，C 与 D 之间的差距指明干系人管理的工作方向。","- 理解/记忆线索：C = Current（现在在哪），D = Desired（想去哪）。差距 = 行动方向。<br>- 易错点：误认为评估矩阵只用于记录现状——它更需要用来确定管理行动。<br>- 题干信号：""C/D""、""参与度差距""、""干系人管理策略""。<br>- 关联：T-COM-001。<br>- 来源：SRC-COM-TUTOR-001。",topic_qa,概念理解卡,,,,,上午选择,,,,T-COM-001,T-COM-001,SRC-COM-TUTOR-001,outputs/anki_builds/full_expansion_20260521_003052/topics/by_topic/T-COM-001/topic_qa_cards.md,T-COM-001 沟通渠道计算与干系人参与管理 — 专题 QA 卡片,,T-COM-001,keep,,ruankao ruankao::family::topic_qa ruankao::card_type::概念理解卡 ruankao::importance:: ruankao::exam_use::上午选择 ruankao::topic::T-COM-001,sha256:adfdd2d13a397eae1ce4e06e
软考::系统集成项目管理工程师,Basic,项目经理群发了一封重要的技术变更通知。一周后发现一半成员仍按旧方案工作。这个沟通问题最可能属于？,缺乏反馈确认。项目经理发出信息但没有确认接收方是否已阅读和理解。,"- 理解/记忆线索：发了 ≠ 收到 ≠ 理解 ≠ 执行。缺少反馈确认环节。<br>- 易错点：选""媒介选择不当""——邮件本身适合发送通知，但问题是没有确认机制。<br>- 题干信号：""发了通知但没人看/没人执行""、""没有确认""、""以为对方知道了""。<br>- 关联：T-COM-001。<br>- 来源：SRC-COM-TUTOR-001。",topic_qa,陷阱卡,,,,,上午选择,,,,T-COM-001,T-COM-001,SRC-COM-TUTOR-001,outputs/anki_builds/full_expansion_20260521_003052/topics/by_topic/T-COM-001/topic_qa_cards.md,T-COM-001 沟通渠道计算与干系人参与管理 — 专题 QA 卡片,,T-COM-001,keep,,ruankao ruankao::family::topic_qa ruankao::card_type::陷阱卡 ruankao::importance:: ruankao::exam_use::上午选择 ruankao::topic::T-COM-001,sha256:2c76ca4f3667fac791b822ca
软考::系统集成项目管理工程师,Basic,"沟通模型中的""噪声""包括哪些类型？",技术噪声（信号干扰）、语义噪声（歧义用语）、心理噪声（情绪偏见）、组织噪声（层级过滤）。,"- 理解/记忆线索：噪声不只是""听不清""，还包括""听不懂""、""不想听""、""传不到""。<br>- 易错点：只想到物理/技术噪声，忽略语义和心理噪声。<br>- 题干信号：""沟通障碍""、""信息失真""、""误解""。<br>- 关联：T-COM-001。<br>- 来源：SRC-COM-TUTOR-001。",topic_qa,概念理解卡,,,,,上午选择,,,,T-COM-001,T-COM-001,SRC-COM-TUTOR-001,outputs/anki_builds/full_expansion_20260521_003052/topics/by_topic/T-COM-001/topic_qa_cards.md,T-COM-001 沟通渠道计算与干系人参与管理 — 专题 QA 卡片,,T-COM-001,keep,,ruankao ruankao::family::topic_qa ruankao::card_type::概念理解卡 ruankao::importance:: ruankao::exam_use::上午选择 ruankao::topic::T-COM-001,sha256:3e4ae01239e49de4f5d11342
软考::系统集成项目管理工程师,Basic,沟通管理计划和干系人管理计划的核心区别是什么？,"沟通管理计划关注""信息怎么传""（内容、方式、频率、渠道）；干系人管理计划关注""人怎么管""（识别、分析、参与策略）。","- 理解/记忆线索：沟通管""信息流""，干系人管""人的关系""。<br>- 易错点：混淆两者的输出——沟通管理计划输出沟通矩阵，干系人管理计划输出参与度评估矩阵。<br>- 题干信号：""信息传递""vs""参与度管理""。<br>- 关联：T-COM-001。<br>- 来源：SRC-COM-TUTOR-001。",topic_qa,辨析卡,,,,,跨域辨析,,,,T-COM-001,T-COM-001,SRC-COM-TUTOR-001,outputs/anki_builds/full_expansion_20260521_003052/topics/by_topic/T-COM-001/topic_qa_cards.md,T-COM-001 沟通渠道计算与干系人参与管理 — 专题 QA 卡片,,T-COM-001,keep,,ruankao ruankao::family::topic_qa ruankao::card_type::辨析卡 ruankao::importance:: ruankao::exam_use::跨域辨析 ruankao::topic::T-COM-001,sha256:0b362ae14880f40912310a19
软考::系统集成项目管理工程师,Basic,"案例题中，看到""某部门/某干系人不知道项目信息""通常反映了什么管理问题？",干系人识别不完整，或沟通管理计划未覆盖该干系人的信息需求。,"- 理解/记忆线索：答案模板：先识别不全 → 再沟通计划缺失 → 再反馈机制缺乏。<br>- 易错点：只写""沟通不足""太笼统，必须具体到""识别遗漏→沟通计划→反馈确认""。<br>- 题干信号：""不知道项目进展""、""未被告知""、""被排除在沟通之外""。<br>- 关联：T-COM-001。<br>- 来源：SRC-COM-TUTOR-001, SRC-COM-Q-CASE-001。",topic_qa,场景判断卡,,,,,案例分析,,,,T-COM-001,T-COM-001,"SRC-COM-TUTOR-001, SRC-COM-Q-CASE-001",outputs/anki_builds/full_expansion_20260521_003052/topics/by_topic/T-COM-001/topic_qa_cards.md,T-COM-001 沟通渠道计算与干系人参与管理 — 专题 QA 卡片,,T-COM-001,keep,案例题标准答案模板。,ruankao ruankao::family::topic_qa ruankao::card_type::场景判断卡 ruankao::importance:: ruankao::exam_use::案例分析 ruankao::topic::T-COM-001,sha256:65b7797b6921b846c517b740
软考::系统集成项目管理工程师,Basic,案例中沟通与干系人管理问题的标准分析框架是什么？,①干系人识别是否完整；②干系人参与度评估是否到位（C/D差距）；③沟通管理计划是否覆盖所有关键干系人；④沟通方式选择是否合适；⑤反馈确认机制是否建立。,"- 理解/记忆线索：五步框架：识别人→评估差距→制定计划→选择方式→建立反馈。<br>- 易错点：不要只答""沟通不够""，必须按管理过程展开具体的缺失。<br>- 题干信号：""沟通出现问题""、""干系人不满""、""信息断层""。<br>- 关联：T-COM-001。<br>- 来源：SRC-COM-TUTOR-001, SRC-COM-Q-CASE-001。",topic_qa,案例模板卡,,,,,案例分析,,,,T-COM-001,T-COM-001,"SRC-COM-TUTOR-001, SRC-COM-Q-CASE-001",outputs/anki_builds/full_expansion_20260521_003052/topics/by_topic/T-COM-001/topic_qa_cards.md,T-COM-001 沟通渠道计算与干系人参与管理 — 专题 QA 卡片,,T-COM-001,keep,,ruankao ruankao::family::topic_qa ruankao::card_type::案例模板卡 ruankao::importance:: ruankao::exam_use::案例分析 ruankao::topic::T-COM-001,sha256:a86675fad733eb4b88e4fc53
软考::系统集成项目管理工程师,Basic,"题干中出现""定期周报、月报""时，对应的沟通方式是？",推式沟通（Push）。发送方主动向指定接收方推送。,"- 理解/记忆线索：定期报告是典型的""我方主动发、你方被动收""。<br>- 易错点：周报不是交互式——周报不需要实时讨论。<br>- 题干信号：""定期发送""、""报告""、""通知""、""邮件群发""。<br>- 关联：T-COM-001。<br>- 来源：SRC-COM-TUTOR-001。",topic_qa,关键词识别卡,,,,,上午选择,,,,T-COM-001,T-COM-001,SRC-COM-TUTOR-001,outputs/anki_builds/full_expansion_20260521_003052/topics/by_topic/T-COM-001/topic_qa_cards.md,T-COM-001 沟通渠道计算与干系人参与管理 — 专题 QA 卡片,,T-COM-001,keep,,ruankao ruankao::family::topic_qa ruankao::card_type::关键词识别卡 ruankao::importance:: ruankao::exam_use::上午选择 ruankao::topic::T-COM-001,sha256:924467603f28c6f499a601c6
软考::系统集成项目管理工程师,Basic,"题干中出现""项目门户、共享文件夹、Wiki""时，对应的沟通方式是？",拉式沟通（Pull）。信息存放在公共位置，接收方自行获取。,"- 理解/记忆线索：关键词""自行查看""、""自助获取""、""公共平台""→ 拉式。<br>- 易错点：不能因为""在门户上发布""就归类为推式——推送的是通知链接，信息本身是拉取。<br>- 题干信号：""门户""、""知识库""、""共享平台""、""自助查询""。<br>- 关联：T-COM-001。<br>- 来源：SRC-COM-TUTOR-001。",topic_qa,关键词识别卡,,,,,上午选择,,,,T-COM-001,T-COM-001,SRC-COM-TUTOR-001,outputs/anki_builds/full_expansion_20260521_003052/topics/by_topic/T-COM-001/topic_qa_cards.md,T-COM-001 沟通渠道计算与干系人参与管理 — 专题 QA 卡片,,T-COM-001,keep,,ruankao ruankao::family::topic_qa ruankao::card_type::关键词识别卡 ruankao::importance:: ruankao::exam_use::上午选择 ruankao::topic::T-COM-001,sha256:54ce8c28171cf209ba3fa78b
软考::系统集成项目管理工程师,Basic,案例题中，识别出的干系人参与度差距应在哪个文件中记录和跟踪？,干系人管理计划中的干系人参与度评估矩阵，以及对应的干系人管理策略。,"- 理解/记忆线索：差距记录在评估矩阵，改进策略记录在干系人管理计划。<br>- 易错点：误记到沟通管理计划——干系人参与度是干系人管理的范畴。<br>- 题干信号：""C/D差距""、""参与度不足""、""需要提高参与度""。<br>- 关联：T-COM-001。<br>- 来源：SRC-COM-TUTOR-001。",topic_qa,关键词识别卡,,,,,下午案例,,,,T-COM-001,T-COM-001,SRC-COM-TUTOR-001,outputs/anki_builds/full_expansion_20260521_003052/topics/by_topic/T-COM-001/topic_qa_cards.md,T-COM-001 沟通渠道计算与干系人参与管理 — 专题 QA 卡片,,T-COM-001,keep,,ruankao ruankao::family::topic_qa ruankao::card_type::关键词识别卡 ruankao::importance:: ruankao::exam_use::下午案例 ruankao::topic::T-COM-001,sha256:159fbde233a954d03a7839e7
软考::系统集成项目管理工程师,Basic,团队成员之间因为专业背景不同，对同一技术方案的理解产生分歧。这属于沟通模型中的什么障碍？,编码和解码的不对称性（语义噪声）。不同专业背景使用不同的术语体系。,"- 理解/记忆线索：开发人员说""接口"" vs 业务人员理解的""接口""可能完全不同。<br>- 易错点：误认为是""媒介选择不当""——这里的问题不是渠道而是含义理解。<br>- 题干信号：""专业术语""、""理解不一致""、""背景不同""。<br>- 关联：T-COM-001。<br>- 来源：SRC-COM-TUTOR-001。",topic_qa,场景判断卡,,,,,上午选择,,,,T-COM-001,T-COM-001,SRC-COM-TUTOR-001,outputs/anki_builds/full_expansion_20260521_003052/topics/by_topic/T-COM-001/topic_qa_cards.md,T-COM-001 沟通渠道计算与干系人参与管理 — 专题 QA 卡片,,T-COM-001,keep,,ruankao ruankao::family::topic_qa ruankao::card_type::场景判断卡 ruankao::importance:: ruankao::exam_use::上午选择 ruankao::topic::T-COM-001,sha256:f8ab0ec6b5e3928a366d6973
软考::系统集成项目管理工程师,Basic,沟通渠道数公式中 n 是否包含项目经理？,包含。n 是所有参与沟通的人数，包括项目经理。,"- 理解/记忆线索：项目经理也是沟通参与者之一，必须计入 n。<br>- 易错点：有的题目会隐含""项目经理不算在内""的陷阱，注意题干是否明确""含项目经理""。<br>- 题干信号：""团队有 X 人（含项目经理）""或""项目组共 X 人""。<br>- 关联：T-COM-001。<br>- 来源：SRC-COM-TUTOR-001。",topic_qa,概念理解卡,,,,,上午选择,,,,T-COM-001,T-COM-001,SRC-COM-TUTOR-001,outputs/anki_builds/full_expansion_20260521_003052/topics/by_topic/T-COM-001/topic_qa_cards.md,T-COM-001 沟通渠道计算与干系人参与管理 — 专题 QA 卡片,,T-COM-001,keep,,ruankao ruankao::family::topic_qa ruankao::card_type::概念理解卡 ruankao::importance:: ruankao::exam_use::上午选择 ruankao::topic::T-COM-001,sha256:2706d4ed8ca145d48d852a0f
软考::系统集成项目管理工程师,Basic,沟通渠道数越多，代表沟通效果越好。这句话对吗？,不对。渠道数只代表潜在的沟通路径数量，不代表沟通效率和效果。渠道过多可能导致信息过载和协调成本剧增。,"- 理解/记忆线索：渠道数越多 = 沟通复杂度越高 = 越需要结构化沟通管理。<br>- 易错点：误以为""渠道多=沟通顺畅""——实际上12人的66条渠道比5人的10条更难管理。<br>- 题干信号：""渠道数越多沟通越好""这类绝对表述。<br>- 关联：T-COM-001。<br>- 来源：SRC-COM-TUTOR-001。",topic_qa,陷阱卡,,,,,上午选择,,,,T-COM-001,T-COM-001,SRC-COM-TUTOR-001,outputs/anki_builds/full_expansion_20260521_003052/topics/by_topic/T-COM-001/topic_qa_cards.md,T-COM-001 沟通渠道计算与干系人参与管理 — 专题 QA 卡片,,T-COM-001,keep,常见错误观念纠正。,ruankao ruankao::family::topic_qa ruankao::card_type::陷阱卡 ruankao::importance:: ruankao::exam_use::上午选择 ruankao::topic::T-COM-001,sha256:a39975f63a006dbfd4434318
软考::系统集成项目管理工程师,Basic,拉式沟通相比推式沟通的主要优势是什么？,适合大量信息的传播，接收方可自主选择需要的信息，不干扰不需要的干系人；适合干系人多且分布广的场景。,"- 理解/记忆线索：推式是""我喂你""，拉式是""你来拿""。人多时拉式更高效。<br>- 易错点：拉式依赖接收方的主动性——不能保证所有人都及时获取信息。<br>- 题干信号：""自助获取""、""公共平台""、""不打扰""。<br>- 关联：T-COM-001。<br>- 来源：SRC-COM-TUTOR-001。",topic_qa,概念理解卡,,,,,上午选择,,,,T-COM-001,T-COM-001,SRC-COM-TUTOR-001,outputs/anki_builds/full_expansion_20260521_003052/topics/by_topic/T-COM-001/topic_qa_cards.md,T-COM-001 沟通渠道计算与干系人参与管理 — 专题 QA 卡片,,T-COM-001,keep,,ruankao ruankao::family::topic_qa ruankao::card_type::概念理解卡 ruankao::importance:: ruankao::exam_use::上午选择 ruankao::topic::T-COM-001,sha256:6822e2746547cfc5094fe41d
软考::系统集成项目管理工程师,Basic,沟通与干系人案例的三问诊断法是什么？,一问干系人识别完整吗（有没有漏掉受项目影响的关键方）；二问沟通管理计划到位吗（谁需要什么信息、什么频率、什么方式）；三问反馈确认机制有吗（发了信息不等于对方看了和理解）。,"- 理解/记忆线索：三问：识别人→计划沟通→确认反馈。<br>- 易错点：很多人只问""沟通够不够""——忽略了干系人识别是否完整这个前提。<br>- 题干信号：冲突、不配合、不知道、没确认。<br>- 关联：T-COM-002；T-COM-001 沟通管理基础。<br>- 来源：SRC-T-COM-002-001。",topic_qa,框架卡,,,,,下午案例,,,,T-COM-002,T-COM-002,SRC-T-COM-002-001,outputs/anki_builds/full_expansion_20260521_003052/topics/by_topic/T-COM-002/topic_qa_cards.md,T-COM-002｜沟通管理与干系人冲突案例模板 专题问答卡,,"T-COM-002,T-COM-001,T-COM-002-001",keep,沟通干系人案例三问诊断框架。,ruankao ruankao::family::topic_qa ruankao::card_type::框架卡 ruankao::importance:: ruankao::exam_use::下午案例 ruankao::topic::T-COM-002,sha256:6c3da9c2dc66ff673aad218d
软考::系统集成项目管理工程师,Basic,"场景：项目准备上线时，财务部突然拒绝配合数据迁移，理由""我们不知道什么时候上线，这个月财务结账不能动系统""。用三问法诊断。",一问：干系人识别不完整——财务部在项目中一直被遗漏；二问：沟通管理计划缺失——从未与财务沟通上线窗口；三问：反馈确认机制缺失——财务从未确认过上线计划。,"- 理解/记忆线索：拒绝配合→不知道→被遗漏→三问均可发现漏洞。<br>- 易错点：不要认为是财务部""不配合""——是项目团队没有识别和沟通到位。<br>- 题干信号：突然拒绝、不知道、上线前才发现。<br>- 关联：T-COM-002。<br>- 来源：SRC-T-COM-002-001。",topic_qa,场景判断卡,,,,,下午案例,,,,T-COM-002,T-COM-002,SRC-T-COM-002-001,outputs/anki_builds/full_expansion_20260521_003052/topics/by_topic/T-COM-002/topic_qa_cards.md,T-COM-002｜沟通管理与干系人冲突案例模板 专题问答卡,,"T-COM-002,T-COM-002-001",keep,三问法在财务部冲突场景中的应用。,ruankao ruankao::family::topic_qa ruankao::card_type::场景判断卡 ruankao::importance:: ruankao::exam_use::下午案例 ruankao::topic::T-COM-002,sha256:7c9078dbd5d8cfeafe5ae6b3
软考::系统集成项目管理工程师,Basic,干系人冲突案例的完整答题框架是什么？,找问题（干系人识别不全、沟通计划缺失、反馈机制没有）→分析原因（启动阶段投入不足，只看项目组不看受影响方）→提措施（补识别→参与度评估→制定沟通策略→建反馈确认机制→应对抵制型干系人）→预防（将干系人识别和沟通计划作为启动必做动作）。,"- 理解/记忆线索：四步法：问题→原因→措施→预防。<br>- 易错点：措施要具体到""对谁、什么时候、以什么方式、沟通什么内容""。<br>- 题干信号：冲突案例、沟通不畅、干系人不配合。<br>- 关联：T-COM-002；T-CASE-001 通用案例方法。<br>- 来源：SRC-T-COM-002-002。",topic_qa,框架卡,,,,,下午案例,,,,T-COM-002,T-COM-002,SRC-T-COM-002-002,outputs/anki_builds/full_expansion_20260521_003052/topics/by_topic/T-COM-002/topic_qa_cards.md,T-COM-002｜沟通管理与干系人冲突案例模板 专题问答卡,,"T-COM-002,T-CASE-001,T-COM-002-002",keep,干系人冲突四步答题框架。,ruankao ruankao::family::topic_qa ruankao::card_type::框架卡 ruankao::importance:: ruankao::exam_use::下午案例 ruankao::topic::T-COM-002,sha256:b6ad91c54a8e22300919623f
软考::系统集成项目管理工程师,Basic,干系人冲突的针对性措施包括哪些具体动作？,补充识别干系人→更新干系人登记册；用参与度评估矩阵标出当前(C)和期望(D)的差距；制定每类干系人的沟通策略；建立反馈确认机制（关键里程碑前主动沟通）；对抵制型干系人制定专门参与策略。,"- 理解/记忆线索：五步措施：补识别→评差距→定策略→建反馈→专应对。<br>- 易错点：不要只写""加强沟通""——要具体到用什么工具（参与度评估矩阵）。<br>- 题干信号：冲突处理措施、干系人参与、沟通改进。<br>- 关联：T-COM-002。<br>- 来源：SRC-T-COM-002-002。",topic_qa,措施卡,,,,,下午案例,,,,T-COM-002,T-COM-002,SRC-T-COM-002-002,outputs/anki_builds/full_expansion_20260521_003052/topics/by_topic/T-COM-002/topic_qa_cards.md,T-COM-002｜沟通管理与干系人冲突案例模板 专题问答卡,,"T-COM-002,T-COM-002-002",keep,干系人冲突五步具体措施。,ruankao ruankao::family::topic_qa ruankao::card_type::措施卡 ruankao::importance:: ruankao::exam_use::下午案例 ruankao::topic::T-COM-002,sha256:d1e3f1902a673df976affce2
软考::系统集成项目管理工程师,Basic,沟通方式的选择依据是什么？(信息传递方式：书面/口头、正式/非正式如何选？),依据沟通的紧迫性、信息敏感性、干系人数量、地理位置、组织文化选择。正式书面用于重要/需记录的信息；非正式口头用于日常/快速沟通。,- 理解/记忆线索：重要正式书面记录；日常快速口头沟通。<br>- 易错点：不是越正式越好——过于正式的沟通可能降低效率。<br>- 题干信号：沟通方式、正式、非正式、书面、口头。<br>- 关联：T-COM-002；T-COM-001。<br>- 来源：SRC-T-COM-002-003。,topic_qa,概念卡,,,,,上午选择,,,,T-COM-002,T-COM-002,SRC-T-COM-002-003,outputs/anki_builds/full_expansion_20260521_003052/topics/by_topic/T-COM-002/topic_qa_cards.md,T-COM-002｜沟通管理与干系人冲突案例模板 专题问答卡,,"T-COM-002,T-COM-001,T-COM-002-003",keep,沟通方式选择的基本原则。,ruankao ruankao::family::topic_qa ruankao::card_type::概念卡 ruankao::importance:: ruankao::exam_use::上午选择 ruankao::topic::T-COM-002,sha256:9272a30f4611bffccc5bd24a
软考::系统集成项目管理工程师,Basic,场景：项目经理需要向全体干系人发布项目章程和关键里程碑信息。最合适的沟通方式是什么？,正式书面沟通（如项目启动通知邮件或正式会议纪要）。因为章程是正式文件，需要记录和追溯。,- 理解/记忆线索：重要+需记录→正式书面。<br>- 易错点：不要只用口头传达——项目章程这类正式文件必须有书面记录。<br>- 题干信号：项目章程、里程碑、全体干系人。<br>- 关联：T-COM-002。<br>- 来源：SRC-T-COM-002-003。,topic_qa,场景判断卡,,,,,上午选择,,,,T-COM-002,T-COM-002,SRC-T-COM-002-003,outputs/anki_builds/full_expansion_20260521_003052/topics/by_topic/T-COM-002/topic_qa_cards.md,T-COM-002｜沟通管理与干系人冲突案例模板 专题问答卡,,"T-COM-002,T-COM-002-003",keep,沟通方式选择的场景训练。,ruankao ruankao::family::topic_qa ruankao::card_type::场景判断卡 ruankao::importance:: ruankao::exam_use::上午选择 ruankao::topic::T-COM-002,sha256:11f8051d6266db7593ed7582
软考::系统集成项目管理工程师,Basic,陷阱：项目经理把会议纪要发给所有参会人员，这等于完成了沟通——这个说法对吗？,不对。发了信息不等于对方看了，也不等于对方理解了。有效沟通需要确认反馈——对方是否收到、是否理解、是否有疑问。,"- 理解/记忆线索：沟通的闭环=发送+接收+理解+确认。只发不收=沟通未完成。<br>- 易错点：很多人认为""邮件已发=沟通已做""——案例题中这个做法通常被判定为沟通不到位。<br>- 题干信号：发了邮件、没人回复、以为对方知道、信息不对称。<br>- 关联：T-COM-002。<br>- 来源：SRC-T-COM-002-004。",topic_qa,陷阱卡,,,,,下午案例,,,,T-COM-002,T-COM-002,SRC-T-COM-002-004,outputs/anki_builds/full_expansion_20260521_003052/topics/by_topic/T-COM-002/topic_qa_cards.md,T-COM-002｜沟通管理与干系人冲突案例模板 专题问答卡,,"T-COM-002,T-COM-002-004",keep,发了不等于沟通完成，反馈确认是关键。,ruankao ruankao::family::topic_qa ruankao::card_type::陷阱卡 ruankao::importance:: ruankao::exam_use::下午案例 ruankao::topic::T-COM-002,sha256:7de3b7c491becc8d9542647d
软考::系统集成项目管理工程师,Basic,陷阱：项目中只有翻译人员与项目组持续沟通，真正的业务主管长期未参与评审。项目经理认为翻译理解了就行——这个做法错在哪？,错在用中间人替代关键干系人。翻译不能替代业务主管的理解和确认。关键干系人必须直接参与评审和决策。,"- 理解/记忆线索：关键干系人本人参与≠代理人参与。<br>- 易错点：不要认为""有人参与""就等于""关键干系人已参与""——要看参与的是谁。<br>- 题干信号：翻译参与、业务主管缺席、评审通过最终不认可。<br>- 关联：T-COM-002。<br>- 来源：SRC-T-COM-002-004。",topic_qa,陷阱卡,,,,,下午案例,,,,T-COM-002,T-COM-002,SRC-T-COM-002-004,outputs/anki_builds/full_expansion_20260521_003052/topics/by_topic/T-COM-002/topic_qa_cards.md,T-COM-002｜沟通管理与干系人冲突案例模板 专题问答卡,,"T-COM-002,T-COM-002-004",keep,关键干系人不可被替代参与的沟通陷阱。,ruankao ruankao::family::topic_qa ruankao::card_type::陷阱卡 ruankao::importance:: ruankao::exam_use::下午案例 ruankao::topic::T-COM-002,sha256:091b0330908c7bdc5b36f756
软考::系统集成项目管理工程师,Basic,干系人参与度评估矩阵的五个等级是什么？,不知晓（Unaware）、抵制（Resistant）、中立（Neutral）、支持（Supportive）、领导（Leading）。,- 理解/记忆线索：五级：不知→抵制→中立→支持→领导。<br>- 易错点：不知晓不等于抵制——不知晓是还要告知，抵制是已知但反对。<br>- 题干信号：干系人参与度、五级分类、C/D差距。<br>- 关联：T-COM-002。<br>- 来源：SRC-T-COM-002-005。,topic_qa,概念卡,,,,,上午选择,,,,T-COM-002,T-COM-002,SRC-T-COM-002-005,outputs/anki_builds/full_expansion_20260521_003052/topics/by_topic/T-COM-002/topic_qa_cards.md,T-COM-002｜沟通管理与干系人冲突案例模板 专题问答卡,,"T-COM-002,T-COM-002-005",keep,干系人参与度五级分类基础。,ruankao ruankao::family::topic_qa ruankao::card_type::概念卡 ruankao::importance:: ruankao::exam_use::上午选择 ruankao::topic::T-COM-002,sha256:ef71e0a5d722d17b1b4ece8a
软考::系统集成项目管理工程师,Basic,干系人当前参与度(C)与期望参与度(D)有差距时，项目经理应该怎么做？,分析差距原因→制定针对性的沟通和参与策略→执行策略→定期重新评估参与度→调整策略。,"- 理解/记忆线索：C→D的差距管理：分析→定策→执行→重评→调整。<br>- 易错点：不要试图把所有干系人都提升到""领导""级别——关键干系人才需要高参与度。<br>- 题干信号：参与度差距、C/D、干系人管理策略。<br>- 关联：T-COM-002。<br>- 来源：SRC-T-COM-002-005。",topic_qa,措施卡,,,,,下午案例,,,,T-COM-002,T-COM-002,SRC-T-COM-002-005,outputs/anki_builds/full_expansion_20260521_003052/topics/by_topic/T-COM-002/topic_qa_cards.md,T-COM-002｜沟通管理与干系人冲突案例模板 专题问答卡,,"T-COM-002,T-COM-002-005",keep,干系人参与度差距管理闭环。,ruankao ruankao::family::topic_qa ruankao::card_type::措施卡 ruankao::importance:: ruankao::exam_use::下午案例 ruankao::topic::T-COM-002,sha256:320ce20178a6a0e4632ba877
软考::系统集成项目管理工程师,Basic,"沟通案例答题框架中""提措施""部分至少要覆盖哪四个方面？",①补充干系人识别→更新干系人登记册；②制定针对性沟通计划（对象/方式/频率/内容）；③建立反馈确认机制（关键决策前书面确认）；④关键里程碑前主动与关键干系人沟通。,"- 理解/记忆线索：四方面：识别→计划→确认→主动。<br>- 易错点：每条措施必须具体——""制定沟通计划""不够，要写""对财务部每月一次正式进度汇报""这样的具体动作。<br>- 题干信号：沟通措施、答题模板。<br>- 关联：T-COM-002。<br>- 来源：SRC-T-COM-002-006。",topic_qa,框架卡,,,,,下午案例,,,,T-COM-002,T-COM-002,SRC-T-COM-002-006,outputs/anki_builds/full_expansion_20260521_003052/topics/by_topic/T-COM-002/topic_qa_cards.md,T-COM-002｜沟通管理与干系人冲突案例模板 专题问答卡,,"T-COM-002,T-COM-002-006",keep,沟通案例四方面措施模板。,ruankao ruankao::family::topic_qa ruankao::card_type::框架卡 ruankao::importance:: ruankao::exam_use::下午案例 ruankao::topic::T-COM-002,sha256:a960dc5be00b1e3c928a79d4
软考::系统集成项目管理工程师,Basic,"场景：某ERP项目实施8个月，准备上线时，IT运维团队表示""从来不知道项目要求的安全规范，系统不符合我们的安全基线，不能上线""。请诊断并给出措施。","诊断：①干系人识别不全——运维团队被遗漏；②沟通计划缺失——从未与运维对齐安全基线；③参与度评估缺失——运维一直处于""不知晓""状态。措施：①补充运维团队到干系人登记册；②制定沟通计划（安全方案评审+书面确认）；③建立关键里程碑前的外部干系人沟通日历。","- 理解/记忆线索：不知晓→不配合的上线前冲突。补救措施要具体到对象和内容。<br>- 易错点：不要只写""加强和运维沟通""——要写""提交安全方案评审并获得书面确认""。<br>- 题干信号：从来不知道、安全规范、不能上线、8个月未沟通。<br>- 关联：T-COM-002。<br>- 来源：SRC-T-COM-002-006。",topic_qa,场景判断卡,,,,,下午案例,,,,T-COM-002,T-COM-002,SRC-T-COM-002-006,outputs/anki_builds/full_expansion_20260521_003052/topics/by_topic/T-COM-002/topic_qa_cards.md,T-COM-002｜沟通管理与干系人冲突案例模板 专题问答卡,,"T-COM-002,T-COM-002-006",keep,运维团队被遗漏的沟通案例综合诊断。,ruankao ruankao::family::topic_qa ruankao::card_type::场景判断卡 ruankao::importance:: ruankao::exam_use::下午案例 ruankao::topic::T-COM-002,sha256:f0e4912aec164c38ab7d8d55
软考::系统集成项目管理工程师,Basic,成本估算中类比估算的特点和使用场景是什么？,使用以往类似项目的实际成本数据估算当前项目。优点是快速、成本低；缺点是准确性差。适合项目早期、信息有限时的粗略估算。,"- 理解/记忆线索：类比=参考上一个类似项目花了多少钱。快但粗。<br>- 易错点：类比估算的准确性取决于两个项目的相似程度——如果新技术栈或工期差异大，类比估算误差很大。<br>- 题干信号：""参考上一个类似项目的实际成本""""项目早期需要快速估算""。<br>- 关联：T-COST-002。<br>- 来源：SRC-COST-TUTOR-001。",topic_qa,概念理解卡,,,,,上午选择,,,,T-COST-001,T-COST-001,SRC-COST-TUTOR-001,outputs/anki_builds/full_expansion_20260521_003052/topics/by_topic/T-COST-001/topic_qa_cards.md,T-COST-001 最终人工可读卡片,,T-COST-002,keep,四种估算方法的基础。,ruankao ruankao::family::topic_qa ruankao::card_type::概念理解卡 ruankao::importance:: ruankao::exam_use::上午选择 ruankao::topic::T-COST-001,sha256:da8cfa3e720803f5189b2e71
软考::系统集成项目管理工程师,Basic,成本估算中参数估算的特点和使用场景是什么？,"使用历史数据与项目参数之间的统计关系进行估算。例如""每行代码50元 × 预计10万行 = 500万元""。准确性取决于参数模型的成熟度。","- 理解/记忆线索：参数估算=有""单位×数量""的公式关系。类比估算=直接参考类似项目总额。<br>- 易错点：类比估算看""类似项目整体""，参数估算看""单位参数的费率""——两者都是历史数据驱动但粒度不同。<br>- 题干信号：""每人月2万元×200人月""""每平方米5000元""""按参数模型计算""。<br>- 来源：SRC-COST-TUTOR-001。",topic_qa,概念理解卡,,,,,上午选择,,,,T-COST-001,T-COST-001,SRC-COST-TUTOR-001,outputs/anki_builds/full_expansion_20260521_003052/topics/by_topic/T-COST-001/topic_qa_cards.md,T-COST-001 最终人工可读卡片,,,keep,,ruankao ruankao::family::topic_qa ruankao::card_type::概念理解卡 ruankao::importance:: ruankao::exam_use::上午选择 ruankao::topic::T-COST-001,sha256:3b81b5dbd631d70bacd67b05
软考::系统集成项目管理工程师,Basic,成本估算中自下而上估算的特点和使用场景是什么？,从WBS底层的工作包开始逐一估算，然后逐层汇总。最准确但最耗时，适合详细估算阶段。,"- 理解/记忆线索：自下而上=从最细的工作包开始算，逐级汇总。准但慢。<br>- 易错点：自下而上估算的第一步是估算每个工作包或最详细活动的成本，不是直接汇总。<br>- 题干信号：""基于WBS工作包逐级汇总""""最准确的估算方法""""详细设计完成后使用""。<br>- 关联：T-SCOPE-002 WBS和工作包。<br>- 来源：SRC-COST-TUTOR-001。",topic_qa,概念理解卡,,,,,上午选择,,,,T-COST-001,T-COST-001,SRC-COST-TUTOR-001,outputs/anki_builds/full_expansion_20260521_003052/topics/by_topic/T-COST-001/topic_qa_cards.md,T-COST-001 最终人工可读卡片,,T-SCOPE-002,keep,,ruankao ruankao::family::topic_qa ruankao::card_type::概念理解卡 ruankao::importance:: ruankao::exam_use::上午选择 ruankao::topic::T-COST-001,sha256:e8865d8aefb53e45025718b0
软考::系统集成项目管理工程师,Basic,三点估算（成本版）如何计算期望成本？,期望成本 = （乐观值 + 4×最可能值 + 悲观值）/ 6。公式与进度管理中的PERT相同。,"- 理解/记忆线索：三点估算 = PERT公式。O+4M+P 除以6。<br>- 易错点：三点估算既可用于进度（计算活动工期期望值），也可用于成本（计算成本期望值）。<br>- 题干信号：""最乐观成本、最可能成本、最悲观成本""""考虑不确定性""。<br>- 关联：T-SCH-003 PERT估算。<br>- 来源：SRC-COST-TUTOR-001。",topic_qa,概念理解卡,,,,,上午选择,,,,T-COST-001,T-COST-001,SRC-COST-TUTOR-001,outputs/anki_builds/full_expansion_20260521_003052/topics/by_topic/T-COST-001/topic_qa_cards.md,T-COST-001 最终人工可读卡片,,T-SCH-003,keep,公示记忆卡。,ruankao ruankao::family::topic_qa ruankao::card_type::概念理解卡 ruankao::importance:: ruankao::exam_use::上午选择 ruankao::topic::T-COST-001,sha256:4579932c5a1525d94856e6e6
软考::系统集成项目管理工程师,Basic,类比估算与参数估算的核心区别是什么？,"类比估算参考的是""类似项目整体""的实际成本；参数估算用的是""单位工作量×费率""的数量关系。类比更宏观，参数更精细。","- 理解/记忆线索：类比＝参考类似项目总额；参数＝单位成本×数量。<br>- 易错点：两者都基于历史数据。如果题目说""上一个项目花了500万，所以这个也估500万""→类比；""每人年30万×预计10人年""→参数。<br>- 题干信号：""上一个类似项目""""项目整体类比""→类比；""每功能点""""每人月单价""""单位成本""→参数。<br>- 来源：SRC-COST-TUTOR-001。",topic_qa,辨析卡,,,,,上午选择,,,,T-COST-001,T-COST-001,SRC-COST-TUTOR-001,outputs/anki_builds/full_expansion_20260521_003052/topics/by_topic/T-COST-001/topic_qa_cards.md,T-COST-001 最终人工可读卡片,,,keep,高频辨析。,ruankao ruankao::family::topic_qa ruankao::card_type::辨析卡 ruankao::importance:: ruankao::exam_use::上午选择 ruankao::topic::T-COST-001,sha256:0b50b35164506c5c20c22cca
软考::系统集成项目管理工程师,Basic,成本预算的基本流程是什么？其最终产出是什么？,将批准的总成本估算分配到各个工作包和各个时间段，形成成本基准。产出=成本基准（批准的时间分阶段预算）。,"- 理解/记忆线索：估算→总量；预算→总量+时间分配→成本基准（S曲线）。<br>- 易错点：成本估算≠成本预算。估算回答""要花多少钱""，预算回答""什么时候花多少钱""。<br>- 题干信号：""将成本分配到时间轴上""""形成S曲线""""成本基准的建立过程""。<br>- 关联：T-COST-002 挣值管理（PV来源于成本基准）。<br>- 来源：SRC-COST-TUTOR-001。",topic_qa,流程卡,,,,,案例分析,,,,T-COST-001,T-COST-001,SRC-COST-TUTOR-001,outputs/anki_builds/full_expansion_20260521_003052/topics/by_topic/T-COST-001/topic_qa_cards.md,T-COST-001 最终人工可读卡片,,T-COST-002,keep,估算vs预算边界清晰。,ruankao ruankao::family::topic_qa ruankao::card_type::流程卡 ruankao::importance:: ruankao::exam_use::案例分析 ruankao::topic::T-COST-001,sha256:13c7b2d82312c313165dbfde
软考::系统集成项目管理工程师,Basic,成本基准由哪些部分构成？,成本基准 = 各工作包成本估算之和 + 应急储备。它是不包含管理储备的、经过批准的时间分阶段预算。,"- 理解/记忆线索：成本基准=工作包估算+应急储备。用公式记：CB=∑WPs+应急储备。<br>- 易错点：管理储备不在成本基准内！这是最高频的混淆点。<br>- 题干信号：""成本基准由以下哪项构成""""以下哪些包含在成本基准中""。<br>- 关联：T-COST-002 BAC（完工预算）通常等于成本基准。<br>- 来源：SRC-COST-TUTOR-001。",topic_qa,概念理解卡,,,,,上午选择,,,,T-COST-001,T-COST-001,SRC-COST-TUTOR-001,outputs/anki_builds/full_expansion_20260521_003052/topics/by_topic/T-COST-001/topic_qa_cards.md,T-COST-001 最终人工可读卡片,,T-COST-002,keep,核心公式。,ruankao ruankao::family::topic_qa ruankao::card_type::概念理解卡 ruankao::importance:: ruankao::exam_use::上午选择 ruankao::topic::T-COST-001,sha256:cb7cdda960da3c066319f806
软考::系统集成项目管理工程师,Basic,应急储备与管理储备有哪些关键区别？,应急储备针对已识别风险（已知-未知），在成本基准内，项目经理可直接动用。管理储备针对未识别风险（未知-未知），在成本基准外，需管理层批准才能动用，动用后调整成本基准。,"- 理解/记忆线索：已识别风险→应急储备→基准内→项目经理自主用；未识别风险→管理储备→基准外→管理层批准。<br>- 易错点：管理储备动用后，成本基准会扩大（因管理储备原本不在基准内）。<br>- 题干信号：""为可能的服务器故障预留""→应急储备；""为完全不可预见的情况预留""→管理储备。<br>- 关联：T-RISK-001 风险识别与分类。<br>- 来源：SRC-COST-TUTOR-001。",topic_qa,辨析卡,,,,,上午选择,,,,T-COST-001,T-COST-001,SRC-COST-TUTOR-001,outputs/anki_builds/full_expansion_20260521_003052/topics/by_topic/T-COST-001/topic_qa_cards.md,T-COST-001 最终人工可读卡片,,T-RISK-001,keep,考频最高的储备辨析。,ruankao ruankao::family::topic_qa ruankao::card_type::辨析卡 ruankao::importance:: ruankao::exam_use::上午选择 ruankao::topic::T-COST-001,sha256:adb444de8a617105b87f1691
软考::系统集成项目管理工程师,Basic,S曲线反映了什么信息？,S曲线显示随时间累积的成本预算（成本基准）。形状呈S型是因为项目早期和晚期投入较少，中期投入最密集。它是挣值管理中PV（计划价值）的参照基线。,"- 理解/记忆线索：S曲线=成本基准的图形表示。因中间投入多呈S形。<br>- 易错点：S曲线是时间分段的累计预算，不是实际支出曲线。实际支出用实际成本（AC）曲线表示。<br>- 题干信号：""S曲线""""累计预算""""时间分阶段预算""""成本基准的图形表示""。<br>- 关联：T-COST-002 挣值管理。<br>- 来源：SRC-COST-TUTOR-001。",topic_qa,概念理解卡,,,,,上午选择,,,,T-COST-001,T-COST-001,SRC-COST-TUTOR-001,outputs/anki_builds/full_expansion_20260521_003052/topics/by_topic/T-COST-001/topic_qa_cards.md,T-COST-001 最终人工可读卡片,,T-COST-002,keep,S曲线是成本基准的可视化。,ruankao ruankao::family::topic_qa ruankao::card_type::概念理解卡 ruankao::importance:: ruankao::exam_use::上午选择 ruankao::topic::T-COST-001,sha256:34b2a65113f9ba22b03be61b
软考::系统集成项目管理工程师,Basic,什么是资金限制平衡（Funding Limit Reconciliation）？,当项目的资金支出计划与组织可获得的资金不匹配时，调整活动时间安排或成本支出以使其与资金可用性协调一致的过程。,"- 理解/记忆线索：资金限制平衡=""账上钱不够那个月花那么多，需要调整花钱节奏""。<br>- 易错点：资金限制平衡可能改变关键路径（因为调整了活动的时间安排），这与资源平衡类似。<br>- 题干信号：""项目资金在不同月份分布不均""""组织资金有限需要调整支出计划""。<br>- 关联：T-SCH-003 资源平衡。<br>- 来源：SRC-COST-TUTOR-001。",topic_qa,概念理解卡,,,,,上午选择,,,,T-COST-001,T-COST-001,SRC-COST-TUTOR-001,outputs/anki_builds/full_expansion_20260521_003052/topics/by_topic/T-COST-001/topic_qa_cards.md,T-COST-001 最终人工可读卡片,,T-SCH-003,keep,资金限制平衡是成本预算中的重要约束。,ruankao ruankao::family::topic_qa ruankao::card_type::概念理解卡 ruankao::importance:: ruankao::exam_use::上午选择 ruankao::topic::T-COST-001,sha256:56ec457f7d407bb5a85252fd
软考::系统集成项目管理工程师,Basic,直接成本与间接成本的区别是什么？,直接成本可直接归属于某个具体项目（如项目团队工资、专用设备）。间接成本由多个项目分摊（如公司水电费、管理层工资）。间接成本通常按比例分摊到各项目。,"- 理解/记忆线索：直接=""这个项目专属的""；间接=""大家共用的，按比例分摊""。<br>- 易错点：项目经理的工资在单项目组织中可能是直接成本，在矩阵组织中可能算间接成本——取决于核算方式。<br>- 题干信号：""以下哪项属于直接/间接成本""。<br>- 关联：T-COST-002。<br>- 来源：SRC-COST-TUTOR-001。",topic_qa,概念理解卡,,,,,上午选择,,,,T-COST-001,T-COST-001,SRC-COST-TUTOR-001,outputs/anki_builds/full_expansion_20260521_003052/topics/by_topic/T-COST-001/topic_qa_cards.md,T-COST-001 最终人工可读卡片,,T-COST-002,keep,成本分类基础。,ruankao ruankao::family::topic_qa ruankao::card_type::概念理解卡 ruankao::importance:: ruankao::exam_use::上午选择 ruankao::topic::T-COST-001,sha256:c4fc09af1bdd14376b5e9cbc
软考::系统集成项目管理工程师,Basic,固定成本与可变成本的区别是什么？,固定成本不随产量变化（如设备租赁费、办公室租赁费）。可变成本随产量正比变化（如原材料费、计件工资）。,"- 理解/记忆线索：固定=不变量；可变=跟着产量走。<br>- 易错点：固定成本是""在一定范围内""固定不变，超过范围可能跳变（如需增加新设备）。<br>- 题干信号：""以下哪项属于固定/可变成本""。<br>- 来源：SRC-COST-TUTOR-001。",topic_qa,概念理解卡,,,,,上午选择,,,,T-COST-001,T-COST-001,SRC-COST-TUTOR-001,outputs/anki_builds/full_expansion_20260521_003052/topics/by_topic/T-COST-001/topic_qa_cards.md,T-COST-001 最终人工可读卡片,,,keep,,ruankao ruankao::family::topic_qa ruankao::card_type::概念理解卡 ruankao::importance:: ruankao::exam_use::上午选择 ruankao::topic::T-COST-001,sha256:65937b97c863dae0debda0b3
软考::系统集成项目管理工程师,Basic,成本估算与成本预算的边界如何区分？,"成本估算解决""项目总共要花多少钱""（总量估算），成本预算解决""什么时候花多少钱""（将总量分配到时间轴）。估算输出是成本估算文件，预算输出是成本基准（S曲线）。","- 理解/记忆线索：估算=总量；预算=总量+时间分配。<br>- 易错点：有了成本估算不等于有了成本基准——必须完成预算过程、经过批准才能成为基准。<br>- 题干信号：""以下属于估算活动还是预算活动""""成本基准是哪个过程的输出""。<br>- 来源：SRC-COST-TUTOR-001。",topic_qa,辨析卡,,,,,上午选择,,,,T-COST-001,T-COST-001,SRC-COST-TUTOR-001,outputs/anki_builds/full_expansion_20260521_003052/topics/by_topic/T-COST-001/topic_qa_cards.md,T-COST-001 最终人工可读卡片,,,keep,边界辨析清晰。,ruankao ruankao::family::topic_qa ruankao::card_type::辨析卡 ruankao::importance:: ruankao::exam_use::上午选择 ruankao::topic::T-COST-001,sha256:98cc7f22e2d7b1597a561529
软考::系统集成项目管理工程师,Basic,"题干出现""参考类似项目""""信息有限""""快速粗略估算""时，应选哪种估算方法？",类比估算。它适合项目早期、信息有限时快速提供粗略估算。,"- 易错点：不要因为题目说""准确率不高""就排除类比估算——它本身就被预期准确率不高，适用于早期场景。<br>- 题干信号：""项目早期""""信息有限""""类似项目""""粗略""""快速""→ 类比。<br>- 来源：SRC-COST-TUTOR-001。",topic_qa,关键词识别卡,,,,,上午选择,,,,T-COST-001,T-COST-001,SRC-COST-TUTOR-001,outputs/anki_builds/full_expansion_20260521_003052/topics/by_topic/T-COST-001/topic_qa_cards.md,T-COST-001 最终人工可读卡片,,,keep,,ruankao ruankao::family::topic_qa ruankao::card_type::关键词识别卡 ruankao::importance:: ruankao::exam_use::上午选择 ruankao::topic::T-COST-001,sha256:1ab0df193fe28868359fa49d
软考::系统集成项目管理工程师,Basic,"题干出现""单位成本×数量""""参数模型""""每功能点单价""时，应选哪种估算方法？","参数估算。它使用历史数据与项目参数之间的统计关系计算，公式为""单位成本×数量""。","- 易错点：参数估算不等于类比估算——参数估算是基于""单位费率""的数学计算，类比是基于""整体比较""的经验判断。<br>- 题干信号：""每人月2万元×200人月""""每平米造价""""每功能点成本""→ 参数。<br>- 来源：SRC-COST-TUTOR-001。",topic_qa,关键词识别卡,,,,,上午选择,,,,T-COST-001,T-COST-001,SRC-COST-TUTOR-001,outputs/anki_builds/full_expansion_20260521_003052/topics/by_topic/T-COST-001/topic_qa_cards.md,T-COST-001 最终人工可读卡片,,,keep,,ruankao ruankao::family::topic_qa ruankao::card_type::关键词识别卡 ruankao::importance:: ruankao::exam_use::上午选择 ruankao::topic::T-COST-001,sha256:6483db008191359f65f0c97a
软考::系统集成项目管理工程师,Basic,"题干出现""WBS工作包""""最详细""""逐级汇总""""准确但耗时""时，应选哪种估算方法？",自下而上估算。它从WBS底层工作包开始逐一估算后逐级汇总，最准确但最耗时。,"- 易错点：自下而上估算需要WBS已分解到工作包级别——如果WBS粒度不够，无法执行自下而上估算。<br>- 题干信号：""基于WBS""""从底层开始""""逐级汇总""""最准确""→ 自下而上。<br>- 来源：SRC-COST-TUTOR-001。",topic_qa,关键词识别卡,,,,,上午选择,,,,T-COST-001,T-COST-001,SRC-COST-TUTOR-001,outputs/anki_builds/full_expansion_20260521_003052/topics/by_topic/T-COST-001/topic_qa_cards.md,T-COST-001 最终人工可读卡片,,,keep,,ruankao ruankao::family::topic_qa ruankao::card_type::关键词识别卡 ruankao::importance:: ruankao::exam_use::上午选择 ruankao::topic::T-COST-001,sha256:6f98937ea6113f05233960bf
软考::系统集成项目管理工程师,Basic,应急储备的关键词信号有哪些？,"已识别的风险、已知-未知、成本基准内、项目经理可动用、为""可能的某事""预留、风险登记册中的应对措施对应的预算。","- 理解/记忆线索：已识别/可能的/已知-未知/项目经理可用 = 应急储备。<br>- 易错点：看到""预留预算""不一定是应急储备——如果是为""完全不可预见的情况""预留，那是管理储备。<br>- 来源：SRC-COST-TUTOR-001。",topic_qa,关键词识别卡,,,,,上午选择,,,,T-COST-001,T-COST-001,SRC-COST-TUTOR-001,outputs/anki_builds/full_expansion_20260521_003052/topics/by_topic/T-COST-001/topic_qa_cards.md,T-COST-001 最终人工可读卡片,,,keep,,ruankao ruankao::family::topic_qa ruankao::card_type::关键词识别卡 ruankao::importance:: ruankao::exam_use::上午选择 ruankao::topic::T-COST-001,sha256:b97ce47b2ffa477edcc2e918
软考::系统集成项目管理工程师,Basic,以下关于成本基准的说法，哪项是正确的？<br><br>A. 成本基准包含应急储备和管理储备<br>B. 成本基准是各工作包估算之和，不包含任何储备<br>C. 成本基准包含应急储备，不包含管理储备<br>D. 成本基准包含管理储备，不包含应急储备,C正确。成本基准 = 各工作包估算之和 + 应急储备。管理储备在成本基准之外。,"- 易错点：A错在包含了管理储备；B错在不包含应急储备；D错在管理储备不在基准内且不含应急储备。<br>- 题干信号：""关于成本基准说法正确的是""。<br>- 来源：SRC-COST-TUTOR-001。",topic_qa,陷阱卡,,,,,上午选择,,,,T-COST-001,T-COST-001,SRC-COST-TUTOR-001,outputs/anki_builds/full_expansion_20260521_003052/topics/by_topic/T-COST-001/topic_qa_cards.md,T-COST-001 最终人工可读卡片,,,keep,四个选项覆盖所有储备组合。,ruankao ruankao::family::topic_qa ruankao::card_type::陷阱卡 ruankao::importance:: ruankao::exam_use::上午选择 ruankao::topic::T-COST-001,sha256:2e5d2ff565223d3e932e3e76
软考::系统集成项目管理工程师,Basic,以下哪项关于估算方法的选择是正确的？<br><br>A. 项目早期应使用自下而上估算以保证准确性<br>B. 参数估算不需要历史数据支持<br>C. 类比估算在信息有限时是合适的选择<br>D. 三点估算只能用于进度估算，不能用于成本估算,C正确。项目早期信息有限时，类比估算虽然准确性不高但快速可用，是合理选择。,"- 易错点：A错在自下而上需要详细WBS，早期做不了；B错在参数估算需要历史数据建立模型；D错在三点估算同样适用于成本。<br>- 题干信号：""关于估算方法说法正确的是""。<br>- 来源：SRC-COST-TUTOR-001。",topic_qa,陷阱卡,,,,,上午选择,,,,T-COST-001,T-COST-001,SRC-COST-TUTOR-001,outputs/anki_builds/full_expansion_20260521_003052/topics/by_topic/T-COST-001/topic_qa_cards.md,T-COST-001 最终人工可读卡片,,,keep,四个方法综合判断。,ruankao ruankao::family::topic_qa ruankao::card_type::陷阱卡 ruankao::importance:: ruankao::exam_use::上午选择 ruankao::topic::T-COST-001,sha256:b0883cd017de48df2c428b18
软考::系统集成项目管理工程师,Basic,项目经理使用类比估算参考两年前的项目（实际成本200万）将当前项目估算为200万。但新项目采用新技术栈且工期更短，执行一半发现成本严重超支。请分析问题。,（1）类比估算的参考项目与当前项目差异显著（新技术、更短工期），不具备直接类比条件；（2）未考虑新技术的学习成本和风险溢价；（3）压缩工期可能增加赶工费用，应在估算中体现；（4）只用了单一估算方法，未交叉校验。,"- 理解/记忆线索：类比估算的两个前提——项目相似度高、历史数据可靠。本题两个前提都不满足。<br>- 易错点：不要只答""估算方法选错了""——要具体指出哪里错（差异因素）和应该怎么做（补充自下而上或参数估算交叉验证）。<br>- 题干信号：""参考以前的项目""""新技术栈""""成本严重超支""""估算不准""。<br>- 来源：SRC-COST-TUTOR-001。",topic_qa,案例模板卡,,,,,案例分析,,,,T-COST-001,T-COST-001,SRC-COST-TUTOR-001,outputs/anki_builds/full_expansion_20260521_003052/topics/by_topic/T-COST-001/topic_qa_cards.md,T-COST-001 最终人工可读卡片,,,keep,经典案例诊断。,ruankao ruankao::family::topic_qa ruankao::card_type::案例模板卡 ruankao::importance:: ruankao::exam_use::案例分析 ruankao::topic::T-COST-001,sha256:0605e3631e9e183d5ed1362c
软考::系统集成项目管理工程师,Basic,项目资金需求与成本基准的关系是什么？,项目资金需求 = 成本基准 + 管理储备。资金需求通常大于成本基准，因为管理储备虽不在基准内但在总预算中。资金需求按时间分段分布，通常以增量形式投入。,"- 理解/记忆线索：资金需求=成本基准+管理储备=项目总共需要多少钱。<br>- 易错点：BAC（完工预算）通常等于成本基准，不等于项目总资金需求（后者含管理储备）。<br>- 题干信号：""项目总预算""""资金需求""""管理储备与资金需求的关系""。<br>- 关联：T-COST-002。<br>- 来源：SRC-COST-TUTOR-001。",topic_qa,概念理解卡,,,,,上午选择,,,,T-COST-001,T-COST-001,SRC-COST-TUTOR-001,outputs/anki_builds/full_expansion_20260521_003052/topics/by_topic/T-COST-001/topic_qa_cards.md,T-COST-001 最终人工可读卡片,,T-COST-002,keep,资金需求与成本基准关联清晰。,ruankao ruankao::family::topic_qa ruankao::card_type::概念理解卡 ruankao::importance:: ruankao::exam_use::上午选择 ruankao::topic::T-COST-001,sha256:ebf0adfadfbaa16a5edc89db
软考::系统集成项目管理工程师,Basic,WBS的分解质量如何影响成本估算的准确性？,WBS分解越细（到工作包级别），成本估算越准确。自下而上估算依赖WBS工作包。如果WBS分解粒度不足、按部门分解或未包含100%工作，成本估算必然遗漏或偏离。WBS是成本估算的基础输入。,"- 理解/记忆线索：WBS是成本估算的地基——WBS不准，估算肯定不准。<br>- 易错点：案例中出现""成本估算不准""时，不要只从估算方法找原因——WBS的质量可能是深层原因。<br>- 题干信号：""WBS不合理""""成本估算偏差大""同时出现时。<br>- 关联：T-SCOPE-002。<br>- 来源：SRC-COST-TUTOR-001。",topic_qa,跨专题卡,,,,,跨域辨析,,,,T-COST-001,T-COST-001,SRC-COST-TUTOR-001,outputs/anki_builds/full_expansion_20260521_003052/topics/by_topic/T-COST-001/topic_qa_cards.md,T-COST-001 最终人工可读卡片,,T-SCOPE-002,keep,跨专题因果链。,ruankao ruankao::family::topic_qa ruankao::card_type::跨专题卡 ruankao::importance:: ruankao::exam_use::跨域辨析 ruankao::topic::T-COST-001,sha256:5183fdcf71ef5933cbce856a
软考::系统集成项目管理工程师,Basic,挣值管理 EVM 试图同时回答哪三个问题？,按计划应该完成多少、实际完成了多少、实际花了多少钱。,- 理解/记忆线索：对应三个基础量：PV、EV、AC。EVM 的价值是把范围、进度、成本放到同一货币口径下比较。<br>- 来源：T-COST-002 试制黄金样例 / 挣值管理专题。,topic_qa,概念卡,,,,,上午选择,,,,T-COST-002,T-COST-002,SRC-T-COST-002-PILOT-001,outputs/anki_builds/full_expansion_20260521_003052/topics/by_topic/T-COST-002/topic_qa_cards.md,T-COST-002｜挣值管理与成本绩效分析 专题问答卡,,T-COST-002,keep,沿用 EVM 黄金样例，Front 短、Back 可判分。,ruankao ruankao::family::topic_qa ruankao::card_type::概念卡 ruankao::importance:: ruankao::exam_use::上午选择 ruankao::topic::T-COST-002,sha256:4f9aa7b04490502e9f16d29a
软考::系统集成项目管理工程师,Basic,PV（Planned Value）是什么？,计划价值：到某一时点，按计划应该完成工作的预算价值。,"- 理解/记忆线索：关键词是""计划应该""。PV 不看实际完成情况。项目完工时 PV 总额等于 BAC。<br>- 来源：T-COST-002 试制黄金样例 / 挣值管理专题。",topic_qa,概念卡,,,,,上午选择,,,,T-COST-002,T-COST-002,SRC-T-COST-002-PILOT-002,outputs/anki_builds/full_expansion_20260521_003052/topics/by_topic/T-COST-002/topic_qa_cards.md,T-COST-002｜挣值管理与成本绩效分析 专题问答卡,,T-COST-002,keep,沿用 EVM 黄金样例。,ruankao ruankao::family::topic_qa ruankao::card_type::概念卡 ruankao::importance:: ruankao::exam_use::上午选择 ruankao::topic::T-COST-002,sha256:6f5736a6086fbf866dc8ff72
软考::系统集成项目管理工程师,Basic,EV（Earned Value）是什么？,挣值：实际完成工作的预算价值。,"- 理解/记忆线索：EV 不是实际花费，而是""已完成产出按预算值多少钱""。它是 EVM 中最关键也最容易混的量。<br>- 来源：T-COST-002 试制黄金样例 / 挣值管理专题。",topic_qa,概念卡,,,,,上午选择,,,,T-COST-002,T-COST-002,SRC-T-COST-002-PILOT-003,outputs/anki_builds/full_expansion_20260521_003052/topics/by_topic/T-COST-002/topic_qa_cards.md,T-COST-002｜挣值管理与成本绩效分析 专题问答卡,,T-COST-002,keep,沿用 EVM 黄金样例。,ruankao ruankao::family::topic_qa ruankao::card_type::概念卡 ruankao::importance:: ruankao::exam_use::上午选择 ruankao::topic::T-COST-002,sha256:0e047a28ae1624bde020522d
软考::系统集成项目管理工程师,Basic,AC（Actual Cost）是什么？,实际成本：完成与 EV 对应工作实际发生的成本。,- 理解/记忆线索：AC 来自实际花费，但口径要和 PV/EV 保持一致，比如是否包含间接成本。<br>- 来源：T-COST-002 试制黄金样例 / 挣值管理专题。,topic_qa,概念卡,,,,,上午选择,,,,T-COST-002,T-COST-002,SRC-T-COST-002-PILOT-004,outputs/anki_builds/full_expansion_20260521_003052/topics/by_topic/T-COST-002/topic_qa_cards.md,T-COST-002｜挣值管理与成本绩效分析 专题问答卡,,T-COST-002,keep,沿用 EVM 黄金样例。,ruankao ruankao::family::topic_qa ruankao::card_type::概念卡 ruankao::importance:: ruankao::exam_use::上午选择 ruankao::topic::T-COST-002,sha256:625e998a8176c5f057bbd33c
软考::系统集成项目管理工程师,Basic,BAC 在挣值管理中表示什么？,完工预算，即项目全部计划工作的总预算。,- 理解/记忆线索：BAC 是预测 EAC、VAC、TCPI 的基准。<br>- 来源：T-COST-002 试制黄金样例 / 挣值管理专题。,topic_qa,概念卡,,,,,上午选择,,,,T-COST-002,T-COST-002,SRC-T-COST-002-PILOT-005,outputs/anki_builds/full_expansion_20260521_003052/topics/by_topic/T-COST-002/topic_qa_cards.md,T-COST-002｜挣值管理与成本绩效分析 专题问答卡,,T-COST-002,keep,沿用 EVM 黄金样例。,ruankao ruankao::family::topic_qa ruankao::card_type::概念卡 ruankao::importance:: ruankao::exam_use::上午选择 ruankao::topic::T-COST-002,sha256:81524d4c4081ed0075ae8143
软考::系统集成项目管理工程师,Basic,为什么说 EV 是 EVM 的核心？,因为 EV 把实际完成量转换成预算价值，使进度和成本都能用同一口径比较。,- 理解/记忆线索：进度比较 EV 与 PV；成本比较 EV 与 AC。没有 EV，很多绩效判断不能成立。<br>- 来源：T-COST-002 试制黄金样例 / 挣值管理专题。,topic_qa,概念卡,,,,,上午选择,,,,T-COST-002,T-COST-002,SRC-T-COST-002-PILOT-006,outputs/anki_builds/full_expansion_20260521_003052/topics/by_topic/T-COST-002/topic_qa_cards.md,T-COST-002｜挣值管理与成本绩效分析 专题问答卡,,T-COST-002,keep,沿用 EVM 黄金样例。,ruankao ruankao::family::topic_qa ruankao::card_type::概念卡 ruankao::importance:: ruankao::exam_use::上午选择 ruankao::topic::T-COST-002,sha256:65f21720cc2a440a9f7eace3
软考::系统集成项目管理工程师,Basic,SV 和 CV 的单位是什么？,货币单位，如元、万元。,- 理解/记忆线索：SV/CV 是差值，不是天数或百分比。SPI/CPI 才是无量纲指数。<br>- 来源：T-COST-002 试制黄金样例 / 挣值管理专题。,topic_qa,概念卡,,,,,上午选择,,,,T-COST-002,T-COST-002,SRC-T-COST-002-PILOT-007,outputs/anki_builds/full_expansion_20260521_003052/topics/by_topic/T-COST-002/topic_qa_cards.md,T-COST-002｜挣值管理与成本绩效分析 专题问答卡,,T-COST-002,keep,沿用 EVM 黄金样例。,ruankao ruankao::family::topic_qa ruankao::card_type::概念卡 ruankao::importance:: ruankao::exam_use::上午选择 ruankao::topic::T-COST-002,sha256:f907a45894464a9722cb1f1e
软考::系统集成项目管理工程师,Basic,SPI 和 CPI 的判断阈值是什么？,大于 1 通常表示好，等于 1 符合计划，小于 1 表示差。,- 理解/记忆线索：SPI < 1 是进度效率低于计划；CPI < 1 是成本效率低于计划。<br>- 来源：T-COST-002 试制黄金样例 / 挣值管理专题。,topic_qa,概念卡,,,,,上午选择,,,,T-COST-002,T-COST-002,SRC-T-COST-002-PILOT-008,outputs/anki_builds/full_expansion_20260521_003052/topics/by_topic/T-COST-002/topic_qa_cards.md,T-COST-002｜挣值管理与成本绩效分析 专题问答卡,,T-COST-002,keep,沿用 EVM 黄金样例。,ruankao ruankao::family::topic_qa ruankao::card_type::概念卡 ruankao::importance:: ruankao::exam_use::上午选择 ruankao::topic::T-COST-002,sha256:ff7768f69f3cfc2893d3fd81
软考::系统集成项目管理工程师,Basic,EAC 表示什么？,完工估算：根据当前绩效和假设预测项目完工总成本。,- 理解/记忆线索：EAC 不是固定公式，公式取决于题干对未来绩效的假设。<br>- 来源：T-COST-002 试制黄金样例 / 挣值管理专题。,topic_qa,概念卡,,,,,上午选择,,,,T-COST-002,T-COST-002,SRC-T-COST-002-PILOT-009,outputs/anki_builds/full_expansion_20260521_003052/topics/by_topic/T-COST-002/topic_qa_cards.md,T-COST-002｜挣值管理与成本绩效分析 专题问答卡,,T-COST-002,keep,沿用 EVM 黄金样例。,ruankao ruankao::family::topic_qa ruankao::card_type::概念卡 ruankao::importance:: ruankao::exam_use::上午选择 ruankao::topic::T-COST-002,sha256:e7b4b9afc570b7bb864f9dbe
软考::系统集成项目管理工程师,Basic,ETC 表示什么？,完工尚需估算：从当前到完工还需要的成本。,- 理解/记忆线索：常用关系：ETC = EAC - AC。<br>- 来源：T-COST-002 试制黄金样例 / 挣值管理专题。,topic_qa,概念卡,,,,,上午选择,,,,T-COST-002,T-COST-002,SRC-T-COST-002-PILOT-010,outputs/anki_builds/full_expansion_20260521_003052/topics/by_topic/T-COST-002/topic_qa_cards.md,T-COST-002｜挣值管理与成本绩效分析 专题问答卡,,T-COST-002,keep,沿用 EVM 黄金样例。,ruankao ruankao::family::topic_qa ruankao::card_type::概念卡 ruankao::importance:: ruankao::exam_use::上午选择 ruankao::topic::T-COST-002,sha256:244a438796372d2796d781f1
软考::系统集成项目管理工程师,Basic,VAC 表示什么？,完工偏差：预算 BAC 与完工估算 EAC 的差异。,- 理解/记忆线索：VAC = BAC - EAC。VAC < 0 表示预计超预算。<br>- 来源：T-COST-002 试制黄金样例 / 挣值管理专题。,topic_qa,概念卡,,,,,上午选择,,,,T-COST-002,T-COST-002,SRC-T-COST-002-PILOT-011,outputs/anki_builds/full_expansion_20260521_003052/topics/by_topic/T-COST-002/topic_qa_cards.md,T-COST-002｜挣值管理与成本绩效分析 专题问答卡,,T-COST-002,keep,沿用 EVM 黄金样例。,ruankao ruankao::family::topic_qa ruankao::card_type::概念卡 ruankao::importance:: ruankao::exam_use::上午选择 ruankao::topic::T-COST-002,sha256:709cb74706f5ba626b21bd4b
软考::系统集成项目管理工程师,Basic,TCPI 是回顾性指标还是前瞻性指标？,前瞻性指标。,- 理解/记忆线索：TCPI 表示为了实现 BAC 或 EAC，剩余工作必须达到的成本绩效水平。<br>- 来源：T-COST-002 试制黄金样例 / 挣值管理专题。,topic_qa,概念卡,,,,,上午选择,,,,T-COST-002,T-COST-002,SRC-T-COST-002-PILOT-012,outputs/anki_builds/full_expansion_20260521_003052/topics/by_topic/T-COST-002/topic_qa_cards.md,T-COST-002｜挣值管理与成本绩效分析 专题问答卡,,T-COST-002,keep,沿用 EVM 黄金样例。,ruankao ruankao::family::topic_qa ruankao::card_type::概念卡 ruankao::importance:: ruankao::exam_use::上午选择 ruankao::topic::T-COST-002,sha256:c8a7cd016d4654e7f1a0b25b
软考::系统集成项目管理工程师,Basic,SV 的公式、含义和判断规则是什么？,SV = EV - PV。SV > 0 进度提前；SV = 0 符合计划；SV < 0 进度滞后。,- 理解/记忆线索：例：EV=90，PV=100，则 SV=-10，进度滞后。<br>- 来源：T-COST-002 试制黄金样例 / 挣值管理专题。,topic_qa,公式卡,,,,,计算题,,,,T-COST-002,T-COST-002,SRC-T-COST-002-PILOT-013,outputs/anki_builds/full_expansion_20260521_003052/topics/by_topic/T-COST-002/topic_qa_cards.md,T-COST-002｜挣值管理与成本绩效分析 专题问答卡,,T-COST-002,keep,沿用 EVM 黄金样例。,ruankao ruankao::family::topic_qa ruankao::card_type::公式卡 ruankao::importance:: ruankao::exam_use::计算题 ruankao::topic::T-COST-002,sha256:c34eb49714a7031d57eb47cf
软考::系统集成项目管理工程师,Basic,CV 的公式、含义和判断规则是什么？,CV = EV - AC。CV > 0 成本节约；CV = 0 符合预算；CV < 0 成本超支。,- 理解/记忆线索：例：EV=90，AC=110，则 CV=-20，成本超支。<br>- 来源：T-COST-002 试制黄金样例 / 挣值管理专题。,topic_qa,公式卡,,,,,计算题,,,,T-COST-002,T-COST-002,SRC-T-COST-002-PILOT-014,outputs/anki_builds/full_expansion_20260521_003052/topics/by_topic/T-COST-002/topic_qa_cards.md,T-COST-002｜挣值管理与成本绩效分析 专题问答卡,,T-COST-002,keep,沿用 EVM 黄金样例。,ruankao ruankao::family::topic_qa ruankao::card_type::公式卡 ruankao::importance:: ruankao::exam_use::计算题 ruankao::topic::T-COST-002,sha256:3b8948e380b6131ccc3e497a
软考::系统集成项目管理工程师,Basic,SPI 的公式、含义和判断规则是什么？,SPI = EV / PV。SPI > 1 进度效率高于计划；SPI < 1 进度效率低于计划。,- 理解/记忆线索：例：EV=80，PV=100，则 SPI=0.8，进度滞后。<br>- 来源：T-COST-002 试制黄金样例 / 挣值管理专题。,topic_qa,公式卡,,,,,计算题,,,,T-COST-002,T-COST-002,SRC-T-COST-002-PILOT-015,outputs/anki_builds/full_expansion_20260521_003052/topics/by_topic/T-COST-002/topic_qa_cards.md,T-COST-002｜挣值管理与成本绩效分析 专题问答卡,,T-COST-002,keep,沿用 EVM 黄金样例。,ruankao ruankao::family::topic_qa ruankao::card_type::公式卡 ruankao::importance:: ruankao::exam_use::计算题 ruankao::topic::T-COST-002,sha256:8268b943ca1d1cb4cff0e655
软考::系统集成项目管理工程师,Basic,CPI 的公式、含义和判断规则是什么？,CPI = EV / AC。CPI > 1 成本效率高；CPI < 1 成本效率低，成本超支。,- 理解/记忆线索：例：EV=80，AC=100，则 CPI=0.8，每花 1 元只挣得 0.8 元预算价值。<br>- 来源：T-COST-002 试制黄金样例 / 挣值管理专题。,topic_qa,公式卡,,,,,计算题,,,,T-COST-002,T-COST-002,SRC-T-COST-002-PILOT-016,outputs/anki_builds/full_expansion_20260521_003052/topics/by_topic/T-COST-002/topic_qa_cards.md,T-COST-002｜挣值管理与成本绩效分析 专题问答卡,,T-COST-002,keep,沿用 EVM 黄金样例。,ruankao ruankao::family::topic_qa ruankao::card_type::公式卡 ruankao::importance:: ruankao::exam_use::计算题 ruankao::topic::T-COST-002,sha256:a7056545b096e74b27c6cbdc
软考::系统集成项目管理工程师,Basic,非典型偏差下 EAC 怎么算？,EAC = AC + (BAC - EV)。,- 理解/记忆线索：题干信号：一次性、偶然、不会再出现、已纠正。例：AC=200，BAC=500，EV=180，则 EAC=520。<br>- 来源：T-COST-002 试制黄金样例 / 挣值管理专题。,topic_qa,公式卡,,,,,计算题,,,,T-COST-002,T-COST-002,SRC-T-COST-002-PILOT-017,outputs/anki_builds/full_expansion_20260521_003052/topics/by_topic/T-COST-002/topic_qa_cards.md,T-COST-002｜挣值管理与成本绩效分析 专题问答卡,,T-COST-002,keep,沿用 EVM 黄金样例。,ruankao ruankao::family::topic_qa ruankao::card_type::公式卡 ruankao::importance:: ruankao::exam_use::计算题 ruankao::topic::T-COST-002,sha256:308ca27d1b5a98e5d122b57e
软考::系统集成项目管理工程师,Basic,典型偏差会延续时 EAC 怎么算？,EAC = BAC / CPI。,- 理解/记忆线索：题干信号：当前绩效将持续、按目前趋势、没有改善迹象。例：BAC=1000，CPI=0.8，则 EAC=1250。<br>- 来源：T-COST-002 试制黄金样例 / 挣值管理专题。,topic_qa,公式卡,,,,,计算题,,,,T-COST-002,T-COST-002,SRC-T-COST-002-PILOT-018,outputs/anki_builds/full_expansion_20260521_003052/topics/by_topic/T-COST-002/topic_qa_cards.md,T-COST-002｜挣值管理与成本绩效分析 专题问答卡,,T-COST-002,keep,沿用 EVM 黄金样例。,ruankao ruankao::family::topic_qa ruankao::card_type::公式卡 ruankao::importance:: ruankao::exam_use::计算题 ruankao::topic::T-COST-002,sha256:dff6236f00cd311791ad449d
软考::系统集成项目管理工程师,Basic,重新估算剩余工作时 EAC 怎么算？,EAC = AC + 自下而上重新估算的 ETC。,- 理解/记忆线索：适用：原估算假设严重失效，需要重新估算剩余工作。<br>- 来源：T-COST-002 试制黄金样例 / 挣值管理专题。,topic_qa,公式卡,,,,,计算题,,,,T-COST-002,T-COST-002,SRC-T-COST-002-PILOT-019,outputs/anki_builds/full_expansion_20260521_003052/topics/by_topic/T-COST-002/topic_qa_cards.md,T-COST-002｜挣值管理与成本绩效分析 专题问答卡,,T-COST-002,keep,沿用 EVM 黄金样例。,ruankao ruankao::family::topic_qa ruankao::card_type::公式卡 ruankao::importance:: ruankao::exam_use::计算题 ruankao::topic::T-COST-002,sha256:0e403114593ad0457719d6fb
软考::系统集成项目管理工程师,Basic,ETC 的常用公式是什么？,ETC = EAC - AC。,- 理解/记忆线索：例：EAC=950，AC=380，则 ETC=570。<br>- 来源：T-COST-002 试制黄金样例 / 挣值管理专题。,topic_qa,公式卡,,,,,计算题,,,,T-COST-002,T-COST-002,SRC-T-COST-002-PILOT-021,outputs/anki_builds/full_expansion_20260521_003052/topics/by_topic/T-COST-002/topic_qa_cards.md,T-COST-002｜挣值管理与成本绩效分析 专题问答卡,,T-COST-002,keep,沿用 EVM 黄金样例。,ruankao ruankao::family::topic_qa ruankao::card_type::公式卡 ruankao::importance:: ruankao::exam_use::计算题 ruankao::topic::T-COST-002,sha256:6979f4dc1f3fa982bbb5c6fe
软考::系统集成项目管理工程师,Basic,VAC 的公式和判断规则是什么？,VAC = BAC - EAC。VAC > 0 预计结余；VAC < 0 预计超预算。,- 理解/记忆线索：例：BAC=800，EAC=950，则 VAC=-150，预计超预算 150。<br>- 来源：T-COST-002 试制黄金样例 / 挣值管理专题。,topic_qa,公式卡,,,,,计算题,,,,T-COST-002,T-COST-002,SRC-T-COST-002-PILOT-022,outputs/anki_builds/full_expansion_20260521_003052/topics/by_topic/T-COST-002/topic_qa_cards.md,T-COST-002｜挣值管理与成本绩效分析 专题问答卡,,T-COST-002,keep,沿用 EVM 黄金样例。,ruankao ruankao::family::topic_qa ruankao::card_type::公式卡 ruankao::importance:: ruankao::exam_use::计算题 ruankao::topic::T-COST-002,sha256:13ddbf26e6151c426feaabca
软考::系统集成项目管理工程师,Basic,以 BAC 为目标的 TCPI 怎么算？,TCPI = (BAC - EV) / (BAC - AC)。,- 理解/记忆线索：例：BAC=800，EV=300，AC=360，则 TCPI=500/440≈1.14。<br>- 来源：T-COST-002 试制黄金样例 / 挣值管理专题。,topic_qa,公式卡,,,,,计算题,,,,T-COST-002,T-COST-002,SRC-T-COST-002-PILOT-023,outputs/anki_builds/full_expansion_20260521_003052/topics/by_topic/T-COST-002/topic_qa_cards.md,T-COST-002｜挣值管理与成本绩效分析 专题问答卡,,T-COST-002,keep,沿用 EVM 黄金样例。,ruankao ruankao::family::topic_qa ruankao::card_type::公式卡 ruankao::importance:: ruankao::exam_use::计算题 ruankao::topic::T-COST-002,sha256:610222440dd61b41aceafe57
软考::系统集成项目管理工程师,Basic,PV=100，EV=90，AC=110。计算 SV 和 CV，并判断状态。,SV=90-100=-10；CV=90-110=-20。进度滞后，成本超支。,- 理解/记忆线索：常见错法：把 PV 或 AC 当被减数。记住 EV 永远在前：SV=EV-PV，CV=EV-AC。<br>- 来源：T-COST-002 试制黄金样例 / 挣值管理专题。,topic_qa,计算卡,,,,,计算题,,,,T-COST-002,T-COST-002,SRC-T-COST-002-PILOT-024,outputs/anki_builds/full_expansion_20260521_003052/topics/by_topic/T-COST-002/topic_qa_cards.md,T-COST-002｜挣值管理与成本绩效分析 专题问答卡,,T-COST-002,keep,沿用 EVM 黄金样例。,ruankao ruankao::family::topic_qa ruankao::card_type::计算卡 ruankao::importance:: ruankao::exam_use::计算题 ruankao::topic::T-COST-002,sha256:d6b86a431114516406353923
软考::系统集成项目管理工程师,Basic,PV=200，EV=240，AC=220。计算 SPI、CPI，并判断状态。,SPI=240/200=1.2，进度提前；CPI=240/220≈1.09，成本节约。,- 理解/记忆线索：指数大于 1 通常是好。<br>- 来源：T-COST-002 试制黄金样例 / 挣值管理专题。,topic_qa,计算卡,,,,,计算题,,,,T-COST-002,T-COST-002,SRC-T-COST-002-PILOT-025,outputs/anki_builds/full_expansion_20260521_003052/topics/by_topic/T-COST-002/topic_qa_cards.md,T-COST-002｜挣值管理与成本绩效分析 专题问答卡,,T-COST-002,keep,沿用 EVM 黄金样例。,ruankao ruankao::family::topic_qa ruankao::card_type::计算卡 ruankao::importance:: ruankao::exam_use::计算题 ruankao::topic::T-COST-002,sha256:e79a894924bdebcfc057da35
软考::系统集成项目管理工程师,Basic,SPI=0.8，CPI=1.2。如何判断项目状态？,进度滞后，成本节约。,- 理解/记忆线索：SPI 管进度，CPI 管成本。两者可以一好一坏。<br>- 来源：T-COST-002 试制黄金样例 / 挣值管理专题。,topic_qa,计算卡,,,,,计算题,,,,T-COST-002,T-COST-002,SRC-T-COST-002-PILOT-026,outputs/anki_builds/full_expansion_20260521_003052/topics/by_topic/T-COST-002/topic_qa_cards.md,T-COST-002｜挣值管理与成本绩效分析 专题问答卡,,T-COST-002,keep,沿用 EVM 黄金样例。,ruankao ruankao::family::topic_qa ruankao::card_type::计算卡 ruankao::importance:: ruankao::exam_use::计算题 ruankao::topic::T-COST-002,sha256:b3dc12474ea040f56ee730a7
软考::系统集成项目管理工程师,Basic,BAC=500，AC=200，EV=180，偏差为一次性且不会再出现。EAC 是多少？,EAC=AC+(BAC-EV)=200+(500-180)=520。,"- 理解/记忆线索：题干""不会再出现""触发非典型偏差公式。<br>- 来源：T-COST-002 试制黄金样例 / 挣值管理专题。",topic_qa,计算卡,,,,,计算题,,,,T-COST-002,T-COST-002,SRC-T-COST-002-PILOT-027,outputs/anki_builds/full_expansion_20260521_003052/topics/by_topic/T-COST-002/topic_qa_cards.md,T-COST-002｜挣值管理与成本绩效分析 专题问答卡,,T-COST-002,keep,沿用 EVM 黄金样例。,ruankao ruankao::family::topic_qa ruankao::card_type::计算卡 ruankao::importance:: ruankao::exam_use::计算题 ruankao::topic::T-COST-002,sha256:f6fea443209daeb018ece0d8
软考::系统集成项目管理工程师,Basic,BAC=1000，EV=400，AC=500，当前成本绩效将持续。EAC 是多少？,CPI=400/500=0.8；EAC=BAC/CPI=1000/0.8=1250。,"- 理解/记忆线索：题干""将持续""触发典型偏差公式。<br>- 来源：T-COST-002 试制黄金样例 / 挣值管理专题。",topic_qa,计算卡,,,,,计算题,,,,T-COST-002,T-COST-002,SRC-T-COST-002-PILOT-028,outputs/anki_builds/full_expansion_20260521_003052/topics/by_topic/T-COST-002/topic_qa_cards.md,T-COST-002｜挣值管理与成本绩效分析 专题问答卡,,T-COST-002,keep,沿用 EVM 黄金样例。,ruankao ruankao::family::topic_qa ruankao::card_type::计算卡 ruankao::importance:: ruankao::exam_use::计算题 ruankao::topic::T-COST-002,sha256:860780e39c1d1fda6ff3380d
软考::系统集成项目管理工程师,Basic,BAC=800，EV=300，AC=360。若仍要按 BAC 完工，TCPI 是多少？,TCPI=(800-300)/(800-360)=500/440≈1.14。,- 理解/记忆线索：TCPI > 1 表示剩余工作必须比预算效率更高。<br>- 来源：T-COST-002 试制黄金样例 / 挣值管理专题。,topic_qa,计算卡,,,,,计算题,,,,T-COST-002,T-COST-002,SRC-T-COST-002-PILOT-029,outputs/anki_builds/full_expansion_20260521_003052/topics/by_topic/T-COST-002/topic_qa_cards.md,T-COST-002｜挣值管理与成本绩效分析 专题问答卡,,T-COST-002,keep,沿用 EVM 黄金样例。,ruankao ruankao::family::topic_qa ruankao::card_type::计算卡 ruankao::importance:: ruankao::exam_use::计算题 ruankao::topic::T-COST-002,sha256:668177ed6cea8d0afa283067
软考::系统集成项目管理工程师,Basic,PV=600，EV=540，AC=630，BAC=1200。计算 SPI/CPI 并判断状态。,SPI=540/600=0.9，进度滞后；CPI=540/630≈0.857，成本超支。,- 理解/记忆线索：如果按当前 CPI 持续，EAC≈1200/0.857≈1400，预计超预算。<br>- 来源：T-COST-002 试制黄金样例 / 挣值管理专题。,topic_qa,计算卡,,,,,计算题,,,,T-COST-002,T-COST-002,SRC-T-COST-002-PILOT-030,outputs/anki_builds/full_expansion_20260521_003052/topics/by_topic/T-COST-002/topic_qa_cards.md,T-COST-002｜挣值管理与成本绩效分析 专题问答卡,,T-COST-002,keep,沿用 EVM 黄金样例。,ruankao ruankao::family::topic_qa ruankao::card_type::计算卡 ruankao::importance:: ruankao::exam_use::计算题 ruankao::topic::T-COST-002,sha256:1679b497d5ee00176a6b1feb
软考::系统集成项目管理工程师,Basic,PV=400，EV=320，AC=380。计算 SV、CV、SPI、CPI。,SV=-80；CV=-60；SPI=0.8；CPI≈0.842。,- 理解/记忆线索：下午案例中还要写文字结论：进度滞后且成本超支。<br>- 来源：T-COST-002 试制黄金样例 / 挣值管理专题。,topic_qa,计算卡,,,,,计算题,,,,T-COST-002,T-COST-002,SRC-T-COST-002-PILOT-031,outputs/anki_builds/full_expansion_20260521_003052/topics/by_topic/T-COST-002/topic_qa_cards.md,T-COST-002｜挣值管理与成本绩效分析 专题问答卡,,T-COST-002,keep,沿用 EVM 黄金样例。,ruankao ruankao::family::topic_qa ruankao::card_type::计算卡 ruankao::importance:: ruankao::exam_use::计算题 ruankao::topic::T-COST-002,sha256:67d07f974db8a1846c66f1e0
软考::系统集成项目管理工程师,Basic,只给 PV=25 万、AC=28 万，没有 EV。能否判断成本超支？,不能。信息不足。,- 理解/记忆线索：成本偏差 CV=EV-AC，缺 EV 就不知道完成工作的预算价值。<br>- 来源：T-COST-002 试制黄金样例 / 挣值管理专题。,topic_qa,计算卡,,,,,计算题,,,,T-COST-002,T-COST-002,SRC-T-COST-002-PILOT-032,outputs/anki_builds/full_expansion_20260521_003052/topics/by_topic/T-COST-002/topic_qa_cards.md,T-COST-002｜挣值管理与成本绩效分析 专题问答卡,,T-COST-002,keep,沿用 EVM 黄金样例。,ruankao ruankao::family::topic_qa ruankao::card_type::计算卡 ruankao::importance:: ruankao::exam_use::计算题 ruankao::topic::T-COST-002,sha256:4274907361b57e7dec7e87ec
软考::系统集成项目管理工程师,Basic,BAC=800，EAC=950。VAC 是多少？含义是什么？,VAC=800-950=-150，表示预计超预算 150。,- 理解/记忆线索：VAC 是预测偏差，不是当前偏差。<br>- 来源：T-COST-002 试制黄金样例 / 挣值管理专题。,topic_qa,计算卡,,,,,计算题,,,,T-COST-002,T-COST-002,SRC-T-COST-002-PILOT-033,outputs/anki_builds/full_expansion_20260521_003052/topics/by_topic/T-COST-002/topic_qa_cards.md,T-COST-002｜挣值管理与成本绩效分析 专题问答卡,,T-COST-002,keep,沿用 EVM 黄金样例。,ruankao ruankao::family::topic_qa ruankao::card_type::计算卡 ruankao::importance:: ruankao::exam_use::计算题 ruankao::topic::T-COST-002,sha256:2a89e36bc56f354de2ecbbd5
软考::系统集成项目管理工程师,Basic,CV 和 SV 的核心区别是什么？,CV 比较 EV 与 AC，判断成本；SV 比较 EV 与 PV，判断进度。,- 理解/记忆线索：两者都是 EV 在前。CV 的对手是实际花费，SV 的对手是计划价值。<br>- 来源：T-COST-002 试制黄金样例 / 挣值管理专题。,topic_qa,辨析卡,,,,,上午选择,,,,T-COST-002,T-COST-002,SRC-T-COST-002-PILOT-034,outputs/anki_builds/full_expansion_20260521_003052/topics/by_topic/T-COST-002/topic_qa_cards.md,T-COST-002｜挣值管理与成本绩效分析 专题问答卡,,T-COST-002,keep,沿用 EVM 黄金样例。,ruankao ruankao::family::topic_qa ruankao::card_type::辨析卡 ruankao::importance:: ruankao::exam_use::上午选择 ruankao::topic::T-COST-002,sha256:a9338afa49af7354de301c9f
软考::系统集成项目管理工程师,Basic,CPI 和 SPI 的核心区别是什么？,CPI=EV/AC 判断成本效率；SPI=EV/PV 判断进度效率。,- 理解/记忆线索：CPI 看花钱效率，SPI 看完成计划效率。<br>- 来源：T-COST-002 试制黄金样例 / 挣值管理专题。,topic_qa,辨析卡,,,,,上午选择,,,,T-COST-002,T-COST-002,SRC-T-COST-002-PILOT-035,outputs/anki_builds/full_expansion_20260521_003052/topics/by_topic/T-COST-002/topic_qa_cards.md,T-COST-002｜挣值管理与成本绩效分析 专题问答卡,,T-COST-002,keep,沿用 EVM 黄金样例。,ruankao ruankao::family::topic_qa ruankao::card_type::辨析卡 ruankao::importance:: ruankao::exam_use::上午选择 ruankao::topic::T-COST-002,sha256:156ea31297465c4ada915283
软考::系统集成项目管理工程师,Basic,PV、EV、AC 三者分别回答什么问题？,PV：按计划应完成值多少；EV：实际完成值多少；AC：实际花了多少。,- 理解/记忆线索：不要把 EV 当 AC。EV 是产出价值，AC 是投入成本。<br>- 来源：T-COST-002 试制黄金样例 / 挣值管理专题。,topic_qa,辨析卡,,,,,上午选择,,,,T-COST-002,T-COST-002,SRC-T-COST-002-PILOT-036,outputs/anki_builds/full_expansion_20260521_003052/topics/by_topic/T-COST-002/topic_qa_cards.md,T-COST-002｜挣值管理与成本绩效分析 专题问答卡,,T-COST-002,keep,沿用 EVM 黄金样例。,ruankao ruankao::family::topic_qa ruankao::card_type::辨析卡 ruankao::importance:: ruankao::exam_use::上午选择 ruankao::topic::T-COST-002,sha256:8fd63c8e6b0e181e64933a58
软考::系统集成项目管理工程师,Basic,成本超支和进度落后一定同时出现吗？,不一定。,- 理解/记忆线索：可能进度落后但成本节约，也可能进度超前但成本超支。要分别看 CPI/CV 和 SPI/SV。<br>- 来源：T-COST-002 试制黄金样例 / 挣值管理专题。,topic_qa,辨析卡,,,,,上午选择,,,,T-COST-002,T-COST-002,SRC-T-COST-002-PILOT-037,outputs/anki_builds/full_expansion_20260521_003052/topics/by_topic/T-COST-002/topic_qa_cards.md,T-COST-002｜挣值管理与成本绩效分析 专题问答卡,,T-COST-002,keep,沿用 EVM 黄金样例。,ruankao ruankao::family::topic_qa ruankao::card_type::辨析卡 ruankao::importance:: ruankao::exam_use::上午选择 ruankao::topic::T-COST-002,sha256:699abecffaa2a3638c28fa61
软考::系统集成项目管理工程师,Basic,SV < 0 是否表示项目延误了具体多少天？,不是。SV 的单位是货币，表示完成的预算价值低于计划值。,- 理解/记忆线索：要判断关键路径和具体工期，还需结合进度网络。<br>- 来源：T-COST-002 试制黄金样例 / 挣值管理专题。,topic_qa,辨析卡,,,,,上午选择,,,,T-COST-002,T-COST-002,SRC-T-COST-002-PILOT-038,outputs/anki_builds/full_expansion_20260521_003052/topics/by_topic/T-COST-002/topic_qa_cards.md,T-COST-002｜挣值管理与成本绩效分析 专题问答卡,,T-COST-002,keep,沿用 EVM 黄金样例。,ruankao ruankao::family::topic_qa ruankao::card_type::辨析卡 ruankao::importance:: ruankao::exam_use::上午选择 ruankao::topic::T-COST-002,sha256:67cfc9b492317ef068b14896
软考::系统集成项目管理工程师,Basic,SPI > 1 是否保证项目一定按期或提前完工？,不保证。,- 理解/记忆线索：SPI 是总体工作量效率，不专门测关键路径。关键路径活动仍可能延误。<br>- 来源：T-COST-002 试制黄金样例 / 挣值管理专题。,topic_qa,辨析卡,,,,,上午选择,,,,T-COST-002,T-COST-002,SRC-T-COST-002-PILOT-039,outputs/anki_builds/full_expansion_20260521_003052/topics/by_topic/T-COST-002/topic_qa_cards.md,T-COST-002｜挣值管理与成本绩效分析 专题问答卡,,T-COST-002,keep,沿用 EVM 黄金样例。,ruankao ruankao::family::topic_qa ruankao::card_type::辨析卡 ruankao::importance:: ruankao::exam_use::上午选择 ruankao::topic::T-COST-002,sha256:25c7478240205e0384da5e8f
软考::系统集成项目管理工程师,Basic,典型偏差和非典型偏差如何区分？,典型偏差会持续影响后续；非典型偏差是一次性、偶然、已解决。,- 理解/记忆线索：典型常用 EAC=BAC/CPI；非典型常用 EAC=AC+(BAC-EV)。<br>- 来源：T-COST-002 试制黄金样例 / 挣值管理专题。,topic_qa,辨析卡,,,,,上午选择,,,,T-COST-002,T-COST-002,SRC-T-COST-002-PILOT-040,outputs/anki_builds/full_expansion_20260521_003052/topics/by_topic/T-COST-002/topic_qa_cards.md,T-COST-002｜挣值管理与成本绩效分析 专题问答卡,,T-COST-002,keep,沿用 EVM 黄金样例。,ruankao ruankao::family::topic_qa ruankao::card_type::辨析卡 ruankao::importance:: ruankao::exam_use::上午选择 ruankao::topic::T-COST-002,sha256:2e37bc79d00f9dcdbe003ec0
软考::系统集成项目管理工程师,Basic,EAC 和 ETC 的区别是什么？,EAC 是预计完工总成本；ETC 是从现在到完工还需要的成本。,- 理解/记忆线索：ETC=EAC-AC。<br>- 来源：T-COST-002 试制黄金样例 / 挣值管理专题。,topic_qa,辨析卡,,,,,上午选择,,,,T-COST-002,T-COST-002,SRC-T-COST-002-PILOT-041,outputs/anki_builds/full_expansion_20260521_003052/topics/by_topic/T-COST-002/topic_qa_cards.md,T-COST-002｜挣值管理与成本绩效分析 专题问答卡,,T-COST-002,keep,沿用 EVM 黄金样例。,ruankao ruankao::family::topic_qa ruankao::card_type::辨析卡 ruankao::importance:: ruankao::exam_use::上午选择 ruankao::topic::T-COST-002,sha256:70096634ed20a078685bc1a5
软考::系统集成项目管理工程师,Basic,VAC 和 CV 的区别是什么？,CV 是当前成本偏差；VAC 是完工时预计偏差。,- 理解/记忆线索：CV=EV-AC，VAC=BAC-EAC。一个看当前，一个看预测。<br>- 来源：T-COST-002 试制黄金样例 / 挣值管理专题。,topic_qa,辨析卡,,,,,上午选择,,,,T-COST-002,T-COST-002,SRC-T-COST-002-PILOT-042,outputs/anki_builds/full_expansion_20260521_003052/topics/by_topic/T-COST-002/topic_qa_cards.md,T-COST-002｜挣值管理与成本绩效分析 专题问答卡,,T-COST-002,keep,沿用 EVM 黄金样例。,ruankao ruankao::family::topic_qa ruankao::card_type::辨析卡 ruankao::importance:: ruankao::exam_use::上午选择 ruankao::topic::T-COST-002,sha256:f58d0c6537465791f2463589
软考::系统集成项目管理工程师,Basic,为什么只有 PV 和 AC 不能判断绩效？,因为缺少 EV，不知道实际完成工作的预算价值。,- 理解/记忆线索：没有 EV，就无法计算 SV、CV、SPI、CPI。<br>- 来源：T-COST-002 试制黄金样例 / 挣值管理专题。,topic_qa,辨析卡,,,,,上午选择,,,,T-COST-002,T-COST-002,SRC-T-COST-002-PILOT-043,outputs/anki_builds/full_expansion_20260521_003052/topics/by_topic/T-COST-002/topic_qa_cards.md,T-COST-002｜挣值管理与成本绩效分析 专题问答卡,,T-COST-002,keep,沿用 EVM 黄金样例。,ruankao ruankao::family::topic_qa ruankao::card_type::辨析卡 ruankao::importance:: ruankao::exam_use::上午选择 ruankao::topic::T-COST-002,sha256:cbbfc83357bfb0fe86af5af8
软考::系统集成项目管理工程师,Basic,下午案例中给出 PV、EV、AC，答题第一步写什么？,先列公式并计算 SV、CV、SPI、CPI。,- 理解/记忆线索：然后用文字判断：进度提前/滞后、成本节约/超支。不要只写数字。<br>- 来源：T-COST-002 试制黄金样例 / 挣值管理专题。,topic_qa,案例模板卡,,,,,下午案例,,,,T-COST-002,T-COST-002,SRC-T-COST-002-PILOT-044,outputs/anki_builds/full_expansion_20260521_003052/topics/by_topic/T-COST-002/topic_qa_cards.md,T-COST-002｜挣值管理与成本绩效分析 专题问答卡,,T-COST-002,keep,沿用 EVM 黄金样例。,ruankao ruankao::family::topic_qa ruankao::card_type::案例模板卡 ruankao::importance:: ruankao::exam_use::下午案例 ruankao::topic::T-COST-002,sha256:8ade662c048b000568ce7298
软考::系统集成项目管理工程师,Basic,"案例题中如何判断""成本超支""？",优先看 CV<0 或 CPI<1。,- 理解/记忆线索：表达模板：CV 为负、CPI 小于 1，说明实际花费超过已完成工作的预算价值，项目成本超支。<br>- 来源：T-COST-002 试制黄金样例 / 挣值管理专题。,topic_qa,案例模板卡,,,,,下午案例,,,,T-COST-002,T-COST-002,SRC-T-COST-002-PILOT-045,outputs/anki_builds/full_expansion_20260521_003052/topics/by_topic/T-COST-002/topic_qa_cards.md,T-COST-002｜挣值管理与成本绩效分析 专题问答卡,,T-COST-002,keep,沿用 EVM 黄金样例。,ruankao ruankao::family::topic_qa ruankao::card_type::案例模板卡 ruankao::importance:: ruankao::exam_use::下午案例 ruankao::topic::T-COST-002,sha256:46eeec5d24610b24cf7179d7
软考::系统集成项目管理工程师,Basic,"案例题中如何判断""进度落后""？",优先看 SV<0 或 SPI<1。,- 理解/记忆线索：表达模板：SV 为负、SPI 小于 1，说明实际完成工作的预算价值低于计划值，项目进度落后。<br>- 来源：T-COST-002 试制黄金样例 / 挣值管理专题。,topic_qa,案例模板卡,,,,,下午案例,,,,T-COST-002,T-COST-002,SRC-T-COST-002-PILOT-046,outputs/anki_builds/full_expansion_20260521_003052/topics/by_topic/T-COST-002/topic_qa_cards.md,T-COST-002｜挣值管理与成本绩效分析 专题问答卡,,T-COST-002,keep,沿用 EVM 黄金样例。,ruankao ruankao::family::topic_qa ruankao::card_type::案例模板卡 ruankao::importance:: ruankao::exam_use::下午案例 ruankao::topic::T-COST-002,sha256:8345a8856d434c352255c7f3
软考::系统集成项目管理工程师,Basic,挣值案例题的完整答题链是什么？,计算指标 → 判断状态 → 预测 EAC/ETC/VAC → 分析原因 → 提出措施。,- 理解/记忆线索：措施要对应原因，例如范围蔓延走变更控制，效率低做资源优化，关键路径延误考虑赶工/快速跟进。<br>- 来源：T-COST-002 试制黄金样例 / 挣值管理专题。,topic_qa,案例模板卡,,,,,下午案例,,,,T-COST-002,T-COST-002,SRC-T-COST-002-PILOT-047,outputs/anki_builds/full_expansion_20260521_003052/topics/by_topic/T-COST-002/topic_qa_cards.md,T-COST-002｜挣值管理与成本绩效分析 专题问答卡,,T-COST-002,keep,沿用 EVM 黄金样例。,ruankao ruankao::family::topic_qa ruankao::card_type::案例模板卡 ruankao::importance:: ruankao::exam_use::下午案例 ruankao::topic::T-COST-002,sha256:c5f9dce42349ee4ac23d762b
软考::系统集成项目管理工程师,Basic,成本控制措施题应从哪些方面组织答案？,影响成本基准变更因素、确保变更获批、监督绩效、记录偏差、防止未批准变更、通知干系人、采取纠偏措施。,"- 理解/记忆线索：用自己的话写也可以，但要具体，避免只写""加强成本管理""。<br>- 来源：T-COST-002 试制黄金样例 / 挣值管理专题。",topic_qa,案例模板卡,,,,,下午案例,,,,T-COST-002,T-COST-002,SRC-T-COST-002-PILOT-048,outputs/anki_builds/full_expansion_20260521_003052/topics/by_topic/T-COST-002/topic_qa_cards.md,T-COST-002｜挣值管理与成本绩效分析 专题问答卡,,T-COST-002,keep,沿用 EVM 黄金样例。,ruankao ruankao::family::topic_qa ruankao::card_type::案例模板卡 ruankao::importance:: ruankao::exam_use::下午案例 ruankao::topic::T-COST-002,sha256:9984a54216b60c31a76fbbd3
软考::系统集成项目管理工程师,Basic,EVM 指标如何回到管理动作？,先判断偏差方向，再追根因，最后选择进度、成本、范围、变更和沟通措施。,- 理解/记忆线索：例：SPI<1 可查关键路径和资源效率；CPI<1 可查返工、采购成本、范围蔓延。<br>- 来源：T-COST-002 试制黄金样例 / 挣值管理专题。,topic_qa,案例模板卡,,,,,下午案例,,,,T-COST-002,T-COST-002,SRC-T-COST-002-PILOT-049,outputs/anki_builds/full_expansion_20260521_003052/topics/by_topic/T-COST-002/topic_qa_cards.md,T-COST-002｜挣值管理与成本绩效分析 专题问答卡,,T-COST-002,keep,沿用 EVM 黄金样例。,ruankao ruankao::family::topic_qa ruankao::card_type::案例模板卡 ruankao::importance:: ruankao::exam_use::下午案例 ruankao::topic::T-COST-002,sha256:633ccd1a4bb1a85013308436
软考::系统集成项目管理工程师,Basic,陷阱：AC 大于 PV 是否一定成本超支？,不一定。,- 理解/记忆线索：成本是否超支看 EV 与 AC，不是 PV 与 AC。缺 EV 时无法判断。<br>- 来源：T-COST-002 试制黄金样例 / 挣值管理专题。,topic_qa,陷阱卡,,,,,上午选择,,,,T-COST-002,T-COST-002,SRC-T-COST-002-PILOT-050,outputs/anki_builds/full_expansion_20260521_003052/topics/by_topic/T-COST-002/topic_qa_cards.md,T-COST-002｜挣值管理与成本绩效分析 专题问答卡,,T-COST-002,keep,沿用 EVM 黄金样例。,ruankao ruankao::family::topic_qa ruankao::card_type::陷阱卡 ruankao::importance:: ruankao::exam_use::上午选择 ruankao::topic::T-COST-002,sha256:2855ef9a20e8f548b7059cbf
软考::系统集成项目管理工程师,Basic,陷阱：CPI < 1 的含义是什么？,成本超支或成本效率低。,"- 理解/记忆线索：不要理解成""完成了 1%""。CPI 是 EV/AC。<br>- 来源：T-COST-002 试制黄金样例 / 挣值管理专题。",topic_qa,陷阱卡,,,,,上午选择,,,,T-COST-002,T-COST-002,SRC-T-COST-002-PILOT-051,outputs/anki_builds/full_expansion_20260521_003052/topics/by_topic/T-COST-002/topic_qa_cards.md,T-COST-002｜挣值管理与成本绩效分析 专题问答卡,,T-COST-002,keep,沿用 EVM 黄金样例。,ruankao ruankao::family::topic_qa ruankao::card_type::陷阱卡 ruankao::importance:: ruankao::exam_use::上午选择 ruankao::topic::T-COST-002,sha256:5a589f66e9ec52f4e01d544b
软考::系统集成项目管理工程师,Basic,陷阱：SPI < 1 的含义是什么？,进度滞后或进度效率低。,- 理解/记忆线索：SPI 是 EV/PV，不是实际工期/计划工期。<br>- 来源：T-COST-002 试制黄金样例 / 挣值管理专题。,topic_qa,陷阱卡,,,,,上午选择,,,,T-COST-002,T-COST-002,SRC-T-COST-002-PILOT-052,outputs/anki_builds/full_expansion_20260521_003052/topics/by_topic/T-COST-002/topic_qa_cards.md,T-COST-002｜挣值管理与成本绩效分析 专题问答卡,,T-COST-002,keep,沿用 EVM 黄金样例。,ruankao ruankao::family::topic_qa ruankao::card_type::陷阱卡 ruankao::importance:: ruankao::exam_use::上午选择 ruankao::topic::T-COST-002,sha256:3d7a1d8744530fc4965d7f08
软考::系统集成项目管理工程师,Basic,陷阱：CV/SV 和 CPI/SPI 的量纲有什么不同？,CV/SV 是货币差值；CPI/SPI 是无量纲指数。,- 理解/记忆线索：差值看绝对偏差，指数看效率比例。<br>- 来源：T-COST-002 试制黄金样例 / 挣值管理专题。,topic_qa,陷阱卡,,,,,上午选择,,,,T-COST-002,T-COST-002,SRC-T-COST-002-PILOT-053,outputs/anki_builds/full_expansion_20260521_003052/topics/by_topic/T-COST-002/topic_qa_cards.md,T-COST-002｜挣值管理与成本绩效分析 专题问答卡,,T-COST-002,keep,沿用 EVM 黄金样例。,ruankao ruankao::family::topic_qa ruankao::card_type::陷阱卡 ruankao::importance:: ruankao::exam_use::上午选择 ruankao::topic::T-COST-002,sha256:6538550cdff8c118113ab47a
软考::系统集成项目管理工程师,Basic,陷阱：EV 是否等于实际成本？,不等于。EV 是实际完成工作的预算价值；AC 才是实际成本。,- 理解/记忆线索：这是挣值题最常见坑。<br>- 来源：T-COST-002 试制黄金样例 / 挣值管理专题。,topic_qa,陷阱卡,,,,,上午选择,,,,T-COST-002,T-COST-002,SRC-T-COST-002-PILOT-054,outputs/anki_builds/full_expansion_20260521_003052/topics/by_topic/T-COST-002/topic_qa_cards.md,T-COST-002｜挣值管理与成本绩效分析 专题问答卡,,T-COST-002,keep,沿用 EVM 黄金样例。,ruankao ruankao::family::topic_qa ruankao::card_type::陷阱卡 ruankao::importance:: ruankao::exam_use::上午选择 ruankao::topic::T-COST-002,sha256:501e142fde282b6bdd38a4c2
软考::系统集成项目管理工程师,Basic,陷阱：EAC 公式是不是固定只有一个？,不是。,- 理解/记忆线索：EAC 取决于未来绩效假设：非典型、典型、重新估算、同时考虑进度成本等。<br>- 来源：T-COST-002 试制黄金样例 / 挣值管理专题。,topic_qa,陷阱卡,,,,,上午选择,,,,T-COST-002,T-COST-002,SRC-T-COST-002-PILOT-055,outputs/anki_builds/full_expansion_20260521_003052/topics/by_topic/T-COST-002/topic_qa_cards.md,T-COST-002｜挣值管理与成本绩效分析 专题问答卡,,T-COST-002,keep,沿用 EVM 黄金样例。,ruankao ruankao::family::topic_qa ruankao::card_type::陷阱卡 ruankao::importance:: ruankao::exam_use::上午选择 ruankao::topic::T-COST-002,sha256:9d2ea998be00fbdb23090582
软考::系统集成项目管理工程师,Basic,陷阱：计算完 EVM 指标，案例题是否就答完了？,没有。,- 理解/记忆线索：下午案例还要写状态判断、原因分析、预测和管理措施。只写公式通常不够。<br>- 来源：T-COST-002 试制黄金样例 / 挣值管理专题。,topic_qa,陷阱卡,,,,,上午选择,,,,T-COST-002,T-COST-002,SRC-T-COST-002-PILOT-056,outputs/anki_builds/full_expansion_20260521_003052/topics/by_topic/T-COST-002/topic_qa_cards.md,T-COST-002｜挣值管理与成本绩效分析 专题问答卡,,T-COST-002,keep,沿用 EVM 黄金样例。,ruankao ruankao::family::topic_qa ruankao::card_type::陷阱卡 ruankao::importance:: ruankao::exam_use::上午选择 ruankao::topic::T-COST-002,sha256:3edb2dec5a86fb7c5dadf752
软考::系统集成项目管理工程师,Basic,项目章程和项目管理计划的核心区别是什么？,章程由发起人发布，正式批准项目存在并授权项目经理；管理计划由项目经理领导制定，说明如何执行、监督和控制项目。,- 理解/记忆线索：章程=出生证（授权存在），管理计划=操作手册（怎么做）。<br>- 易错点：章程不是项目经理批准的，是发起人；管理计划不是发起人写的，是项目经理带团队写的。<br>- 题干信号：正式批准、授权项目经理→章程；如何执行、详细计划→管理计划。<br>- 关联：T-INT-002 项目章程；T-INT-003 项目管理计划。<br>- 来源：SRC-T-CROSS-001-001。,topic_qa,辨析卡,,,,,上午选择,,,,T-CROSS-001,T-CROSS-001,SRC-T-CROSS-001-001,outputs/anki_builds/full_expansion_20260521_003052/topics/by_topic/T-CROSS-001/topic_qa_cards.md,T-CROSS-001｜高频跨域概念辨析与易错点 专题问答卡,,"T-INT-002,T-INT-003,T-CROSS-001-001",keep,概念对照清晰，Front 直击最常混淆的一对。,ruankao ruankao::family::topic_qa ruankao::card_type::辨析卡 ruankao::importance:: ruankao::exam_use::上午选择 ruankao::topic::T-CROSS-001,sha256:fefda03ef9728805785d8b96
软考::系统集成项目管理工程师,Basic,场景判断：项目发起人召集高层会议，宣布正式启动项目并任命了项目经理。这是发布了什么文件？,项目章程。发起人宣布启动并任命PM，是发布章程的典型场景。,"- 理解/记忆线索：谁宣布启动+谁任命PM=章程发布时刻。<br>- 易错点：不要把""会议""误判为管理计划评审；管理计划评审也是在会上但内容不同。<br>- 题干信号：发起人、任命项目经理、正式启动。<br>- 关联：T-CROSS-001；T-INT-002。<br>- 来源：SRC-T-CROSS-001-001。",topic_qa,辨析卡,,,,,上午选择,,,,T-CROSS-001,T-CROSS-001,SRC-T-CROSS-001-001,outputs/anki_builds/full_expansion_20260521_003052/topics/by_topic/T-CROSS-001/topic_qa_cards.md,T-CROSS-001｜高频跨域概念辨析与易错点 专题问答卡,,"T-CROSS-001,T-INT-002,T-CROSS-001-001",keep,真题型场景判断，Front给出叙事，Back判定文件归属。,ruankao ruankao::family::topic_qa ruankao::card_type::辨析卡 ruankao::importance:: ruankao::exam_use::上午选择 ruankao::topic::T-CROSS-001,sha256:712aca4e0f7ea59f4866c7a5
软考::系统集成项目管理工程师,Basic,"陷阱：题干说""项目经理批准了项目章程""——这个说法对吗？",不对。项目章程由发起人（或项目以外的高层）批准发布，项目经理是被授权对象，不能自己批准自己。,"- 理解/记忆线索：章程是给PM授权的文件，不是PM自己写的文件。<br>- 易错点：看到""批准""自动关联到项目经理——章程和变更请求的批准人不同。<br>- 题干信号：项目经理、批准、章程。<br>- 关联：T-CROSS-001；T-INT-002。<br>- 来源：SRC-T-CROSS-001-001。",topic_qa,陷阱卡,,,,,上午选择,,,,T-CROSS-001,T-CROSS-001,SRC-T-CROSS-001-001,outputs/anki_builds/full_expansion_20260521_003052/topics/by_topic/T-CROSS-001/topic_qa_cards.md,T-CROSS-001｜高频跨域概念辨析与易错点 专题问答卡,,"T-CROSS-001,T-INT-002,T-CROSS-001-001",keep,直接针对越权描述，一眼识别调换。,ruankao ruankao::family::topic_qa ruankao::card_type::陷阱卡 ruankao::importance:: ruankao::exam_use::上午选择 ruankao::topic::T-CROSS-001,sha256:f5b7fe8709928af1a9faffd4
软考::系统集成项目管理工程师,Basic,确认范围（Verify Scope）和控制质量（QC）的核心区别是什么？,确认范围是客户/发起人正式验收可交付成果，面向外部；QC是项目团队内部检查成果是否符合质量标准。,"- 理解/记忆线索：QC=内部检查""好不好""；确认范围=客户验收""对不对""。<br>- 易错点：QC在先，确认范围在后；QC通过了才去邀请客户做确认范围。<br>- 题干信号：团队检查、测试、质量标准→QC；客户验收、签字、接受→确认范围。<br>- 关联：T-SCOPE-003 范围确认辨析；T-QUAL-001 QA/QC基础。<br>- 来源：SRC-T-CROSS-001-002。",topic_qa,辨析卡,,,,,上午选择/下午案例,,,,T-CROSS-001,T-CROSS-001,SRC-T-CROSS-001-002,outputs/anki_builds/full_expansion_20260521_003052/topics/by_topic/T-CROSS-001/topic_qa_cards.md,T-CROSS-001｜高频跨域概念辨析与易错点 专题问答卡,,"T-SCOPE-003,T-QUAL-001,T-CROSS-001-002",keep,高频辨析，一句话区分内外。,ruankao ruankao::family::topic_qa ruankao::card_type::辨析卡 ruankao::importance:: ruankao::exam_use::上午选择/下午案例 ruankao::topic::T-CROSS-001,sha256:03b5e40febf69bb9dca1857b
软考::系统集成项目管理工程师,Basic,场景：项目经理组织团队对已完成的功能模块进行集成测试，确认所有技术指标达标。这是哪个过程？,控制质量（QC）。团队内部检查成果是否达标，属于QC。,"- 理解/记忆线索：测试是QC的手段之一。<br>- 易错点：不要看到""确认""两个字就当成""确认范围""；谁是检查主体+检查目的是判断关键。<br>- 题干信号：团队检查、测试、技术指标。<br>- 关联：T-CROSS-001；T-SCOPE-003。<br>- 来源：SRC-T-CROSS-001-002。",topic_qa,场景判断卡,,,,,上午选择,,,,T-CROSS-001,T-CROSS-001,SRC-T-CROSS-001-002,outputs/anki_builds/full_expansion_20260521_003052/topics/by_topic/T-CROSS-001/topic_qa_cards.md,T-CROSS-001｜高频跨域概念辨析与易错点 专题问答卡,,"T-CROSS-001,T-SCOPE-003,T-CROSS-001-002",keep,场景卡训练快速区别QC和确认范围。,ruankao ruankao::family::topic_qa ruankao::card_type::场景判断卡 ruankao::importance:: ruankao::exam_use::上午选择 ruankao::topic::T-CROSS-001,sha256:17d8756f69eb306c85295438
软考::系统集成项目管理工程师,Basic,场景：QC全部通过后，项目经理邀请客户代表对已完成的可交付成果进行签字验收。这是哪个过程？,确认范围。客户/发起人正式验收可交付成果。,- 理解/记忆线索：QC在前（内部核验），确认范围在后（外部验收）。<br>- 易错点：不能跳过QC直接做确认范围；也不能用QC替代确认范围。<br>- 题干信号：客户代表、签字验收、正式接受。<br>- 关联：T-CROSS-001；T-SCOPE-003。<br>- 来源：SRC-T-CROSS-001-002。,topic_qa,场景判断卡,,,,,上午选择,,,,T-CROSS-001,T-CROSS-001,SRC-T-CROSS-001-002,outputs/anki_builds/full_expansion_20260521_003052/topics/by_topic/T-CROSS-001/topic_qa_cards.md,T-CROSS-001｜高频跨域概念辨析与易错点 专题问答卡,,"T-CROSS-001,T-SCOPE-003,T-CROSS-001-002",keep,与Card 005配对，形成QC→确认范围的完整链路。,ruankao ruankao::family::topic_qa ruankao::card_type::场景判断卡 ruankao::importance:: ruankao::exam_use::上午选择 ruankao::topic::T-CROSS-001,sha256:b847ce58b41e4873cc3ea2ec
软考::系统集成项目管理工程师,Basic,质量保证（QA）和质量控制（QC）的核心区别是什么？,QA关注过程是否可靠（审计、过程分析），属于执行过程组；QC关注结果是否合格（测试、检查、测量），属于监控过程组。,"- 理解/记忆线索：QA问""做法对不对""（过程），QC问""东西好不好""（结果）。<br>- 易错点：质量审计是QA活动，不是QC；测试是QC手段，不是QA。<br>- 题干信号：审计、过程分析、标准符合性→QA；测试、检查、缺陷测量→QC。<br>- 关联：T-QUAL-001 QA/QC基础；T-QUAL-003 质量问题案例。<br>- 来源：SRC-T-CROSS-001-003。",topic_qa,辨析卡,,,,,上午选择,,,,T-CROSS-001,T-CROSS-001,SRC-T-CROSS-001-003,outputs/anki_builds/full_expansion_20260521_003052/topics/by_topic/T-CROSS-001/topic_qa_cards.md,T-CROSS-001｜高频跨域概念辨析与易错点 专题问答卡,,"T-QUAL-001,T-QUAL-003,T-CROSS-001-003",keep,QA/QC本质区别，过程vs结果。,ruankao ruankao::family::topic_qa ruankao::card_type::辨析卡 ruankao::importance:: ruankao::exam_use::上午选择 ruankao::topic::T-CROSS-001,sha256:47247327a07cae97e149cc54
软考::系统集成项目管理工程师,Basic,场景：质量审计团队对项目的过程文档进行审查，发现需求变更未按流程记录。这是QA还是QC活动？,QA活动。质量审计检查过程是否合规，属于质量保证。,"- 理解/记忆线索：审计、过程、流程合规→QA。<br>- 易错点：看到""审查""就以为是QC——但审计针对过程，不是针对产品。<br>- 题干信号：质量审计、过程文档、流程合规。<br>- 关联：T-CROSS-001；T-QUAL-001。<br>- 来源：SRC-T-CROSS-001-003。",topic_qa,场景判断卡,,,,,上午选择,,,,T-CROSS-001,T-CROSS-001,SRC-T-CROSS-001-003,outputs/anki_builds/full_expansion_20260521_003052/topics/by_topic/T-CROSS-001/topic_qa_cards.md,T-CROSS-001｜高频跨域概念辨析与易错点 专题问答卡,,"T-CROSS-001,T-QUAL-001,T-CROSS-001-003",keep,通过场景区分过程审计和产品检查。,ruankao ruankao::family::topic_qa ruankao::card_type::场景判断卡 ruankao::importance:: ruankao::exam_use::上午选择 ruankao::topic::T-CROSS-001,sha256:24a749d34e657c15180aa4fd
软考::系统集成项目管理工程师,Basic,"陷阱：题干说""项目经理让测试团队做一次质量审计""——这个安排妥当吗？",不妥当。质量审计是QA活动，测试是QC活动；测试团队不应承担QA审计职责。,"- 理解/记忆线索：测试团队做测试（QC），审计团队做审计（QA），角色不能混。<br>- 易错点：很多人认为""都是检查质量的工作""就混为一谈。<br>- 题干信号：测试团队、审计、QA角色混淆。<br>- 关联：T-CROSS-001；T-QUAL-003。<br>- 来源：SRC-T-CROSS-001-003。",topic_qa,陷阱卡,,,,,上午选择,,,,T-CROSS-001,T-CROSS-001,SRC-T-CROSS-001-003,outputs/anki_builds/full_expansion_20260521_003052/topics/by_topic/T-CROSS-001/topic_qa_cards.md,T-CROSS-001｜高频跨域概念辨析与易错点 专题问答卡,,"T-CROSS-001,T-QUAL-003,T-CROSS-001-003",keep,角色混用的经典陷阱。,ruankao ruankao::family::topic_qa ruankao::card_type::陷阱卡 ruankao::importance:: ruankao::exam_use::上午选择 ruankao::topic::T-CROSS-001,sha256:e2810adf24230c64c6ca6510
软考::系统集成项目管理工程师,Basic,赶工（Crashing）和快速跟进（Fast Tracking）的核心区别是什么？,赶工是增加资源或加班以压缩工期，代价是成本增加；快速跟进是并行开展原本顺序进行的活动，代价是风险增加。,- 理解/记忆线索：赶工=加资源/加钱；快速跟进=改逻辑/并行。<br>- 易错点：赶工必须针对关键路径活动才有效；快速跟进增加返工风险。<br>- 题干信号：加人/加班/增加投入→赶工；并行/重叠/同时做→快速跟进。<br>- 关联：T-CASE-002 进度延误案例。<br>- 来源：SRC-T-CROSS-001-004。,topic_qa,辨析卡,,,,,上午选择/下午案例,,,,T-CROSS-001,T-CROSS-001,SRC-T-CROSS-001-004,outputs/anki_builds/full_expansion_20260521_003052/topics/by_topic/T-CROSS-001/topic_qa_cards.md,T-CROSS-001｜高频跨域概念辨析与易错点 专题问答卡,,"T-CASE-002,T-CROSS-001-004",keep,工期压缩两大方法的本质区别。,ruankao ruankao::family::topic_qa ruankao::card_type::辨析卡 ruankao::importance:: ruankao::exam_use::上午选择/下午案例 ruankao::topic::T-CROSS-001,sha256:2fb76c62443e018c2a362859
软考::系统集成项目管理工程师,Basic,资源平衡（Resource Leveling）与赶工、快速跟进有什么不同？,资源平衡是调整活动时间以适应资源限制，可能延长工期；赶工和快速跟进都是为了压缩工期，而资源平衡可能让工期变长。,- 理解/记忆线索：资源平衡=迁就资源（让工期让位给资源）；赶工/快速跟进=迁就工期（让成本/风险让位给工期）。<br>- 易错点：资源平衡不压缩工期，反而可能延长工期。<br>- 题干信号：资源冲突、资源过度分配、同一资源被多任务占用。<br>- 关联：T-CASE-002。<br>- 来源：SRC-T-CROSS-001-004。,topic_qa,辨析卡,,,,,上午选择,,,,T-CROSS-001,T-CROSS-001,SRC-T-CROSS-001-004,outputs/anki_builds/full_expansion_20260521_003052/topics/by_topic/T-CROSS-001/topic_qa_cards.md,T-CROSS-001｜高频跨域概念辨析与易错点 专题问答卡,,"T-CASE-002,T-CROSS-001-004",keep,三种方法的动机和代价对比。,ruankao ruankao::family::topic_qa ruankao::card_type::辨析卡 ruankao::importance:: ruankao::exam_use::上午选择 ruankao::topic::T-CROSS-001,sha256:11ecd00adde5296224c5087d
软考::系统集成项目管理工程师,Basic,陷阱：赶工时，项目经理要求所有活动都加班加人——这种做法的问题在哪？,赶工应该只针对关键路径上的活动。非关键路径活动有时差，加人加班效率不高，且增加成本。,- 理解/记忆线索：赶工的关键=识别关键路径。非关键活动有浮动时间，不需要赶。<br>- 易错点：全员加班不加区分→成本浪费，疲劳增加，非关键路径活动不产生工期收益。<br>- 题干信号：加班加人、关键路径、效率。<br>- 关联：T-CASE-002；T-CROSS-001。<br>- 来源：SRC-T-CROSS-001-004。,topic_qa,陷阱卡,,,,,上午选择,,,,T-CROSS-001,T-CROSS-001,SRC-T-CROSS-001-004,outputs/anki_builds/full_expansion_20260521_003052/topics/by_topic/T-CROSS-001/topic_qa_cards.md,T-CROSS-001｜高频跨域概念辨析与易错点 专题问答卡,,"T-CASE-002,T-CROSS-001,T-CROSS-001-004",keep,赶工最常犯的错误——不区分关键和非关键路径。,ruankao ruankao::family::topic_qa ruankao::card_type::陷阱卡 ruankao::importance:: ruankao::exam_use::上午选择 ruankao::topic::T-CROSS-001,sha256:1c880405aef260a93be6418b
软考::系统集成项目管理工程师,Basic,配置管理和变更管理的核心区别是什么？,配置管理关注交付物的身份和状态（识别、版本控制、基线、审计）；变更管理关注是否允许改变（请求、审批、实施、验证）。,"- 理解/记忆线索：配置管""是什么、什么状态""；变更管""改不改、怎么批""。<br>- 易错点：版本控制和基线建立是配置管理，不是变更管理；CCB审批是变更管理。<br>- 题干信号：版本控制、基线、配置审计→配置管理；变更请求、CCB审批→变更管理。<br>- 关联：T-INT-004 整体变更控制。<br>- 来源：SRC-T-CROSS-001-005。",topic_qa,辨析卡,,,,,上午选择,,,,T-CROSS-001,T-CROSS-001,SRC-T-CROSS-001-005,outputs/anki_builds/full_expansion_20260521_003052/topics/by_topic/T-CROSS-001/topic_qa_cards.md,T-CROSS-001｜高频跨域概念辨析与易错点 专题问答卡,,"T-INT-004,T-CROSS-001-005",keep,两大支持过程的分工边界。,ruankao ruankao::family::topic_qa ruankao::card_type::辨析卡 ruankao::importance:: ruankao::exam_use::上午选择 ruankao::topic::T-CROSS-001,sha256:069d9450d2efab5696200733
软考::系统集成项目管理工程师,Basic,场景：开发团队提交了变更请求，CCB审批通过后，项目经理更新了配置管理系统的基线版本。这分别属于什么过程？,提交变更请求+CCB审批=变更管理；更新基线版本=配置管理。,"- 理解/记忆线索：同一件事的两个面——先走变更管""能不能改""，再走配置管""改后状态""。<br>- 易错点：不能因为两个过程先后发生就混为一谈。<br>- 题干信号：CCB审批、变更请求、基线更新、版本控制。<br>- 关联：T-CROSS-001；T-INT-004。<br>- 来源：SRC-T-CROSS-001-005。",topic_qa,场景判断卡,,,,,上午选择,,,,T-CROSS-001,T-CROSS-001,SRC-T-CROSS-001-005,outputs/anki_builds/full_expansion_20260521_003052/topics/by_topic/T-CROSS-001/topic_qa_cards.md,T-CROSS-001｜高频跨域概念辨析与易错点 专题问答卡,,"T-CROSS-001,T-INT-004,T-CROSS-001-005",keep,展示变更和配置如何在同个场景中分工协作。,ruankao ruankao::family::topic_qa ruankao::card_type::场景判断卡 ruankao::importance:: ruankao::exam_use::上午选择 ruankao::topic::T-CROSS-001,sha256:bf38bb92134c606550213185
软考::系统集成项目管理工程师,Basic,纠正措施、预防措施和缺陷补救的核心区别是什么？,纠正措施是事后纠偏使绩效重新符合计划（过程）；预防措施是事前防止偏差发生（过程）；缺陷补救是修复不合格产品（产品）。,"- 理解/记忆线索：纠正=""偏了拉回来""；预防=""还没偏先堵住""；缺陷补救=""产品坏了修好""。<br>- 易错点：纠正措施和预防措施针对过程；缺陷补救针对产品；预防措施发生在偏差之前。<br>- 题干信号：已经偏离、纠偏→纠正措施；避免未来、防止→预防措施；缺陷、不合格品→缺陷补救。<br>- 关联：T-INT-004 变更请求分类。<br>- 来源：SRC-T-CROSS-001-006。",topic_qa,辨析卡,,,,,上午选择,,,,T-CROSS-001,T-CROSS-001,SRC-T-CROSS-001-006,outputs/anki_builds/full_expansion_20260521_003052/topics/by_topic/T-CROSS-001/topic_qa_cards.md,T-CROSS-001｜高频跨域概念辨析与易错点 专题问答卡,,"T-INT-004,T-CROSS-001-006",keep,三类变更请求的边界辨析，高频。,ruankao ruankao::family::topic_qa ruankao::card_type::辨析卡 ruankao::importance:: ruankao::exam_use::上午选择 ruankao::topic::T-CROSS-001,sha256:fff9fcb336ae795ff5344a59
软考::系统集成项目管理工程师,Basic,场景：项目发现某模块有缺陷，团队修复了该模块。这属于什么措施？场景改为：团队发现估算方法有系统性偏差，更新了估算模板防止后续再错。这属于什么措施？,修复缺陷模块=缺陷补救（产品坏了修好）；更新估算模板=纠正措施（过程纠偏防止再犯）。,"- 理解/记忆线索：修产品→缺陷补救；改流程→纠正措施。<br>- 易错点：容易把""修不好的东西""也当成纠正措施——但修产品是缺陷补救。<br>- 题干信号：修复缺陷、不合格品→缺陷补救；改进过程、更新方法→纠正措施。<br>- 关联：T-CROSS-001；T-QUAL-003。<br>- 来源：SRC-T-CROSS-001-006。",topic_qa,场景判断卡,,,,,上午选择,,,,T-CROSS-001,T-CROSS-001,SRC-T-CROSS-001-006,outputs/anki_builds/full_expansion_20260521_003052/topics/by_topic/T-CROSS-001/topic_qa_cards.md,T-CROSS-001｜高频跨域概念辨析与易错点 专题问答卡,,"T-CROSS-001,T-QUAL-003,T-CROSS-001-006",keep,双场景对比，强化三类措施的边界感。,ruankao ruankao::family::topic_qa ruankao::card_type::场景判断卡 ruankao::importance:: ruankao::exam_use::上午选择 ruankao::topic::T-CROSS-001,sha256:3db69829b80b0d69cc57d19c
软考::系统集成项目管理工程师,Basic,风险登记册和问题日志的核心区别是什么？,风险登记册记录未来可能发生但尚未发生的事件（不确定性）；问题日志记录已经发生、正在影响项目的事件（确定性）。,- 理解/记忆线索：风险=可能发生的事（未来）；问题=已经发生的事（现在）。<br>- 易错点：风险一旦发生，应从风险登记册移至问题日志，同时更新风险登记册的状态。<br>- 题干信号：概率、可能性、尚未发生→风险；已出现、正在影响、确定→问题。<br>- 关联：T-RISK-003 风险问题辨析。<br>- 来源：SRC-T-CROSS-001-007。,topic_qa,辨析卡,,,,,上午选择,,,,T-CROSS-001,T-CROSS-001,SRC-T-CROSS-001-007,outputs/anki_builds/full_expansion_20260521_003052/topics/by_topic/T-CROSS-001/topic_qa_cards.md,T-CROSS-001｜高频跨域概念辨析与易错点 专题问答卡,,"T-RISK-003,T-CROSS-001-007",keep,确定性与不确定性是分水岭。,ruankao ruankao::family::topic_qa ruankao::card_type::辨析卡 ruankao::importance:: ruankao::exam_use::上午选择 ruankao::topic::T-CROSS-001,sha256:7056436b3f5214bb2482371b
软考::系统集成项目管理工程师,Basic,场景：某已识别风险在项目执行中实际发生了。项目经理应该怎么做？,在风险登记册中更新该风险状态，并在问题日志中记录为问题；如有应急计划则启动应急计划。,- 理解/记忆线索：风险发生=问题出现。两本账都要管：风险册更新状态，问题日志新增记录。<br>- 易错点：不要只更新问题日志而不管风险登记册；也不要把风险登记册的条目直接删除。<br>- 题干信号：风险发生了、实际出现、概率变成100%。<br>- 关联：T-RISK-003；T-CROSS-001。<br>- 来源：SRC-T-CROSS-001-007。,topic_qa,场景判断卡,,,,,上午选择,,,,T-CROSS-001,T-CROSS-001,SRC-T-CROSS-001-007,outputs/anki_builds/full_expansion_20260521_003052/topics/by_topic/T-CROSS-001/topic_qa_cards.md,T-CROSS-001｜高频跨域概念辨析与易错点 专题问答卡,,"T-RISK-003,T-CROSS-001,T-CROSS-001-007",keep,风险到问题的转换实操。,ruankao ruankao::family::topic_qa ruankao::card_type::场景判断卡 ruankao::importance:: ruankao::exam_use::上午选择 ruankao::topic::T-CROSS-001,sha256:0cf852acd97ef74a2748ae9a
软考::系统集成项目管理工程师,Basic,管理收尾（行政收尾）和合同收尾的核心区别是什么？,管理收尾是项目或阶段结束时的全面收尾（验收、归档、经验教训、释放资源）；合同收尾仅针对合同的收尾（确认条款满足、结算、更新记录）。,- 理解/记忆线索：合同收尾每合同做一次；管理收尾整个项目做一次（或每阶段一次）。<br>- 易错点：合同收尾发生在管理收尾之前；不能把管理收尾等同于合同收尾。<br>- 题干信号：合同结算、条款满足→合同收尾；项目归档、经验教训、释放资源→管理收尾。<br>- 关联：T-CROSS-001。T-CASE-005 收尾过程。<br>- 来源：SRC-T-CROSS-001-008。,topic_qa,辨析卡,,,,,上午选择,,,,T-CROSS-001,T-CROSS-001,SRC-T-CROSS-001-008,outputs/anki_builds/full_expansion_20260521_003052/topics/by_topic/T-CROSS-001/topic_qa_cards.md,T-CROSS-001｜高频跨域概念辨析与易错点 专题问答卡,,"T-CROSS-001,T-CASE-005,T-CROSS-001-008",keep,合同收尾在先，管理收尾在后，顺序常考。,ruankao ruankao::family::topic_qa ruankao::card_type::辨析卡 ruankao::importance:: ruankao::exam_use::上午选择 ruankao::topic::T-CROSS-001,sha256:6473e2700f30bb702676a502
软考::系统集成项目管理工程师,Basic,场景：项目所有合同已结算完毕，团队召开收尾会议，总结教训并归档文件。这分别属于什么收尾？,合同结算=合同收尾；总结教训并归档=管理收尾。,"- 理解/记忆线索：结算合同在先，关闭项目在后。<br>- 易错点：不要把""合同结算""当成管理收尾的一部分——合同收尾是独立的过程。<br>- 题干信号：合同结算、纠纷处理→合同收尾；经验教训、归档、释放资源→管理收尾。<br>- 关联：T-CROSS-001。<br>- 来源：SRC-T-CROSS-001-008。",topic_qa,场景判断卡,,,,,上午选择,,,,T-CROSS-001,T-CROSS-001,SRC-T-CROSS-001-008,outputs/anki_builds/full_expansion_20260521_003052/topics/by_topic/T-CROSS-001/topic_qa_cards.md,T-CROSS-001｜高频跨域概念辨析与易错点 专题问答卡,,"T-CROSS-001,T-CROSS-001-008",keep,场景化区分两种收尾。,ruankao ruankao::family::topic_qa ruankao::card_type::场景判断卡 ruankao::importance:: ruankao::exam_use::上午选择 ruankao::topic::T-CROSS-001,sha256:409a1b1cdbb9e4be8d0b736c
软考::系统集成项目管理工程师,Basic,工作绩效数据、工作绩效信息、工作绩效报告的核心区别是什么？,数据是原始测量值（未加工）；信息是数据分析结果（与计划比较）；报告是将信息汇编成正式文档（面向干系人）。,- 理解/记忆线索：数据=原始读数；信息=比较分析结果；报告=正式文档。<br>- 易错点：三个概念逐级递进，不能跳过中间步骤；信息是监控过程的输出，报告是沟通的输出。<br>- 题干信号：原始观察、未加工→数据；分析、比较、偏差→信息；正式、汇总、提交→报告。<br>- 关联：T-COM-001 沟通管理。<br>- 来源：SRC-T-CROSS-001-009。,topic_qa,辨析卡,,,,,上午选择,,,,T-CROSS-001,T-CROSS-001,SRC-T-CROSS-001-009,outputs/anki_builds/full_expansion_20260521_003052/topics/by_topic/T-CROSS-001/topic_qa_cards.md,T-CROSS-001｜高频跨域概念辨析与易错点 专题问答卡,,"T-COM-001,T-CROSS-001-009",keep,数据→信息→报告三层递进，选择题高频。,ruankao ruankao::family::topic_qa ruankao::card_type::辨析卡 ruankao::importance:: ruankao::exam_use::上午选择 ruankao::topic::T-CROSS-001,sha256:0161fd0858d097fad43ff3ad
软考::系统集成项目管理工程师,Basic,场景：挣值分析计算出SV=-8万元。这份计算结果属于工作绩效数据、信息还是报告？,工作绩效信息。因为对原始数据（PV、EV、AC）进行了加工分析，得出与计划的比较结果。,"- 理解/记忆线索：挣值分析=加工+比较→信息层面。<br>- 易错点：不要把计算结果当成""数据""；PV/EV/AC原始读数才是数据。<br>- 题干信号：计算、分析、比较、偏差。<br>- 关联：T-CROSS-001；T-COST-002 挣值管理。<br>- 来源：SRC-T-CROSS-001-009。",topic_qa,场景判断卡,,,,,上午选择,,,,T-CROSS-001,T-CROSS-001,SRC-T-CROSS-001-009,outputs/anki_builds/full_expansion_20260521_003052/topics/by_topic/T-CROSS-001/topic_qa_cards.md,T-CROSS-001｜高频跨域概念辨析与易错点 专题问答卡,,"T-CROSS-001,T-COST-002,T-CROSS-001-009",keep,用挣值场景锚定信息vs数据的边界。,ruankao ruankao::family::topic_qa ruankao::card_type::场景判断卡 ruankao::importance:: ruankao::exam_use::上午选择 ruankao::topic::T-CROSS-001,sha256:0fc83441e64dfe3bfec509d8
软考::系统集成项目管理工程师,Basic,项目建议书在立项管理中的核心作用是什么？,提出拟建项目的总体设想和立项申请，为主管部门选择项目、开展后续可行性研究提供依据。,"- 理解：它回答""为什么要提出这个项目、大致要做什么""，还没有进入正式项目执行。<br>- 易错点：项目建议书不是项目章程；章程才是正式批准项目存在并授权项目经理。<br>- 题干信号：立项申请、总体设想、报送主管部门、可研依据。<br>- 关联：T-INT-002 项目章程。<br>- 来源：SRC-FEA-TUTOR-001。",topic_qa,概念卡,,,,,上午选择,,,,T-FEA-001,T-FEA-001,SRC-FEA-TUTOR-001,outputs/anki_builds/full_expansion_20260521_003052/topics/by_topic/T-FEA-001/topic_qa_cards.md,T-FEA-001 最终人工可读卡片,,T-INT-002,keep,"Front 明确问""作用""，Back 足够短，Extra 只补阶段边界。",ruankao ruankao::family::topic_qa ruankao::card_type::概念卡 ruankao::importance:: ruankao::exam_use::上午选择 ruankao::topic::T-FEA-001,sha256:7ddeda8dd5be1451acd3bcd7
软考::系统集成项目管理工程师,Basic,项目建议书 vs 项目章程的核心区别是什么？,项目建议书偏立项前申请和总体设想；项目章程偏正式批准项目存在，并授权项目经理使用组织资源。,"- 记忆线索：建议书是""要不要立项""；章程是""项目已被授权""。<br>- 易错点：看到""项目经理授权、正式启动项目""，不要选项目建议书。<br>- 关联：T-FEA-001；T-INT-002。<br>- 来源：SRC-FEA-TUTOR-001。",topic_qa,辨析卡,,,,,跨域辨析,,,,T-FEA-001,T-FEA-001,"SRC-FEA-TUTOR-001, SRC-FEA-IDX-001",outputs/anki_builds/full_expansion_20260521_003052/topics/by_topic/T-FEA-001/topic_qa_cards.md,T-FEA-001 最终人工可读卡片,,"T-FEA-001,T-INT-002",keep,它从相邻专题边界发问，和 Card 001 不是同义重复。,ruankao ruankao::family::topic_qa ruankao::card_type::辨析卡 ruankao::importance:: ruankao::exam_use::跨域辨析 ruankao::topic::T-FEA-001,sha256:a5280c94b05f36d1a7c2d43a
软考::系统集成项目管理工程师,Basic,项目建议书获批后，通常进入哪类工作？,进入项目可行性研究，进一步论证项目是否值得做、能不能做、风险是否可接受。,- 理解：建议书只是总体设想，可研才开始展开技术、财务、组织、社会和风险等论证。<br>- 易错点：不要跳到项目管理计划；计划是项目被批准后的执行管理文件。<br>- 题干信号：建议书通过批复、后续分析、是否可行。<br>- 来源：SRC-FEA-TUTOR-002。,topic_qa,流程卡,,,,,上午选择,,,,T-FEA-001,T-FEA-001,"SRC-FEA-TUTOR-001, SRC-FEA-TUTOR-002",outputs/anki_builds/full_expansion_20260521_003052/topics/by_topic/T-FEA-001/topic_qa_cards.md,T-FEA-001 最终人工可读卡片,,,keep,它只考建议书和可研的相邻关系，适合流程判断。,ruankao ruankao::family::topic_qa ruankao::card_type::流程卡 ruankao::importance:: ruankao::exam_use::上午选择 ruankao::topic::T-FEA-001,sha256:32c56a3d0bb398c4062c87a2
软考::系统集成项目管理工程师,Basic,项目建议书阶段为什么也可能组织需求分析？,为了形成需求分析报告，作为编制项目建议书和审批咨询意见的参考。,"- 理解：这里的需求分析是立项前的依据收集，不等同于后续完整需求规格说明。<br>- 易错点：不要因为出现""需求分析""就直接判定项目已经进入开发或范围管理阶段。<br>- 来源：SRC-FEA-TUTOR-002。",topic_qa,概念卡,,,,,上午选择,,,,T-FEA-001,T-FEA-001,SRC-FEA-TUTOR-002,outputs/anki_builds/full_expansion_20260521_003052/topics/by_topic/T-FEA-001/topic_qa_cards.md,T-FEA-001 最终人工可读卡片,,,keep,这个点小而具体，能解释电子政务立项题中的 A 选项。,ruankao ruankao::family::topic_qa ruankao::card_type::概念卡 ruankao::importance:: ruankao::exam_use::上午选择 ruankao::topic::T-FEA-001,sha256:0568ab8d272240b8e2e19a85
软考::系统集成项目管理工程师,Basic,可行性研究在立项管理中解决什么问题？,综合分析拟建项目的必要性、可行性、合理性和风险，为立项或投资决策提供依据。,"- 理解：可研不是""写一份能过会的材料""，而是提前判断项目值不值得做、条件是否支持。<br>- 题干信号：是否可行、是否值得投资、方案比较、效益分析、风险对策。<br>- 来源：SRC-FEA-TUTOR-003。",topic_qa,概念卡,,,,,上午选择,,,,T-FEA-001,T-FEA-001,SRC-FEA-TUTOR-003,outputs/anki_builds/full_expansion_20260521_003052/topics/by_topic/T-FEA-001/topic_qa_cards.md,T-FEA-001 最终人工可读卡片,,,keep,Back 是本专题中心答案，Extra 直接服务做题定位。,ruankao ruankao::family::topic_qa ruankao::card_type::概念卡 ruankao::importance:: ruankao::exam_use::上午选择 ruankao::topic::T-FEA-001,sha256:c780b9386bdb8bf1a8a7b713
软考::系统集成项目管理工程师,Basic,教程口径下，可行性研究通常要覆盖哪七类内容？,投资必要性、技术可行性、财务可行性、组织可行性、经济可行性、社会可行性、风险因素及对策。,"- 记忆线索：必要性先问""该不该做""；技术/财务/组织/经济/社会问""能不能支撑""；风险问""出问题怎么办""。<br>- 易错点：不要把可研缩成单纯技术评审。<br>- 来源：SRC-FEA-TUTOR-003。",topic_qa,关键词识别卡,,,,,上午选择,,,,T-FEA-001,T-FEA-001,SRC-FEA-TUTOR-003,outputs/anki_builds/full_expansion_20260521_003052/topics/by_topic/T-FEA-001/topic_qa_cards.md,T-FEA-001 最终人工可读卡片,,,keep,虽然是列表，但数量有限且是考试枚举；Extra 帮助分组记忆。,ruankao ruankao::family::topic_qa ruankao::card_type::关键词识别卡 ruankao::importance:: ruankao::exam_use::上午选择 ruankao::topic::T-FEA-001,sha256:d70454a617e7244730fe91e9
软考::系统集成项目管理工程师,Basic,题干出现哪些信号时，应优先想到技术可行性？,新技术、技术方案成熟度、团队技术能力、关键资源、系统性能或兼容性风险。,"- 例子：WiMAX 案例中""新技术、团队缺少经验、覆盖盲区、断网""都指向技术可行性不足。<br>- 易错点：技术演示效果好，不等于技术可行性已经充分论证。<br>- 来源：SRC-FEA-TUTOR-003；SRC-FEA-Q-CASE-001。",topic_qa,关键词识别卡,,,,,案例分析,,,,T-FEA-001,T-FEA-001,"SRC-FEA-TUTOR-003, SRC-FEA-Q-CASE-001",outputs/anki_builds/full_expansion_20260521_003052/topics/by_topic/T-FEA-001/topic_qa_cards.md,T-FEA-001 最终人工可读卡片,,,keep,它把抽象分类落到案例信号上，复习价值高。,ruankao ruankao::family::topic_qa ruankao::card_type::关键词识别卡 ruankao::importance:: ruankao::exam_use::案例分析 ruankao::topic::T-FEA-001,sha256:ed665b430a2b6acad4aa7fff
软考::系统集成项目管理工程师,Basic,财务可行性 vs 经济可行性的区别是什么？,财务可行性偏投资者或项目自身的盈利、现金流和偿债能力；经济可行性偏资源配置和社会经济效益。,"- 记忆线索：财务看""钱对项目/投资者是否划算""；经济看""资源投入对更大范围是否有价值""。<br>- 易错点：两个都和""钱""有关，但评价视角不同。<br>- 来源：SRC-FEA-TUTOR-003。",topic_qa,辨析卡,,,,,上午选择,,,,T-FEA-001,T-FEA-001,SRC-FEA-TUTOR-003,outputs/anki_builds/full_expansion_20260521_003052/topics/by_topic/T-FEA-001/topic_qa_cards.md,T-FEA-001 最终人工可读卡片,,,keep,它拆开两个字面相似概念，是选择题常见陷阱。,ruankao ruankao::family::topic_qa ruankao::card_type::辨析卡 ruankao::importance:: ruankao::exam_use::上午选择 ruankao::topic::T-FEA-001,sha256:3616820ea8dd0ccd8de1a06b
软考::系统集成项目管理工程师,Basic,题干出现哪些信号时，应想到组织可行性？,组织机构、管理人员经验、实施进度安排、协作关系、培训计划是否能支撑项目。,"- 理解：组织可行性问的是""组织和人能不能把项目推起来""，不是技术本身是否先进。<br>- 题干信号：人员不足、职责不清、培训缺失、协作机制弱、进度组织不合理。<br>- 来源：SRC-FEA-TUTOR-003。",topic_qa,关键词识别卡,,,,,案例分析,,,,T-FEA-001,T-FEA-001,SRC-FEA-TUTOR-003,outputs/anki_builds/full_expansion_20260521_003052/topics/by_topic/T-FEA-001/topic_qa_cards.md,T-FEA-001 最终人工可读卡片,,,keep,这个点能补足案例题里常被忽略的非技术原因。,ruankao ruankao::family::topic_qa ruankao::card_type::关键词识别卡 ruankao::importance:: ruankao::exam_use::案例分析 ruankao::topic::T-FEA-001,sha256:61641b909555f521ff5c2f24
软考::系统集成项目管理工程师,Basic,题干出现哪些信号时，应想到社会可行性？,法律政策、伦理道德、社会影响、民族宗教、社会稳定性等外部社会条件。,"- 例子：无线频段许可未办理，不只是技术问题，也涉及政策和法律环境。<br>- 易错点：社会可行性不是""用户喜不喜欢""，它更偏外部政策、法律和社会影响。<br>- 来源：SRC-FEA-TUTOR-003；SRC-FEA-Q-CASE-001。",topic_qa,关键词识别卡,,,,,案例分析,,,,T-FEA-001,T-FEA-001,"SRC-FEA-TUTOR-003, SRC-FEA-Q-CASE-001",outputs/anki_builds/full_expansion_20260521_003052/topics/by_topic/T-FEA-001/topic_qa_cards.md,T-FEA-001 最终人工可读卡片,,,keep,卡片专注社会可行性，和技术可行性卡互补。,ruankao ruankao::family::topic_qa ruankao::card_type::关键词识别卡 ruankao::importance:: ruankao::exam_use::案例分析 ruankao::topic::T-FEA-001,sha256:0a0e61d03fad606a37be0774
软考::系统集成项目管理工程师,Basic,可行性研究是否只需要论证收益，不需要论证风险？,不是。可行性研究应评价风险因素并提出对策，为项目全过程风险管理提供依据。,"- 理解：可研阶段的风险分析是""是否值得立项""的前置判断，不是执行阶段风险管理的全部替代品。<br>- 题干信号：供应商退出、许可无法取得、关键技术不成熟、市场或财务不确定。<br>- 来源：SRC-FEA-TUTOR-003。",topic_qa,陷阱卡,,,,,案例分析,,,,T-FEA-001,T-FEA-001,"SRC-FEA-TUTOR-003, SRC-FEA-Q-CASE-001",outputs/anki_builds/full_expansion_20260521_003052/topics/by_topic/T-FEA-001/topic_qa_cards.md,T-FEA-001 最终人工可读卡片,,,keep,它纠正一个高频误解，Back 很短。,ruankao ruankao::family::topic_qa ruankao::card_type::陷阱卡 ruankao::importance:: ruankao::exam_use::案例分析 ruankao::topic::T-FEA-001,sha256:b042cf0eb61003141dceeee2
软考::系统集成项目管理工程师,Basic,可行性研究是不是项目管理计划？,不是。可行性研究服务于立项前决策；项目管理计划服务于项目批准后的执行、监控和控制。,"- 题干信号：问""值不值得投资、能不能建设""偏可研；问""如何执行、监控、控制""偏项目管理计划。<br>- 关联：T-FEA-001；T-INT-002。<br>- 来源：SRC-FEA-TUTOR-003。",topic_qa,辨析卡,,,,,跨域辨析,,,,T-FEA-001,T-FEA-001,"SRC-FEA-TUTOR-003, SRC-FEA-IDX-001",outputs/anki_builds/full_expansion_20260521_003052/topics/by_topic/T-FEA-001/topic_qa_cards.md,T-FEA-001 最终人工可读卡片,,"T-FEA-001,T-INT-002",keep,"风格接近 EVM 样例中的""EV 是否等于 AC""，短、准、有坑点。",ruankao ruankao::family::topic_qa ruankao::card_type::辨析卡 ruankao::importance:: ruankao::exam_use::跨域辨析 ruankao::topic::T-FEA-001,sha256:7109e78f6297befc6fafba1d
软考::系统集成项目管理工程师,Basic,可研报告内容相对项目建议书批复发生重大变更时，应优先想到什么处理？,应重新报批项目建议书。,- 理解：项目建议书批复是后续可研和建设的依据，重大偏离不能只在后续文件里悄悄调整。<br>- 易错点：少量调整可说明；重大变更要回到上一级依据重新报批。<br>- 来源：SRC-FEA-TUTOR-007。,topic_qa,陷阱卡,,,,,上午选择,,,,T-FEA-001,T-FEA-001,SRC-FEA-TUTOR-007,outputs/anki_builds/full_expansion_20260521_003052/topics/by_topic/T-FEA-001/topic_qa_cards.md,T-FEA-001 最终人工可读卡片,,,keep,未写具体数字，规避法规数字核验风险，同时保留考试判断规则。,ruankao ruankao::family::topic_qa ruankao::card_type::陷阱卡 ruankao::importance:: ruankao::exam_use::上午选择 ruankao::topic::T-FEA-001,sha256:94aab16766d7e06e6a05d34b
软考::系统集成项目管理工程师,Basic,机会研究主要回答什么问题？,有没有值得进一步关注的投资机会或项目方向。,"- 记忆线索：机会研究的关键词是""找机会""，不是详细证明方案可行。<br>- 易错点：题干问""寻找最佳投资机会""时，不要误选详细可研。<br>- 来源：SRC-FEA-TUTOR-005。",topic_qa,概念卡,,,,,上午选择,,,,T-FEA-001,T-FEA-001,SRC-FEA-TUTOR-005,outputs/anki_builds/full_expansion_20260521_003052/topics/by_topic/T-FEA-001/topic_qa_cards.md,T-FEA-001 最终人工可读卡片,,,keep,Front 和 Back 都非常短，符合黄金样例风格。,ruankao ruankao::family::topic_qa ruankao::card_type::概念卡 ruankao::importance:: ruankao::exam_use::上午选择 ruankao::topic::T-FEA-001,sha256:9f68aebb00b220e8c9779b48
软考::系统集成项目管理工程师,Basic,初步可行性研究主要回答什么问题？,项目初步看是否可行，是否值得进入更深入的详细可行性研究。,- 理解：它是机会研究和详细可研之间的中间阶段。<br>- 易错点：初步可研可以作为决策参考，但不是最完整的最终论证。<br>- 来源：SRC-FEA-TUTOR-005。,topic_qa,概念卡,,,,,上午选择,,,,T-FEA-001,T-FEA-001,SRC-FEA-TUTOR-005,outputs/anki_builds/full_expansion_20260521_003052/topics/by_topic/T-FEA-001/topic_qa_cards.md,T-FEA-001 最终人工可读卡片,,,keep,和 Card 014/016 组成递进组，但不是同义重复。,ruankao ruankao::family::topic_qa ruankao::card_type::概念卡 ruankao::importance:: ruankao::exam_use::上午选择 ruankao::topic::T-FEA-001,sha256:c896f81f614aa41674ddf8d6
软考::系统集成项目管理工程师,Basic,详细可行性研究主要回答什么问题？,项目各方面是否真正可行，并为立项决策提供确切依据。,- 理解：详细可研要全面搜集和分析资料，比较不同实现方案，并预测项目建成后的绩效。<br>- 题干信号：全面分析、方案综合评判、立项决策确切依据。<br>- 来源：SRC-FEA-TUTOR-005。,topic_qa,概念卡,,,,,上午选择,,,,T-FEA-001,T-FEA-001,SRC-FEA-TUTOR-005,outputs/anki_builds/full_expansion_20260521_003052/topics/by_topic/T-FEA-001/topic_qa_cards.md,T-FEA-001 最终人工可读卡片,,,keep,Back 稳定，Extra 只补定位信号。,ruankao ruankao::family::topic_qa ruankao::card_type::概念卡 ruankao::importance:: ruankao::exam_use::上午选择 ruankao::topic::T-FEA-001,sha256:71c2d496ebb9ac71231431e3
软考::系统集成项目管理工程师,Basic,机会研究、初步可研、详细可研的核心区别是什么？,机会研究偏发现机会；初步可研偏判断是否值得深入；详细可研偏全面论证并支撑立项决策。,- 记忆线索：机会=有没有机会；初步=要不要深入；详细=能不能决策。<br>- 易错点：三者不是并列材料，而是研究深度递进。<br>- 来源：SRC-FEA-TUTOR-005。,topic_qa,辨析卡,,,,,上午选择,,,,T-FEA-001,T-FEA-001,SRC-FEA-TUTOR-005,outputs/anki_builds/full_expansion_20260521_003052/topics/by_topic/T-FEA-001/topic_qa_cards.md,T-FEA-001 最终人工可读卡片,,,keep,这是必要的总辨析卡，与三张单概念卡形成合理冗余。,ruankao ruankao::family::topic_qa ruankao::card_type::辨析卡 ruankao::importance:: ruankao::exam_use::上午选择 ruankao::topic::T-FEA-001,sha256:49d6640db861814d881c7810
软考::系统集成项目管理工程师,Basic,初步可行性研究通常可能得出哪四类结论？,立即上马；转入详细可研；开展专题研究；否定项目、项目下马。,- 理解：初步可研的价值在于分流，不是所有项目都自动进入详细可研。<br>- 题干信号：肯定上马、深入研究、原型验证关键技术、否定项目。<br>- 来源：SRC-FEA-TUTOR-005。,topic_qa,流程卡,,,,,上午选择,,,,T-FEA-001,T-FEA-001,"SRC-FEA-TUTOR-005, SRC-FEA-Q-041",outputs/anki_builds/full_expansion_20260521_003052/topics/by_topic/T-FEA-001/topic_qa_cards.md,T-FEA-001 最终人工可读卡片,,,keep,是四项枚举，但正好是稳定考点，未扩成大段。,ruankao ruankao::family::topic_qa ruankao::card_type::流程卡 ruankao::importance:: ruankao::exam_use::上午选择 ruankao::topic::T-FEA-001,sha256:589a6365f4522a3e57d99835
软考::系统集成项目管理工程师,Basic,可研报告从编制到批复的大致链路是什么？,依据项目建议书批复编制可研报告 → 报送项目审批部门 → 委托有资格机构评估 → 审核批复。,- 易错点：评估通常在审批批复前起把关作用，不是项目完成后的复盘。<br>- 题干信号：建议书批复、可研报告、咨询机构评估、审核批复。<br>- 来源：SRC-FEA-TUTOR-006。,topic_qa,流程卡,,,,,上午选择,,,,T-FEA-001,T-FEA-001,"SRC-FEA-TUTOR-006, SRC-FEA-Q-031",outputs/anki_builds/full_expansion_20260521_003052/topics/by_topic/T-FEA-001/topic_qa_cards.md,T-FEA-001 最终人工可读卡片,,,keep,流程短，能直接用于电子政务立项题。,ruankao ruankao::family::topic_qa ruankao::card_type::流程卡 ruankao::importance:: ruankao::exam_use::上午选择 ruankao::topic::T-FEA-001,sha256:33b563a68548564bfc175899
软考::系统集成项目管理工程师,Basic,项目评估在立项管理中的核心作用是什么？,审查可行性研究的可靠性、真实性和客观性，为贷款或审批决策提供依据。,- 理解：评估不是重复写一份可研，而是站在外部或第三方角度把关。<br>- 题干信号：第三方、审查、评价、客观性、审批决策依据。<br>- 来源：SRC-FEA-TUTOR-006。,topic_qa,概念卡,,,,,上午选择,,,,T-FEA-001,T-FEA-001,SRC-FEA-TUTOR-006,outputs/anki_builds/full_expansion_20260521_003052/topics/by_topic/T-FEA-001/topic_qa_cards.md,T-FEA-001 最终人工可读卡片,,,keep,Back 贴合教程关键词，Extra 给出做题信号。,ruankao ruankao::family::topic_qa ruankao::card_type::概念卡 ruankao::importance:: ruankao::exam_use::上午选择 ruankao::topic::T-FEA-001,sha256:a8875e2056bcfec31666ead7
软考::系统集成项目管理工程师,Basic,项目论证 vs 项目评估的核心区别是什么？,项目论证偏证明项目方案是否可行；项目评估偏独立审查论证或可研结论是否可信、是否值得批准。,"- 记忆线索：论证是""我证明项目可行""；评估是""别人审查你说得靠不靠谱""。<br>- 题干信号：内部分析、方案可行多指论证；第三方、审查、把关多指评估。<br>- 来源：SRC-FEA-TOPIC-005。",topic_qa,辨析卡,,,,,跨域辨析,,,,T-FEA-001,T-FEA-001,"SRC-FEA-TOPIC-005, SRC-FEA-IDX-001",outputs/anki_builds/full_expansion_20260521_003052/topics/by_topic/T-FEA-001/topic_qa_cards.md,T-FEA-001 最终人工可读卡片,,,keep,虽然教程本段主要展开评估，但专题和索引支持这个软考辨析。,ruankao ruankao::family::topic_qa ruankao::card_type::辨析卡 ruankao::importance:: ruankao::exam_use::跨域辨析 ruankao::topic::T-FEA-001,sha256:bb3a361e73da9da2f7611515
软考::系统集成项目管理工程师,Basic,多方案择优和项目取舍时，为什么项目评估报告比可研报告更像决策依据？,可研报告主要提供方案比较和可行性分析；项目评估报告对方案进行审查评价，更直接服务取舍决策。,"- 易错点：看到""可行性研究""不要自动选可研报告；题干若强调""择优、取舍、保证决策科学性""，更可能是评估报告。<br>- 来源：SRC-FEA-Q-032。",topic_qa,陷阱卡,,,,,上午选择,,,,T-FEA-001,T-FEA-001,SRC-FEA-Q-032,outputs/anki_builds/full_expansion_20260521_003052/topics/by_topic/T-FEA-001/topic_qa_cards.md,T-FEA-001 最终人工可读卡片,,,keep,来自真题解析，能修正一个非常具体的错选。,ruankao ruankao::family::topic_qa ruankao::card_type::陷阱卡 ruankao::importance:: ruankao::exam_use::上午选择 ruankao::topic::T-FEA-001,sha256:8f896a276a68becc872fee6f
软考::系统集成项目管理工程师,Basic,"题干出现哪些信号时，应优先想到""可行性研究""？",是否值得投资、技术/财务/组织/经济/社会条件、方案比较、投资估算、效益分析、风险对策。,"- 理解：可研的中心是""立项前判断""，不是""执行中怎么管""。<br>- 反例：正式授权项目经理、整合各分计划，更像项目章程或项目管理计划。<br>- 来源：SRC-FEA-TUTOR-003。",topic_qa,关键词识别卡,,,,,题干信号,,,,T-FEA-001,T-FEA-001,"SRC-FEA-TUTOR-003, SRC-FEA-Q-CASE-001",outputs/anki_builds/full_expansion_20260521_003052/topics/by_topic/T-FEA-001/topic_qa_cards.md,T-FEA-001 最终人工可读卡片,,,keep,它直接服务做题定位，Extra 没有套模板。,ruankao ruankao::family::topic_qa ruankao::card_type::关键词识别卡 ruankao::importance:: ruankao::exam_use::题干信号 ruankao::topic::T-FEA-001,sha256:9902f806bfdbce78035f7ca5
软考::系统集成项目管理工程师,Basic,"题干出现哪些信号时，应优先想到""项目评估""？",第三方或上级机构、审查可研结论、评价可靠性/真实性/客观性、为审批或贷款决策提供依据。,- 易错点：评估不是项目结束后的总结会议；本专题中的评估发生在投资前期决策管理中。<br>- 来源：SRC-FEA-TUTOR-006。,topic_qa,关键词识别卡,,,,,题干信号,,,,T-FEA-001,T-FEA-001,SRC-FEA-TUTOR-006,outputs/anki_builds/full_expansion_20260521_003052/topics/by_topic/T-FEA-001/topic_qa_cards.md,T-FEA-001 最终人工可读卡片,,,keep,"它和 Card 020 形成""定义 + 信号""双角度，不是重复。",ruankao ruankao::family::topic_qa ruankao::card_type::关键词识别卡 ruankao::importance:: ruankao::exam_use::题干信号 ruankao::topic::T-FEA-001,sha256:9cbfcd6770a84e2c489a2980
软考::系统集成项目管理工程师,Basic,立项不足类案例通常从哪些角度分析问题？,可研不充分、技术方案未验证、组织和运行环境不足、法律/社会条件未核实、风险识别与对策不足。,"- 答题提醒：不要只写""立项不规范""，要把案例事实翻译成具体可行性维度。<br>- 例子：新技术无经验=技术可行性不足；无线频段许可缺失=社会/法律条件不足；供应商退出=风险对策不足。<br>- 来源：SRC-FEA-Q-CASE-001。",topic_qa,案例模板卡,,,,,下午案例,,,,T-FEA-001,T-FEA-001,SRC-FEA-Q-CASE-001,outputs/anki_builds/full_expansion_20260521_003052/topics/by_topic/T-FEA-001/topic_qa_cards.md,T-FEA-001 最终人工可读卡片,,,keep,它是下午题框架卡，不追求死背教程句子。,ruankao ruankao::family::topic_qa ruankao::card_type::案例模板卡 ruankao::importance:: ruankao::exam_use::下午案例 ruankao::topic::T-FEA-001,sha256:bf0c1d7cfe37ea049211411e
软考::系统集成项目管理工程师,Basic,"案例题问""进行项目可行性研究的主要步骤""时，可以按什么顺序答？",初步可行性研究 → 详细可行性研究 → 项目综合论证 → 项目可行性评估 → 可研报告编写、提交和获得批准。,"- 理解：这是一种案例题答题口径，重在写出从研究、论证、评估到报告审批的链条。<br>- 易错点：不要只答""技术、经济、社会""等内容维度；题目问的是步骤。<br>- 来源：SRC-FEA-Q-CASE-001。",topic_qa,流程卡,,,,,下午案例,,,,T-FEA-001,T-FEA-001,SRC-FEA-Q-CASE-001,outputs/anki_builds/full_expansion_20260521_003052/topics/by_topic/T-FEA-001/topic_qa_cards.md,T-FEA-001 最终人工可读卡片,,,keep,题目原答案边界稳定，适合作为案例流程卡。,ruankao ruankao::family::topic_qa ruankao::card_type::流程卡 ruankao::importance:: ruankao::exam_use::下午案例 ruankao::topic::T-FEA-001,sha256:a503e2cd1be4e5ba1439917a
软考::系统集成项目管理工程师,Basic,投资回收期在项目经济评价中的基本判断规则是什么？,投资回收期越短，项目经济性越好。基准回收期以内的项目可行，超出基准则不可行。,"- 理解：它回答""多久能回本""，是经济可行性分析的辅助指标，不反映回收期后的收益。<br>- 易错点：静态投资回收期不考虑资金时间价值；动态回收期考虑折现因素。选择题可能区分两者。<br>- 题干信号：几年收回投资、投资回收期限、回收期分析。<br>- 关联：T-FEA-001。<br>- 来源：SRC-FEA-TUTOR-003。",topic_qa,概念卡,,,,,上午选择,,,,T-FEA-001,T-FEA-001,SRC-FEA-TUTOR-003,outputs/anki_builds/full_expansion_20260521_003052/topics/by_topic/T-FEA-001/topic_qa_cards.md,T-FEA-001 最终人工可读卡片,,T-FEA-001,keep,投资回收期是经济评价常考点，Front 问判断规则而非定义，避免与 Card 006 的经济可行性重叠。,ruankao ruankao::family::topic_qa ruankao::card_type::概念卡 ruankao::importance:: ruankao::exam_use::上午选择 ruankao::topic::T-FEA-001,sha256:32795e342c2c7fdd473fbd7b
软考::系统集成项目管理工程师,Basic,净现值（NPV）在项目经济评价中的判断规则是什么？,NPV ≥ 0，项目在经济上可行；NPV < 0，项目不可行。NPV 越大，经济效益越好。,- 理解：NPV 将各年净现金流量按基准收益率折现到初期，反映项目超额收益的现值。<br>- 易错点：NPV ≥ 0 才可行（不是 > 0）；NPV 与 IRR 需结合使用，不是二选一。<br>- 题干信号：净现值、NPV、折现率、基准收益率、经济评价指标。<br>- 关联：T-FEA-001。<br>- 来源：SRC-FEA-TUTOR-003。,topic_qa,概念卡,,,,,上午选择,,,,T-FEA-001,T-FEA-001,SRC-FEA-TUTOR-003,outputs/anki_builds/full_expansion_20260521_003052/topics/by_topic/T-FEA-001/topic_qa_cards.md,T-FEA-001 最终人工可读卡片,,T-FEA-001,keep,NPV 是上午选择高频考点，Front 问判断规则，Back 简短可答。,ruankao ruankao::family::topic_qa ruankao::card_type::概念卡 ruankao::importance:: ruankao::exam_use::上午选择 ruankao::topic::T-FEA-001,sha256:dfa07cde9c0fc136e40820a4
软考::系统集成项目管理工程师,Basic,招标采购与立项管理的先后关系是什么？,项目建议书和可行性研究报告获批后，方可进行招标。立项审批完成之前不宜启动招标程序。,"- 理解：立项解决""要不要做""，招标解决""谁来做""。未经立项批准即招标属于管理流程跳步。<br>- 易错点：不意味着招标一定在项目启动之后——政府项目中立项获批后即可招标选定承建方，但立项本身必须完成审批。<br>- 题干信号：先招标再立项、边可研边招标、""三边""问题（边可研、边设计、边施工）。<br>- 关联：T-FEA-001；T-PROC-012 采购管理。<br>- 来源：SRC-FEA-TUTOR-006。",topic_qa,辨析卡,,,,,上午选择,,,,T-FEA-001,T-FEA-001,SRC-FEA-TUTOR-006,outputs/anki_builds/full_expansion_20260521_003052/topics/by_topic/T-FEA-001/topic_qa_cards.md,T-FEA-001 最终人工可读卡片,,"T-FEA-001,T-PROC-012",keep,"补充立项与招标的边界关系，Extra 给出的""三边""信号词对案例题识别很有用。",ruankao ruankao::family::topic_qa ruankao::card_type::辨析卡 ruankao::importance:: ruankao::exam_use::上午选择 ruankao::topic::T-FEA-001,sha256:994bda3922520e62bde603d9
软考::系统集成项目管理工程师,Basic,项目论证的七步法流程依次是什么？,① 明确目标和范围 → ② 调查研究收集资料 → ③ 设计备选方案 → ④ 方案评估比较 → ⑤ 推荐最优方案 → ⑥ 编写论证报告 → ⑦ 审查与批准。,"- 记忆线索：目标→调研→设计→评估→推荐→报告→审批。<br>- 易错点：步骤⑦""审查与批准""指内部论证评审，不是项目评估（外部第三方评审），不要混淆。<br>- 题干信号：论证步骤、论证流程、方案评估比较过程。<br>- 关联：T-FEA-001。<br>- 来源：SRC-FEA-TUTOR-005。",topic_qa,流程卡,,,,,上午选择,,,,T-FEA-001,T-FEA-001,SRC-FEA-TUTOR-005,outputs/anki_builds/full_expansion_20260521_003052/topics/by_topic/T-FEA-001/topic_qa_cards.md,T-FEA-001 最终人工可读卡片,,T-FEA-001,keep,七步法是上午选择潜在考点，七步有限，记忆链清晰，适合枚举记忆卡。,ruankao ruankao::family::topic_qa ruankao::card_type::流程卡 ruankao::importance:: ruankao::exam_use::上午选择 ruankao::topic::T-FEA-001,sha256:749994b9b7940d1589700008
软考::系统集成项目管理工程师,Basic,什么条件下项目可以直接进入详细可行性研究而跳过初步可行性研究？,当机会研究已提供足够数据、项目投资方向明确，或高层已有基本决策意向时，可直接进入详细可研。,"- 理解：初步可研是可选阶段，不是必经阶段；三级可研不是必须逐级走完的。<br>- 易错点：初步可研不是必选项——如果已有足够判断依据，可以跳过。题干说""未做初步可研""不一定是管理错误。<br>- 题干信号：跳过初步可研、直接进入详细可研、""不再做初步可研""判断正误。<br>- 关联：T-FEA-001。<br>- 来源：SRC-FEA-TUTOR-005。",topic_qa,辨析卡,,,,,上午选择,,,,T-FEA-001,T-FEA-001,SRC-FEA-TUTOR-005,outputs/anki_builds/full_expansion_20260521_003052/topics/by_topic/T-FEA-001/topic_qa_cards.md,T-FEA-001 最终人工可读卡片,,T-FEA-001,keep,"补充三级可研的触发条件辨析，弥补原有卡片只讲三级递进而缺乏""可跳过""边界的问题。",ruankao ruankao::family::topic_qa ruankao::card_type::辨析卡 ruankao::importance:: ruankao::exam_use::上午选择 ruankao::topic::T-FEA-001,sha256:cd292626182197a3b1e90922
软考::系统集成项目管理工程师,Basic,项目立项审批环节中，审批部门主要依据哪些文件做出项目上马/下马决策？,主要依据可行性研究报告（含论证结论）和项目评估报告（第三方独立审查意见）。项目建议书批复是前置条件。,- 理解：审批决策看三份材料：建议书批复（已走完的前端文件）+ 可研报告（项目自证）+ 评估报告（第三方把关）。<br>- 易错点：立项审批的直接输入是可研报告+评估报告，不是项目建议书（建议书是立项申请的开始，不是决策依据的终点）。<br>- 题干信号：审批决策、立项批复、项目能否上马、投资决策依据。<br>- 关联：T-FEA-001。<br>- 来源：SRC-FEA-TUTOR-006。,topic_qa,流程卡,,,,,上午选择,,,,T-FEA-001,T-FEA-001,SRC-FEA-TUTOR-006,outputs/anki_builds/full_expansion_20260521_003052/topics/by_topic/T-FEA-001/topic_qa_cards.md,T-FEA-001 最终人工可读卡片,,T-FEA-001,keep,"准确梳理了审批决策的文件层次，Front 限定""主要依据""，Back 不冗余。",ruankao ruankao::family::topic_qa ruankao::card_type::流程卡 ruankao::importance:: ruankao::exam_use::上午选择 ruankao::topic::T-FEA-001,sha256:961b1d6feaeaa1774f2b3f05
软考::系统集成项目管理工程师,Basic,RACI 矩阵中 R、A、C、I 分别代表什么？,R=负责执行（Responsible，可多人）；A=最终批准（Accountable，唯一）；C=需要咨询（Consult，双向）；I=需要知会（Inform，单向）。,"- 理解/记忆线索：""干活的是 R，拍板的是 A，问意见的是 C，知会一声的是 I""。<br>- 易错点：误以为 A 也可以有多个——每个任务必须只有一个 A。<br>- 题干信号：""RACI""、""谁负责谁批准""、""责任分配""。<br>- 关联：T-HR-001。<br>- 来源：SRC-HR-TUTOR-001。",topic_qa,概念理解卡,,,,,上午选择,,,,T-HR-001,T-HR-001,SRC-HR-TUTOR-001,outputs/anki_builds/full_expansion_20260521_003052/topics/by_topic/T-HR-001/topic_qa_cards.md,T-HR-001 项目人力资源管理 — 专题 QA 卡片,,T-HR-001,keep,,ruankao ruankao::family::topic_qa ruankao::card_type::概念理解卡 ruankao::importance:: ruankao::exam_use::上午选择 ruankao::topic::T-HR-001,sha256:4142936aa782324926e1a6db
软考::系统集成项目管理工程师,Basic,RACI 矩阵中，每个活动可以有多少个 A（Accountable）？,有且只能有一个 A。确保问责的单一性。,"- 理解/记忆线索：只有一个""老板""能最终拍板，多人批准会导致责任推诿。<br>- 易错点：R 可以有多人，但 A 必须唯一。选择题常设""每个活动可以有多个 A""作为错误选项。<br>- 题干信号：""必须唯一""、""最终责任人""、""批准人""。<br>- 关联：T-HR-001。<br>- 来源：SRC-HR-TUTOR-001。",topic_qa,陷阱卡,,,,,上午选择,,,,T-HR-001,T-HR-001,SRC-HR-TUTOR-001,outputs/anki_builds/full_expansion_20260521_003052/topics/by_topic/T-HR-001/topic_qa_cards.md,T-HR-001 项目人力资源管理 — 专题 QA 卡片,,T-HR-001,keep,高频陷阱。,ruankao ruankao::family::topic_qa ruankao::card_type::陷阱卡 ruankao::importance:: ruankao::exam_use::上午选择 ruankao::topic::T-HR-001,sha256:0b3c69d5465f59d63734a08d
软考::系统集成项目管理工程师,Basic,RAM 和 RACI 的关系是什么？,RAM（责任分配矩阵）是通用工具，RACI 是 RAM 的一种具体形式（用 R/A/C/I 四角色细化责任分配）。,"- 理解/记忆线索：RAM 是""谁做什么""的大类，RACI 是 RAM 中最常用的一种模板。<br>- 易错点：认为 RAM 和 RACI 是完全不同的工具——RACI 只是 RAM 的一种实现方式。<br>- 题干信号：""RAM vs RACI""、""责任分配工具""。<br>- 关联：T-HR-001。<br>- 来源：SRC-HR-TUTOR-001。",topic_qa,辨析卡,,,,,跨域辨析,,,,T-HR-001,T-HR-001,SRC-HR-TUTOR-001,outputs/anki_builds/full_expansion_20260521_003052/topics/by_topic/T-HR-001/topic_qa_cards.md,T-HR-001 项目人力资源管理 — 专题 QA 卡片,,T-HR-001,keep,,ruankao ruankao::family::topic_qa ruankao::card_type::辨析卡 ruankao::importance:: ruankao::exam_use::跨域辨析 ruankao::topic::T-HR-001,sha256:e07761f1db70dba01ea8ea5c
软考::系统集成项目管理工程师,Basic,OBS（组织分解结构）的作用是什么？,"将组织按部门或团队分解，展示各单元负责的工作包，明确""组织如何分工""。","- 理解/记忆线索：OBS 是""组织架构版的 WBS""——WBS 分解工作，OBS 分解组织。<br>- 易错点：混淆 OBS 和 RAM——OBS 展示组织结构与工作包的对应，RAM 细化到具体角色责任。<br>- 题干信号：""组织分解""、""部门分工""、""汇报关系""。<br>- 关联：T-HR-001。<br>- 来源：SRC-HR-TUTOR-001。",topic_qa,概念理解卡,,,,,上午选择,,,,T-HR-001,T-HR-001,SRC-HR-TUTOR-001,outputs/anki_builds/full_expansion_20260521_003052/topics/by_topic/T-HR-001/topic_qa_cards.md,T-HR-001 项目人力资源管理 — 专题 QA 卡片,,T-HR-001,keep,,ruankao ruankao::family::topic_qa ruankao::card_type::概念理解卡 ruankao::importance:: ruankao::exam_use::上午选择 ruankao::topic::T-HR-001,sha256:a62d2ba888fc31c4ddd18054
软考::系统集成项目管理工程师,Basic,塔克曼团队发展五阶段的顺序是什么？,形成期（Forming）→ 震荡期（Storming）→ 规范期（Norming）→ 成熟期（Performing）→ 解散期（Adjourning）。,"- 理解/记忆线索：记忆口诀""形成-震荡-规范-成熟-解散""，注意震荡期不是最后一个有冲突的阶段。<br>- 易错点：混淆震荡期和规范期的顺序——先冲突（震荡）后建立规则（规范）。<br>- 题干信号：""团队阶段""、""成员表现""、""团队发展""。<br>- 关联：T-HR-001。<br>- 来源：SRC-HR-TUTOR-001。",topic_qa,概念理解卡,,,,,上午选择,,,,T-HR-001,T-HR-001,SRC-HR-TUTOR-001,outputs/anki_builds/full_expansion_20260521_003052/topics/by_topic/T-HR-001/topic_qa_cards.md,T-HR-001 项目人力资源管理 — 专题 QA 卡片,,T-HR-001,keep,,ruankao ruankao::family::topic_qa ruankao::card_type::概念理解卡 ruankao::importance:: ruankao::exam_use::上午选择 ruankao::topic::T-HR-001,sha256:796171ca5d12f05d10d40c19
软考::系统集成项目管理工程师,Basic,团队刚组建两周，成员开始出现关于技术方案的激烈争论，有人对分配的任务表示不满。团队处于哪个阶段？,震荡期（Storming）。,"- 理解/记忆线索：关键词""激烈争论""、""不满""、""意见分歧""→ 震荡期。<br>- 易错点：误选形成期——形成期是""互相认识""阶段，冲突还未出现。<br>- 题干信号：""冲突""、""争论""、""不满""、""对立""。<br>- 关联：T-HR-001。<br>- 来源：SRC-HR-TUTOR-001。",topic_qa,场景判断卡,,,,,上午选择,,,,T-HR-001,T-HR-001,SRC-HR-TUTOR-001,outputs/anki_builds/full_expansion_20260521_003052/topics/by_topic/T-HR-001/topic_qa_cards.md,T-HR-001 项目人力资源管理 — 专题 QA 卡片,,T-HR-001,keep,,ruankao ruankao::family::topic_qa ruankao::card_type::场景判断卡 ruankao::importance:: ruankao::exam_use::上午选择 ruankao::topic::T-HR-001,sha256:3c88c86c95e23584ea512401
软考::系统集成项目管理工程师,Basic,团队成员已经形成了共同的工作方式和默契，能够高效协作完成任务。团队处于哪个阶段？,规范期（Norming）或成熟期（Performing）。规范期开始形成默契，成熟期达到高度自治。,"- 理解/记忆线索：判断关键：是否还需要项目经理指导？需要指导→规范期；高度自治→成熟期。<br>- 易错点：看到""高效协作""就直接判断是成熟期——规范期也开始协作，只是还不够自主。<br>- 题干信号：""共同工作方式""、""默契""、""协作高效""、""自主解决问题""。<br>- 关联：T-HR-001。<br>- 来源：SRC-HR-TUTOR-001。",topic_qa,场景判断卡,,,,,上午选择,,,,T-HR-001,T-HR-001,SRC-HR-TUTOR-001,outputs/anki_builds/full_expansion_20260521_003052/topics/by_topic/T-HR-001/topic_qa_cards.md,T-HR-001 项目人力资源管理 — 专题 QA 卡片,,T-HR-001,keep,,ruankao ruankao::family::topic_qa ruankao::card_type::场景判断卡 ruankao::importance:: ruankao::exam_use::上午选择 ruankao::topic::T-HR-001,sha256:dc06c5b540500c99a86ed0fd
软考::系统集成项目管理工程师,Basic,冲突管理的五种策略是什么？按合作程度从低到高排序。,撤退（Withdrawing）→ 缓和（Smoothing）→ 妥协（Compromising）→ 强制（Forcing）→ 合作/解决问题（Collaborating）。,"- 理解/记忆线索：撤退=走人，缓和=淡化，妥协=各让一步，强制=我赢你输，合作=双赢。<br>- 易错点：强制和合作的顺序——强制是""我赢你输""并非双赢，合作才是最高层次。<br>- 题干信号：""冲突处理""、""解决方式""、""项目经理的做法""。<br>- 关联：T-HR-001。<br>- 来源：SRC-HR-TUTOR-001。",topic_qa,概念理解卡,,,,,上午选择,,,,T-HR-001,T-HR-001,SRC-HR-TUTOR-001,outputs/anki_builds/full_expansion_20260521_003052/topics/by_topic/T-HR-001/topic_qa_cards.md,T-HR-001 项目人力资源管理 — 专题 QA 卡片,,T-HR-001,keep,,ruankao ruankao::family::topic_qa ruankao::card_type::概念理解卡 ruankao::importance:: ruankao::exam_use::上午选择 ruankao::topic::T-HR-001,sha256:96b16f3e7a6c89ba2509bb8d
软考::系统集成项目管理工程师,Basic,两名开发人员技术方案有严重分歧，项目经理组织深入评审会，让双方充分表达观点，共同寻找最优方案。这是什么冲突策略？,合作/解决问题（Collaborating/Problem-Solving）。,"- 理解/记忆线索：""充分表达""+""共同寻找最优方案""= 双赢的合作策略。<br>- 易错点：误选妥协——妥协是双方各让一步，不是共同寻求最优解。<br>- 题干信号：""共同寻找""、""双赢""、""深入讨论""、""最佳方案""。<br>- 关联：T-HR-001。<br>- 来源：SRC-HR-TUTOR-001。",topic_qa,场景判断卡,,,,,上午选择,,,,T-HR-001,T-HR-001,SRC-HR-TUTOR-001,outputs/anki_builds/full_expansion_20260521_003052/topics/by_topic/T-HR-001/topic_qa_cards.md,T-HR-001 项目人力资源管理 — 专题 QA 卡片,,T-HR-001,keep,,ruankao ruankao::family::topic_qa ruankao::card_type::场景判断卡 ruankao::importance:: ruankao::exam_use::上午选择 ruankao::topic::T-HR-001,sha256:9827fdd13716e5afa376f6a1
软考::系统集成项目管理工程师,Basic,两人发生冲突，项目经理让双方先冷静一下，暂时不处理。这是什么策略？,撤退（Withdrawing）/回避。,"- 理解/记忆线索：""先冷静一下"" = 暂时撤退，不是解决问题，只是延缓。<br>- 易错点：误选缓和——缓和是""强调共同点淡化分歧""，撤退是""不处理、回避""。<br>- 题干信号：""暂时不处理""、""回避""、""冷处理""、""放一放""。<br>- 关联：T-HR-001。<br>- 来源：SRC-HR-TUTOR-001。",topic_qa,场景判断卡,,,,,上午选择,,,,T-HR-001,T-HR-001,SRC-HR-TUTOR-001,outputs/anki_builds/full_expansion_20260521_003052/topics/by_topic/T-HR-001/topic_qa_cards.md,T-HR-001 项目人力资源管理 — 专题 QA 卡片,,T-HR-001,keep,,ruankao ruankao::family::topic_qa ruankao::card_type::场景判断卡 ruankao::importance:: ruankao::exam_use::上午选择 ruankao::topic::T-HR-001,sha256:7eaf245c277508b1db23ea4d
软考::系统集成项目管理工程师,Basic,马斯洛需求层次理论从低到高是哪五个层次？,生理需求 → 安全需求 → 社交需求 → 尊重需求 → 自我实现需求。,"- 理解/记忆线索：记忆口诀""生安社尊自""——低级满足后才能追求高级。<br>- 易错点：注意尊重需求在社交之上、自我实现之下；生理不是""吃饭""而是""生存基本条件""。<br>- 题干信号：""马斯洛""、""需求层次""、""低级/高级需求""。<br>- 关联：T-HR-001。<br>- 来源：SRC-HR-TUTOR-001。",topic_qa,概念理解卡,,,,,上午选择,,,,T-HR-001,T-HR-001,SRC-HR-TUTOR-001,outputs/anki_builds/full_expansion_20260521_003052/topics/by_topic/T-HR-001/topic_qa_cards.md,T-HR-001 项目人力资源管理 — 专题 QA 卡片,,T-HR-001,keep,,ruankao ruankao::family::topic_qa ruankao::card_type::概念理解卡 ruankao::importance:: ruankao::exam_use::上午选择 ruankao::topic::T-HR-001,sha256:96fa3a10497d96000caabb4b
软考::系统集成项目管理工程师,Basic,赫兹伯格双因素理论中，保健因素和激励因素的核心区别是什么？,保健因素（如工资、工作条件）不满足会导致不满，但满足也不产生激励；激励因素（如成就感、认可）满足能产生持续激励。,"- 理解/记忆线索：涨工资只是""不让你不满""，给挑战才是""让你满意""。<br>- 易错点：误认为涨工资能激励团队——根据赫兹伯格，工资是保健因素，不涨会不满，涨了也不产生持续激励。<br>- 题干信号：""赫兹伯格""、""双因素""、""保健""、""激励""、""涨工资没用""。<br>- 关联：T-HR-001。<br>- 来源：SRC-HR-TUTOR-001。",topic_qa,辨析卡,,,,,上午选择,,,,T-HR-001,T-HR-001,SRC-HR-TUTOR-001,outputs/anki_builds/full_expansion_20260521_003052/topics/by_topic/T-HR-001/topic_qa_cards.md,T-HR-001 项目人力资源管理 — 专题 QA 卡片,,T-HR-001,keep,,ruankao ruankao::family::topic_qa ruankao::card_type::辨析卡 ruankao::importance:: ruankao::exam_use::上午选择 ruankao::topic::T-HR-001,sha256:d2b4feee3d82f68695b586ed
软考::系统集成项目管理工程师,Basic,麦格雷戈 X 理论和 Y 理论分别假设人是什么样的？,X 理论认为人天生懒惰、逃避责任、需要强制管理；Y 理论认为人天生上进、主动承担责任、可以自我管理。,"- 理解/记忆线索：X=消极（管着干），Y=积极（主动干）。<br>- 易错点：混淆 X 和 Y——题目说""项目经理应偏向哪种""→ Y 理论。<br>- 题干信号：""X 理论""、""Y 理论""、""麦格雷戈""、""人性假设""。<br>- 关联：T-HR-001。<br>- 来源：SRC-HR-TUTOR-001。",topic_qa,概念理解卡,,,,,上午选择,,,,T-HR-001,T-HR-001,SRC-HR-TUTOR-001,outputs/anki_builds/full_expansion_20260521_003052/topics/by_topic/T-HR-001/topic_qa_cards.md,T-HR-001 项目人力资源管理 — 专题 QA 卡片,,T-HR-001,keep,,ruankao ruankao::family::topic_qa ruankao::card_type::概念理解卡 ruankao::importance:: ruankao::exam_use::上午选择 ruankao::topic::T-HR-001,sha256:eeb9c535b86167c2ea08a82b
软考::系统集成项目管理工程师,Basic,项目经理给了团队成员更有挑战性的工作任务和更大的自主权，团队积极性明显提升。这符合哪种激励理论？,赫兹伯格双因素理论的激励因素——挑战性工作和成就感能产生持续激励。,"- 理解/记忆线索：给挑战 = 激励因素起作用；给钱 = 保健因素，不会产生这种效果。<br>- 易错点：误认为马斯洛需求层次——马斯洛也可以解释，但""挑战性工作""是赫兹伯格激励因素的典型例子。<br>- 题干信号：""挑战性工作""、""自主权""、""成长机会""、""积极性提升""。<br>- 关联：T-HR-001。<br>- 来源：SRC-HR-TUTOR-001。",topic_qa,场景判断卡,,,,,上午选择,,,,T-HR-001,T-HR-001,SRC-HR-TUTOR-001,outputs/anki_builds/full_expansion_20260521_003052/topics/by_topic/T-HR-001/topic_qa_cards.md,T-HR-001 项目人力资源管理 — 专题 QA 卡片,,T-HR-001,keep,,ruankao ruankao::family::topic_qa ruankao::card_type::场景判断卡 ruankao::importance:: ruankao::exam_use::上午选择 ruankao::topic::T-HR-001,sha256:50351838807c4bf4752583a2
软考::系统集成项目管理工程师,Basic,马斯洛需求层次和赫兹伯格双因素理论在管理应用中的主要区别是什么？,"马斯洛强调从低到高逐级满足；赫兹伯格强调区分""消除不满""（保健）和""创造满意""（激励）两类不同因素。","- 理解/记忆线索：马斯洛=阶梯式升级，赫兹伯格=两类因素分别管理。<br>- 易错点：认为两者互斥——实际上可以互补使用，考试只要区分各自的侧重点。<br>- 题干信号：""激励理论辨析""、""马斯洛 vs 赫兹伯格""。<br>- 关联：T-HR-001。<br>- 来源：SRC-HR-TUTOR-001。",topic_qa,辨析卡,,,,,跨域辨析,,,,T-HR-001,T-HR-001,SRC-HR-TUTOR-001,outputs/anki_builds/full_expansion_20260521_003052/topics/by_topic/T-HR-001/topic_qa_cards.md,T-HR-001 项目人力资源管理 — 专题 QA 卡片,,T-HR-001,keep,,ruankao ruankao::family::topic_qa ruankao::card_type::辨析卡 ruankao::importance:: ruankao::exam_use::跨域辨析 ruankao::topic::T-HR-001,sha256:22cd652d93699627c38cddfd
软考::系统集成项目管理工程师,Basic,人员配备管理计划通常包含哪些内容？,人员招募方式、时间安排、培训需求、奖励与认可、合规要求、安全措施。,"- 理解/记忆线索：记关键词""招时培奖合规安""——招聘、时间、培训、奖励、合规、安全。<br>- 易错点：不要把人员配备管理计划和资源日历混淆——计划是""怎么配人""，日历是""什么时候可用""。<br>- 题干信号：""人员配备""、""人力资源计划""、""招募安排""。<br>- 关联：T-HR-001。<br>- 来源：SRC-HR-TUTOR-001。",topic_qa,概念理解卡,,,,,上午选择,,,,T-HR-001,T-HR-001,SRC-HR-TUTOR-001,outputs/anki_builds/full_expansion_20260521_003052/topics/by_topic/T-HR-001/topic_qa_cards.md,T-HR-001 项目人力资源管理 — 专题 QA 卡片,,T-HR-001,keep,,ruankao ruankao::family::topic_qa ruankao::card_type::概念理解卡 ruankao::importance:: ruankao::exam_use::上午选择 ruankao::topic::T-HR-001,sha256:2eb30fd740c842940b6752f2
软考::系统集成项目管理工程师,Basic,虚拟团队的主要管理挑战是什么？,缺乏面对面交流导致沟通不畅、信任建立困难、文化差异、团队凝聚力不足、绩效监控困难。,"- 理解/记忆线索：虚拟团队的核心问题是""看不见摸不着""带来的沟通和信任挑战。<br>- 易错点：认为虚拟团队只需要技术工具就能解决问题——需要主动的沟通计划和团队建设。<br>- 题干信号：""远程团队""、""分布式""、""虚拟团队""、""跨地域""。<br>- 关联：T-HR-001。<br>- 来源：SRC-HR-TUTOR-001。",topic_qa,概念理解卡,,,,,上午选择,,,,T-HR-001,T-HR-001,SRC-HR-TUTOR-001,outputs/anki_builds/full_expansion_20260521_003052/topics/by_topic/T-HR-001/topic_qa_cards.md,T-HR-001 项目人力资源管理 — 专题 QA 卡片,,T-HR-001,keep,,ruankao ruankao::family::topic_qa ruankao::card_type::概念理解卡 ruankao::importance:: ruankao::exam_use::上午选择 ruankao::topic::T-HR-001,sha256:7a45ec5770249c410366c98e
软考::系统集成项目管理工程师,Basic,团队建设活动的主要目的是什么？,提高团队成员之间的协作能力、信任感和凝聚力，从而提升团队整体绩效。,"- 理解/记忆线索：团建不是""出去玩""，而是系统性地提升团队协作水平。<br>- 易错点：认为团建只是""搞好关系""——最终目标是提升项目绩效。<br>- 题干信号：""团队建设""、""凝聚力""、""协作""、""培训""。<br>- 关联：T-HR-001。<br>- 来源：SRC-HR-TUTOR-001。",topic_qa,概念理解卡,,,,,上午选择,,,,T-HR-001,T-HR-001,SRC-HR-TUTOR-001,outputs/anki_builds/full_expansion_20260521_003052/topics/by_topic/T-HR-001/topic_qa_cards.md,T-HR-001 项目人力资源管理 — 专题 QA 卡片,,T-HR-001,keep,,ruankao ruankao::family::topic_qa ruankao::card_type::概念理解卡 ruankao::importance:: ruankao::exam_use::上午选择 ruankao::topic::T-HR-001,sha256:49502e29b0bb9d465f92558a
软考::系统集成项目管理工程师,Basic,"案例中核心骨干因与同事长期不和而提出离职，项目经理劝说""以大局为重""。这使用了什么冲突管理策略？是否正确？",缓和（Smoothing）策略，强调共识淡化分歧。但这不是根本解决方案，无法解决冲突根源。,"- 理解/记忆线索：""以大局为重""是典型的缓和说法——维持表面和谐，不解决根本问题。<br>- 易错点：误认为这是""合作/解决问题""——合作需要深入分析根源，不是劝人忍让。<br>- 题干信号：""以大局为重""、""和为贵""、""不要计较""。<br>- 关联：T-HR-001。<br>- 来源：SRC-HR-TUTOR-001, SRC-HR-Q-CASE-001。",topic_qa,场景判断卡,,,,,案例分析,,,,T-HR-001,T-HR-001,"SRC-HR-TUTOR-001, SRC-HR-Q-CASE-001",outputs/anki_builds/full_expansion_20260521_003052/topics/by_topic/T-HR-001/topic_qa_cards.md,T-HR-001 项目人力资源管理 — 专题 QA 卡片,,T-HR-001,keep,,ruankao ruankao::family::topic_qa ruankao::card_type::场景判断卡 ruankao::importance:: ruankao::exam_use::案例分析 ruankao::topic::T-HR-001,sha256:8e96e20279c9cc7b2f7b41fc
软考::系统集成项目管理工程师,Basic,案例中团队出现冲突、士气低、人员流失的标准分析框架是什么？,①判断团队发展阶段（是否在震荡期）；②分析冲突根源（任务/人际/流程）；③检查冲突管理策略是否恰当（是否用了缓和/回避替代合作）；④评估激励因素是否满足（保健 vs 激励）；⑤建议行动：合作解决问题+团队建设+明确沟通渠道。,"- 理解/记忆线索：五步框架：定位阶段→找根源→评策略→查激励→定行动。<br>- 易错点：不要只写""加强沟通""——必须具体到用什么策略、做什么团建、怎么调整角色。<br>- 题干信号：""冲突""、""离职""、""士气低""、""配合不好""。<br>- 关联：T-HR-001。<br>- 来源：SRC-HR-TUTOR-001, SRC-HR-Q-CASE-001。",topic_qa,案例模板卡,,,,,案例分析,,,,T-HR-001,T-HR-001,"SRC-HR-TUTOR-001, SRC-HR-Q-CASE-001",outputs/anki_builds/full_expansion_20260521_003052/topics/by_topic/T-HR-001/topic_qa_cards.md,T-HR-001 项目人力资源管理 — 专题 QA 卡片,,T-HR-001,keep,,ruankao ruankao::family::topic_qa ruankao::card_type::案例模板卡 ruankao::importance:: ruankao::exam_use::案例分析 ruankao::topic::T-HR-001,sha256:bb69f91b843977d529f97d29
软考::系统集成项目管理工程师,Basic,项目经理给团队涨了工资，但团队积极性没有明显提升。根据赫兹伯格双因素理论，原因是什么？,工资是保健因素——不涨会不满，但涨了也不会产生持续激励。需要激励因素（成就感、认可、成长）才能真正提升积极性。,"- 理解/记忆线索：涨工资 = 消除不满，不等于产生满意。<br>- 易错点：认为涨得不够多——无论涨多少，工资作为保健因素都不能产生持续激励。<br>- 题干信号：""涨工资""+""积极性没提升""、""双因素理论""。<br>- 关联：T-HR-001。<br>- 来源：SRC-HR-TUTOR-001。",topic_qa,场景判断卡,,,,,上午选择,,,,T-HR-001,T-HR-001,SRC-HR-TUTOR-001,outputs/anki_builds/full_expansion_20260521_003052/topics/by_topic/T-HR-001/topic_qa_cards.md,T-HR-001 项目人力资源管理 — 专题 QA 卡片,,T-HR-001,keep,,ruankao ruankao::family::topic_qa ruankao::card_type::场景判断卡 ruankao::importance:: ruankao::exam_use::上午选择 ruankao::topic::T-HR-001,sha256:987cb00709c5d0ac62cca3a2
软考::系统集成项目管理工程师,Basic,期望理论的核心观点是什么？,激励强度 = 期望（我能做到吗）× 效价（奖励对我有价值吗）。两者乘积决定激励效果。,"- 理解/记忆线索：即使目标很诱人（高效价），但员工认为根本达不到（低期望），激励也是零。<br>- 易错点：只关注效价而忽略期望——管理者需要同时解决""能不能""和""值不值""。<br>- 题干信号：""期望理论""、""弗鲁姆""、""努力-绩效-奖励""。<br>- 关联：T-HR-001。<br>- 来源：SRC-HR-TUTOR-001。",topic_qa,概念理解卡,,,,,上午选择,,,,T-HR-001,T-HR-001,SRC-HR-TUTOR-001,outputs/anki_builds/full_expansion_20260521_003052/topics/by_topic/T-HR-001/topic_qa_cards.md,T-HR-001 项目人力资源管理 — 专题 QA 卡片,,T-HR-001,keep,,ruankao ruankao::family::topic_qa ruankao::card_type::概念理解卡 ruankao::importance:: ruankao::exam_use::上午选择 ruankao::topic::T-HR-001,sha256:e8107c406f9af6bc60d55ce5
软考::系统集成项目管理工程师,Basic,项目经理认为团队成员必须严格监督，否则就会偷懒。这种管理方式属于什么理论？,X 理论。X 理论假设人天生懒惰、逃避责任、需要强制管理。,"- 理解/记忆线索：""不监督就偷懒"" = X 理论的人性假设。<br>- 易错点：误选 Y 理论——Y 理论假设人主动积极，恰好相反。<br>- 题干信号：""严格监督""、""不信任""、""控制""、""惩罚""。<br>- 关联：T-HR-001。<br>- 来源：SRC-HR-TUTOR-001。",topic_qa,场景判断卡,,,,,上午选择,,,,T-HR-001,T-HR-001,SRC-HR-TUTOR-001,outputs/anki_builds/full_expansion_20260521_003052/topics/by_topic/T-HR-001/topic_qa_cards.md,T-HR-001 项目人力资源管理 — 专题 QA 卡片,,T-HR-001,keep,,ruankao ruankao::family::topic_qa ruankao::card_type::场景判断卡 ruankao::importance:: ruankao::exam_use::上午选择 ruankao::topic::T-HR-001,sha256:b22cf5d953ec5960158af192
软考::系统集成项目管理工程师,Basic,WBS、OBS、RAM、RACI 四个工具之间的递进关系是什么？,"WBS 定义""做什么""（工作分解），OBS 定义""谁来做""（组织分解），RAM 交叉两者形成""谁做什么""矩阵，RACI 细化到""R/A/C/I""四角色。","- 理解/记忆线索：从""做什么""到""谁来做""到""谁负责什么""再到""具体角色""——逐步细化。<br>- 易错点：颠倒次序——必须先有 WBS 分解工作，才能分配责任。<br>- 题干信号：""WBS→OBS→RAM→RACI""、""递进关系""、""规划人力资源""。<br>- 关联：T-HR-001。<br>- 来源：SRC-HR-TUTOR-001。",topic_qa,概念理解卡,,,,,上午选择,,,,T-HR-001,T-HR-001,SRC-HR-TUTOR-001,outputs/anki_builds/full_expansion_20260521_003052/topics/by_topic/T-HR-001/topic_qa_cards.md,T-HR-001 项目人力资源管理 — 专题 QA 卡片,,T-HR-001,keep,,ruankao ruankao::family::topic_qa ruankao::card_type::概念理解卡 ruankao::importance:: ruankao::exam_use::上午选择 ruankao::topic::T-HR-001,sha256:cdfc0ee0d2c581b097e130a9
软考::系统集成项目管理工程师,Basic,"题干描述""成员之间的对立情绪在团队会议上表现得尤为突出，项目经理需要积极协调引导""应定位到塔克曼的哪个阶段？",震荡期（Storming）。特征是意见分歧、冲突出现，项目经理需要主动协调和引导。,"- 理解/记忆线索：震荡期是""多事之秋""，需要项目经理介入。<br>- 易错点：判断依据不是""有没有冲突""而是""冲突是否成为团队主旋律""——震荡期冲突最突出。<br>- 题干信号：""对立""、""争论""、""冲突明显""、""需要协调""。<br>- 关联：T-HR-001。<br>- 来源：SRC-HR-TUTOR-001。",topic_qa,关键词识别卡,,,,,上午选择,,,,T-HR-001,T-HR-001,SRC-HR-TUTOR-001,outputs/anki_builds/full_expansion_20260521_003052/topics/by_topic/T-HR-001/topic_qa_cards.md,T-HR-001 项目人力资源管理 — 专题 QA 卡片,,T-HR-001,keep,,ruankao ruankao::family::topic_qa ruankao::card_type::关键词识别卡 ruankao::importance:: ruankao::exam_use::上午选择 ruankao::topic::T-HR-001,sha256:77c6cabce5e8c9977d43a7f2
软考::系统集成项目管理工程师,Basic,"在软考中，""信息""的定义是什么？",信息是经过加工后能减少不确定性的内容。数据是信息的载体，信息是有含义的数据。,- 理解：信息 = 加工后有含义的数据。数据是原始材料，信息是成品。<br>- 易错点：不要把信息和数据等同——数据是原始事实，信息是有意义的数据。<br>- 题干信号：信息定义、减少不确定性、加工后的数据。<br>- 关联：T-INFO-001<br>- 来源：SRC-INFO-001-TUTOR,topic_qa,概念卡,,,,,上午选择,,,,T-INFO-001,T-INFO-001,SRC-INFO-001-TUTOR,outputs/anki_builds/full_expansion_20260521_003052/topics/by_topic/T-INFO-001/topic_qa_cards.md,T-INFO-001 信息化、信息系统生命周期与系统集成基础,,T-INFO-001,keep,概念基础，区分信息与数据。,ruankao ruankao::family::topic_qa ruankao::card_type::概念卡 ruankao::importance:: ruankao::exam_use::上午选择 ruankao::topic::T-INFO-001,sha256:e654a51e735780b3d27e8164
软考::系统集成项目管理工程师,Basic,信息系统的定义是什么？其核心功能模型是怎样的？,信息系统是由人、流程、数据、硬件、软件和网络构成的人机系统。核心功能模型：输入→处理→输出→反馈。,- 理解：信息系统不仅是软件，还包括人、流程、硬件等多要素，是人机系统。<br>- 易错点：不要以为信息系统=软件——它包含六个组成部分。<br>- 题干信号：信息系统定义、组成部分、人机系统、输入处理输出。<br>- 关联：T-INFO-001<br>- 来源：SRC-INFO-001-TUTOR,topic_qa,概念卡,,,,,上午选择,,,,T-INFO-001,T-INFO-001,SRC-INFO-001-TUTOR,outputs/anki_builds/full_expansion_20260521_003052/topics/by_topic/T-INFO-001/topic_qa_cards.md,T-INFO-001 信息化、信息系统生命周期与系统集成基础,,T-INFO-001,keep,信息系统概念基础卡。,ruankao ruankao::family::topic_qa ruankao::card_type::概念卡 ruankao::importance:: ruankao::exam_use::上午选择 ruankao::topic::T-INFO-001,sha256:33567bf87e161463b4bdc70d
软考::系统集成项目管理工程师,Basic,信息化的定义是什么？信息化和采购设备是同一回事吗？,信息化是利用信息技术改造组织业务流程、管理方式和社会活动的过程。信息化 ≠ 采购设备。,"- 理解：信息化是一个""过程""（如何用IT改造业务），不是""产品""（买硬件装系统）。<br>- 易错点：选择题常把""采购设备""包装成信息化——信息化是过程，不是买东西。<br>- 题干信号：信息化定义、利用IT改造、过程/活动。<br>- 关联：T-INFO-001<br>- 来源：SRC-INFO-001-TUTOR",topic_qa,概念卡,,,,,上午选择,,,,T-INFO-001,T-INFO-001,SRC-INFO-001-TUTOR,outputs/anki_builds/full_expansion_20260521_003052/topics/by_topic/T-INFO-001/topic_qa_cards.md,T-INFO-001 信息化、信息系统生命周期与系统集成基础,,T-INFO-001,keep,信息化 vs 采购设备，核心辨析。,ruankao ruankao::family::topic_qa ruankao::card_type::概念卡 ruankao::importance:: ruankao::exam_use::上午选择 ruankao::topic::T-INFO-001,sha256:75032446277a0a9f1cdc4a54
软考::系统集成项目管理工程师,Basic,信息和数据的核心区别是什么？,数据是原始记录和事实（原材料），信息是对数据进行加工后产生有意义的内容（成品）。,"- 理解：例：""35℃""是数据，""今天比昨天热5℃""是信息（有了比较才有意义）。<br>- 易错点：题目说""信息是数据的载体""——错，数据是信息的载体。<br>- 题干信号：信息vs数据、加工前后、载体关系。<br>- 关联：T-INFO-001<br>- 来源：SRC-INFO-001-TUTOR",topic_qa,辨析卡,,,,,上午选择,,,,T-INFO-001,T-INFO-001,SRC-INFO-001-TUTOR,outputs/anki_builds/full_expansion_20260521_003052/topics/by_topic/T-INFO-001/topic_qa_cards.md,T-INFO-001 信息化、信息系统生命周期与系统集成基础,,T-INFO-001,keep,辨析型，两者关系常考。,ruankao ruankao::family::topic_qa ruankao::card_type::辨析卡 ruankao::importance:: ruankao::exam_use::上午选择 ruankao::topic::T-INFO-001,sha256:142e3869eb5fe41a54fd8827
软考::系统集成项目管理工程师,Basic,信息系统和信息化有什么区别？,信息系统是具体的人机系统（产品/工具），信息化是利用信息技术改造业务的过程（活动/过程）。,"- 记忆线索：信息系统 = 你正在用的那个软件系统；信息化 = 把整个公司用IT改造一遍的过程。<br>- 易错点：题目说""企业部署了ERP = 完成了信息化""——错，部署系统只是信息化的手段之一。<br>- 题干信号：信息系统 vs 信息化、产品 vs 过程。<br>- 关联：T-INFO-001<br>- 来源：SRC-INFO-001-TUTOR",topic_qa,辨析卡,,,,,上午选择,,,,T-INFO-001,T-INFO-001,SRC-INFO-001-TUTOR,outputs/anki_builds/full_expansion_20260521_003052/topics/by_topic/T-INFO-001/topic_qa_cards.md,T-INFO-001 信息化、信息系统生命周期与系统集成基础,,T-INFO-001,keep,核心辨析，选择题高频陷阱。,ruankao ruankao::family::topic_qa ruankao::card_type::辨析卡 ruankao::importance:: ruankao::exam_use::上午选择 ruankao::topic::T-INFO-001,sha256:4c35470a23871bcedb83b18c
软考::系统集成项目管理工程师,Basic,信息系统生命周期包括哪四个阶段？,立项阶段、开发阶段、运维阶段、消亡阶段。,"- 记忆线索：""立开运维""——立项→开发→运维→消亡。<br>- 易错点：不要把""项目生命周期""的四个阶段（启动规划执行收尾）套到信息系统生命周期上。<br>- 题干信号：信息系统生命周期、信息系统从生到死、四阶段。<br>- 关联：T-INFO-001；T-PM-002<br>- 来源：SRC-INFO-001-TUTOR",topic_qa,流程卡,,,,,上午选择,,,,T-INFO-001,T-INFO-001,SRC-INFO-001-TUTOR,outputs/anki_builds/full_expansion_20260521_003052/topics/by_topic/T-INFO-001/topic_qa_cards.md,T-INFO-001 信息化、信息系统生命周期与系统集成基础,,"T-INFO-001,T-PM-002",keep,生命周期四阶段基础卡。,ruankao ruankao::family::topic_qa ruankao::card_type::流程卡 ruankao::importance:: ruankao::exam_use::上午选择 ruankao::topic::T-INFO-001,sha256:a8ccc5d00b0660c7c6e8ec9b
软考::系统集成项目管理工程师,Basic,信息系统已交付使用，后续的日常使用、数据备份、软件升级属于哪个阶段？,信息系统生命周期的运维阶段。,"- 理解：交付后、还在用、维护中→运维阶段。<br>- 易错点：不要误以为""项目交付后就结束了""——信息系统生命周期比项目生命周期长。<br>- 题干信号：日常使用、维护、升级、备份、系统运行中。<br>- 关联：T-INFO-001<br>- 来源：SRC-INFO-001-TUTOR",topic_qa,场景判断卡,,,,,上午选择,,,,T-INFO-001,T-INFO-001,SRC-INFO-001-TUTOR,outputs/anki_builds/full_expansion_20260521_003052/topics/by_topic/T-INFO-001/topic_qa_cards.md,T-INFO-001 信息化、信息系统生命周期与系统集成基础,,T-INFO-001,keep,场景判断型，归属哪个阶段。,ruankao ruankao::family::topic_qa ruankao::card_type::场景判断卡 ruankao::importance:: ruankao::exam_use::上午选择 ruankao::topic::T-INFO-001,sha256:434737cb434fa35f1fa3c7c7
软考::系统集成项目管理工程师,Basic,信息系统生命周期和项目生命周期的关系是什么？,信息系统生命周期覆盖立项→开发→运维→消亡四阶段。项目生命周期通常只覆盖立项和开发阶段（有时含运维前期）。,- 理解：项目到交付验收就结束了，但信息系统还会继续运行和使用很多年。<br>- 易错点：不要以为系统集成项目覆盖整个信息系统生命周期——项目只是系统生命周期的一部分。<br>- 题干信号：生命周期关系、项目覆盖范围、交付后。<br>- 关联：T-INFO-001；T-PM-002<br>- 来源：SRC-INFO-001-TUTOR,topic_qa,辨析卡,,,,,上午选择,,,,T-INFO-001,T-INFO-001,SRC-INFO-001-TUTOR,outputs/anki_builds/full_expansion_20260521_003052/topics/by_topic/T-INFO-001/topic_qa_cards.md,T-INFO-001 信息化、信息系统生命周期与系统集成基础,,"T-INFO-001,T-PM-002",keep,两种生命周期关系辨析，高频考点。,ruankao ruankao::family::topic_qa ruankao::card_type::辨析卡 ruankao::importance:: ruankao::exam_use::上午选择 ruankao::topic::T-INFO-001,sha256:543ccad75d28d5b21369db7d
软考::系统集成项目管理工程师,Basic,系统集成项目相比普通项目有哪些突出特点？,需求不明确、干系人多、软硬件服务组合、接口和集成点多、变更频繁。,"- 记忆线索：五大特点速记——""需求模糊、干系人多、软硬组合、接口复杂、变更频繁""。<br>- 易错点：不要漏掉""软硬件服务组合""和""接口集成点多""，这是系统集成特有的。<br>- 题干信号：系统集成特点、需求不明确、干系人多、接口。<br>- 关联：T-INFO-001<br>- 来源：SRC-INFO-001-TUTOR",topic_qa,概念卡,,,,,上午选择,,,,T-INFO-001,T-INFO-001,SRC-INFO-001-TUTOR,outputs/anki_builds/full_expansion_20260521_003052/topics/by_topic/T-INFO-001/topic_qa_cards.md,T-INFO-001 信息化、信息系统生命周期与系统集成基础,,T-INFO-001,keep,五大特点基础卡。,ruankao ruankao::family::topic_qa ruankao::card_type::概念卡 ruankao::importance:: ruankao::exam_use::上午选择 ruankao::topic::T-INFO-001,sha256:1eba5f7c951586a9a65229e0
软考::系统集成项目管理工程师,Basic,判断正误：系统集成就是把若干硬件设备采购回来堆叠在一起。,错误。系统集成是面向用户需求提供综合解决方案，核心是软件，不是硬件堆叠。,"- 理解：系统集成的本质是""软硬件整合+用户需求导向""，不是""买设备""。<br>- 易错点：""系统集成核心是软件""——记住这句话，选择题常考。<br>- 题干信号：系统集成、硬件堆叠、设备采购、核心。<br>- 关联：T-INFO-001<br>- 来源：SRC-INFO-001-TUTOR",topic_qa,陷阱卡,,,,,上午选择,,,,T-INFO-001,T-INFO-001,SRC-INFO-001-TUTOR,outputs/anki_builds/full_expansion_20260521_003052/topics/by_topic/T-INFO-001/topic_qa_cards.md,T-INFO-001 信息化、信息系统生命周期与系统集成基础,,T-INFO-001,keep,陷阱卡，系统集成不等于硬件采购。,ruankao ruankao::family::topic_qa ruankao::card_type::陷阱卡 ruankao::importance:: ruankao::exam_use::上午选择 ruankao::topic::T-INFO-001,sha256:aec57ab533153e339f359e87
软考::系统集成项目管理工程师,Basic,国家信息化体系包括哪六要素？,信息技术应用、信息资源、信息网络、信息技术和产业、信息化人才、信息化政策法规和标准规范。,"- 记忆线索：""应用是龙头、资源是核心、网络是基础、产业是支撑、人才是关键、法规是保障""。<br>- 易错点：缺漏要素是常见扣分点——六个要素缺一不可，尤其是""信息技术和产业""容易忘。<br>- 题干信号：信息化体系、六要素、国家信息化。<br>- 关联：T-INFO-001<br>- 来源：SRC-INFO-001-TUTOR",topic_qa,概念卡,,,,,上午选择,,,,T-INFO-001,T-INFO-001,SRC-INFO-001-TUTOR,outputs/anki_builds/full_expansion_20260521_003052/topics/by_topic/T-INFO-001/topic_qa_cards.md,T-INFO-001 信息化、信息系统生命周期与系统集成基础,,T-INFO-001,keep,六要素是教材原文考点。,ruankao ruankao::family::topic_qa ruankao::card_type::概念卡 ruankao::importance:: ruankao::exam_use::上午选择 ruankao::topic::T-INFO-001,sha256:108ff0590f82082263b0af00
软考::系统集成项目管理工程师,Basic,电子政务的四种模式是什么？,G2G（政府对政府）、G2B（政府对企业）、G2C（政府对公民）、G2E（政府对公务员）。,- 记忆线索：G = Government。四种模式看第二个字母：G(政府)、B(企业)、C(公民)、E(雇员)。<br>- 易错点：G2E 容易被遗漏——政府对内部员工的模式也属于电子政务。<br>- 题干信号：电子政务、G2*、政府对政府/企业/公民/雇员。<br>- 关联：T-INFO-001<br>- 来源：SRC-INFO-001-TUTOR,topic_qa,概念卡,,,,,上午选择,,,,T-INFO-001,T-INFO-001,SRC-INFO-001-TUTOR,outputs/anki_builds/full_expansion_20260521_003052/topics/by_topic/T-INFO-001/topic_qa_cards.md,T-INFO-001 信息化、信息系统生命周期与系统集成基础,,T-INFO-001,keep,电子政务四模式基础卡。,ruankao ruankao::family::topic_qa ruankao::card_type::概念卡 ruankao::importance:: ruankao::exam_use::上午选择 ruankao::topic::T-INFO-001,sha256:a74f6fe7d0689920014309fc
软考::系统集成项目管理工程师,Basic,政府建设网上办事大厅方便市民办理证件，这属于哪种电子政务模式？,G2C（政府对公民）。,- 理解：市民=公民(Citizen)，政府为公民服务→G2C。<br>- 易错点：如果政府部门之间的公文流转和审批，是G2G；如果向企业发布采购信息，是G2B。<br>- 题干信号：市民、公众、证件办理、政府服务。<br>- 关联：T-INFO-001<br>- 来源：SRC-INFO-001-TUTOR,topic_qa,场景判断卡,,,,,上午选择,,,,T-INFO-001,T-INFO-001,SRC-INFO-001-TUTOR,outputs/anki_builds/full_expansion_20260521_003052/topics/by_topic/T-INFO-001/topic_qa_cards.md,T-INFO-001 信息化、信息系统生命周期与系统集成基础,,T-INFO-001,keep,场景判断型，匹配G2C。,ruankao ruankao::family::topic_qa ruankao::card_type::场景判断卡 ruankao::importance:: ruankao::exam_use::上午选择 ruankao::topic::T-INFO-001,sha256:3549ebe8b74f421febb506c3
软考::系统集成项目管理工程师,Basic,电子商务的常见模式有哪些？,B2B（企业对企业）、B2C（企业对消费者）、C2C（消费者对消费者）、O2O（线上到线下）。,- 记忆线索：看谁卖给谁——B是商家、C是消费者。<br>- 易错点：O2O 是较新的模式（线上引流到线下消费），容易遗漏。<br>- 题干信号：电子商务模式、B2B、B2C、C2C、O2O。<br>- 关联：T-INFO-001<br>- 来源：SRC-INFO-001-TUTOR,topic_qa,概念卡,,,,,上午选择,,,,T-INFO-001,T-INFO-001,SRC-INFO-001-TUTOR,outputs/anki_builds/full_expansion_20260521_003052/topics/by_topic/T-INFO-001/topic_qa_cards.md,T-INFO-001 信息化、信息系统生命周期与系统集成基础,,T-INFO-001,keep,电子商务模式基础卡。,ruankao ruankao::family::topic_qa ruankao::card_type::概念卡 ruankao::importance:: ruankao::exam_use::上午选择 ruankao::topic::T-INFO-001,sha256:1a4a9ab3581034ace8dc9422
软考::系统集成项目管理工程师,Basic,淘宝上的个人卖家将二手商品卖给另一个个人消费者，属于哪种电子商务模式？,C2C（消费者对消费者）。,- 理解：个人卖家(C)→个人买家(C)，平台起撮合作用。<br>- 易错点：B2C是企业卖个人（如京东自营），C2C是个人卖个人（如淘宝C店）。<br>- 题干信号：个人对个人、二手交易、C2C平台。<br>- 关联：T-INFO-001<br>- 来源：SRC-INFO-001-TUTOR,topic_qa,场景判断卡,,,,,上午选择,,,,T-INFO-001,T-INFO-001,SRC-INFO-001-TUTOR,outputs/anki_builds/full_expansion_20260521_003052/topics/by_topic/T-INFO-001/topic_qa_cards.md,T-INFO-001 信息化、信息系统生命周期与系统集成基础,,T-INFO-001,keep,场景判断型，C2C典型场景。,ruankao ruankao::family::topic_qa ruankao::card_type::场景判断卡 ruankao::importance:: ruankao::exam_use::上午选择 ruankao::topic::T-INFO-001,sha256:1b63593a40c755b591662c5c
软考::系统集成项目管理工程师,Basic,判断正误：企业部署了ERP系统，就意味着完成了信息化建设。,错误。信息化是利用信息技术改造业务的过程，部署ERP只是信息化的一种手段。信息化 ≠ 上系统。,"- 理解：信息化是持续的过程，不是""装完系统就结束""的事。<br>- 易错点：把""上系统/建平台""等同于""信息化""是最常见的混淆。<br>- 题干信号：信息化完成、部署系统等于信息化、建设完成。<br>- 关联：T-INFO-001<br>- 来源：SRC-INFO-001-TUTOR",topic_qa,陷阱卡,,,,,上午选择,,,,T-INFO-001,T-INFO-001,SRC-INFO-001-TUTOR,outputs/anki_builds/full_expansion_20260521_003052/topics/by_topic/T-INFO-001/topic_qa_cards.md,T-INFO-001 信息化、信息系统生命周期与系统集成基础,,T-INFO-001,keep,信息化本质陷阱，常考。,ruankao ruankao::family::topic_qa ruankao::card_type::陷阱卡 ruankao::importance:: ruankao::exam_use::上午选择 ruankao::topic::T-INFO-001,sha256:fa940a40119d0afff7e7568c
软考::系统集成项目管理工程师,Basic,"题干中出现""网上审批、公文流转、部门协同""，最可能考查哪类电子政务模式？",G2G（政府对政府）。,- 理解：政府部门之间的协作是 G2G 的典型场景。<br>- 易错点：不要和 G2C（政府服务公民）混淆——G2G 强调部门间，G2C 强调对公众。<br>- 题干信号：部门间、公文、审批流转、政府内部。<br>- 关联：T-INFO-001<br>- 来源：SRC-INFO-001-TUTOR,topic_qa,关键词识别卡,,,,,上午选择,,,,T-INFO-001,T-INFO-001,SRC-INFO-001-TUTOR,outputs/anki_builds/full_expansion_20260521_003052/topics/by_topic/T-INFO-001/topic_qa_cards.md,T-INFO-001 信息化、信息系统生命周期与系统集成基础,,T-INFO-001,keep,关键词识别型，快速匹配模式。,ruankao ruankao::family::topic_qa ruankao::card_type::关键词识别卡 ruankao::importance:: ruankao::exam_use::上午选择 ruankao::topic::T-INFO-001,sha256:6b08a206d9afb8a4e6a3d99f
软考::系统集成项目管理工程师,Basic,"题干中出现""在线支付、团购、线上购买到店消费""，最可能考查哪种电子商务模式？",O2O（线上到线下）。,"- 理解：O2O 典型特征是""线上交易、线下体验/消费""。<br>- 易错点：O2O 和 B2C 的区别在于——B2C 是线上购买快递到家，O2O 是线上购买到店使用。<br>- 题干信号：线上到线下、到店消费、团购、预约服务。<br>- 关联：T-INFO-001<br>- 来源：SRC-INFO-001-TUTOR",topic_qa,关键词识别卡,,,,,上午选择,,,,T-INFO-001,T-INFO-001,SRC-INFO-001-TUTOR,outputs/anki_builds/full_expansion_20260521_003052/topics/by_topic/T-INFO-001/topic_qa_cards.md,T-INFO-001 信息化、信息系统生命周期与系统集成基础,,T-INFO-001,keep,O2O 关键词识别。,ruankao ruankao::family::topic_qa ruankao::card_type::关键词识别卡 ruankao::importance:: ruankao::exam_use::上午选择 ruankao::topic::T-INFO-001,sha256:01f53dd3d5eab019c80a6969
软考::系统集成项目管理工程师,Basic,信息系统生命周期 vs 产品生命周期有什么区别？,信息系统生命周期围绕信息系统从开发到消亡的全过程（技术视角）；产品生命周期围绕产品从概念到退出市场的全过程（商业视角）。,- 理解：信息系统生命周期偏向 IT 系统的技术生命周期；产品生命周期偏向商业产品的市场生命周期。<br>- 易错点：不要在信息系统的生命周期管理中混淆产品生命周期概念。<br>- 题干信号：产品生命周期、信息系统生命周期、商业视角。<br>- 关联：T-INFO-001<br>- 来源：SRC-INFO-001-TUTOR,topic_qa,辨析卡,,,,,上午选择,,,,T-INFO-001,T-INFO-001,SRC-INFO-001-TUTOR,outputs/anki_builds/full_expansion_20260521_003052/topics/by_topic/T-INFO-001/topic_qa_cards.md,T-INFO-001 信息化、信息系统生命周期与系统集成基础,,T-INFO-001,keep,三种生命周期的第三种辨析。,ruankao ruankao::family::topic_qa ruankao::card_type::辨析卡 ruankao::importance:: ruankao::exam_use::上午选择 ruankao::topic::T-INFO-001,sha256:46c3ee3e2ae3d2c74f891cc5
软考::系统集成项目管理工程师,Basic,系统集成项目的核心是什么？,系统集成的核心是软件，核心活动是面向用户需求提供综合解决方案。,"- 理解：系统集成不是硬件组装，本质是""软件为核心、整合为手段、需求为目标""。<br>- 易错点：选择题如果问""系统集成的核心是什么""，答案是""软件""不是""硬件""。<br>- 题干信号：系统集成核心、本质、关键要素。<br>- 关联：T-INFO-001<br>- 来源：SRC-INFO-001-TUTOR",topic_qa,概念卡,,,,,上午选择,,,,T-INFO-001,T-INFO-001,SRC-INFO-001-TUTOR,outputs/anki_builds/full_expansion_20260521_003052/topics/by_topic/T-INFO-001/topic_qa_cards.md,T-INFO-001 信息化、信息系统生命周期与系统集成基础,,T-INFO-001,keep,一句话核心概念，教材原文考法。,ruankao ruankao::family::topic_qa ruankao::card_type::概念卡 ruankao::importance:: ruankao::exam_use::上午选择 ruankao::topic::T-INFO-001,sha256:07b689757e61331a8c1d8ebc
软考::系统集成项目管理工程师,Basic,从管理范围看，MRP、MRP II、ERP 是如何演进的？,MRP（物料需求计划）→ MRP II（制造资源计划，扩展到财务和经营）→ ERP（企业资源计划，扩展到整个供应链）。,- 理解：每一次演进都是管理范围的扩大：MRP只算物料→MRP II加财务和生产→ERP整合企业内外全资源。<br>- 易错点：不要把 MRP II 和 ERP 混为一谈——ERP 包含供应链协同，MRP II 主要是制造企业内部。<br>- 题干信号：MRP、MRP II、ERP、演进、扩展供应链。<br>- 关联：T-INFO-002<br>- 来源：SRC-INFO-002-TUTOR,topic_qa,流程卡,,,,,上午选择,,,,T-INFO-002,T-INFO-002,SRC-INFO-002-TUTOR,outputs/anki_builds/full_expansion_20260521_003052/topics/by_topic/T-INFO-002/topic_qa_cards.md,T-INFO-002 企业信息化系统：ERP、CRM、SCM、BI、EAI 辨析,,T-INFO-002,keep,ERP vs MRP II 的演进关系是高频考点。,ruankao ruankao::family::topic_qa ruankao::card_type::流程卡 ruankao::importance:: ruankao::exam_use::上午选择 ruankao::topic::T-INFO-002,sha256:bcac43f00b7f36070e50696b
软考::系统集成项目管理工程师,Basic,ERP（企业资源计划）的管理对象和核心功能是什么？,管理企业内部资源（人、财、物、信息）。核心功能：财务、生产、采购、库存、人力资源。,"- 记忆线索：ERP = Enterprise Resource Planning = ""管内部资源的计划系统""。<br>- 易错点：不要和 CRM 混淆——ERP 对内整合，CRM 对外管客户。<br>- 题干信号：财务、库存、生产计划、内部资源统一管理。<br>- 关联：T-INFO-002<br>- 来源：SRC-INFO-002-TUTOR",topic_qa,概念卡,,,,,上午选择,,,,T-INFO-002,T-INFO-002,SRC-INFO-002-TUTOR,outputs/anki_builds/full_expansion_20260521_003052/topics/by_topic/T-INFO-002/topic_qa_cards.md,T-INFO-002 企业信息化系统：ERP、CRM、SCM、BI、EAI 辨析,,T-INFO-002,keep,每个系统的定位卡，打基础。,ruankao ruankao::family::topic_qa ruankao::card_type::概念卡 ruankao::importance:: ruankao::exam_use::上午选择 ruankao::topic::T-INFO-002,sha256:f550e2f31f262d357e951f0e
软考::系统集成项目管理工程师,Basic,CRM（客户关系管理）的管理对象和核心功能是什么？,管理客户关系。核心功能：市场营销、销售管理、客户服务、客户数据分析。,"- 记忆线索：CRM = Customer Relationship Management = ""管客户关系""。<br>- 易错点：CRM 不主管财务和库存——那是 ERP 的事。<br>- 题干信号：客户信息、销售机会、客户满意度、营销。<br>- 关联：T-INFO-002<br>- 来源：SRC-INFO-002-TUTOR",topic_qa,概念卡,,,,,上午选择,,,,T-INFO-002,T-INFO-002,SRC-INFO-002-TUTOR,outputs/anki_builds/full_expansion_20260521_003052/topics/by_topic/T-INFO-002/topic_qa_cards.md,T-INFO-002 企业信息化系统：ERP、CRM、SCM、BI、EAI 辨析,,T-INFO-002,keep,CRM 定位基础卡。,ruankao ruankao::family::topic_qa ruankao::card_type::概念卡 ruankao::importance:: ruankao::exam_use::上午选择 ruankao::topic::T-INFO-002,sha256:6c37c435cb96b8a660c6d949
软考::系统集成项目管理工程师,Basic,CRM 系统通常管理哪三类客户数据？,描述性数据（客户基本信息）、交易性数据（购买记录）、交互性数据（服务记录、投诉）。,"- 记忆线索：""是谁、买了什么、接触过什么""——描述+交易+交互。<br>- 易错点：不要和 BI 的数据类型混淆——CRM 的数据是客户维度的，BI 的数据是多维集成的。<br>- 题干信号：CRM 数据类型、客户数据分类。<br>- 关联：T-INFO-002<br>- 来源：SRC-INFO-002-TUTOR",topic_qa,概念卡,,,,,上午选择,,,,T-INFO-002,T-INFO-002,SRC-INFO-002-TUTOR,outputs/anki_builds/full_expansion_20260521_003052/topics/by_topic/T-INFO-002/topic_qa_cards.md,T-INFO-002 企业信息化系统：ERP、CRM、SCM、BI、EAI 辨析,,T-INFO-002,keep,CRM 三类数据是具体考法，属于记忆细节。,ruankao ruankao::family::topic_qa ruankao::card_type::概念卡 ruankao::importance:: ruankao::exam_use::上午选择 ruankao::topic::T-INFO-002,sha256:539751f99df4a822de6b7c5e
软考::系统集成项目管理工程师,Basic,SCM（供应链管理）的管理对象和核心关注点是什么？,管理供应链上下游（供应商、制造商、分销商、客户）。核心关注：采购、库存控制、物流配送、需求预测、供应商协同。,"- 记忆线索：SCM = Supply Chain Management = ""管从头到尾的供应链""。<br>- 易错点：SCM 穿过企业边界到外部供应商和分销商——不限于企业内部。<br>- 题干信号：供应商、库存优化、物流、上下游协同、供应链。<br>- 关联：T-INFO-002<br>- 来源：SRC-INFO-002-TUTOR",topic_qa,概念卡,,,,,上午选择,,,,T-INFO-002,T-INFO-002,SRC-INFO-002-TUTOR,outputs/anki_builds/full_expansion_20260521_003052/topics/by_topic/T-INFO-002/topic_qa_cards.md,T-INFO-002 企业信息化系统：ERP、CRM、SCM、BI、EAI 辨析,,T-INFO-002,keep,"SCM 定位卡，注意强调""跨企业边界""。",ruankao ruankao::family::topic_qa ruankao::card_type::概念卡 ruankao::importance:: ruankao::exam_use::上午选择 ruankao::topic::T-INFO-002,sha256:968206ab636da62ba8c1dc47
软考::系统集成项目管理工程师,Basic,BI（商业智能）的管理对象和核心技术是什么？,管理数据到决策的转化。核心技术：数据仓库、OLAP（联机分析处理）、数据挖掘、报表、仪表盘。,"- 记忆线索：BI = Business Intelligence = ""用数据支持决策""。<br>- 易错点：不要和 EAI 混淆——BI 分析数据辅助决策，EAI 打通系统让数据能流通。<br>- 题干信号：数据仓库、多维分析、数据挖掘、决策支持、趋势分析。<br>- 关联：T-INFO-002<br>- 来源：SRC-INFO-002-TUTOR",topic_qa,概念卡,,,,,上午选择,,,,T-INFO-002,T-INFO-002,SRC-INFO-002-TUTOR,outputs/anki_builds/full_expansion_20260521_003052/topics/by_topic/T-INFO-002/topic_qa_cards.md,T-INFO-002 企业信息化系统：ERP、CRM、SCM、BI、EAI 辨析,,T-INFO-002,keep,BI 定位卡，突出数据分析和决策支持。,ruankao ruankao::family::topic_qa ruankao::card_type::概念卡 ruankao::importance:: ruankao::exam_use::上午选择 ruankao::topic::T-INFO-002,sha256:809c56884a42a648b46af4ab
软考::系统集成项目管理工程师,Basic,EAI（企业应用集成）解决什么问题？集成层次有哪些？,"解决""信息孤岛""问题，实现异构系统互通。集成层次：表示层集成、数据层集成、业务逻辑层集成、流程层集成。","- 记忆线索：EAI = Enterprise Application Integration = ""把不同系统连起来""。<br>- 易错点：EAI 不做数据分析（那是 BI 的事），EAI 只负责连接和集成。<br>- 题干信号：信息孤岛、异构系统、系统互通、数据不打通。<br>- 关联：T-INFO-002<br>- 来源：SRC-INFO-002-TUTOR",topic_qa,概念卡,,,,,上午选择,,,,T-INFO-002,T-INFO-002,SRC-INFO-002-TUTOR,outputs/anki_builds/full_expansion_20260521_003052/topics/by_topic/T-INFO-002/topic_qa_cards.md,T-INFO-002 企业信息化系统：ERP、CRM、SCM、BI、EAI 辨析,,T-INFO-002,keep,"EAI 定位卡，""信息孤岛""是核心关键词。",ruankao ruankao::family::topic_qa ruankao::card_type::概念卡 ruankao::importance:: ruankao::exam_use::上午选择 ruankao::topic::T-INFO-002,sha256:800b01ad689fc892da18b31d
软考::系统集成项目管理工程师,Basic,ERP 和 CRM 的管理对象有什么本质区别？,ERP 管理企业内部资源（财务/库存/生产），对内整合；CRM 管理客户关系（销售/营销/服务），对外面向客户。,"- 记忆线索：ERP 对内看资源，CRM 对外看客户。<br>- 易错点：看到""财务、库存、生产计划""选 ERP，看到""客户信息、销售机会、客服""选 CRM。<br>- 题干信号：区分两个系统的管理对象和关键词。<br>- 关联：T-INFO-002<br>- 来源：SRC-INFO-002-TUTOR",topic_qa,辨析卡,,,,,上午选择,,,,T-INFO-002,T-INFO-002,SRC-INFO-002-TUTOR,outputs/anki_builds/full_expansion_20260521_003052/topics/by_topic/T-INFO-002/topic_qa_cards.md,T-INFO-002 企业信息化系统：ERP、CRM、SCM、BI、EAI 辨析,,T-INFO-002,keep,ERP vs CRM 是最高频的辨析之一。,ruankao ruankao::family::topic_qa ruankao::card_type::辨析卡 ruankao::importance:: ruankao::exam_use::上午选择 ruankao::topic::T-INFO-002,sha256:06e8288208fcfd51e0bf52e9
软考::系统集成项目管理工程师,Basic,BI 和 EAI 的核心区别是什么？,BI 做数据分析和决策支持（OLAP、数据挖掘）；EAI 做系统集成和互通（打通信息孤岛）。,"- 记忆线索：BI = 分析数据让你看懂业务；EAI = 连接系统让数据能流通。<br>- 易错点：题干说""多个系统数据不互通""→EAI；题干说""从历史数据中找趋势""→BI。<br>- 题干信号：分析vs打通、决策支持vs信息孤岛。<br>- 关联：T-INFO-002<br>- 来源：SRC-INFO-002-TUTOR",topic_qa,辨析卡,,,,,上午选择,,,,T-INFO-002,T-INFO-002,SRC-INFO-002-TUTOR,outputs/anki_builds/full_expansion_20260521_003052/topics/by_topic/T-INFO-002/topic_qa_cards.md,T-INFO-002 企业信息化系统：ERP、CRM、SCM、BI、EAI 辨析,,T-INFO-002,keep,BI vs EAI 是第二高频辨析组。,ruankao ruankao::family::topic_qa ruankao::card_type::辨析卡 ruankao::importance:: ruankao::exam_use::上午选择 ruankao::topic::T-INFO-002,sha256:5ba484cb686bb6ba4ce811ae
软考::系统集成项目管理工程师,Basic,SCM 和 ERP 在管理范围上有什么不同？,ERP 聚焦企业内部资源整合；SCM 跨越企业边界，管理从供应商到客户的整个供应链协同。,"- 记忆线索：ERP 是""企业内部一体化""，SCM 是""企业外部供应链协同""。<br>- 易错点：ERP 也涉及采购和库存模块，但 SCM 更强调供应商协同和物流配送的全链条视角。<br>- 题干信号：局部vs全局、内部vs外部、供应链。<br>- 关联：T-INFO-002<br>- 来源：SRC-INFO-002-TUTOR",topic_qa,辨析卡,,,,,上午选择,,,,T-INFO-002,T-INFO-002,SRC-INFO-002-TUTOR,outputs/anki_builds/full_expansion_20260521_003052/topics/by_topic/T-INFO-002/topic_qa_cards.md,T-INFO-002 企业信息化系统：ERP、CRM、SCM、BI、EAI 辨析,,T-INFO-002,keep,"SCM vs ERP，帮考生从""边界""角度区分。",ruankao ruankao::family::topic_qa ruankao::card_type::辨析卡 ruankao::importance:: ruankao::exam_use::上午选择 ruankao::topic::T-INFO-002,sha256:59800ddf6cee73cb763855b8
软考::系统集成项目管理工程师,Basic,某企业需要统一管理财务、库存、生产计划和人力资源。最适合的信息系统是什么？,ERP（企业资源计划）。,"- 理解：财务+库存+生产计划+HR都是企业内部资源，ERP 就是管这些的。<br>- 易错点：不要因为产生""采购、库存""就选 SCM——ERP 已包含采购和库存管理模块。<br>- 题干信号：财务、库存、生产计划、HR、统一管理。<br>- 关联：T-INFO-002<br>- 来源：SRC-INFO-002-TUTOR",topic_qa,场景判断卡,,,,,上午选择,,,,T-INFO-002,T-INFO-002,SRC-INFO-002-TUTOR,outputs/anki_builds/full_expansion_20260521_003052/topics/by_topic/T-INFO-002/topic_qa_cards.md,T-INFO-002 企业信息化系统：ERP、CRM、SCM、BI、EAI 辨析,,T-INFO-002,keep,场景判断型，直接匹配考试题干。,ruankao ruankao::family::topic_qa ruankao::card_type::场景判断卡 ruankao::importance:: ruankao::exam_use::上午选择 ruankao::topic::T-INFO-002,sha256:2b04f4ca98eff7ededa1fe42
软考::系统集成项目管理工程师,Basic,某销售型企业希望跟踪客户信息、管理销售机会、提升客户满意度。最适合的信息系统是什么？,CRM（客户关系管理）。,"- 理解：客户信息+销售机会+满意度→都是 CRM 的核心对象。<br>- 易错点：不要因为""销售""二字联想到财务（ERP）——销售管理是 CRM 的功能。<br>- 题干信号：客户、销售机会、客服、营销活动。<br>- 关联：T-INFO-002<br>- 来源：SRC-INFO-002-TUTOR",topic_qa,场景判断卡,,,,,上午选择,,,,T-INFO-002,T-INFO-002,SRC-INFO-002-TUTOR,outputs/anki_builds/full_expansion_20260521_003052/topics/by_topic/T-INFO-002/topic_qa_cards.md,T-INFO-002 企业信息化系统：ERP、CRM、SCM、BI、EAI 辨析,,T-INFO-002,keep,场景判断型，CRM 典型场景。,ruankao ruankao::family::topic_qa ruankao::card_type::场景判断卡 ruankao::importance:: ruankao::exam_use::上午选择 ruankao::topic::T-INFO-002,sha256:297945baa068d388a33a854a
软考::系统集成项目管理工程师,Basic,某制造企业希望减少库存积压、加快物流配送、与供应商协同排产。最适合的信息系统是什么？,SCM（供应链管理）。,- 理解：库存+物流+供应商协同，都是供应链上下游管理范畴。<br>- 易错点：不要混成 ERP——ERP 管库存但不强调供应商协同和物流全链条优化。<br>- 题干信号：供应商协同、物流、库存优化、上下游。<br>- 关联：T-INFO-002<br>- 来源：SRC-INFO-002-TUTOR,topic_qa,场景判断卡,,,,,上午选择,,,,T-INFO-002,T-INFO-002,SRC-INFO-002-TUTOR,outputs/anki_builds/full_expansion_20260521_003052/topics/by_topic/T-INFO-002/topic_qa_cards.md,T-INFO-002 企业信息化系统：ERP、CRM、SCM、BI、EAI 辨析,,T-INFO-002,keep,SCM 典型场景判断。,ruankao ruankao::family::topic_qa ruankao::card_type::场景判断卡 ruankao::importance:: ruankao::exam_use::上午选择 ruankao::topic::T-INFO-002,sha256:835858c2931c32b4f6ff68a0
软考::系统集成项目管理工程师,Basic,某企业拥有多年经营数据，管理层希望进行多维分析以发现销售趋势、支持战略决策。最适合的信息系统是什么？,BI（商业智能）。,"- 理解：多维分析+趋势发现+决策支持，这些都是 BI 的标准描述。<br>- 易错点：不要因为""数据""联想到""数据库管理系统""——BI 是分析层，不是存储层。<br>- 题干信号：多维分析、数据挖掘、趋势、决策支持。<br>- 关联：T-INFO-002<br>- 来源：SRC-INFO-002-TUTOR",topic_qa,场景判断卡,,,,,上午选择,,,,T-INFO-002,T-INFO-002,SRC-INFO-002-TUTOR,outputs/anki_builds/full_expansion_20260521_003052/topics/by_topic/T-INFO-002/topic_qa_cards.md,T-INFO-002 企业信息化系统：ERP、CRM、SCM、BI、EAI 辨析,,T-INFO-002,keep,BI 典型场景判断。,ruankao ruankao::family::topic_qa ruankao::card_type::场景判断卡 ruankao::importance:: ruankao::exam_use::上午选择 ruankao::topic::T-INFO-002,sha256:9b174460fbd7aec6d6caa5f4
软考::系统集成项目管理工程师,Basic,某集团公司的 ERP、CRM、OA 三套系统数据互不相通，形成信息孤岛。最适合的技术方案是什么？,EAI（企业应用集成）。,- 理解：信息孤岛=系统间不通，需要集成方案，不是抛弃重做。<br>- 易错点：不要选 BI——BI 能分析数据但不会帮你打通系统。<br>- 题干信号：信息孤岛、异构系统、数据不通、集成。<br>- 关联：T-INFO-002<br>- 来源：SRC-INFO-002-TUTOR,topic_qa,场景判断卡,,,,,上午选择,,,,T-INFO-002,T-INFO-002,SRC-INFO-002-TUTOR,outputs/anki_builds/full_expansion_20260521_003052/topics/by_topic/T-INFO-002/topic_qa_cards.md,T-INFO-002 企业信息化系统：ERP、CRM、SCM、BI、EAI 辨析,,T-INFO-002,keep,EAI 典型场景判断，高频考题。,ruankao ruankao::family::topic_qa ruankao::card_type::场景判断卡 ruankao::importance:: ruankao::exam_use::上午选择 ruankao::topic::T-INFO-002,sha256:8939b2b933100433f47ada6f
软考::系统集成项目管理工程师,Basic,"题干中出现""数据仓库、OLAP、数据挖掘、仪表盘""，最可能考查哪个系统？",BI（商业智能）。,- 理解：这些术语都是 BI 的技术栈关键词。<br>- 易错点：OLAP（联机分析处理）可能被误认为数据库技术，但它是 BI 的核心分析工具。<br>- 题干信号：数据仓库、多维分析、OLAP、数据挖掘。<br>- 关联：T-INFO-002<br>- 来源：SRC-INFO-002-TUTOR,topic_qa,关键词识别卡,,,,,上午选择,,,,T-INFO-002,T-INFO-002,SRC-INFO-002-TUTOR,outputs/anki_builds/full_expansion_20260521_003052/topics/by_topic/T-INFO-002/topic_qa_cards.md,T-INFO-002 企业信息化系统：ERP、CRM、SCM、BI、EAI 辨析,,T-INFO-002,keep,关键词→系统映射，快速定位考点。,ruankao ruankao::family::topic_qa ruankao::card_type::关键词识别卡 ruankao::importance:: ruankao::exam_use::上午选择 ruankao::topic::T-INFO-002,sha256:c0cb2d781ad8b1ce298da94b
软考::系统集成项目管理工程师,Basic,判断正误：ERP 系统的主要功能是管理客户关系和销售机会。,错误。ERP 管理企业内部资源（财务、库存、生产、HR）。管理客户关系和销售机会是 CRM 的功能。,"- 理解：这是最典型的""张冠李戴""——把 CRM 的定位安到 ERP 头上。<br>- 易错点：ERP 和 CRM 都有""管理""二字，但管理对象完全不同。<br>- 题干信号：ERP + 客户关系/销售机会。<br>- 关联：T-INFO-002<br>- 来源：SRC-INFO-002-TUTOR",topic_qa,陷阱卡,,,,,上午选择,,,,T-INFO-002,T-INFO-002,SRC-INFO-002-TUTOR,outputs/anki_builds/full_expansion_20260521_003052/topics/by_topic/T-INFO-002/topic_qa_cards.md,T-INFO-002 企业信息化系统：ERP、CRM、SCM、BI、EAI 辨析,,T-INFO-002,keep,张冠李戴陷阱卡，直击常见混淆点。,ruankao ruankao::family::topic_qa ruankao::card_type::陷阱卡 ruankao::importance:: ruankao::exam_use::上午选择 ruankao::topic::T-INFO-002,sha256:439f4a5eb74ccba540bd37c0
软考::系统集成项目管理工程师,Basic,判断正误：EAI 的主要用途是从企业经营数据中提取决策信息，支持管理决策。,错误。EAI 是集成异构系统、打通信息孤岛。从数据中提取决策信息是 BI 的功能。,"- 理解：这是 BI 和 EAI 最典型的张冠李戴——分析 vs 打通。<br>- 易错点：看到""集成""选 EAI，看到""分析""选 BI，不要搞反。<br>- 题干信号：EAI + 数据分析/决策支持。<br>- 关联：T-INFO-002<br>- 来源：SRC-INFO-002-TUTOR",topic_qa,陷阱卡,,,,,上午选择,,,,T-INFO-002,T-INFO-002,SRC-INFO-002-TUTOR,outputs/anki_builds/full_expansion_20260521_003052/topics/by_topic/T-INFO-002/topic_qa_cards.md,T-INFO-002 企业信息化系统：ERP、CRM、SCM、BI、EAI 辨析,,T-INFO-002,keep,又一个张冠李戴陷阱。,ruankao ruankao::family::topic_qa ruankao::card_type::陷阱卡 ruankao::importance:: ruankao::exam_use::上午选择 ruankao::topic::T-INFO-002,sha256:0804bccd60406ffceb0fc7af
软考::系统集成项目管理工程师,Basic,某制造企业的信息化需求为：①打通财务和销售系统实现数据共享；②统一管理财务、库存、采购流程；③分析历史销售数据预测下季度需求。请分别匹配系统。,①EAI（系统集成）→②ERP（资源计划）→③BI（商业智能）。,"- 理解：多需求场景需要逐条判断，每个需求对应不同系统。<br>- 易错点：不要把②选成 SCM——题目说的是""财务、库存、采购流程""，都是企业内部资源管理。<br>- 题干信号：多需求、系统打通、内部管理、数据分析。<br>- 关联：T-INFO-002<br>- 来源：SRC-INFO-002-TUTOR",topic_qa,场景判断卡,,,,,上午选择,,,,T-INFO-002,T-INFO-002,SRC-INFO-002-TUTOR,outputs/anki_builds/full_expansion_20260521_003052/topics/by_topic/T-INFO-002/topic_qa_cards.md,T-INFO-002 企业信息化系统：ERP、CRM、SCM、BI、EAI 辨析,,T-INFO-002,keep,综合场景卡，覆盖三个系统同时判断。,ruankao ruankao::family::topic_qa ruankao::card_type::场景判断卡 ruankao::importance:: ruankao::exam_use::上午选择 ruankao::topic::T-INFO-002,sha256:01615087d0a79fa4cfc17e07
软考::系统集成项目管理工程师,Basic,用一句话分别概括 ERP、CRM、SCM、BI、EAI 的定位。,ERP 管内部资源；CRM 管客户关系；SCM 管供应链协同；BI 做数据分析决策；EAI 打通系统集成。,"- 记忆线索：一句口诀——""内ERP、外CRM、链SCM、分析BI、连EAI""。<br>- 易错点：所有系统之间的张冠李戴都可以用这句口诀破解。<br>- 题干信号：任何系统辨析、场景匹配、张冠李戴判断。<br>- 关联：T-INFO-002<br>- 来源：SRC-INFO-002-TUTOR",topic_qa,辨析卡,,,,,上午选择,,,,T-INFO-002,T-INFO-002,SRC-INFO-002-TUTOR,outputs/anki_builds/full_expansion_20260521_003052/topics/by_topic/T-INFO-002/topic_qa_cards.md,T-INFO-002 企业信息化系统：ERP、CRM、SCM、BI、EAI 辨析,,T-INFO-002,keep,"速查辨析卡，作为本专题的""收尾卡""。",ruankao ruankao::family::topic_qa ruankao::card_type::辨析卡 ruankao::importance:: ruankao::exam_use::上午选择 ruankao::topic::T-INFO-002,sha256:97f36b7ea0105e11e96c152b
软考::系统集成项目管理工程师,Basic,项目章程的定义是什么？,项目章程是正式批准项目存在、授权项目经理动用组织资源开展项目活动的文件。由发起人或项目以外的管理层发布。,"- 理解：章程是项目的""出生证""——有了它项目才正式存在。<br>- 易错点：章程是""批准项目""的文件，不是""指导项目执行""的文件（那是计划的事）。<br>- 题干信号：正式批准、授权项目经理、项目起点。<br>- 关联：T-INT-002<br>- 来源：SRC-INT-002-TUTOR",topic_qa,概念卡,,,,,上午选择,,,,T-INT-002,T-INT-002,SRC-INT-002-TUTOR,outputs/anki_builds/full_expansion_20260521_003052/topics/by_topic/T-INT-002/topic_qa_cards.md,T-INT-002 项目章程、SOW、项目管理计划与基准体系,,T-INT-002,keep,项目章程定义基础卡。,ruankao ruankao::family::topic_qa ruankao::card_type::概念卡 ruankao::importance:: ruankao::exam_use::上午选择 ruankao::topic::T-INT-002,sha256:44a51141225405a9f94fb5e1
软考::系统集成项目管理工程师,Basic,项目章程通常包含哪些核心内容？,项目目的/目标、高层级需求、总体范围、主要可交付成果、总体里程碑、总体预算、关键干系人、项目经理任命和授权。,"- 记忆线索：""目的范围需求、交付里程碑、预算干系人、项目经理权""。<br>- 易错点：章程内容是""高层级""的——详细的WBS、详细的进度计划不属于章程内容。<br>- 题干信号：章程内容、章程包含什么。<br>- 关联：T-INT-002<br>- 来源：SRC-INT-002-TUTOR",topic_qa,概念卡,,,,,上午选择,,,,T-INT-002,T-INT-002,SRC-INT-002-TUTOR,outputs/anki_builds/full_expansion_20260521_003052/topics/by_topic/T-INT-002/topic_qa_cards.md,T-INT-002 项目章程、SOW、项目管理计划与基准体系,,T-INT-002,keep,章程内容列表，直接对应内容归属题。,ruankao ruankao::family::topic_qa ruankao::card_type::概念卡 ruankao::importance:: ruankao::exam_use::上午选择 ruankao::topic::T-INT-002,sha256:33502dba83a7f6473195c40b
软考::系统集成项目管理工程师,Basic,工作说明书（SOW）的定义是什么？,SOW是对项目需交付的产品或服务的叙述性说明，是制定项目章程的重要输入。,"- 理解：SOW 回答""项目要做什么""，是需求和目标的描述。<br>- 易错点：SOW ≠ 项目章程。SOW 是章程的输入材料，不是章程本身。<br>- 题干信号：SOW、工作说明书、项目范围描述。<br>- 关联：T-INT-002<br>- 来源：SRC-INT-002-TUTOR",topic_qa,概念卡,,,,,上午选择,,,,T-INT-002,T-INT-002,SRC-INT-002-TUTOR,outputs/anki_builds/full_expansion_20260521_003052/topics/by_topic/T-INT-002/topic_qa_cards.md,T-INT-002 项目章程、SOW、项目管理计划与基准体系,,T-INT-002,keep,SOW 定义基础卡。,ruankao ruankao::family::topic_qa ruankao::card_type::概念卡 ruankao::importance:: ruankao::exam_use::上午选择 ruankao::topic::T-INT-002,sha256:374e46c71a47af38488509a8
软考::系统集成项目管理工程师,Basic,SOW 有哪三种可能的来源？,①客户提供（作为合同的一部分）；②发起人提供（内部项目需求说明）；③项目团队编写（基于业务需求分析）。,- 记忆线索：外部客户、内部发起人、项目团队自己写——三种都有可能。<br>- 易错点：SOW 不一定都来自客户——内部项目也可以由发起人或团队编写。<br>- 题干信号：SOW 来源、工作说明书由谁提供。<br>- 关联：T-INT-002<br>- 来源：SRC-INT-002-TUTOR,topic_qa,辨析卡,,,,,上午选择,,,,T-INT-002,T-INT-002,SRC-INT-002-TUTOR,outputs/anki_builds/full_expansion_20260521_003052/topics/by_topic/T-INT-002/topic_qa_cards.md,T-INT-002 项目章程、SOW、项目管理计划与基准体系,,T-INT-002,keep,SOW 来源判断卡。,ruankao ruankao::family::topic_qa ruankao::card_type::辨析卡 ruankao::importance:: ruankao::exam_use::上午选择 ruankao::topic::T-INT-002,sha256:7f452ca9ab4915630b828865
软考::系统集成项目管理工程师,Basic,项目管理计划的定义是什么？由谁制定？,项目管理计划是说明项目将如何执行、监督和控制的文件。由项目经理领导团队制定，是项目工作的总指南。,"- 理解：计划是""怎么干活的说明书""——包含所有子计划和三大基准。<br>- 易错点：计划由项目经理领导制定，不是发起人。章程才由发起人批准。<br>- 题干信号：项目管理计划、执行监督控制、总指南。<br>- 关联：T-INT-002<br>- 来源：SRC-INT-002-TUTOR",topic_qa,概念卡,,,,,上午选择,,,,T-INT-002,T-INT-002,SRC-INT-002-TUTOR,outputs/anki_builds/full_expansion_20260521_003052/topics/by_topic/T-INT-002/topic_qa_cards.md,T-INT-002 项目章程、SOW、项目管理计划与基准体系,,T-INT-002,keep,项目管理计划定义基础卡。,ruankao ruankao::family::topic_qa ruankao::card_type::概念卡 ruankao::importance:: ruankao::exam_use::上午选择 ruankao::topic::T-INT-002,sha256:4ced1ec8068553bf0c7e7e5a
软考::系统集成项目管理工程师,Basic,项目管理计划的组成包括哪些部分？,各子管理计划（范围/进度/成本/质量/HR/沟通/风险/采购/干系人管理计划） + 三大基准（范围基准、进度基准、成本基准）。,- 记忆线索：计划 = 子计划（怎么做各领域管理） + 基准（用来量绩效的标尺）。<br>- 易错点：三大基准是计划的组成部分，不是独立于计划之外的东西。<br>- 题干信号：项目管理计划组成、子计划、三大基准。<br>- 关联：T-INT-002<br>- 来源：SRC-INT-002-TUTOR,topic_qa,概念卡,,,,,上午选择,,,,T-INT-002,T-INT-002,SRC-INT-002-TUTOR,outputs/anki_builds/full_expansion_20260521_003052/topics/by_topic/T-INT-002/topic_qa_cards.md,T-INT-002 项目章程、SOW、项目管理计划与基准体系,,T-INT-002,keep,计划组成卡。,ruankao ruankao::family::topic_qa ruankao::card_type::概念卡 ruankao::importance:: ruankao::exam_use::上午选择 ruankao::topic::T-INT-002,sha256:a57d569f1856054abdbc599a
软考::系统集成项目管理工程师,Basic,项目管理的三大基准是什么？各自回答什么问题？,"范围基准（范围说明书+WBS+WBS词典）→ 回答""交付什么""；进度基准（经批准的进度计划）→ 回答""何时完成""；成本基准（经批准的阶段预算）→ 回答""花多少钱、何时花""。","- 记忆线索：三大基准——范围（做什么）、进度（什么时候）、成本（多少钱）。<br>- 易错点：质量没有""质量基准""——质量通过标准和指标衡量，不是基准。<br>- 题干信号：三大基准、范围基准、进度基准、成本基准。<br>- 关联：T-INT-002<br>- 来源：SRC-INT-002-TUTOR",topic_qa,概念卡,,,,,上午选择,,,,T-INT-002,T-INT-002,SRC-INT-002-TUTOR,outputs/anki_builds/full_expansion_20260521_003052/topics/by_topic/T-INT-002/topic_qa_cards.md,T-INT-002 项目章程、SOW、项目管理计划与基准体系,,T-INT-002,keep,"三大基准基础卡，强调""质量无基准""。",ruankao ruankao::family::topic_qa ruankao::card_type::概念卡 ruankao::importance:: ruankao::exam_use::上午选择 ruankao::topic::T-INT-002,sha256:e0fea2981bc3042c1128fcb0
软考::系统集成项目管理工程师,Basic,范围基准由哪些组件构成？,范围说明书 + WBS（工作分解结构） + WBS词典。,"- 记忆线索：范围基准 = ""说明书（描述范围）+ WBS（分解工作包）+ 词典（解释每个工作包）""。<br>- 易错点：WBS 词典容易遗漏——范围基准不是只有 WBS。<br>- 题干信号：范围基准组成、WBS、WBS词典。<br>- 关联：T-INT-002<br>- 来源：SRC-INT-002-TUTOR",topic_qa,概念卡,,,,,上午选择,,,,T-INT-002,T-INT-002,SRC-INT-002-TUTOR,outputs/anki_builds/full_expansion_20260521_003052/topics/by_topic/T-INT-002/topic_qa_cards.md,T-INT-002 项目章程、SOW、项目管理计划与基准体系,,T-INT-002,keep,范围基准的三个组成要素。,ruankao ruankao::family::topic_qa ruankao::card_type::概念卡 ruankao::importance:: ruankao::exam_use::上午选择 ruankao::topic::T-INT-002,sha256:5039b1a359acfd5639ecc4ea
软考::系统集成项目管理工程师,Basic,项目章程和项目管理计划的核心区别是什么？,章程由发起人批准，内容高层级（目标/总体范围/授权PM），授权项目存在。计划由PM领导制定，内容详细（子计划+三大基准），指导执行和监控。,- 记忆线索：章程 = 出生证（批准存在+授权PM）；计划 = 操作手册（详细执行方案）。<br>- 易错点：选题的经典陷阱是把章程的内容说成计划的、计划的特征说成章程的。<br>- 题干信号：章程 vs 计划、区别、比较。<br>- 关联：T-INT-002<br>- 来源：SRC-INT-002-TUTOR,topic_qa,辨析卡,,,,,上午选择,,,,T-INT-002,T-INT-002,SRC-INT-002-TUTOR,outputs/anki_builds/full_expansion_20260521_003052/topics/by_topic/T-INT-002/topic_qa_cards.md,T-INT-002 项目章程、SOW、项目管理计划与基准体系,,T-INT-002,keep,核心辨析，本专题最高频考法。,ruankao ruankao::family::topic_qa ruankao::card_type::辨析卡 ruankao::importance:: ruankao::exam_use::上午选择 ruankao::topic::T-INT-002,sha256:192c822c598c265d637dbd7b
软考::系统集成项目管理工程师,Basic,判断正误：项目经理可以批准项目章程。,错误。项目章程由发起人或项目以外的管理层批准。项目经理可以参与起草，但不能自己批准。,"- 记忆线索：章程是""别人给你授权""，不是""自己授权自己""。<br>- 易错点：看到""项目经理+章程""就要警醒——项目经理参与起草可以，但批准人是发起人。<br>- 题干信号：项目章程批准、项目经理批准章程。<br>- 关联：T-INT-002<br>- 来源：SRC-INT-002-TUTOR",topic_qa,陷阱卡,,,,,上午选择,,,,T-INT-002,T-INT-002,SRC-INT-002-TUTOR,outputs/anki_builds/full_expansion_20260521_003052/topics/by_topic/T-INT-002/topic_qa_cards.md,T-INT-002 项目章程、SOW、项目管理计划与基准体系,,T-INT-002,keep,最高频的章程陷阱——谁批准。,ruankao ruankao::family::topic_qa ruankao::card_type::陷阱卡 ruankao::importance:: ruankao::exam_use::上午选择 ruankao::topic::T-INT-002,sha256:6882b5ff6116c2dd10c18a9a
软考::系统集成项目管理工程师,Basic,项目管理三大基准的修改需要遵循什么规则？,任何基准的修改都必须走正式的变更控制流程（实施整体变更控制），不能由项目经理直接修改。,"- 理解：基准是""比较的标尺""，随意修改意味着无法衡量绩效。所以必须严格管控。<br>- 易错点：基准不是不能改，但必须通过 CCB 批准，不能直接改。<br>- 题干信号：基准变更、修改基准、变更控制流程。<br>- 关联：T-INT-002；T-PM-002<br>- 来源：SRC-INT-002-TUTOR",topic_qa,规则卡,,,,,上午选择,,,,T-INT-002,T-INT-002,SRC-INT-002-TUTOR,outputs/anki_builds/full_expansion_20260521_003052/topics/by_topic/T-INT-002/topic_qa_cards.md,T-INT-002 项目章程、SOW、项目管理计划与基准体系,,"T-INT-002,T-PM-002",keep,基准变更规则，案例分析题常考。,ruankao ruankao::family::topic_qa ruankao::card_type::规则卡 ruankao::importance:: ruankao::exam_use::上午选择 ruankao::topic::T-INT-002,sha256:74f818c502e7e382ca74f22e
软考::系统集成项目管理工程师,Basic,什么是 Kick-off 会议（开踢会议）？在什么时候召开？,Kick-off 会议是项目启动阶段召开的项目团队第一次正式会议，目的是传达项目目标、明确角色职责、建立团队共识。,"- 理解：开踢会议 = 项目团队""见面会 + 动员会""。<br>- 易错点：开踢会议 ≠ 制定章程。章程批准后才开踢，开踢会议属于""执行过程组""或沟通管理。<br>- 题干信号：Kick-off、项目启动会、首次团队会议。<br>- 关联：T-INT-002<br>- 来源：SRC-INT-002-TUTOR",topic_qa,概念卡,,,,,上午选择,,,,T-INT-002,T-INT-002,SRC-INT-002-TUTOR,outputs/anki_builds/full_expansion_20260521_003052/topics/by_topic/T-INT-002/topic_qa_cards.md,T-INT-002 项目章程、SOW、项目管理计划与基准体系,,T-INT-002,keep,开踢会议概念卡。,ruankao ruankao::family::topic_qa ruankao::card_type::概念卡 ruankao::importance:: ruankao::exam_use::上午选择 ruankao::topic::T-INT-002,sha256:97cbe855207a3b010cec3da2
软考::系统集成项目管理工程师,Basic,"题干描述""正式任命项目经理、授权其动用组织资源、说明项目总体目标和里程碑""，这最可能描述的是哪个文件？",项目章程。,"- 理解：这些关键词——任命PM、授权、总体目标、总体里程碑——全是章程的典型特征。<br>- 易错点：看到""总体""（总体目标、总体范围）→ 章程；看到""详细""（详细WBS、详细计划）→ 计划。<br>- 题干信号：任命、授权、总体目标、总体里程碑。<br>- 关联：T-INT-002<br>- 来源：SRC-INT-002-TUTOR",topic_qa,场景判断卡,,,,,上午选择,,,,T-INT-002,T-INT-002,SRC-INT-002-TUTOR,outputs/anki_builds/full_expansion_20260521_003052/topics/by_topic/T-INT-002/topic_qa_cards.md,T-INT-002 项目章程、SOW、项目管理计划与基准体系,,T-INT-002,keep,场景判断型，快速匹配章程。,ruankao ruankao::family::topic_qa ruankao::card_type::场景判断卡 ruankao::importance:: ruankao::exam_use::上午选择 ruankao::topic::T-INT-002,sha256:bab7405140dae90ba8546ab6
软考::系统集成项目管理工程师,Basic,"题干描述""说明项目如何执行、监督和控制，包含各子管理计划和三大基准""，这最可能描述的是哪个文件？",项目管理计划。,"- 理解：关键词——""如何执行、如何控制、子计划、基准""→ 项目管理计划。<br>- 易错点：不要看到""项目""两个字就选""项目章程""——计划是详细的执行文件。<br>- 题干信号：如何执行、如何控制、子计划、基准。<br>- 关联：T-INT-002<br>- 来源：SRC-INT-002-TUTOR",topic_qa,场景判断卡,,,,,上午选择,,,,T-INT-002,T-INT-002,SRC-INT-002-TUTOR,outputs/anki_builds/full_expansion_20260521_003052/topics/by_topic/T-INT-002/topic_qa_cards.md,T-INT-002 项目章程、SOW、项目管理计划与基准体系,,T-INT-002,keep,场景判断型，与Card 013成对学习。,ruankao ruankao::family::topic_qa ruankao::card_type::场景判断卡 ruankao::importance:: ruankao::exam_use::上午选择 ruankao::topic::T-INT-002,sha256:99eacf9fc7e0a903f061da76
软考::系统集成项目管理工程师,Basic,判断正误：项目管理计划由项目发起人编写并发布。,错误。项目管理计划由项目经理领导团队制定。发起人批准项目章程，但不负责编写项目管理计划。,"- 理解：章程是""上面给的""，计划是""自己（团队）做的""。<br>- 易错点：这个陷阱和""项目章程由项目经理批准""是一对镜像陷阱。<br>- 题干信号：项目管理计划 + 发起人编写/发布。<br>- 关联：T-INT-002<br>- 来源：SRC-INT-002-TUTOR",topic_qa,陷阱卡,,,,,上午选择,,,,T-INT-002,T-INT-002,SRC-INT-002-TUTOR,outputs/anki_builds/full_expansion_20260521_003052/topics/by_topic/T-INT-002/topic_qa_cards.md,T-INT-002 项目章程、SOW、项目管理计划与基准体系,,T-INT-002,keep,镜像陷阱，与Card 010配对。,ruankao ruankao::family::topic_qa ruankao::card_type::陷阱卡 ruankao::importance:: ruankao::exam_use::上午选择 ruankao::topic::T-INT-002,sha256:3bc1ec82dc365b68c6021aab
软考::系统集成项目管理工程师,Basic,开踢会议（Kick-off Meeting）的核心目的是什么？,传达项目目标、明确角色和职责、建立团队共识、获得团队承诺。,"- 理解：开踢会议是""让大家在同一个频道上""的会议——不是做计划，是让大家知道计划和自己的角色。<br>- 易错点：开踢会议的目的不是""制定计划""——计划在开踢前就应基本完成（至少要有初步版本）。<br>- 题干信号：Kick-off目的、项目启动会目的。<br>- 关联：T-INT-002<br>- 来源：SRC-INT-002-TUTOR",topic_qa,概念卡,,,,,上午选择,,,,T-INT-002,T-INT-002,SRC-INT-002-TUTOR,outputs/anki_builds/full_expansion_20260521_003052/topics/by_topic/T-INT-002/topic_qa_cards.md,T-INT-002 项目章程、SOW、项目管理计划与基准体系,,T-INT-002,keep,开踢会议目的卡。,ruankao ruankao::family::topic_qa ruankao::card_type::概念卡 ruankao::importance:: ruankao::exam_use::上午选择 ruankao::topic::T-INT-002,sha256:b69030592e1a28cf31e73357
软考::系统集成项目管理工程师,Basic,成本基准的构成公式是什么？,成本基准 = 工作包估算总和 + 应急储备。成本基准加上管理储备构成项目预算。,- 记忆线索：工作包估算 + 应急储备 = 成本基准；成本基准 + 管理储备 = 项目预算。<br>- 易错点：应急储备属于成本基准的一部分（PM可支配），管理储备不属于成本基准（需管理层批准）。<br>- 题干信号：成本基准构成、应急储备、管理储备。<br>- 关联：T-INT-002<br>- 来源：SRC-INT-002-TUTOR,topic_qa,概念卡,,,,,上午选择,,,,T-INT-002,T-INT-002,SRC-INT-002-TUTOR,outputs/anki_builds/full_expansion_20260521_003052/topics/by_topic/T-INT-002/topic_qa_cards.md,T-INT-002 项目章程、SOW、项目管理计划与基准体系,,T-INT-002,keep,成本基准构成的精确公式，考试常考细节。,ruankao ruankao::family::topic_qa ruankao::card_type::概念卡 ruankao::importance:: ruankao::exam_use::上午选择 ruankao::topic::T-INT-002,sha256:b0cd93ebc6245084a35d46b5
软考::系统集成项目管理工程师,Basic,SOW 和项目章程的区别是什么？,SOW 是对产品/服务的叙述性说明（输入材料）；项目章程是正式批准项目存在的文件（启动文件）。SOW 是制定章程的输入之一。,- 理解：SOW 在章程之前（说清楚要做什么），章程在 SOW 之后（批准去做）。<br>- 易错点：不要把 SOW 当作章程的一部分——SOW 是独立输入，不是章程包含的内容。<br>- 题干信号：SOW vs 章程、输入 vs 启动文件。<br>- 关联：T-INT-002<br>- 来源：SRC-INT-002-TUTOR,topic_qa,辨析卡,,,,,上午选择,,,,T-INT-002,T-INT-002,SRC-INT-002-TUTOR,outputs/anki_builds/full_expansion_20260521_003052/topics/by_topic/T-INT-002/topic_qa_cards.md,T-INT-002 项目章程、SOW、项目管理计划与基准体系,,T-INT-002,keep,SOW 和章程的关系辨析。,ruankao ruankao::family::topic_qa ruankao::card_type::辨析卡 ruankao::importance:: ruankao::exam_use::上午选择 ruankao::topic::T-INT-002,sha256:089e30dc38f360d4636399ee
软考::系统集成项目管理工程师,Basic,变更控制委员会（CCB）在项目中的核心职责是什么？,审查、评价、批准、推迟或否决项目变更请求，并记录和传达变更处理决定。,"- 理解：CCB 是""决策机构""——它决定变更请求的命运，但不负责实施变更和验证变更结果。<br>- 易错点：CCB 批准的是""变更请求""，不是所有管理决策。日常管理调整不需要 CCB。<br>- 题干信号：CCB、变更审批、变更委员会、审批变更。<br>- 关联：T-INT-004。<br>- 来源：SRC-INT-TUTOR-004。",topic_qa,概念理解卡,,,,,上午选择,,,,T-INT-004,T-INT-004,SRC-INT-TUTOR-004,outputs/anki_builds/full_expansion_20260521_003052/topics/by_topic/T-INT-004/topic_qa_cards.md,T-INT-004 最终人工可读卡片,,T-INT-004,keep,"Front 直接问 CCB 核心职责，Back 来自教程定义，Extra 明确 CCB ""不做什么""。",ruankao ruankao::family::topic_qa ruankao::card_type::概念理解卡 ruankao::importance:: ruankao::exam_use::上午选择 ruankao::topic::T-INT-004,sha256:2dd50ae83a8d79092bfe6bfd
软考::系统集成项目管理工程师,Basic,整体变更控制在项目管理中的核心目标是什么？,审查所有变更请求、批准变更、管理对可交付成果、项目文件和项目管理计划的变更，并对变更处理结果进行沟通。贯穿项目始终。,"- 理解：整体变更控制不是变更发生时才做的事，而是从项目启动到收尾持续进行的管控过程。<br>- 易错点：变更控制不只是""审批""——还包括记录、更新文件和沟通。审批只是中间环节。<br>- 题干信号：变更控制、整体变更控制、变更管理过程。<br>- 关联：T-INT-004。<br>- 来源：SRC-INT-TUTOR-004。",topic_qa,概念理解卡,,,,,上午选择,,,,T-INT-004,T-INT-004,SRC-INT-TUTOR-004,outputs/anki_builds/full_expansion_20260521_003052/topics/by_topic/T-INT-004/topic_qa_cards.md,T-INT-004 最终人工可读卡片,,T-INT-004,keep,Front 问核心目标，Back 覆盖了审查、批准、管理、沟通四个动作，非单一审批。,ruankao ruankao::family::topic_qa ruankao::card_type::概念理解卡 ruankao::importance:: ruankao::exam_use::上午选择 ruankao::topic::T-INT-004,sha256:d841621d8bc6f796db0531d6
软考::系统集成项目管理工程师,Basic,纠正措施（Corrective Action）的定义是什么？,为使项目工作绩效与项目管理计划重新一致而采取的有目的的活动。,"- 理解：纠正措施针对""已经发生的绩效偏差""，目的是把偏离拉回计划轨道。<br>- 记忆线索：纠正 = ""错了，拉回来""。<br>- 易错点：纠正措施针对""过程绩效偏离""，不是针对""产品缺陷""。<br>- 题干信号：绩效偏差、偏离计划、纠正、回到正轨。<br>- 关联：T-INT-004。<br>- 来源：SRC-INT-TUTOR-004。",topic_qa,概念理解卡,,,,,上午选择,,,,T-INT-004,T-INT-004,SRC-INT-TUTOR-004,outputs/anki_builds/full_expansion_20260521_003052/topics/by_topic/T-INT-004/topic_qa_cards.md,T-INT-004 最终人工可读卡片,,T-INT-004,keep,"概念卡精简，Extra 给出""过程 vs 产品""的易错提示。",ruankao ruankao::family::topic_qa ruankao::card_type::概念理解卡 ruankao::importance:: ruankao::exam_use::上午选择 ruankao::topic::T-INT-004,sha256:626989152415e4ce7b372b18
软考::系统集成项目管理工程师,Basic,预防措施（Preventive Action）的定义是什么？,为确保项目工作的未来绩效与项目管理计划一致而采取的有目的的活动。,"- 理解：预防措施针对""尚未发生的潜在偏差""，目的是提前防止偏离。<br>- 记忆线索：预防 = ""还没错，提前防""。<br>- 易错点：预防措施和纠正措施的关键区别是时间点——预防在事前，纠正在事后。<br>- 题干信号：预防、避免、提前、防患于未然。<br>- 关联：T-INT-004。<br>- 来源：SRC-INT-TUTOR-004。",topic_qa,概念理解卡,,,,,上午选择,,,,T-INT-004,T-INT-004,SRC-INT-TUTOR-004,outputs/anki_builds/full_expansion_20260521_003052/topics/by_topic/T-INT-004/topic_qa_cards.md,T-INT-004 最终人工可读卡片,,T-INT-004,keep,"与 Card 003 互补，Extra 强调""事前 vs 事后""这一区分线。",ruankao ruankao::family::topic_qa ruankao::card_type::概念理解卡 ruankao::importance:: ruankao::exam_use::上午选择 ruankao::topic::T-INT-004,sha256:052dbfff6dc2d4b26a142bff
软考::系统集成项目管理工程师,Basic,缺陷补救（Defect Repair）的定义是什么？,为了修正不一致的产品或产品组件而采取的有目的的活动。,"- 理解：缺陷补救针对""产品/可交付成果本身的缺陷""，目的是修复不合格的产品组件。<br>- 记忆线索：缺陷补救 = ""产品坏了，修好它""。<br>- 易错点：缺陷补救 vs 纠正措施——产品出问题=缺陷补救；过程出问题=纠正措施。<br>- 题干信号：修复缺陷、修正产品、产品不合格、质量缺陷、bug修复。<br>- 关联：T-INT-004；T-QUAL-001。<br>- 来源：SRC-INT-TUTOR-004。",topic_qa,概念理解卡,,,,,上午选择,,,,T-INT-004,T-INT-004,SRC-INT-TUTOR-004,outputs/anki_builds/full_expansion_20260521_003052/topics/by_topic/T-INT-004/topic_qa_cards.md,T-INT-004 最终人工可读卡片,,"T-INT-004,T-QUAL-001",keep,"Extra 给出""产品 vs 过程""区分法，是选择题高频考点。",ruankao ruankao::family::topic_qa ruankao::card_type::概念理解卡 ruankao::importance:: ruankao::exam_use::上午选择 ruankao::topic::T-INT-004,sha256:15fcc079b5ce144456bc7d4b
软考::系统集成项目管理工程师,Basic,"变更请求中的""更新""（Update）指的是什么？",对正式受控的项目文件或计划等进行的变更，如更新项目管理计划、项目基准、配置记录等。,"- 理解：更新是""改文件/改记录""的管理动作，不是改产品也不是改过程绩效。<br>- 易错点：更新不是独立类型的变更——它通常伴随其他变更请求类型一起发生。<br>- 题干信号：更新基准、修改计划、更新文件、版本变更。<br>- 关联：T-INT-004。<br>- 来源：SRC-INT-TUTOR-004。",topic_qa,概念理解卡,,,,,上午选择,,,,T-INT-004,T-INT-004,SRC-INT-TUTOR-004,outputs/anki_builds/full_expansion_20260521_003052/topics/by_topic/T-INT-004/topic_qa_cards.md,T-INT-004 最终人工可读卡片,,T-INT-004,keep,四种变更请求的第四种，和其他三种形成完整体系。,ruankao ruankao::family::topic_qa ruankao::card_type::概念理解卡 ruankao::importance:: ruankao::exam_use::上午选择 ruankao::topic::T-INT-004,sha256:7981ef9e466521d25c075871
软考::系统集成项目管理工程师,Basic,CCB 审批权限和项目经理日常管理权限的核心区别是什么？,CCB 审批涉及基准变更的重大变更请求；项目经理可在授权范围内处理不影响基准的日常调整，但不能自行批准基准变更。,- 理解：项目经理对变更控制负有最终管理责任（发现、评估、提交、实施），但不是最终审批者。<br>- 记忆线索：动基准→CCB；不动基准→项目经理在授权内处理。<br>- 易错点：项目经理是 CCB 成员（通常），但不是 CCB 主席，无权单独批准基准变更。<br>- 题干信号：项目经理直接批准范围变更、CCB 未参与、授权范围内。<br>- 关联：T-INT-004。<br>- 来源：SRC-INT-TUTOR-004。,topic_qa,辨析卡,,,,,上午选择,,,,T-INT-004,T-INT-004,SRC-INT-TUTOR-004,outputs/anki_builds/full_expansion_20260521_003052/topics/by_topic/T-INT-004/topic_qa_cards.md,T-INT-004 最终人工可读卡片,,T-INT-004,keep,"辨析角色权限边界，Back 用""动基准/不动基准""给出清晰分界线。",ruankao ruankao::family::topic_qa ruankao::card_type::辨析卡 ruankao::importance:: ruankao::exam_use::上午选择 ruankao::topic::T-INT-004,sha256:2bbeeb546ba3d1f2ec66d11c
软考::系统集成项目管理工程师,Basic,变更控制与配置管理的核心区别是什么？,"变更控制管""改不改""——审查和批准变更请求；配置管理管""记没记""——记录和追踪配置项的状态和版本变更。","- 记忆线索：变更控制 = ""能不能改""；配置管理 = ""改成什么样、谁改的、当前版本是什么""。<br>- 关系：每次批准的变更，都必须在配置管理系统中更新对应配置项的状态。<br>- 易错点：两者不是替代关系，是互补关系——变更控制做了决策，配置管理负责记录追踪。<br>- 题干信号：配置审计、版本管理、配置状态报告 vs 变更审批、CCB、变更控制流程。<br>- 关联：T-INT-004；T-CFG-001。<br>- 来源：SRC-INT-TUTOR-004。",topic_qa,辨析卡,,,,,上午选择,,,,T-INT-004,T-INT-004,SRC-INT-TUTOR-004,outputs/anki_builds/full_expansion_20260521_003052/topics/by_topic/T-INT-004/topic_qa_cards.md,T-INT-004 最终人工可读卡片,,"T-INT-004,T-CFG-001",keep,经典辨析，Extra 给出互补关系的说明而非割裂对立的陷阱。,ruankao ruankao::family::topic_qa ruankao::card_type::辨析卡 ruankao::importance:: ruankao::exam_use::上午选择 ruankao::topic::T-INT-004,sha256:3988a12acb326f225e271f83
软考::系统集成项目管理工程师,Basic,纠正措施（Corrective Action）和预防措施（Preventive Action）的本质区别是什么？,"时间点不同。纠正措施是""已经偏离了计划，拉回来""；预防措施是""还没偏离，提前防止偏离""。","- 记忆线索：纠正是事后补救，预防是事前防范。<br>- 易错点：两者都针对""过程绩效""，不是产品缺陷。产品缺陷属于缺陷补救。<br>- 题干信号：纠正→出现了偏差、偏离了计划；预防→为了避免、提前采取措施。<br>- 关联：T-INT-004。<br>- 来源：SRC-INT-TUTOR-004。",topic_qa,辨析卡,,,,,上午选择,,,,T-INT-004,T-INT-004,SRC-INT-TUTOR-004,outputs/anki_builds/full_expansion_20260521_003052/topics/by_topic/T-INT-004/topic_qa_cards.md,T-INT-004 最终人工可读卡片,,T-INT-004,keep,"辨析核心是时间点差异，Extra 补充""都针对过程""的共性。",ruankao ruankao::family::topic_qa ruankao::card_type::辨析卡 ruankao::importance:: ruankao::exam_use::上午选择 ruankao::topic::T-INT-004,sha256:1d93386623bcf5fd98172f51
软考::系统集成项目管理工程师,Basic,纠正措施（Corrective Action）和缺陷补救（Defect Repair）的本质区别是什么？,"纠正措施针对""过程绩效偏离计划""；缺陷补救针对""产品/可交付成果存在缺陷""。一个是管过程，一个是管产品。","- 记忆线索：过程出问题→纠正措施；产品出问题→缺陷补救。<br>- 选择题陷阱：题干给""产品模块崩溃需要修复""→这是缺陷补救，不是纠正措施。<br>- 题干信号：纠正措施→进度落后、成本超支、绩效偏差；缺陷补救→产品缺陷、bug、质量不合格。<br>- 关联：T-INT-004。<br>- 来源：SRC-INT-TUTOR-004。",topic_qa,辨析卡,,,,,上午选择,,,,T-INT-004,T-INT-004,SRC-INT-TUTOR-004,outputs/anki_builds/full_expansion_20260521_003052/topics/by_topic/T-INT-004/topic_qa_cards.md,T-INT-004 最终人工可读卡片,,T-INT-004,keep,过程 vs 产品是选择题最常考的区分维度，Extra 给出真题场景。,ruankao ruankao::family::topic_qa ruankao::card_type::辨析卡 ruankao::importance:: ruankao::exam_use::上午选择 ruankao::topic::T-INT-004,sha256:e37bd761f9ef5f4db8cb63ee
软考::系统集成项目管理工程师,Basic,预防措施（Preventive Action）和缺陷补救（Defect Repair）的区别是什么？,预防措施针对过程——在绩效偏差发生前防止偏离；缺陷补救针对产品——对已存在缺陷的产品组件进行修复。,"- 理解：预防措施是""防患于未然""；缺陷补救是""坏了修好""。两者对象不同（过程 vs 产品），时间点也不同（事前 vs 事后）。<br>- 记忆线索：防过程缺陷=预防措施；修产品缺陷=缺陷补救。<br>- 关联：T-INT-004。<br>- 来源：SRC-INT-TUTOR-004。",topic_qa,辨析卡,,,,,上午选择,,,,T-INT-004,T-INT-004,SRC-INT-TUTOR-004,outputs/anki_builds/full_expansion_20260521_003052/topics/by_topic/T-INT-004/topic_qa_cards.md,T-INT-004 最终人工可读卡片,,T-INT-004,keep,补全四种变更请求的完整辨析体系，避免只辨析相邻两对。,ruankao ruankao::family::topic_qa ruankao::card_type::辨析卡 ruankao::importance:: ruankao::exam_use::上午选择 ruankao::topic::T-INT-004,sha256:774e9283a8f965de4ab65b6c
软考::系统集成项目管理工程师,Basic,四种变更请求（纠正/预防/缺陷补救/更新）在选择题中如何快速区分？,看动作目的和对象。过程已偏离→纠正；过程未偏离但想预防→预防；产品有缺陷→缺陷补救；改文件/改记录→更新。,"- 决策树：① 对象是产品还是过程？→产品=缺陷补救；② 过程：已经偏离还是还没偏离？→已偏离=纠正，未偏离=预防；③ 都不符合→可能是更新。<br>- 易错点：一个变更请求可能包含多种类型（如""修复缺陷同时更新文档""包含缺陷补救+更新）。<br>- 关联：T-INT-004。<br>- 来源：SRC-INT-TUTOR-004。",topic_qa,辨析卡,,,,,上午选择,,,,T-INT-004,T-INT-004,SRC-INT-TUTOR-004,outputs/anki_builds/full_expansion_20260521_003052/topics/by_topic/T-INT-004/topic_qa_cards.md,T-INT-004 最终人工可读卡片,,T-INT-004,keep,综合辨析卡提供快速决策树，实战价值高。,ruankao ruankao::family::topic_qa ruankao::card_type::辨析卡 ruankao::importance:: ruankao::exam_use::上午选择 ruankao::topic::T-INT-004,sha256:7556e783efac1fd3fc59aa32
软考::系统集成项目管理工程师,Basic,变更控制八步流程的完整顺序是什么？,① 发现变更需求 → ② 提交正式变更请求 → ③ 变更影响分析 → ④ CCB 审批 → ⑤ 实施变更 → ⑥ 验证变更结果 → ⑦ 更新项目文件/基准/配置记录 → ⑧ 通知相关干系人。,- 记忆线索：发现→提交→分析→审批→实施→验证→更新→通知。<br>- 易错点：CCB 批准后不是结束——必须更新文件、更新基准、配置管理记录更新，然后通知干系人。<br>- 题干信号：变更控制流程、变更步骤、正确顺序、下一步做什么。<br>- 关联：T-INT-004。<br>- 来源：SRC-INT-TUTOR-004。,topic_qa,流程卡,,,,,上午选择,,,,T-INT-004,T-INT-004,SRC-INT-TUTOR-004,outputs/anki_builds/full_expansion_20260521_003052/topics/by_topic/T-INT-004/topic_qa_cards.md,T-INT-004 最终人工可读卡片,,T-INT-004,keep,"八步流程完整覆盖，Extra 强调""批准后还有三步""这一常考陷阱。",ruankao ruankao::family::topic_qa ruankao::card_type::流程卡 ruankao::importance:: ruankao::exam_use::上午选择 ruankao::topic::T-INT-004,sha256:d4f96e13cdc1c500428a29e1
软考::系统集成项目管理工程师,Basic,紧急变更的处理流程和常规变更有什么关键不同？,紧急变更可以先实施后补流程，但仍需在事后尽快补交变更请求、影响分析和审批记录，不能完全跳过变更控制。,"- 理解：紧急变更是""先斩后奏""——但""奏""（补流程）不能省略。<br>- 易错点：紧急变更≠不需要变更控制。只是执行顺序不同，管控要求相同。<br>- 题干信号：紧急情况、先实施后补流程、来不及审批。<br>- 关联：T-INT-004。<br>- 来源：SRC-INT-TUTOR-004。",topic_qa,流程卡,,,,,上午选择,,,,T-INT-004,T-INT-004,SRC-INT-TUTOR-004,outputs/anki_builds/full_expansion_20260521_003052/topics/by_topic/T-INT-004/topic_qa_cards.md,T-INT-004 最终人工可读卡片,,T-INT-004,keep,补充紧急变更场景，防止考生误以为紧急变更可以完全绕过变更控制。,ruankao ruankao::family::topic_qa ruankao::card_type::流程卡 ruankao::importance:: ruankao::exam_use::上午选择 ruankao::topic::T-INT-004,sha256:011fddc6cce66bc97c994231
软考::系统集成项目管理工程师,Basic,CCB 批准一项变更请求后，项目经理需要更新哪些文件？,需要更新项目管理计划、项目基准（范围/进度/成本）、配置管理记录和组织过程资产。,- 记忆线索：计划→基准→配置记录→过程资产。<br>- 易错点：只更新计划不更新基准=变更没有正式纳入管理。基准变更是变更控制的核心输出之一。<br>- 题干信号：批准后下一步、变更后更新、更新清单。<br>- 关联：T-INT-004。<br>- 来源：SRC-INT-TUTOR-004。,topic_qa,流程卡,,,,,上午选择,,,,T-INT-004,T-INT-004,SRC-INT-TUTOR-004,outputs/anki_builds/full_expansion_20260521_003052/topics/by_topic/T-INT-004/topic_qa_cards.md,T-INT-004 最终人工可读卡片,,T-INT-004,keep,批准后的更新清单是高频考点，Extra 强调基准更新不可遗漏。,ruankao ruankao::family::topic_qa ruankao::card_type::流程卡 ruankao::importance:: ruankao::exam_use::上午选择 ruankao::topic::T-INT-004,sha256:f5ed3efd891894f79ba67898
软考::系统集成项目管理工程师,Basic,"案例题中""变更控制流程存在哪些问题""的标准诊断顺序是什么？",① 变更是否提交了正式变更请求？② 是否进行了影响分析？③ 是否提交 CCB 审批？④ 批准后是否实施了变更？⑤ 是否验证了变更结果？⑥ 是否更新了项目文件和基准？⑦ 是否通知了相关干系人？,"- 答题提醒：在案例题中，题干描述到哪个环节断了，就写哪个环节缺失。不一定要八步全写，写缺失的部分。<br>- 例子：题干说""客户直接找开发人员改了功能""→环节②③断了（无正式请求、无影响分析、无CCB审批）。<br>- 关联：T-INT-004。<br>- 来源：SRC-INT-TUTOR-004。",topic_qa,流程卡,,,,,下午案例,,,,T-INT-004,T-INT-004,SRC-INT-TUTOR-004,outputs/anki_builds/full_expansion_20260521_003052/topics/by_topic/T-INT-004/topic_qa_cards.md,T-INT-004 最终人工可读卡片,,T-INT-004,keep,七问诊断清单适合案例实操，每问对应流程八步的一个环节。,ruankao ruankao::family::topic_qa ruankao::card_type::流程卡 ruankao::importance:: ruankao::exam_use::下午案例 ruankao::topic::T-INT-004,sha256:39019fe04c8269cc17f13328
软考::系统集成项目管理工程师,Basic,"题干出现""口头同意""""客户直接找开发""""没走流程""""擅自改了""时，应优先想到哪个管理过程的问题？",整体变更控制。具体指向变更请求未正式提交、变更控制流程缺失、CCB 未运作。,- 答题链：口头变更→无正式请求→无影响分析→无 CCB 审批→变更失控→需要建立正式变更控制流程。<br>- 关联：T-INT-004；T-CASE-001。<br>- 来源：SRC-INT-TUTOR-004。,topic_qa,关键词识别卡,,,,,下午案例,,,,T-INT-004,T-INT-004,SRC-INT-TUTOR-004,outputs/anki_builds/full_expansion_20260521_003052/topics/by_topic/T-INT-004/topic_qa_cards.md,T-INT-004 最终人工可读卡片,,"T-INT-004,T-CASE-001",keep,最经典的变更失控信号词组合，案例题高频识别点。,ruankao ruankao::family::topic_qa ruankao::card_type::关键词识别卡 ruankao::importance:: ruankao::exam_use::下午案例 ruankao::topic::T-INT-004,sha256:3a51364e5a3a468c5e5a83fd
软考::系统集成项目管理工程师,Basic,"题干出现""CCB""""变更委员会""""审批变更""""变更决定""时，应优先想到哪个管理概念？",变更控制委员会（CCB）的职责边界——它审批变更请求，不实施变更，不验证结果。,"- 易错点：CCB 批准变更请求后，变更的实施和验证由项目团队完成。说""CCB 负责实施变更""是错误的。<br>- 题干信号：""由 CCB 直接实施""""CCB 到现场验证""——这些都是错误选项。<br>- 关联：T-INT-004。<br>- 来源：SRC-INT-TUTOR-004。",topic_qa,关键词识别卡,,,,,上午选择,,,,T-INT-004,T-INT-004,SRC-INT-TUTOR-004,outputs/anki_builds/full_expansion_20260521_003052/topics/by_topic/T-INT-004/topic_qa_cards.md,T-INT-004 最终人工可读卡片,,T-INT-004,keep,"聚焦 CCB 职责边界，直接服务选择题的""说法正误判断""题型。",ruankao ruankao::family::topic_qa ruankao::card_type::关键词识别卡 ruankao::importance:: ruankao::exam_use::上午选择 ruankao::topic::T-INT-004,sha256:e06b92f1c65a00eb2290cc7c
软考::系统集成项目管理工程师,Basic,"题干出现""绩效偏差""""偏离计划""""回到正轨""""拉回计划""时，应优先想到哪种变更请求类型？",纠正措施（Corrective Action）。针对已发生的绩效偏差，目的是让绩效重新符合计划。,"- 记忆线索：这些信号词都指向""已经偏了，要拉回来""→事后纠正。<br>- 易错点：不要把""纠正措施""和""缺陷补救""混淆——前者是过程，后者是产品。<br>- 关联：T-INT-004。<br>- 来源：SRC-INT-TUTOR-004。",topic_qa,关键词识别卡,,,,,上午选择,,,,T-INT-004,T-INT-004,SRC-INT-TUTOR-004,outputs/anki_builds/full_expansion_20260521_003052/topics/by_topic/T-INT-004/topic_qa_cards.md,T-INT-004 最终人工可读卡片,,T-INT-004,keep,针对纠正措施的关键词识别，与 Card 020 形成互补。,ruankao ruankao::family::topic_qa ruankao::card_type::关键词识别卡 ruankao::importance:: ruankao::exam_use::上午选择 ruankao::topic::T-INT-004,sha256:31d2d8b0008c70438dbc8c18
软考::系统集成项目管理工程师,Basic,"题干出现""产品缺陷""""产品不合格""""模块崩溃""""性能不达标""时，应优先想到哪种变更请求类型？",缺陷补救（Defect Repair）。针对产品组件的缺陷或不合格项进行修复。,"- 记忆线索：提到""产品""""模块""""系统""""功能""层面的问题→缺陷补救。<br>- 易错点：缺陷补救针对的是可交付成果的""质量""问题，而不是项目管理的""绩效""问题。<br>- 关联：T-INT-004；T-QUAL-001。<br>- 来源：SRC-INT-TUTOR-004。",topic_qa,关键词识别卡,,,,,上午选择,,,,T-INT-004,T-INT-004,SRC-INT-TUTOR-004,outputs/anki_builds/full_expansion_20260521_003052/topics/by_topic/T-INT-004/topic_qa_cards.md,T-INT-004 最终人工可读卡片,,"T-INT-004,T-QUAL-001",keep,与 Card 019 形成过程 vs 产品的完整信号识别体系。,ruankao ruankao::family::topic_qa ruankao::card_type::关键词识别卡 ruankao::importance:: ruankao::exam_use::上午选择 ruankao::topic::T-INT-004,sha256:ea6b312c0f22bcb517050170
软考::系统集成项目管理工程师,Basic,"题干出现""记不清版本""""不知道哪个是最新版""""配置乱了""""基线丢失""时，应优先想到哪个管理过程的问题？",配置管理。具体指向配置管理缺失——版本管理、配置状态记录、配置审计未执行。,- 理解：配置管理的问题常与变更控制的问题同时出现——变更后未更新配置记录，导致版本混乱。<br>- 答题链：变更控制缺失→变更后未更新配置记录→版本混乱→需要建立配置管理系统并与变更控制联动。<br>- 关联：T-INT-004；T-CFG-001。<br>- 来源：SRC-INT-TUTOR-004。,topic_qa,关键词识别卡,,,,,上午选择,,,,T-INT-004,T-INT-004,SRC-INT-TUTOR-004,outputs/anki_builds/full_expansion_20260521_003052/topics/by_topic/T-INT-004/topic_qa_cards.md,T-INT-004 最终人工可读卡片,,"T-INT-004,T-CFG-001",keep,补充配置管理信号词，与变更控制形成完整知识链。,ruankao ruankao::family::topic_qa ruankao::card_type::关键词识别卡 ruankao::importance:: ruankao::exam_use::上午选择 ruankao::topic::T-INT-004,sha256:fc12adebe620ce2e8966bd59
软考::系统集成项目管理工程师,Basic,"""所有变更都必须经过 CCB 批准""——这个说法为什么是错的？",日常管理中不影响基准的调整（如浮动时间内的进度调整、团队成员请假调配）不需要 CCB 批准。CCB 只审批涉及基准变更或影响重大的变更请求。,"- 理解：CCB 处理的是""例外""而非""例行""。例行调整在项目经理授权范围内直接处理。<br>- 正确说法：""涉及范围、进度、成本等基准变更的变更请求应提交 CCB 审批。""<br>- 题干信号：所有变更都要 CCB、任何改动都要 CCB——绝对化说法常为错误选项。<br>- 关联：T-INT-004。<br>- 来源：SRC-INT-TUTOR-004。",topic_qa,陷阱卡,,,,,上午选择,,,,T-INT-004,T-INT-004,SRC-INT-TUTOR-004,outputs/anki_builds/full_expansion_20260521_003052/topics/by_topic/T-INT-004/topic_qa_cards.md,T-INT-004 最终人工可读卡片,,T-INT-004,keep,"纠正""CCB 管所有""这一高频误解，Extra 给出正确说法和题干排除技巧。",ruankao ruankao::family::topic_qa ruankao::card_type::陷阱卡 ruankao::importance:: ruankao::exam_use::上午选择 ruankao::topic::T-INT-004,sha256:f0ac41de7cba9919701024cc
软考::系统集成项目管理工程师,Basic,"""项目经理无权处理任何变更""——这个说法为什么是错的？",在授权范围内，项目经理可以直接处理不影响基准的日常调整。只有涉及基准变更的重大变更才需要提交 CCB 审批。,- 理解：项目经理对变更控制负有最终管理责任，包括发现变更、组织影响分析、提交 CCB、实施批准后的变更。管理责任≠所有变更加自己批。<br>- 正确说法：项目经理有权在授权范围内批准不影响基准的变更；涉及基准变更需提交 CCB。<br>- 题干信号：项目经理不能处理任何变更、项目经理没有任何审批权——绝对化说法常为错误选项。<br>- 关联：T-INT-004。<br>- 来源：SRC-INT-TUTOR-004。,topic_qa,陷阱卡,,,,,上午选择,,,,T-INT-004,T-INT-004,SRC-INT-TUTOR-004,outputs/anki_builds/full_expansion_20260521_003052/topics/by_topic/T-INT-004/topic_qa_cards.md,T-INT-004 最终人工可读卡片,,T-INT-004,keep,"与 Card 022 形成互补陷阱对——一个极端是""CCB 管所有""，另一个极端是""PM 什么都不能管""。",ruankao ruankao::family::topic_qa ruankao::card_type::陷阱卡 ruankao::importance:: ruankao::exam_use::上午选择 ruankao::topic::T-INT-004,sha256:2756f7fe21940cf225889427
软考::系统集成项目管理工程师,Basic,"""变更日志就是配置状态报告""——这个说法为什么是错的？",变更日志记录变更请求的审批历史和状态（谁提交、何时提交、批准/否决、影响摘要等）。配置状态报告记录配置项的当前版本、变更历史和基线状态。两者功能不同。,"- 理解：变更日志是""变更的故事""；配置状态报告是""配置项的状态快照""。<br>- 关系：变更日志中的每个变更对应到配置管理系统中的配置项版本更新。但两者不是同一种文件。<br>- 题干信号：变更日志替代配置管理、变更日志=配置状态报告。<br>- 关联：T-INT-004；T-CFG-001。<br>- 来源：SRC-INT-TUTOR-004。",topic_qa,陷阱卡,,,,,上午选择,,,,T-INT-004,T-INT-004,SRC-INT-TUTOR-004,outputs/anki_builds/full_expansion_20260521_003052/topics/by_topic/T-INT-004/topic_qa_cards.md,T-INT-004 最终人工可读卡片,,"T-INT-004,T-CFG-001",keep,"辨析两个易混淆文件，Extra 用""故事 vs 快照""帮助记忆区分。",ruankao ruankao::family::topic_qa ruankao::card_type::陷阱卡 ruankao::importance:: ruankao::exam_use::上午选择 ruankao::topic::T-INT-004,sha256:c6656ba35f178a0c403beaa6
软考::系统集成项目管理工程师,Basic,"""口头批准的变更可以先行实施，事后补文件就行""——这个说法为什么是错的？","没有""口头批准""一说。变更控制要求正式的书面变更请求和书面审批记录。紧急情况可以""先实施后补流程""，但前提是紧急变更，且需要事后补交完整书面文件。","- 理解：口头承诺不是管理——案例中只要出现""口头同意""就是变更控制缺失的信号。<br>- 正确做法：即使是紧急变更，也要在实施前至少获得口头授权且有记录，实施后尽快补交正式的书面变更请求和审批记录。<br>- 易错点：紧急变更≠口头批准。紧急变更是流程顺序调整，不是流程要求降低。<br>- 关联：T-INT-004。<br>- 来源：SRC-INT-TUTOR-004。",topic_qa,陷阱卡,,,,,上午选择,,,,T-INT-004,T-INT-004,SRC-INT-TUTOR-004,outputs/anki_builds/full_expansion_20260521_003052/topics/by_topic/T-INT-004/topic_qa_cards.md,T-INT-004 最终人工可读卡片,,T-INT-004,keep,"口头变更的认知纠偏，Extra 区分""紧急变更""和""口头批准""两个不同概念。",ruankao ruankao::family::topic_qa ruankao::card_type::陷阱卡 ruankao::importance:: ruankao::exam_use::上午选择 ruankao::topic::T-INT-004,sha256:5af19eb0319295d83b202918
软考::系统集成项目管理工程师,Basic,"""变更批准后直接实施，不需要更新基准""——这个说法错在哪里？",批准的变更如果不更新基准，变更就没有正式纳入项目管理的基础。项目管理计划、三大基准和配置记录必须同步更新。,"- 理解：变更控制闭环的最后一步是""更新 + 沟通""。缺了更新，变更只是""口头上的批准""，不是正式管理动作。<br>- 案例场景：题干说""CCB 批准了变更，但没有更新项目管理计划""→这是一个扣分点。<br>- 关联：T-INT-004。<br>- 来源：SRC-INT-TUTOR-004。",topic_qa,陷阱卡,,,,,下午案例,,,,T-INT-004,T-INT-004,SRC-INT-TUTOR-004,outputs/anki_builds/full_expansion_20260521_003052/topics/by_topic/T-INT-004/topic_qa_cards.md,T-INT-004 最终人工可读卡片,,T-INT-004,keep,变更批准后不更新基准是案例题中常见但考生容易忽略的问题点。,ruankao ruankao::family::topic_qa ruankao::card_type::陷阱卡 ruankao::importance:: ruankao::exam_use::下午案例 ruankao::topic::T-INT-004,sha256:4654322806d8889d9c8e6c51
软考::系统集成项目管理工程师,Basic,变更失控类案例的标准诊断框架（问题→原因→措施）是什么？,问题：变更请求未提交/影响分析缺失/CCB未审批/口头变更/变更后未更新/干系人未通知。原因：变更管理意识缺失/制度未落地/监控不足/无单一变更入口。措施：建立正式变更控制流程（申请→分析→审批→实施→验证→更新→沟通）→设立单一变更入口→教育团队和客户→加强变更监控→更新配置管理记录。,"- 记忆锁链：无流程→口头变→失控→建制度+设入口+教育+监控。<br>- 答题提醒：每条措施要具体到管理动作名称，不要写""加强变更管理""这种空话。<br>- 关联：T-INT-004；T-CASE-001。<br>- 来源：SRC-INT-TUTOR-004。",topic_qa,案例模板卡,,,,,下午案例,,,,T-INT-004,T-INT-004,SRC-INT-TUTOR-004,outputs/anki_builds/full_expansion_20260521_003052/topics/by_topic/T-INT-004/topic_qa_cards.md,T-INT-004 最终人工可读卡片,,"T-INT-004,T-CASE-001",keep,案例模板标准格式，问题-原因-措施链条完整。,ruankao ruankao::family::topic_qa ruankao::card_type::案例模板卡 ruankao::importance:: ruankao::exam_use::下午案例 ruankao::topic::T-INT-004,sha256:5a1fa4034a53db3df2bce48c
软考::系统集成项目管理工程师,Basic,CCB 未运作或 CCB 角色错位类案例的答题要点是什么？,指出 CCB 是否已建立（如未建立则建议成立 CCB）、CCB 组成是否合理（应包括客户、发起人、关键干系人、技术专家）、CCB 是否在审批变更请求（不能直接实施变更）、CCB 审批后是否记录并传达决定。,"- 答题提醒：CCB 可以是正式或非正式的，取决于项目规模。小项目可由发起人或项目经理直接审批。<br>- 易错点：CCB 不负责实施变更——说""CCB 负责实施变更""是错误观点。<br>- 关联：T-INT-004。<br>- 来源：SRC-INT-TUTOR-004。",topic_qa,案例模板卡,,,,,下午案例,,,,T-INT-004,T-INT-004,SRC-INT-TUTOR-004,outputs/anki_builds/full_expansion_20260521_003052/topics/by_topic/T-INT-004/topic_qa_cards.md,T-INT-004 最终人工可读卡片,,T-INT-004,keep,特别针对 CCB 角色设计的案例答题模板，弥补通用变更失控模板在 CCB 深度上的不足。,ruankao ruankao::family::topic_qa ruankao::card_type::案例模板卡 ruankao::importance:: ruankao::exam_use::下午案例 ruankao::topic::T-INT-004,sha256:c86b60fa1a2bda6150d286f1
软考::系统集成项目管理工程师,Basic,"当案例描述""变更发生后没有更新项目管理计划和基准""时，答题应从哪些角度展开？",① 变更控制的输出应包括更新项目管理计划（范围、进度、成本等）；② 三大基准（范围基准、进度基准、成本基准）应同步更新；③ 配置管理记录应更新配置项版本状态；④ 更新后应通知相关干系人；⑤ 未更新说明变更控制流程不完整。,"- 答题提醒：不要只写""变更后要更新文件""——要具体到""更新项目管理计划中受影响的各分计划""和""基准的版本变更""。<br>- 关联：T-INT-004；T-CFG-001。<br>- 来源：SRC-INT-TUTOR-004。",topic_qa,案例模板卡,,,,,下午案例,,,,T-INT-004,T-INT-004,SRC-INT-TUTOR-004,outputs/anki_builds/full_expansion_20260521_003052/topics/by_topic/T-INT-004/topic_qa_cards.md,T-INT-004 最终人工可读卡片,,"T-INT-004,T-CFG-001",keep,"聚焦""变更后未更新""这一具体场景，五个答题角度覆盖全面。",ruankao ruankao::family::topic_qa ruankao::card_type::案例模板卡 ruankao::importance:: ruankao::exam_use::下午案例 ruankao::topic::T-INT-004,sha256:09f0f0ff2e102110ba5e70bf
软考::系统集成项目管理工程师,Basic,"当案例描述""客户直接找开发人员要求增加功能，开发人员照做了""时，答题应从哪些角度展开？",① 变更管理：变更请求未正式提交、无影响分析、无 CCB 审批；② 范围管理：范围蔓延——增加了 WBS 外的工作；③ 沟通管理：客户绕过项目经理，单一变更入口缺失；④ 团队意识：开发人员未拒绝也未上报；⑤ 措施：暂停未审批工作、补走变更流程、建立统一变更入口、教育干系人。,- 答题提醒：这是最经典的全域联动场景，至少从变更+范围+沟通三个知识域展开，才能得全分。<br>- 关联：T-INT-004；T-SCOPE-002；T-COM-001；T-CASE-001。<br>- 来源：SRC-INT-TUTOR-004。,topic_qa,案例模板卡,,,,,下午案例,,,,T-INT-004,T-INT-004,SRC-INT-TUTOR-004,outputs/anki_builds/full_expansion_20260521_003052/topics/by_topic/T-INT-004/topic_qa_cards.md,T-INT-004 最终人工可读卡片,,"T-INT-004,T-SCOPE-002,T-COM-001,T-CASE-001",keep,经典场景覆盖变更+范围+沟通三域，Extra 强调跨域联动。,ruankao ruankao::family::topic_qa ruankao::card_type::案例模板卡 ruankao::importance:: ruankao::exam_use::下午案例 ruankao::topic::T-INT-004,sha256:e61d1ac96aa1196951e7299f
软考::系统集成项目管理工程师,Basic,"当案例描述""变更和配置管理脱节——配置项状态与实际情况不一致""时，答题应从哪些角度展开？",① CCB 批准的变更是否已同步更新配置管理系统中的状态；② 配置审计是否缺失——未定期核实实际状态与记录状态是否一致；③ 基线管理是否到位——变更后基线版本是否更新；④ 版本管理是否执行——是否存在多版本混乱；⑤ 措施：建立变更与配置的联动机制，变更批准后自动触发配置项状态更新。,"- 理解：变更控制和配置管理是""两条腿""——一条决定能不能改，一条记录改完什么样。两者必须联动。<br>- 关联：T-INT-004；T-CFG-001。<br>- 来源：SRC-INT-TUTOR-004。",topic_qa,案例模板卡,,,,,下午案例,,,,T-INT-004,T-INT-004,SRC-INT-TUTOR-004,outputs/anki_builds/full_expansion_20260521_003052/topics/by_topic/T-INT-004/topic_qa_cards.md,T-INT-004 最终人工可读卡片,,"T-INT-004,T-CFG-001",keep,变更+配置联动的案例场景，弥补两个专题交界处的答题盲区。,ruankao ruankao::family::topic_qa ruankao::card_type::案例模板卡 ruankao::importance:: ruankao::exam_use::下午案例 ruankao::topic::T-INT-004,sha256:6013738317ead396974425ac
软考::系统集成项目管理工程师,Basic,变更控制与风险管理的联系是什么？答题时如何衔接？,风险发生并影响项目目标时，往往需要走变更控制流程来更新基准或调整计划。变更控制是风险应对执行后的管理保障。,"- 理解：风险的""应急计划""或""弹回计划""执行后，如果涉及基准变更，必须走变更控制流程。<br>- 案例衔接：风险案例答题时，末尾加上""如风险影响超出容忍度，应走变更控制流程更新基准""。<br>- 关联：T-INT-004；T-RISK-001。<br>- 来源：SRC-INT-TUTOR-004。",topic_qa,跨专题卡,,,,,上午选择/下午案例,,,,T-INT-004,T-INT-004,SRC-INT-TUTOR-004,outputs/anki_builds/full_expansion_20260521_003052/topics/by_topic/T-INT-004/topic_qa_cards.md,T-INT-004 最终人工可读卡片,,"T-INT-004,T-RISK-001",keep,风险和变更是上下游关系，Extra 给出案例答题中的衔接写法。,ruankao ruankao::family::topic_qa ruankao::card_type::跨专题卡 ruankao::importance:: ruankao::exam_use::上午选择/下午案例 ruankao::topic::T-INT-004,sha256:c644784399eba9dfaac3c0cc
软考::系统集成项目管理工程师,Basic,变更控制与合同管理/采购管理的联系是什么？答题时如何衔接？,合同变更也属于变更控制的范围。合同条款修改（价格、范围、交付日期）需要通过变更控制流程评估影响并获得批准，再签署合同补充协议。,"- 理解：合同是""外部基准""——合同变更涉及范围、费用、进度，必须走变更控制流程。<br>- 案例衔接：合同纠纷案例中，变更控制缺失是根因之一——如""需求变更未走变更流程 + 未签补充协议""。<br>- 关联：T-INT-004；T-PROC-012。<br>- 来源：SRC-INT-TUTOR-004。",topic_qa,跨专题卡,,,,,下午案例,,,,T-INT-004,T-INT-004,SRC-INT-TUTOR-004,outputs/anki_builds/full_expansion_20260521_003052/topics/by_topic/T-INT-004/topic_qa_cards.md,T-INT-004 最终人工可读卡片,,"T-INT-004,T-PROC-012",keep,合同变更也是变更控制的一部分，这一衔接点在案例题中经常被忽略。,ruankao ruankao::family::topic_qa ruankao::card_type::跨专题卡 ruankao::importance:: ruankao::exam_use::下午案例 ruankao::topic::T-INT-004,sha256:df15719d3c9d68aac863896f
软考::系统集成项目管理工程师,Basic,变更控制与配置管理的边界在哪里？为什么两者必须联动？,"变更控制做""审批决策""（能不能改），配置管理做""记录追踪""（改了之后记没记）。边界在""批准后""——变更批准只是开始，配置管理把变更落地为可追溯的状态记录。","- 记忆线索：变更控制 = ""改不改""；配置管理 = ""改成什么样、当前版本是什么""。<br>- 关系：变更控制输出的""批准的变更请求""是配置管理的输入。变更批准后，配置管理系统更新对应配置项状态。<br>- 关联：T-INT-004；T-CFG-001。<br>- 来源：SRC-INT-TUTOR-004。",topic_qa,跨专题卡,,,,,跨域辨析,,,,T-INT-004,T-INT-004,SRC-INT-TUTOR-004,outputs/anki_builds/full_expansion_20260521_003052/topics/by_topic/T-INT-004/topic_qa_cards.md,T-INT-004 最终人工可读卡片,,"T-INT-004,T-CFG-001",keep,"从""边界""和""联动""两个维度展开，比单纯的概念定义辨析更有深度。",ruankao ruankao::family::topic_qa ruankao::card_type::跨专题卡 ruankao::importance:: ruankao::exam_use::跨域辨析 ruankao::topic::T-INT-004,sha256:7fda625501558949d5a0d102
软考::系统集成项目管理工程师,Basic,当案例同时涉及范围蔓延、进度延误和变更失控时，如何用跨专题答题框架组织答案？,以变更控制为主线串联各域：变更失控（变更管理）→范围蔓延（范围管理）→额外工作导致进度延误（进度管理）和成本上升（成本管理）。先描述流程缺失，再逐域展开影响，最后给出统一措施。,"- 答题顺序：① 变更管理——客户直接找开发、口头变更、无 CCB 审批（根因）；② 范围管理——范围蔓延、WBS 外工作；③ 进度管理——额外工作导致关键路径延误；④ 成本管理——返工增加成本；⑤ 综合措施——建立变更流程 + 暂停未审批工作 + 追回范围基准 + 进度追赶方案 + 成本控制。<br>- 易错点：不要按知识域平行罗列——要按""因→果""串联，变更失控是因，其他都是果。<br>- 关联：T-INT-004；T-SCOPE-002；T-SCH-002；T-COST-001；T-CASE-001。<br>- 来源：SRC-INT-TUTOR-004。",topic_qa,跨专题卡,,,,,下午案例,,,,T-INT-004,T-INT-004,SRC-INT-TUTOR-004,outputs/anki_builds/full_expansion_20260521_003052/topics/by_topic/T-INT-004/topic_qa_cards.md,T-INT-004 最终人工可读卡片,,"T-INT-004,T-SCOPE-002,T-SCH-002,T-COST-001,T-CASE-001",keep,跨四域的综合案例框架，Extra 给出以变更为主线的因果串联写法和答题顺序。,ruankao ruankao::family::topic_qa ruankao::card_type::跨专题卡 ruankao::importance:: ruankao::exam_use::下午案例 ruankao::topic::T-INT-004,sha256:e5326c3ae9a1032501522784
软考::系统集成项目管理工程师,Basic,在法律意义上，什么是要约？,一方当事人向另一方提出订立合同的意思表示，内容具体确定，表明受其约束。,"- 理解：要约是""我提出的具体交易条件，你同意就生效""。核心是""内容具体 + 愿意受约束""。<br>- 易错点：不要和要约邀请混淆——要约邀请是希望对方提出要约（如广告）。<br>- 题干信号：提出缔结合同、具体交易条件、受约束。<br>- 关联：T-LAW-001<br>- 来源：SRC-LAW-TUTOR",topic_qa,概念卡,,,,,上午选择,,,,T-LAW-001,T-LAW-001,SRC-LAW-TUTOR,outputs/anki_builds/full_expansion_20260521_003052/topics/by_topic/T-LAW-001/topic_qa_cards.md,T-LAW-001 法律法规基础、合同法、招投标法与政府采购法,,T-LAW-001,keep,正确定义，且第一条概念卡为后续辨析做基础。,ruankao ruankao::family::topic_qa ruankao::card_type::概念卡 ruankao::importance:: ruankao::exam_use::上午选择 ruankao::topic::T-LAW-001,sha256:4ac835197c076722a164879a
软考::系统集成项目管理工程师,Basic,在法律意义上，什么是承诺？,受要约人对要约表示同意的意思表示。承诺到达要约人时合同成立。,"- 理解：承诺是""对方说了好，条件我全接受""。<br>- 易错点：承诺必须与要约内容一致；实质性变更视为新要约（反要约）而非承诺。<br>- 题干信号：接受要约、同意条件、合同成立节点。<br>- 关联：T-LAW-001<br>- 来源：SRC-LAW-TUTOR",topic_qa,概念卡,,,,,上午选择,,,,T-LAW-001,T-LAW-001,SRC-LAW-TUTOR,outputs/anki_builds/full_expansion_20260521_003052/topics/by_topic/T-LAW-001/topic_qa_cards.md,T-LAW-001 法律法规基础、合同法、招投标法与政府采购法,,T-LAW-001,keep,核心概念，与Card 001配对。,ruankao ruankao::family::topic_qa ruankao::card_type::概念卡 ruankao::importance:: ruankao::exam_use::上午选择 ruankao::topic::T-LAW-001,sha256:682aca7ae0ba5ece474c2a38
软考::系统集成项目管理工程师,Basic,在法律意义上，什么是要约邀请？,希望他人向自己发出要约的意思表示。如招标公告、商业广告、寄送的价目表。,"- 理解：要约邀请是""谁想和我做买卖，来提条件给我看看""，不是最终条件。<br>- 易错点：最常见的混淆是把招标公告当要约——招标公告是要约邀请，投标才是要约。<br>- 题干信号：邀请他人提出条件、商业广告、价目表、招标公告。<br>- 关联：T-LAW-001<br>- 来源：SRC-LAW-TUTOR",topic_qa,概念卡,,,,,上午选择,,,,T-LAW-001,T-LAW-001,SRC-LAW-TUTOR,outputs/anki_builds/full_expansion_20260521_003052/topics/by_topic/T-LAW-001/topic_qa_cards.md,T-LAW-001 法律法规基础、合同法、招投标法与政府采购法,,T-LAW-001,keep,与Card 001/002形成完整的三步链条。,ruankao ruankao::family::topic_qa ruankao::card_type::概念卡 ruankao::importance:: ruankao::exam_use::上午选择 ruankao::topic::T-LAW-001,sha256:6f4661a76a961c44ebfd7e7b
软考::系统集成项目管理工程师,Basic,招投标过程中，招标公告、投标文件、中标通知书分别对应要约/承诺的哪个阶段？,招标公告 = 要约邀请；投标文件 = 要约；中标通知书 = 承诺。,- 记忆线索：一个简单的递进：邀请来投标→你投标（提出条件）→我接受你的条件。<br>- 易错点：常见错误是把招标公告当作要约，实际上它只是邀请。<br>- 题干信号：招标、投标、中标、合同订立过程。<br>- 关联：T-LAW-001；T-PROC-002<br>- 来源：SRC-LAW-TUTOR,topic_qa,流程卡,,,,,上午选择,,,,T-LAW-001,T-LAW-001,SRC-LAW-TUTOR,outputs/anki_builds/full_expansion_20260521_003052/topics/by_topic/T-LAW-001/topic_qa_cards.md,T-LAW-001 法律法规基础、合同法、招投标法与政府采购法,,"T-LAW-001,T-PROC-002",keep,这是该专题最高频的考法，Back 三句话直接对应。,ruankao ruankao::family::topic_qa ruankao::card_type::流程卡 ruankao::importance:: ruankao::exam_use::上午选择 ruankao::topic::T-LAW-001,sha256:7a7848deefe2dbf34b838e11
软考::系统集成项目管理工程师,Basic,要约和要约邀请的核心区别是什么？,要约内容具体确定、受其约束；要约邀请仅希望对方提条件，不受其约束。,"- 理解：区分标准是""内容是否够具体""和""是否有受约束的意思""。<br>- 易错点：商业广告通常是要约邀请，但如果广告中写明了具体数量和价格且明确表示""先到先得""，可能构成要约。<br>- 题干信号：区分要约和要约邀请、是否受约束。<br>- 关联：T-LAW-001<br>- 来源：SRC-LAW-TUTOR",topic_qa,辨析卡,,,,,上午选择,,,,T-LAW-001,T-LAW-001,SRC-LAW-TUTOR,outputs/anki_builds/full_expansion_20260521_003052/topics/by_topic/T-LAW-001/topic_qa_cards.md,T-LAW-001 法律法规基础、合同法、招投标法与政府采购法,,T-LAW-001,keep,辨析型，直接针对常见考题设计。,ruankao ruankao::family::topic_qa ruankao::card_type::辨析卡 ruankao::importance:: ruankao::exam_use::上午选择 ruankao::topic::T-LAW-001,sha256:1df73d15e4e90993bb6b7aa6
软考::系统集成项目管理工程师,Basic,判断正误：招标公告在法律性质上属于要约。,错误。招标公告属于要约邀请，不是要约。投标文件才属于要约。,"- 记忆线索：招标人发出公告是""邀请你来投标""→要约邀请。投标人投标是""我提出条件""→要约。<br>- 易错点：看到""招标""就选""要约""是常见的思维定势。<br>- 题干信号：招标公告的法律性质、要约/要约邀请判断。<br>- 关联：T-LAW-001<br>- 来源：SRC-LAW-TUTOR",topic_qa,陷阱卡,,,,,上午选择,,,,T-LAW-001,T-LAW-001,SRC-LAW-TUTOR,outputs/anki_builds/full_expansion_20260521_003052/topics/by_topic/T-LAW-001/topic_qa_cards.md,T-LAW-001 法律法规基础、合同法、招投标法与政府采购法,,T-LAW-001,keep,陷阱型直接暴露易错判断。,ruankao ruankao::family::topic_qa ruankao::card_type::陷阱卡 ruankao::importance:: ruankao::exam_use::上午选择 ruankao::topic::T-LAW-001,sha256:02822a5a17c97f814fea54d3
软考::系统集成项目管理工程师,Basic,合同成立和合同生效分别是什么意思？,合同成立 = 双方意思表示一致（承诺到达要约人）。合同生效 = 依法成立的合同产生法律约束力。,"- 理解：成立是""协议达成了""，生效是""协议在法律上管用了""。<br>- 易错点：不要混淆——合同成立不等于当然生效（附条件合同、需批准的合同是例外）。<br>- 题干信号：合同何时成立、何时生效、附条件合同。<br>- 关联：T-LAW-001<br>- 来源：SRC-LAW-TUTOR",topic_qa,概念卡,,,,,上午选择,,,,T-LAW-001,T-LAW-001,SRC-LAW-TUTOR,outputs/anki_builds/full_expansion_20260521_003052/topics/by_topic/T-LAW-001/topic_qa_cards.md,T-LAW-001 法律法规基础、合同法、招投标法与政府采购法,,T-LAW-001,keep,为先成立后生效的基本规则做铺垫。,ruankao ruankao::family::topic_qa ruankao::card_type::概念卡 ruankao::importance:: ruankao::exam_use::上午选择 ruankao::topic::T-LAW-001,sha256:8d8ec8a63d40f45a2b434132
软考::系统集成项目管理工程师,Basic,一般情形下，合同何时成立？合同何时生效？,成立：承诺到达要约人时合同成立。生效：依法成立的合同，自成立时生效，法律另有规定或当事人另有约定的除外。,"- 记忆线索：承诺到达 = 成立；成立即生效（原则），有例外才不生效。<br>- 易错点：绝对化表述""所有合同成立即生效""是错的——附条件、附期限、需审批的合同除外。<br>- 题干信号：合同生效时间、附条件、附期限、审批。<br>- 关联：T-LAW-001<br>- 来源：SRC-LAW-TUTOR",topic_qa,规则卡,,,,,上午选择,,,,T-LAW-001,T-LAW-001,SRC-LAW-TUTOR,outputs/anki_builds/full_expansion_20260521_003052/topics/by_topic/T-LAW-001/topic_qa_cards.md,T-LAW-001 法律法规基础、合同法、招投标法与政府采购法,,T-LAW-001,keep,"规则型，强调""一般+例外""的思考方式。",ruankao ruankao::family::topic_qa ruankao::card_type::规则卡 ruankao::importance:: ruankao::exam_use::上午选择 ruankao::topic::T-LAW-001,sha256:10acea7b72bf8a97af87865e
软考::系统集成项目管理工程师,Basic,判断正误：合同一经成立即发生法律效力。,"错误。依法成立的合同自成立时生效，但附条件、附期限或需审批的合同除外。不能说""一经成立即生效""。","- 理解：绝对化表述在软考法律题中通常是错的。<br>- 易错点：把""一般原则""说成""绝对规则""是命题人常用的陷阱手法。<br>- 题干信号：一经成立即生效、当然生效、绝对化表述。<br>- 关联：T-LAW-001<br>- 来源：SRC-LAW-TUTOR",topic_qa,陷阱卡,,,,,上午选择,,,,T-LAW-001,T-LAW-001,SRC-LAW-TUTOR,outputs/anki_builds/full_expansion_20260521_003052/topics/by_topic/T-LAW-001/topic_qa_cards.md,T-LAW-001 法律法规基础、合同法、招投标法与政府采购法,,T-LAW-001,keep,绝对化陷阱，软考高频设错方式。,ruankao ruankao::family::topic_qa ruankao::card_type::陷阱卡 ruankao::importance:: ruankao::exam_use::上午选择 ruankao::topic::T-LAW-001,sha256:51635e3716785940f66b0a96
软考::系统集成项目管理工程师,Basic,合同违约责任的承担形式有哪些？,继续履行、采取补救措施、赔偿损失、支付违约金。,"- 记忆线索：""继补赔支""四字诀——继续、补救、赔偿、支付。<br>- 易错点：定金罚则属于担保方式，不是违约责任的承担形式。注意区分。<br>- 题干信号：违约责任、承担方式、违约救济。<br>- 关联：T-LAW-001<br>- 来源：SRC-LAW-TUTOR",topic_qa,概念卡,,,,,上午选择,,,,T-LAW-001,T-LAW-001,SRC-LAW-TUTOR,outputs/anki_builds/full_expansion_20260521_003052/topics/by_topic/T-LAW-001/topic_qa_cards.md,T-LAW-001 法律法规基础、合同法、招投标法与政府采购法,,T-LAW-001,keep,四类责任形式直接对应选择题选项。,ruankao ruankao::family::topic_qa ruankao::card_type::概念卡 ruankao::importance:: ruankao::exam_use::上午选择 ruankao::topic::T-LAW-001,sha256:7312482789d347a0ec376e63
软考::系统集成项目管理工程师,Basic,合同约定的违约金低于或高于实际损失时，当事人可以怎么办？,违约金低于实际损失 -> 请求法院或仲裁机构增加；违约金过分高于实际损失 -> 请求适当减少。,"- 理解：违约金不是""写多少就赔多少""——法院可以依请求调整，体现公平原则。<br>- 易错点：""过分高于""才可减少（一般高于不能随便减）；低于就可以请求增加（无""过分""限制）。<br>- 题干信号：违约金调整、低于损失、高于损失。<br>- 关联：T-LAW-001<br>- 来源：SRC-LAW-TUTOR",topic_qa,规则卡,,,,,上午选择,,,,T-LAW-001,T-LAW-001,SRC-LAW-TUTOR,outputs/anki_builds/full_expansion_20260521_003052/topics/by_topic/T-LAW-001/topic_qa_cards.md,T-LAW-001 法律法规基础、合同法、招投标法与政府采购法,,T-LAW-001,keep,"规则细节型，区分""低于""和""过分高于""的不同处理方式。",ruankao ruankao::family::topic_qa ruankao::card_type::规则卡 ruankao::importance:: ruankao::exam_use::上午选择 ruankao::topic::T-LAW-001,sha256:3f9cbf0effc17da87549bbc7
软考::系统集成项目管理工程师,Basic,招标投标活动应当遵循哪些基本原则？,"公开、公平、公正和诚实信用（""三公一诚""）。",- 记忆线索：三公一诚——公开、公平、公正、诚实信用。<br>- 易错点：诚实信用容易被遗漏。四大原则一个不能少。<br>- 题干信号：招标原则、投标原则、三公一诚。<br>- 关联：T-LAW-001；T-PROC-002<br>- 来源：SRC-LAW-TUTOR,topic_qa,概念卡,,,,,上午选择,,,,T-LAW-001,T-LAW-001,SRC-LAW-TUTOR,outputs/anki_builds/full_expansion_20260521_003052/topics/by_topic/T-LAW-001/topic_qa_cards.md,T-LAW-001 法律法规基础、合同法、招投标法与政府采购法,,"T-LAW-001,T-PROC-002",keep,原则型，直接对应判断正误题。,ruankao ruankao::family::topic_qa ruankao::card_type::概念卡 ruankao::importance:: ruankao::exam_use::上午选择 ruankao::topic::T-LAW-001,sha256:380278f45f2dc9a2a152e47f
软考::系统集成项目管理工程师,Basic,招投标法禁止哪些典型行为？,①不得化整为零规避招标；②不得以不合理条件限制或排斥潜在投标人；③不得串通投标；④招标人和投标人不得就实质性内容进行谈判。,"- 记忆线索：一条主线——公平竞争。凡是破坏公平竞争的都不行。<br>- 易错点：""化整为零""、""不合理条件""（如限定地域）、""实质性谈判""都是高频考点。<br>- 题干信号：规避招标、排斥投标人、串标、实质性谈判。<br>- 关联：T-LAW-001<br>- 来源：SRC-LAW-TUTOR",topic_qa,规则卡,,,,,上午选择,,,,T-LAW-001,T-LAW-001,SRC-LAW-TUTOR,outputs/anki_builds/full_expansion_20260521_003052/topics/by_topic/T-LAW-001/topic_qa_cards.md,T-LAW-001 法律法规基础、合同法、招投标法与政府采购法,,T-LAW-001,keep,四条禁区分别对应不同场景的选择题。,ruankao ruankao::family::topic_qa ruankao::card_type::规则卡 ruankao::importance:: ruankao::exam_use::上午选择 ruankao::topic::T-LAW-001,sha256:348980d53728089223806693
软考::系统集成项目管理工程师,Basic,政府采购法规定的采购方式有哪些？,公开招标、邀请招标、竞争性谈判、单一来源采购、询价。,"- 记忆线索：五种方式——公、邀、竞、单、询。<br>- 易错点：缺少""竞争性谈判""或""询价""是常见的知识盲区。<br>- 题干信号：政府采购方式、采购模式。<br>- 关联：T-LAW-001；T-PROC-002<br>- 来源：SRC-LAW-TUTOR",topic_qa,流程卡,,,,,上午选择,,,,T-LAW-001,T-LAW-001,SRC-LAW-TUTOR,outputs/anki_builds/full_expansion_20260521_003052/topics/by_topic/T-LAW-001/topic_qa_cards.md,T-LAW-001 法律法规基础、合同法、招投标法与政府采购法,,"T-LAW-001,T-PROC-002",keep,直接考查采购方式种类。,ruankao ruankao::family::topic_qa ruankao::card_type::流程卡 ruankao::importance:: ruankao::exam_use::上午选择 ruankao::topic::T-LAW-001,sha256:65e5a75608fecc6129e1e671
软考::系统集成项目管理工程师,Basic,政府采购的主要方式是什么？,公开招标应作为政府采购的主要方式。,"- 理解：公开招标最透明、最能体现""三公""原则，所以是首选和主要方式。<br>- 易错点：不是""必须用公开招标""——特定情形可用其他方式，但公开招标是主要方式。<br>- 题干信号：政府采购主要方式、首选方式。<br>- 关联：T-LAW-001；T-PROC-002<br>- 来源：SRC-LAW-TUTOR",topic_qa,规则卡,,,,,上午选择,,,,T-LAW-001,T-LAW-001,SRC-LAW-TUTOR,outputs/anki_builds/full_expansion_20260521_003052/topics/by_topic/T-LAW-001/topic_qa_cards.md,T-LAW-001 法律法规基础、合同法、招投标法与政府采购法,,"T-LAW-001,T-PROC-002",keep,一句话规则，但常考。,ruankao ruankao::family::topic_qa ruankao::card_type::规则卡 ruankao::importance:: ruankao::exam_use::上午选择 ruankao::topic::T-LAW-001,sha256:9dd4b94d9d2172b382c203ab
软考::系统集成项目管理工程师,Basic,标准化工作中的标准分为哪些层级？,国家标准（GB）、行业标准、地方标准、企业标准。,"- 记忆线索：从大到小：国家→行业→地方→企业。<br>- 易错点：题目可能问""标准的四个层级""，不要和""强制/推荐""的分类混淆。<br>- 题干信号：标准层级、标准化体系、GB。<br>- 关联：T-LAW-001<br>- 来源：SRC-LAW-TUTOR",topic_qa,概念卡,,,,,上午选择,,,,T-LAW-001,T-LAW-001,SRC-LAW-TUTOR,outputs/anki_builds/full_expansion_20260521_003052/topics/by_topic/T-LAW-001/topic_qa_cards.md,T-LAW-001 法律法规基础、合同法、招投标法与政府采购法,,T-LAW-001,keep,标准层级直接对应选择题选项。,ruankao ruankao::family::topic_qa ruankao::card_type::概念卡 ruankao::importance:: ruankao::exam_use::上午选择 ruankao::topic::T-LAW-001,sha256:4d339416f4f491982c1dab1d
软考::系统集成项目管理工程师,Basic,强制性标准和推荐性标准的核心区别是什么？,强制性标准必须执行；推荐性标准鼓励采用。涉及人身健康、生命财产安全、国家安全的标准通常为强制性标准。,"- 理解：强制=必须遵守；推荐=鼓励使用但非强制。<br>- 易错点：看到GB（强制性国家标准）和GB/T（推荐性国家标准）的代号区分——/T表示""推""荐。<br>- 题干信号：强制/推荐、必须执行/鼓励采用、GB/GB/T。<br>- 关联：T-LAW-001<br>- 来源：SRC-LAW-TUTOR",topic_qa,辨析卡,,,,,上午选择,,,,T-LAW-001,T-LAW-001,SRC-LAW-TUTOR,outputs/anki_builds/full_expansion_20260521_003052/topics/by_topic/T-LAW-001/topic_qa_cards.md,T-LAW-001 法律法规基础、合同法、招投标法与政府采购法,,T-LAW-001,keep,标准代号（GB vs GB/T）是真题常考点。,ruankao ruankao::family::topic_qa ruankao::card_type::辨析卡 ruankao::importance:: ruankao::exam_use::上午选择 ruankao::topic::T-LAW-001,sha256:ec099672148758a2ebbeb02d
软考::系统集成项目管理工程师,Basic,知识产权通常包括哪几大类？,著作权（版权）、专利权、商标权、商业秘密。,- 记忆线索：四大类——著作、专利、商标、商业秘密。<br>- 易错点：商业秘密也属于知识产权，常被忽略。<br>- 题干信号：知识产权种类、工业产权（专利+商标）vs 著作权。<br>- 关联：T-LAW-001；T-IP-001<br>- 来源：SRC-LAW-TUTOR,topic_qa,概念卡,,,,,上午选择,,,,T-LAW-001,T-LAW-001,SRC-LAW-TUTOR,outputs/anki_builds/full_expansion_20260521_003052/topics/by_topic/T-LAW-001/topic_qa_cards.md,T-LAW-001 法律法规基础、合同法、招投标法与政府采购法,,"T-LAW-001,T-IP-001",keep,知识产权分类的基础。,ruankao ruankao::family::topic_qa ruankao::card_type::概念卡 ruankao::importance:: ruankao::exam_use::上午选择 ruankao::topic::T-LAW-001,sha256:d2ea46acdd0f1b518f10804d
软考::系统集成项目管理工程师,Basic,判断正误：职务作品的著作权归开发者个人所有。,错误。职务作品的著作权通常归单位所有，作者享有署名权。单位可给予作者奖励。,"- 理解：员工在职期间利用单位资源完成的创作，权利归单位——这是知识产权领域的通用原则。<br>- 易错点：不是""谁写的谁拥有""——职务作品要区分一般职务作品和特殊职务作品。<br>- 题干信号：职务作品、在职期间、利用单位资源。<br>- 关联：T-LAW-001；T-IP-001<br>- 来源：SRC-LAW-TUTOR",topic_qa,陷阱卡,,,,,上午选择,,,,T-LAW-001,T-LAW-001,SRC-LAW-TUTOR,outputs/anki_builds/full_expansion_20260521_003052/topics/by_topic/T-LAW-001/topic_qa_cards.md,T-LAW-001 法律法规基础、合同法、招投标法与政府采购法,,"T-LAW-001,T-IP-001",keep,陷阱型，考试中通常会在此处设置干扰项。,ruankao ruankao::family::topic_qa ruankao::card_type::陷阱卡 ruankao::importance:: ruankao::exam_use::上午选择 ruankao::topic::T-LAW-001,sha256:55344c5a95a36b16c629442c
软考::系统集成项目管理工程师,Basic,判断正误：委托开发的软件，著作权默认归开发者（受托方）所有。,错误。委托开发合同未明确约定的，著作权归受托人（开发者）所有。但合同可以约定归委托人所有。,"- 理解：默认归受托方（谁开发谁拥有），但合同优先——有约定从约定。<br>- 易错点：很多人习惯认为""我出钱就归我""——但法律默认著作权属于开发者。<br>- 题干信号：委托开发、著作权归属、未约定。<br>- 关联：T-LAW-001；T-IP-001<br>- 来源：SRC-LAW-TUTOR",topic_qa,陷阱卡,,,,,上午选择,,,,T-LAW-001,T-LAW-001,SRC-LAW-TUTOR,outputs/anki_builds/full_expansion_20260521_003052/topics/by_topic/T-LAW-001/topic_qa_cards.md,T-LAW-001 法律法规基础、合同法、招投标法与政府采购法,,"T-LAW-001,T-IP-001",keep,委托开发权属是常考知识点。,ruankao ruankao::family::topic_qa ruankao::card_type::陷阱卡 ruankao::importance:: ruankao::exam_use::上午选择 ruankao::topic::T-LAW-001,sha256:97f0cf9f7684fd225080effd
软考::系统集成项目管理工程师,Basic,判断正误：合同中的违约金条款一经约定，无论金额高低都必须严格执行。,错误。违约金过高或过低均可请求法院或仲裁机构调整——过高则减少，低于损失则增加。,"- 理解：法律允许调整违约金，体现公平原则，不是""写死了就不能改""。<br>- 易错点：绝对化表述""必须严格执行""在合同法选择题中几乎都是错的。<br>- 题干信号：违约金、不可调整、必须执行。<br>- 关联：T-LAW-001<br>- 来源：SRC-LAW-TUTOR",topic_qa,陷阱卡,,,,,上午选择,,,,T-LAW-001,T-LAW-001,SRC-LAW-TUTOR,outputs/anki_builds/full_expansion_20260521_003052/topics/by_topic/T-LAW-001/topic_qa_cards.md,T-LAW-001 法律法规基础、合同法、招投标法与政府采购法,,T-LAW-001,keep,陷阱型，与Card 011互补——一个讲规则，一个考判断。,ruankao ruankao::family::topic_qa ruankao::card_type::陷阱卡 ruankao::importance:: ruankao::exam_use::上午选择 ruankao::topic::T-LAW-001,sha256:a08f79f6eb4f6ef79a80d0af
软考::系统集成项目管理工程师,Basic,"题干中出现""公开、公平、公正、诚实信用""，最可能考查哪个知识点？","招标投标法的基本原则（""三公一诚""原则）。","- 理解：题干提到这些词，基本就是考招投标法的原则判断。<br>- 易错点：不要把""三公一诚""答成合同法的基本原则。<br>- 题干信号：原则、公平竞争、招标投标。<br>- 关联：T-LAW-001<br>- 来源：SRC-LAW-TUTOR",topic_qa,关键词识别卡,,,,,上午选择,,,,T-LAW-001,T-LAW-001,SRC-LAW-TUTOR,outputs/anki_builds/full_expansion_20260521_003052/topics/by_topic/T-LAW-001/topic_qa_cards.md,T-LAW-001 法律法规基础、合同法、招投标法与政府采购法,,T-LAW-001,keep,关键词识别型，教考生快速定位考点。,ruankao ruankao::family::topic_qa ruankao::card_type::关键词识别卡 ruankao::importance:: ruankao::exam_use::上午选择 ruankao::topic::T-LAW-001,sha256:164e13ee1dfc78a47acfdf89
软考::系统集成项目管理工程师,Basic,职能型组织中项目经理的权力和角色定位是什么？,"项目经理几乎没有正式权力，主要角色是""协调员""或""联络员""，需要向职能经理""借人""和""借资源""。",- 理解/记忆线索：职能型=PM喊人帮忙，做沟通协调，不做决策。<br>- 易错点：职能型中PM不是没有角色，而是没有决策权；项目成员仍归职能经理管。<br>- 题干信号：借人、部门经理控制资源、PM不能决定预算。<br>- 关联：T-ORG-001。<br>- 来源：SRC-T-ORG-001-001。,topic_qa,概念卡,,,,,上午选择,,,,T-ORG-001,T-ORG-001,SRC-T-ORG-001-001,outputs/anki_builds/full_expansion_20260521_003052/topics/by_topic/T-ORG-001/topic_qa_cards.md,T-ORG-001｜组织结构、项目经理权限与 PMO 专题问答卡,,"T-ORG-001,T-ORG-001-001",keep,职能型PM定位基础卡。,ruankao ruankao::family::topic_qa ruankao::card_type::概念卡 ruankao::importance:: ruankao::exam_use::上午选择 ruankao::topic::T-ORG-001,sha256:326211c30b5e9d4f993f9218
软考::系统集成项目管理工程师,Basic,项目型组织中项目经理的权力和资源归属是什么？,项目经理拥有最高权力，全权负责项目；项目团队独占资源，项目结束后团队解散。,- 理解/记忆线索：项目型=PM说了算，团队归项目管。<br>- 易错点：项目型PM权力最大，但项目结束团队解散——资源利用率可能不高。<br>- 题干信号：全权负责、项目独占资源、以项目为主业。<br>- 关联：T-ORG-001。<br>- 来源：SRC-T-ORG-001-001。,topic_qa,概念卡,,,,,上午选择,,,,T-ORG-001,T-ORG-001,SRC-T-ORG-001-001,outputs/anki_builds/full_expansion_20260521_003052/topics/by_topic/T-ORG-001/topic_qa_cards.md,T-ORG-001｜组织结构、项目经理权限与 PMO 专题问答卡,,"T-ORG-001,T-ORG-001-001",keep,项目型PM定位基础卡。,ruankao ruankao::family::topic_qa ruankao::card_type::概念卡 ruankao::importance:: ruankao::exam_use::上午选择 ruankao::topic::T-ORG-001,sha256:378b8c7d58d6192984deaee2
软考::系统集成项目管理工程师,Basic,矩阵型组织最典型的特征是什么？,双重汇报关系——项目成员同时向职能经理和项目经理汇报。,- 理解/记忆线索：矩阵=双线汇报。这是矩阵和职能/项目型最根本的区别。<br>- 易错点：不是所有矩阵型PM权力都一样，要看弱/平衡/强矩阵。<br>- 题干信号：双重汇报、同时向两个经理汇报。<br>- 关联：T-ORG-001。<br>- 来源：SRC-T-ORG-001-001。,topic_qa,概念卡,,,,,上午选择,,,,T-ORG-001,T-ORG-001,SRC-T-ORG-001-001,outputs/anki_builds/full_expansion_20260521_003052/topics/by_topic/T-ORG-001/topic_qa_cards.md,T-ORG-001｜组织结构、项目经理权限与 PMO 专题问答卡,,"T-ORG-001,T-ORG-001-001",keep,矩阵型核心特征卡。,ruankao ruankao::family::topic_qa ruankao::card_type::概念卡 ruankao::importance:: ruankao::exam_use::上午选择 ruankao::topic::T-ORG-001,sha256:e1da6133b7946ae572083dbb
软考::系统集成项目管理工程师,Basic,三种基本组织结构（职能/矩阵/项目）按项目经理权力从小到大如何排列？,职能型（权力最小）→ 矩阵型（中间）→ 项目型（权力最大）。,- 理解/记忆线索：职能=没权，项目=全权，矩阵=中间过渡。<br>- 易错点：矩阵型内部还有弱/平衡/强的权力递进，考试常细分考查。<br>- 题干信号：权力大小排序、组织结构比较。<br>- 关联：T-ORG-001。<br>- 来源：SRC-T-ORG-001-001。,topic_qa,概念卡,,,,,上午选择,,,,T-ORG-001,T-ORG-001,SRC-T-ORG-001-001,outputs/anki_builds/full_expansion_20260521_003052/topics/by_topic/T-ORG-001/topic_qa_cards.md,T-ORG-001｜组织结构、项目经理权限与 PMO 专题问答卡,,"T-ORG-001,T-ORG-001-001",keep,三大组织的权力排序总览。,ruankao ruankao::family::topic_qa ruankao::card_type::概念卡 ruankao::importance:: ruankao::exam_use::上午选择 ruankao::topic::T-ORG-001,sha256:b149549143398c47bac60721
软考::系统集成项目管理工程师,Basic,弱矩阵和平衡矩阵的核心区别是什么？,弱矩阵中职能经理掌握大部分权力，PM像协调员；平衡矩阵中PM和职能经理共享权力，PM负责项目决策，职能经理负责人事和技术决策。,"- 理解/记忆线索：弱矩阵=PM只是协调员；平衡矩阵=PM和职能经理平起平坐。<br>- 易错点：弱矩阵的PM不叫项目经理，叫""项目协调员""或""项目联络员""。<br>- 题干信号：PM主要负责沟通协调、权力小→弱矩阵；共同决策、共享权力→平衡矩阵。<br>- 关联：T-ORG-001。<br>- 来源：SRC-T-ORG-001-002。",topic_qa,辨析卡,,,,,上午选择,,,,T-ORG-001,T-ORG-001,SRC-T-ORG-001-002,outputs/anki_builds/full_expansion_20260521_003052/topics/by_topic/T-ORG-001/topic_qa_cards.md,T-ORG-001｜组织结构、项目经理权限与 PMO 专题问答卡,,"T-ORG-001,T-ORG-001-002",keep,弱vs平衡矩阵的核心权力分配。,ruankao ruankao::family::topic_qa ruankao::card_type::辨析卡 ruankao::importance:: ruankao::exam_use::上午选择 ruankao::topic::T-ORG-001,sha256:7545234dd5b39c131b45d016
软考::系统集成项目管理工程师,Basic,强矩阵和项目型组织的区别是什么？,强矩阵中PM权力较大，但成员仍有双重汇报（仍属职能部门）；项目型中PM权力最大，成员完全脱离原部门归项目所有。,- 理解/记忆线索：强矩阵≈PM说了算但要和职能经理商量人事；项目型=PM说了算不用商量。<br>- 易错点：看到PM权力大不一定是项目型——强矩阵PM权力也很大。<br>- 题干信号：PM有大部分权力、有专门项目管理部门→强矩阵；项目结束团队解散→项目型。<br>- 关联：T-ORG-001。<br>- 来源：SRC-T-ORG-001-002。,topic_qa,辨析卡,,,,,上午选择,,,,T-ORG-001,T-ORG-001,SRC-T-ORG-001-002,outputs/anki_builds/full_expansion_20260521_003052/topics/by_topic/T-ORG-001/topic_qa_cards.md,T-ORG-001｜组织结构、项目经理权限与 PMO 专题问答卡,,"T-ORG-001,T-ORG-001-002",keep,强矩阵与项目型的边界区分。,ruankao ruankao::family::topic_qa ruankao::card_type::辨析卡 ruankao::importance:: ruankao::exam_use::上午选择 ruankao::topic::T-ORG-001,sha256:6a7e7ab74a83973681914dc7
软考::系统集成项目管理工程师,Basic,"场景：某公司开发人员属于开发部，测试人员属于测试部。项目经理需要向两个部门的经理""借人""，无法直接决定预算和人员调配。这最接近哪种组织结构？",职能型或弱矩阵。PM需要借人且无预算权，权力极小。,- 理解/记忆线索：借人+无预算权=PM没权力→职能型或弱矩阵。<br>- 易错点：不能直接确定为职能型——弱矩阵PM同样权力小，需要更多题干信息判断。<br>- 题干信号：借人、无法决定预算、部门经理控制。<br>- 关联：T-ORG-001。<br>- 来源：SRC-T-ORG-001-002。,topic_qa,场景判断卡,,,,,上午选择,,,,T-ORG-001,T-ORG-001,SRC-T-ORG-001-002,outputs/anki_builds/full_expansion_20260521_003052/topics/by_topic/T-ORG-001/topic_qa_cards.md,T-ORG-001｜组织结构、项目经理权限与 PMO 专题问答卡,,"T-ORG-001,T-ORG-001-002",keep,场景训练——职权大小的判断入口。,ruankao ruankao::family::topic_qa ruankao::card_type::场景判断卡 ruankao::importance:: ruankao::exam_use::上午选择 ruankao::topic::T-ORG-001,sha256:dd8d018df6206c7a6681269a
软考::系统集成项目管理工程师,Basic,从职能型到项目型，项目经理权力如何递进？各阶段的典型角色是什么？,职能型（PM≈无权力/协调员）→弱矩阵（PM≈协调员）→平衡矩阵（PM与职能经理共享）→强矩阵（PM权力大）→项目型（PM全权负责）。,- 理解/记忆线索：五级递进：无→弱→中→强→全。<br>- 易错点：弱矩阵PM角色仍是协调员，不是真正意义上的项目经理。<br>- 题干信号：权力递进顺序、PM角色变化。<br>- 关联：T-ORG-001。<br>- 来源：SRC-T-ORG-001-003。,topic_qa,辨析卡,,,,,上午选择,,,,T-ORG-001,T-ORG-001,SRC-T-ORG-001-003,outputs/anki_builds/full_expansion_20260521_003052/topics/by_topic/T-ORG-001/topic_qa_cards.md,T-ORG-001｜组织结构、项目经理权限与 PMO 专题问答卡,,"T-ORG-001,T-ORG-001-003",keep,PM权力递进完整图谱。,ruankao ruankao::family::topic_qa ruankao::card_type::辨析卡 ruankao::importance:: ruankao::exam_use::上午选择 ruankao::topic::T-ORG-001,sha256:c9262f47b76d5d893d6e1ac6
软考::系统集成项目管理工程师,Basic,陷阱：所有矩阵型组织结构中，项目经理的权力是一样的。这个说法对吗？,不对。矩阵型分弱矩阵、平衡矩阵、强矩阵，项目经理权力逐级递增。,"- 理解/记忆线索：矩阵是一个谱系，不是单一类型。<br>- 易错点：考试常把""矩阵型""当单一种类出干扰项——看到""矩阵""不能直接判定PM权力大小。<br>- 题干信号：矩阵型、PM权力、""都一样""。<br>- 关联：T-ORG-001。<br>- 来源：SRC-T-ORG-001-003。",topic_qa,陷阱卡,,,,,上午选择,,,,T-ORG-001,T-ORG-001,SRC-T-ORG-001-003,outputs/anki_builds/full_expansion_20260521_003052/topics/by_topic/T-ORG-001/topic_qa_cards.md,T-ORG-001｜组织结构、项目经理权限与 PMO 专题问答卡,,"T-ORG-001,T-ORG-001-003",keep,所有矩阵权力一样的说法是经典陷阱。,ruankao ruankao::family::topic_qa ruankao::card_type::陷阱卡 ruankao::importance:: ruankao::exam_use::上午选择 ruankao::topic::T-ORG-001,sha256:e9c95067d4e3cb5107bb620f
软考::系统集成项目管理工程师,Basic,场景：某大型系统集成项目需要从多个技术部门抽调专家，客户对进度要求非常严格。项目经理最需要哪种组织结构支持？,强矩阵或项目型。PM需要较强的资源调配权和决策权来应对严格进度要求。,- 理解/记忆线索：进度严+跨部门抽调→PM需要大权限→强矩阵或项目型最合适。<br>- 易错点：不能选职能型或弱矩阵——PM权力不够无法有效调配资源。<br>- 题干信号：抽调专家、进度严格。<br>- 关联：T-ORG-001。<br>- 来源：SRC-T-ORG-001-003。,topic_qa,场景判断卡,,,,,上午选择,,,,T-ORG-001,T-ORG-001,SRC-T-ORG-001-003,outputs/anki_builds/full_expansion_20260521_003052/topics/by_topic/T-ORG-001/topic_qa_cards.md,T-ORG-001｜组织结构、项目经理权限与 PMO 专题问答卡,,"T-ORG-001,T-ORG-001-003",keep,项目特征与组织结构的匹配训练。,ruankao ruankao::family::topic_qa ruankao::card_type::场景判断卡 ruankao::importance:: ruankao::exam_use::上午选择 ruankao::topic::T-ORG-001,sha256:4c1d706f6328dd09b825c919
软考::系统集成项目管理工程师,Basic,PMO（项目管理办公室）的三种类型是什么？,支持型（顾问角色，提供模板和培训）、控制型（要求遵循方法和框架）、指令型（直接管理项目，派出PM）。,- 理解/记忆线索：支持=给建议（不强制）；控制=定规矩（强制）；指令=直接管（派出PM）。<br>- 易错点：控制程度逐级递增：支持<控制<指令。<br>- 题干信号：提供模板但不强制→支持型；要求必须使用→控制型；直接派出PM管理→指令型。<br>- 关联：T-ORG-001。<br>- 来源：SRC-T-ORG-001-004。,topic_qa,概念卡,,,,,上午选择,,,,T-ORG-001,T-ORG-001,SRC-T-ORG-001-004,outputs/anki_builds/full_expansion_20260521_003052/topics/by_topic/T-ORG-001/topic_qa_cards.md,T-ORG-001｜组织结构、项目经理权限与 PMO 专题问答卡,,"T-ORG-001,T-ORG-001-004",keep,PMO三级分类基础卡。,ruankao ruankao::family::topic_qa ruankao::card_type::概念卡 ruankao::importance:: ruankao::exam_use::上午选择 ruankao::topic::T-ORG-001,sha256:f97387c5ad17e8b9d8d22373
软考::系统集成项目管理工程师,Basic,场景：某组织的PMO向项目经理提供标准化的项目模板和风险管理框架，但不强制要求使用，也不参与直接管理。这属于哪种PMO？,支持型PMO。提供但不强制=支持型。,"- 理解/记忆线索：支持型=图书馆（书在那，看不看随你）。<br>- 易错点：如果题干说""要求必须使用""就是控制型，不是支持型。<br>- 题干信号：提供模板、不强制、顾问角色。<br>- 关联：T-ORG-001。<br>- 来源：SRC-T-ORG-001-004。",topic_qa,场景判断卡,,,,,上午选择,,,,T-ORG-001,T-ORG-001,SRC-T-ORG-001-004,outputs/anki_builds/full_expansion_20260521_003052/topics/by_topic/T-ORG-001/topic_qa_cards.md,T-ORG-001｜组织结构、项目经理权限与 PMO 专题问答卡,,"T-ORG-001,T-ORG-001-004",keep,支持型场景判断。,ruankao ruankao::family::topic_qa ruankao::card_type::场景判断卡 ruankao::importance:: ruankao::exam_use::上午选择 ruankao::topic::T-ORG-001,sha256:1d88fbbde404437bdf878bdb
软考::系统集成项目管理工程师,Basic,场景：某组织的PMO不仅要求所有项目使用统一的方法论和模板，还直接派出项目经理管理关键项目。这属于哪种PMO？,指令型PMO。直接派出PM管理项目是指令型的典型特征。,- 理解/记忆线索：指令型=PMO直接管项目（派出项目经理）。<br>- 易错点：既要要求统一方法（控制型特征）又直接派人（指令型特征）→以最高控制程度为准，是指令型。<br>- 题干信号：派出项目经理、直接管理项目。<br>- 关联：T-ORG-001。<br>- 来源：SRC-T-ORG-001-004。,topic_qa,场景判断卡,,,,,上午选择,,,,T-ORG-001,T-ORG-001,SRC-T-ORG-001-004,outputs/anki_builds/full_expansion_20260521_003052/topics/by_topic/T-ORG-001/topic_qa_cards.md,T-ORG-001｜组织结构、项目经理权限与 PMO 专题问答卡,,"T-ORG-001,T-ORG-001-004",keep,指令型PMO判断，注意同时出现控制型特征时以最高级别为准。,ruankao ruankao::family::topic_qa ruankao::card_type::场景判断卡 ruankao::importance:: ruankao::exam_use::上午选择 ruankao::topic::T-ORG-001,sha256:6f7f9a48758fe9e7d5128133
软考::系统集成项目管理工程师,Basic,PMO和项目经理的核心职责区别是什么？,PMO管理组织级的方法论、标准、治理和跨项目资源协调；项目经理管理单个项目的日常执行。,- 理解/记忆线索：PMO=组织级治理；PM=单个项目执行。<br>- 易错点：PMO不是项目经理的上级（指令型除外），而是提供治理框架的支持机构。<br>- 题干信号：组织级、方法论、标准→PMO；单个项目、日常执行→项目经理。<br>- 关联：T-ORG-001。<br>- 来源：SRC-T-ORG-001-004。,topic_qa,辨析卡,,,,,上午选择,,,,T-ORG-001,T-ORG-001,SRC-T-ORG-001-004,outputs/anki_builds/full_expansion_20260521_003052/topics/by_topic/T-ORG-001/topic_qa_cards.md,T-ORG-001｜组织结构、项目经理权限与 PMO 专题问答卡,,"T-ORG-001,T-ORG-001-004",keep,PMO vs PM职责边界。,ruankao ruankao::family::topic_qa ruankao::card_type::辨析卡 ruankao::importance:: ruankao::exam_use::上午选择 ruankao::topic::T-ORG-001,sha256:cebdb8359b1677adec229ff2
软考::系统集成项目管理工程师,Basic,场景：一个项目需求不确定性高、需要快速试错迭代，适合哪种组织结构？,项目型或强矩阵。PM需要快速决策权和灵活调配资源的权力。,- 理解/记忆线索：不确定性高→需要快速决策→PM权力要大。<br>- 易错点：职能型和弱矩阵审批链长，不适合快速迭代。<br>- 题干信号：不确定性高、快速迭代、灵活决策。<br>- 关联：T-ORG-001。<br>- 来源：SRC-T-ORG-001-005。,topic_qa,场景判断卡,,,,,上午选择,,,,T-ORG-001,T-ORG-001,SRC-T-ORG-001-005,outputs/anki_builds/full_expansion_20260521_003052/topics/by_topic/T-ORG-001/topic_qa_cards.md,T-ORG-001｜组织结构、项目经理权限与 PMO 专题问答卡,,"T-ORG-001,T-ORG-001-005",keep,项目特征到组织结构的反向匹配。,ruankao ruankao::family::topic_qa ruankao::card_type::场景判断卡 ruankao::importance:: ruankao::exam_use::上午选择 ruankao::topic::T-ORG-001,sha256:38808690b9d5335846bbac28
软考::系统集成项目管理工程师,Basic,场景：一个组织以日常运营为主，项目较少且规模小，项目成员大部分时间在各职能部门工作。最适合的组织结构是什么？,职能型。日常运营为主的组织不需要独立的项目团队。,"- 理解/记忆线索：运营为主+项目少→职能型最经济，不需要养专门的项目团队。<br>- 易错点：不能因为""有项目存在""就选矩阵型——要看项目占比和规模。<br>- 题干信号：日常运营为主、项目较少、兼职做项目。<br>- 关联：T-ORG-001。<br>- 来源：SRC-T-ORG-001-005。",topic_qa,场景判断卡,,,,,上午选择,,,,T-ORG-001,T-ORG-001,SRC-T-ORG-001-005,outputs/anki_builds/full_expansion_20260521_003052/topics/by_topic/T-ORG-001/topic_qa_cards.md,T-ORG-001｜组织结构、项目经理权限与 PMO 专题问答卡,,"T-ORG-001,T-ORG-001-005",keep,运营主导型组织的结构选择。,ruankao ruankao::family::topic_qa ruankao::card_type::场景判断卡 ruankao::importance:: ruankao::exam_use::上午选择 ruankao::topic::T-ORG-001,sha256:4b3fc6f1d5b5d8aa2657b0dc
软考::系统集成项目管理工程师,Basic,"陷阱：项目经理在弱矩阵组织中的角色是""项目经理""（Project Manager）——这个说法对吗？","不对。在弱矩阵中，PM的角色更准确地说是""项目协调员""（Project Coordinator）或""项目联络员""（Project Expeditor），而非真正的项目经理。","- 理解/记忆线索：弱矩阵的PM≈传声筒/协调员，不是真正有权的项目经理。<br>- 易错点：看到题干描述PM在做协调工作不要直接认定他就是""项目经理""——弱矩阵里他其实是协调员。<br>- 题干信号：弱矩阵、项目经理角色、协调员。<br>- 关联：T-ORG-001。<br>- 来源：SRC-T-ORG-001-005。",topic_qa,陷阱卡,,,,,上午选择,,,,T-ORG-001,T-ORG-001,SRC-T-ORG-001-005,outputs/anki_builds/full_expansion_20260521_003052/topics/by_topic/T-ORG-001/topic_qa_cards.md,T-ORG-001｜组织结构、项目经理权限与 PMO 专题问答卡,,"T-ORG-001,T-ORG-001-005",keep,弱矩阵中PM角色称呼的精确性陷阱。,ruankao ruankao::family::topic_qa ruankao::card_type::陷阱卡 ruankao::importance:: ruankao::exam_use::上午选择 ruankao::topic::T-ORG-001,sha256:f7e0490b0b52aad29f7b08a2
软考::系统集成项目管理工程师,Basic,陷阱：职能型组织中，项目经理不需要存在——这个说法对吗？,不对。职能型组织中项目经理仍然存在，只是角色更接近协调员/联络员，权力很小。,"- 理解/记忆线索：任何项目都需要有人协调——但职能型中这个人不是传统意义上的""项目经理""。<br>- 易错点：不要认为职能型=没有项目经理角色。<br>- 题干信号：职能型、项目经理、存在与否。<br>- 关联：T-ORG-001。<br>- 来源：SRC-T-ORG-001-005。",topic_qa,陷阱卡,,,,,上午选择,,,,T-ORG-001,T-ORG-001,SRC-T-ORG-001-005,outputs/anki_builds/full_expansion_20260521_003052/topics/by_topic/T-ORG-001/topic_qa_cards.md,T-ORG-001｜组织结构、项目经理权限与 PMO 专题问答卡,,"T-ORG-001,T-ORG-001-005",keep,职能型PM是否存在的常见误解。,ruankao ruankao::family::topic_qa ruankao::card_type::陷阱卡 ruankao::importance:: ruankao::exam_use::上午选择 ruankao::topic::T-ORG-001,sha256:637a4f4b9e89434856eb530d
软考::系统集成项目管理工程师,Basic,陷阱：矩阵型组织中的双重汇报关系是一种缺陷——这个说法对吗？,"不完全对。双重汇报关系是矩阵型组织的固有特征，有优势（资源共享）也有挑战（指令冲突），但不能简单定义为""缺陷""。","- 理解/记忆线索：双重汇报是矩阵型的""特点""不是""缺点""；但管理不当会造成冲突。<br>- 易错点：考试可能用""双重汇报是个问题""作为干扰项——问题不在于双重汇报本身，在于管理不当。<br>- 题干信号：矩阵型、双重汇报、缺点。<br>- 关联：T-ORG-001。<br>- 来源：SRC-T-ORG-001-005。",topic_qa,陷阱卡,,,,,上午选择,,,,T-ORG-001,T-ORG-001,SRC-T-ORG-001-005,outputs/anki_builds/full_expansion_20260521_003052/topics/by_topic/T-ORG-001/topic_qa_cards.md,T-ORG-001｜组织结构、项目经理权限与 PMO 专题问答卡,,"T-ORG-001,T-ORG-001-005",keep,双重汇报的特点vs缺点的辨析。,ruankao ruankao::family::topic_qa ruankao::card_type::陷阱卡 ruankao::importance:: ruankao::exam_use::上午选择 ruankao::topic::T-ORG-001,sha256:11be5e5df032be7e3f6665bd
软考::系统集成项目管理工程师,Basic,陷阱：PMO的控制程度越高越好——这个说法对吗？,不对。PMO类型的选择应匹配组织的项目管理成熟度和需求，不是控制程度越高越好。,"- 理解/记忆线索：支持型适合初创PMO，控制型适合需要标准化的组织，指令型适合项目管理成熟度低的组织。<br>- 易错点：不要认为指令型PMO""最好""——过度控制可能降低效率。<br>- 题干信号：PMO类型选择、控制程度。<br>- 关联：T-ORG-001。<br>- 来源：SRC-T-ORG-001-005。",topic_qa,陷阱卡,,,,,上午选择,,,,T-ORG-001,T-ORG-001,SRC-T-ORG-001-005,outputs/anki_builds/full_expansion_20260521_003052/topics/by_topic/T-ORG-001/topic_qa_cards.md,T-ORG-001｜组织结构、项目经理权限与 PMO 专题问答卡,,"T-ORG-001,T-ORG-001-005",keep,"PMO选择非""越高越好""的认知纠正。",ruankao ruankao::family::topic_qa ruankao::card_type::陷阱卡 ruankao::importance:: ruankao::exam_use::上午选择 ruankao::topic::T-ORG-001,sha256:721d49750c593344cf90efc6
软考::系统集成项目管理工程师,Basic,项目管理的五大过程组是什么？每个过程组的核心焦点是什么？,启动（授权开始）、规划（制定方案）、执行（完成工作）、监控（跟踪纠偏）、收尾（正式结束）。,"- 记忆线索：""启动规划、执行监控、收尾关门""——五个词一组顺口溜。<br>- 易错点：监控贯穿始终，不是""做完才检查""。<br>- 题干信号：五大过程组名称、过程组定义。<br>- 关联：T-PM-002<br>- 来源：SRC-PM-002-TUTOR",topic_qa,概念卡,,,,,上午选择,,,,T-PM-002,T-PM-002,SRC-PM-002-TUTOR,outputs/anki_builds/full_expansion_20260521_003052/topics/by_topic/T-PM-002/topic_qa_cards.md,T-PM-002 五大过程组、十大知识域与 PDCA,,T-PM-002,keep,五大过程组基础卡。,ruankao ruankao::family::topic_qa ruankao::card_type::概念卡 ruankao::importance:: ruankao::exam_use::上午选择 ruankao::topic::T-PM-002,sha256:8c79d8e063ff3e1753125be6
软考::系统集成项目管理工程师,Basic,项目管理的十大知识域是哪些？分为哪两类？,核心域：整体、范围、进度、成本、质量。支持域：人力、沟通、干系人、风险、采购。,"- 记忆线索：核心域=""整范进成质""（整体、范围、进度、成本、质量）；支持域=""人沟通干风购""。<br>- 易错点：干系人管理是独立的知识域，不是沟通管理的子集。<br>- 题干信号：十大知识域、核心域、支持域。<br>- 关联：T-PM-002<br>- 来源：SRC-PM-002-TUTOR",topic_qa,概念卡,,,,,上午选择,,,,T-PM-002,T-PM-002,SRC-PM-002-TUTOR,outputs/anki_builds/full_expansion_20260521_003052/topics/by_topic/T-PM-002/topic_qa_cards.md,T-PM-002 五大过程组、十大知识域与 PDCA,,T-PM-002,keep,知识域基础卡，区分核心域和支持域。,ruankao ruankao::family::topic_qa ruankao::card_type::概念卡 ruankao::importance:: ruankao::exam_use::上午选择 ruankao::topic::T-PM-002,sha256:40cb133d08f0ecddca28e1eb
软考::系统集成项目管理工程师,Basic,五大过程组和项目阶段的本质区别是什么？,过程组是按管理活动性质分的（启动/规划/执行/监控/收尾），每个阶段内可重复出现；阶段是按时间顺序排列的（需求/设计/开发/测试）。,"- 理解：过程组 = 做什么类型的管理工作；阶段 = 什么时间做什么事情。<br>- 易错点：过程组不是阶段的""别名""。一个阶段内可以包含所有五个过程组。<br>- 题干信号：过程组vs阶段、过程组就是阶段、阶段包含过程组。<br>- 关联：T-PM-002<br>- 来源：SRC-PM-002-TUTOR",topic_qa,辨析卡,,,,,上午选择,,,,T-PM-002,T-PM-002,SRC-PM-002-TUTOR,outputs/anki_builds/full_expansion_20260521_003052/topics/by_topic/T-PM-002/topic_qa_cards.md,T-PM-002 五大过程组、十大知识域与 PDCA,,T-PM-002,keep,过程组vs阶段，本专题最高频辨析之一。,ruankao ruankao::family::topic_qa ruankao::card_type::辨析卡 ruankao::importance:: ruankao::exam_use::上午选择 ruankao::topic::T-PM-002,sha256:1751efc055fef59042c0e57d
软考::系统集成项目管理工程师,Basic,判断正误：五大过程组就是项目管理中的五个阶段，必须依次执行。,错误。过程组不是阶段。过程组按管理活动类型划分，每个阶段内可以包含全部五个过程组。,"- 记忆线索：过程组是""类型""（做什么），阶段是""时间""（什么时候做）。<br>- 易错点：题干出现""五大过程组=五个阶段""→直接判错。<br>- 题干信号：过程组就是阶段、五个阶段。<br>- 关联：T-PM-002<br>- 来源：SRC-PM-002-TUTOR",topic_qa,陷阱卡,,,,,上午选择,,,,T-PM-002,T-PM-002,SRC-PM-002-TUTOR,outputs/anki_builds/full_expansion_20260521_003052/topics/by_topic/T-PM-002/topic_qa_cards.md,T-PM-002 五大过程组、十大知识域与 PDCA,,T-PM-002,keep,经典陷阱，反复考。,ruankao ruankao::family::topic_qa ruankao::card_type::陷阱卡 ruankao::importance:: ruankao::exam_use::上午选择 ruankao::topic::T-PM-002,sha256:048c8ddba9c6ea0a35e10cd6
软考::系统集成项目管理工程师,Basic,判断正误：启动过程组只在项目开始时执行一次，后续不再出现。,错误。每个阶段开始时都可能需要启动过程来授权进入该阶段，不是只在项目开始时执行。,"- 理解：新阶段开始也需要启动——比如设计阶段开始时需要授权开始设计工作。<br>- 易错点：看到""启动""就认为""只有一次""是典型错误。<br>- 题干信号：启动过程组、只在开始时、一次执行。<br>- 关联：T-PM-002<br>- 来源：SRC-PM-002-TUTOR",topic_qa,陷阱卡,,,,,上午选择,,,,T-PM-002,T-PM-002,SRC-PM-002-TUTOR,outputs/anki_builds/full_expansion_20260521_003052/topics/by_topic/T-PM-002/topic_qa_cards.md,T-PM-002 五大过程组、十大知识域与 PDCA,,T-PM-002,keep,启动只执行一次的绝对化陷阱。,ruankao ruankao::family::topic_qa ruankao::card_type::陷阱卡 ruankao::importance:: ruankao::exam_use::上午选择 ruankao::topic::T-PM-002,sha256:7b67fe107566615e995855da
软考::系统集成项目管理工程师,Basic,PDCA 循环的四环节分别是什么？在项目管理中分别对应哪些过程组？,Plan（计划）→ 规划过程组；Do（执行）→ 执行过程组；Check（检查）→ 监控过程组；Act（处理/改进）→ 监控过程组（变更控制和改进活动）。,- 理解：PDCA 是持续改进循环，项目管理中 Plan 和 Do 一一对应，但 Check 和 Act 都属于监控过程组。<br>- 易错点：Act 对应监控过程组的变更控制，不是收尾过程组。<br>- 题干信号：PDCA、Plan、Do、Check、Act 对应关系。<br>- 关联：T-PM-002<br>- 来源：SRC-PM-002-TUTOR,topic_qa,概念卡,,,,,上午选择,,,,T-PM-002,T-PM-002,SRC-PM-002-TUTOR,outputs/anki_builds/full_expansion_20260521_003052/topics/by_topic/T-PM-002/topic_qa_cards.md,T-PM-002 五大过程组、十大知识域与 PDCA,,T-PM-002,keep,PDCA 对应关系基础卡。,ruankao ruankao::family::topic_qa ruankao::card_type::概念卡 ruankao::importance:: ruankao::exam_use::上午选择 ruankao::topic::T-PM-002,sha256:b80a375cb20684c80e44db41
软考::系统集成项目管理工程师,Basic,判断正误：在 PDCA 循环中，收尾过程组对应 Act（处理）环节。,错误。收尾过程组不对应 PDCA 的任何单一环节。Act 对应监控过程组中的变更控制和改进活动。收尾是关闭项目，不是持续改进。,"- 记忆线索：PDCA 是循环（持续改进），收尾是终结（不再循环）。<br>- 易错点：很多人下意识认为""收尾=最后的动作=Act""，这是本专题最核心的陷阱。<br>- 题干信号：收尾对应Act、PDCA收尾。<br>- 关联：T-PM-002；T-CLOSE-001<br>- 来源：SRC-PM-002-TUTOR",topic_qa,陷阱卡,,,,,上午选择,,,,T-PM-002,T-PM-002,SRC-PM-002-TUTOR,outputs/anki_builds/full_expansion_20260521_003052/topics/by_topic/T-PM-002/topic_qa_cards.md,T-PM-002 五大过程组、十大知识域与 PDCA,,"T-PM-002,T-CLOSE-001",keep,PDCA 最核心的陷阱卡。,ruankao ruankao::family::topic_qa ruankao::card_type::陷阱卡 ruankao::importance:: ruankao::exam_use::上午选择 ruankao::topic::T-PM-002,sha256:0097711f01303d5d0bdd8b5b
软考::系统集成项目管理工程师,Basic,"""确认范围""属于哪个过程组？",监控过程组。,"- 理解：确认范围是对已完成可交付成果的审查和正式验收，本质是""检查和判断""→ 监控。<br>- 易错点：常被误认为""收尾过程组""——但确认范围是过程中的阶段性验收，不是项目最终收尾。<br>- 题干信号：确认范围、阶段验收、可交付成果审查。<br>- 关联：T-PM-002；T-CLOSE-001<br>- 来源：SRC-PM-002-TUTOR",topic_qa,归属判断卡,,,,,上午选择,,,,T-PM-002,T-PM-002,SRC-PM-002-TUTOR,outputs/anki_builds/full_expansion_20260521_003052/topics/by_topic/T-PM-002/topic_qa_cards.md,T-PM-002 五大过程组、十大知识域与 PDCA,,"T-PM-002,T-CLOSE-001",keep,归属判断高频卡。,ruankao ruankao::family::topic_qa ruankao::card_type::归属判断卡 ruankao::importance:: ruankao::exam_use::上午选择 ruankao::topic::T-PM-002,sha256:557aa697d6bff5510a119506
软考::系统集成项目管理工程师,Basic,"""实施质量保证（QA）""属于哪个过程组？",执行过程组。,"- 记忆线索：QA 是""在做中保证质量""，是执行阶段的持续活动。<br>- 易错点：QA 容易被误认为""检查=监控""，但 QA 的核心是过程审计和改进，在执行中完成。<br>- 题干信号：QA、质量保证、过程审计。<br>- 关联：T-PM-002<br>- 来源：SRC-PM-002-TUTOR",topic_qa,归属判断卡,,,,,上午选择,,,,T-PM-002,T-PM-002,SRC-PM-002-TUTOR,outputs/anki_builds/full_expansion_20260521_003052/topics/by_topic/T-PM-002/topic_qa_cards.md,T-PM-002 五大过程组、十大知识域与 PDCA,,T-PM-002,keep,QA 归属高频卡。,ruankao ruankao::family::topic_qa ruankao::card_type::归属判断卡 ruankao::importance:: ruankao::exam_use::上午选择 ruankao::topic::T-PM-002,sha256:9230c0e0422c99676080b6af
软考::系统集成项目管理工程师,Basic,"""控制质量（QC）""属于哪个过程组？",监控过程组。,"- 记忆线索：QC 是""测量和判断结果是否合格""→ 监控。<br>- 易错点：QC 发生在执行阶段进行（如测试），但在过程组分类上属于监控，不是执行。<br>- 题干信号：QC、质量控制、测试、缺陷检查。<br>- 关联：T-PM-002<br>- 来源：SRC-PM-002-TUTOR",topic_qa,归属判断卡,,,,,上午选择,,,,T-PM-002,T-PM-002,SRC-PM-002-TUTOR,outputs/anki_builds/full_expansion_20260521_003052/topics/by_topic/T-PM-002/topic_qa_cards.md,T-PM-002 五大过程组、十大知识域与 PDCA,,T-PM-002,keep,QC 归属高频卡，与Card 009成对复习。,ruankao ruankao::family::topic_qa ruankao::card_type::归属判断卡 ruankao::importance:: ruankao::exam_use::上午选择 ruankao::topic::T-PM-002,sha256:142de88e2c892de69fe7d213
软考::系统集成项目管理工程师,Basic,"""实施整体变更控制""属于哪个过程组？",监控过程组。,"- 理解：变更控制的本质是""审查和评估变更，决定批准或否决""——这是监控活动。<br>- 易错点：不要因为""变更实施""联想到""执行过程组""——变更控制本身（评估/审批）是监控。<br>- 题干信号：变更控制、CCB、变更请求审批。<br>- 关联：T-PM-002；T-INT-002<br>- 来源：SRC-PM-002-TUTOR",topic_qa,归属判断卡,,,,,上午选择,,,,T-PM-002,T-PM-002,SRC-PM-002-TUTOR,outputs/anki_builds/full_expansion_20260521_003052/topics/by_topic/T-PM-002/topic_qa_cards.md,T-PM-002 五大过程组、十大知识域与 PDCA,,"T-PM-002,T-INT-002",keep,整体变更控制归属，容易被误认。,ruankao ruankao::family::topic_qa ruankao::card_type::归属判断卡 ruankao::importance:: ruankao::exam_use::上午选择 ruankao::topic::T-PM-002,sha256:20198c35466c91c1d23a747f
软考::系统集成项目管理工程师,Basic,"""制定项目章程""属于哪个过程组？",启动过程组。,"- 记忆线索：章程是""批准项目存在""，是项目的起点→启动过程组。<br>- 易错点：不要以为""制定=规划""——章程在规划之前，是属于启动的。<br>- 题干信号：章程、项目授权、批准开始。<br>- 关联：T-PM-002；T-INT-002<br>- 来源：SRC-PM-002-TUTOR",topic_qa,归属判断卡,,,,,上午选择,,,,T-PM-002,T-PM-002,SRC-PM-002-TUTOR,outputs/anki_builds/full_expansion_20260521_003052/topics/by_topic/T-PM-002/topic_qa_cards.md,T-PM-002 五大过程组、十大知识域与 PDCA,,"T-PM-002,T-INT-002",keep,制定章程归属，最基础的归属判断。,ruankao ruankao::family::topic_qa ruankao::card_type::归属判断卡 ruankao::importance:: ruankao::exam_use::上午选择 ruankao::topic::T-PM-002,sha256:42e67bfe38a9f73fe110878a
软考::系统集成项目管理工程师,Basic,"""制定项目管理计划""属于哪个过程组？",规划过程组。,"- 理解：计划是""怎么做的方案""，属于规划动作。<br>- 易错点：看到""制定""就联想到""启动""——但制定计划是规划，制定章程才是启动。<br>- 题干信号：项目管理计划、各子计划整合。<br>- 关联：T-PM-002；T-INT-002<br>- 来源：SRC-PM-002-TUTOR",topic_qa,归属判断卡,,,,,上午选择,,,,T-PM-002,T-PM-002,SRC-PM-002-TUTOR,outputs/anki_builds/full_expansion_20260521_003052/topics/by_topic/T-PM-002/topic_qa_cards.md,T-PM-002 五大过程组、十大知识域与 PDCA,,"T-PM-002,T-INT-002",keep,制定计划归属。,ruankao ruankao::family::topic_qa ruankao::card_type::归属判断卡 ruankao::importance:: ruankao::exam_use::上午选择 ruankao::topic::T-PM-002,sha256:fe4b0b9422c8471dbb19fc87
软考::系统集成项目管理工程师,Basic,"""指导与管理项目工作""属于哪个过程组？",执行过程组。,"- 理解：按计划""干活""→ 执行过程组。<br>- 易错点：不要和执行整体变更控制混淆——""指导与管理项目工作""是干活的，""实施整体变更控制""是管理变更的。<br>- 题干信号：按计划工作、生产可交付成果、执行活动。<br>- 关联：T-PM-002<br>- 来源：SRC-PM-002-TUTOR",topic_qa,归属判断卡,,,,,上午选择,,,,T-PM-002,T-PM-002,SRC-PM-002-TUTOR,outputs/anki_builds/full_expansion_20260521_003052/topics/by_topic/T-PM-002/topic_qa_cards.md,T-PM-002 五大过程组、十大知识域与 PDCA,,T-PM-002,keep,指导与管理项目工作的归属。,ruankao ruankao::family::topic_qa ruankao::card_type::归属判断卡 ruankao::importance:: ruankao::exam_use::上午选择 ruankao::topic::T-PM-002,sha256:42c2f6989dc44288b391fcd2
软考::系统集成项目管理工程师,Basic,实施质量保证（QA）和控制质量（QC）在过程组归属上有什么区别？,QA → 执行过程组（在做中保证质量，管过程）；QC → 监控过程组（测量判断结果，管结果）。,"- 记忆线索：QA = 审计过程, 在执行；QC = 检查结果, 在监控。<br>- 易错点：最常错的组合——""QA 是监控""和""QC 是执行""，两个都要记清楚。<br>- 题干信号：QA vs QC、质量保证 vs 质量控制、过程 vs 结果。<br>- 关联：T-PM-002<br>- 来源：SRC-PM-002-TUTOR",topic_qa,辨析卡,,,,,上午选择,,,,T-PM-002,T-PM-002,SRC-PM-002-TUTOR,outputs/anki_builds/full_expansion_20260521_003052/topics/by_topic/T-PM-002/topic_qa_cards.md,T-PM-002 五大过程组、十大知识域与 PDCA,,T-PM-002,keep,QA vs QC 归属是最常考的一组对比。,ruankao ruankao::family::topic_qa ruankao::card_type::辨析卡 ruankao::importance:: ruankao::exam_use::上午选择 ruankao::topic::T-PM-002,sha256:a54bfadce1bf740efd670499
软考::系统集成项目管理工程师,Basic,确认范围和项目最终验收在过程组归属上有什么区别？,确认范围 → 监控过程组（过程中阶段性验收）；项目最终验收 → 收尾过程组（项目结束时总体验收移交）。,"- 理解：确认范围是每完成一个可交付成果就做一次；最终验收是项目收尾时一次性的。<br>- 易错点：题目说""验收""不一定是收尾——要看是过程中的确认范围还是项目级的最终验收。<br>- 题干信号：确认范围、阶段验收、最终验收、项目收尾。<br>- 关联：T-PM-002；T-CLOSE-001<br>- 来源：SRC-PM-002-TUTOR",topic_qa,辨析卡,,,,,上午选择,,,,T-PM-002,T-PM-002,SRC-PM-002-TUTOR,outputs/anki_builds/full_expansion_20260521_003052/topics/by_topic/T-PM-002/topic_qa_cards.md,T-PM-002 五大过程组、十大知识域与 PDCA,,"T-PM-002,T-CLOSE-001",keep,确认范围 vs 最终验收辨析。,ruankao ruankao::family::topic_qa ruankao::card_type::辨析卡 ruankao::importance:: ruankao::exam_use::上午选择 ruankao::topic::T-PM-002,sha256:20e18565433751d959bd102a
软考::系统集成项目管理工程师,Basic,在过程组 × 知识域矩阵中，整体管理有何特殊性？,整体管理是唯一一个在所有五个过程组中都有对应过程的知识域（启动→制定章程；规划→制定计划；执行→指导工作；监控→监控工作+变更控制；收尾→结束项目）。,"- 理解：整体管理像""粘合剂""，贯穿项目始终，所以在每个过程组都有它的过程。<br>- 易错点：其他知识域不会在所有过程组都有过程——比如范围管理只在规划、监控过程组有。<br>- 题干信号：整体管理、所有过程组、唯一跨五个过程组。<br>- 关联：T-PM-002；T-INT-001<br>- 来源：SRC-PM-002-TUTOR",topic_qa,概念卡,,,,,上午选择,,,,T-PM-002,T-PM-002,SRC-PM-002-TUTOR,outputs/anki_builds/full_expansion_20260521_003052/topics/by_topic/T-PM-002/topic_qa_cards.md,T-PM-002 五大过程组、十大知识域与 PDCA,,"T-PM-002,T-INT-001",keep,"整体管理的特殊定位，选择题常考""唯一性""。",ruankao ruankao::family::topic_qa ruankao::card_type::概念卡 ruankao::importance:: ruankao::exam_use::上午选择 ruankao::topic::T-PM-002,sha256:10205c08f0bf25ce5dbd42ff
软考::系统集成项目管理工程师,Basic,软考下午案例题中，如何用过程组 × 知识域框架诊断项目管理问题？,① 判断场景在哪个过程组（启动/规划/执行/监控/收尾）；② 判断问题涉及哪个知识域；③ 交叉定位缺失的管理过程。,"- 理解：这个框架作用类似于""检查清单""——逐一对照每个过程组在对应知识域上有没有做该做的事。<br>- 易错点：不要只从知识域角度分析——过程组维度同样重要，帮助判断""工作做到哪一步了""。<br>- 题干信号：案例题、诊断问题、管理缺失、建议改进。<br>- 关联：T-PM-002<br>- 来源：SRC-PM-002-TUTOR",topic_qa,概念卡,,,,,下午案例,,,,T-PM-002,T-PM-002,SRC-PM-002-TUTOR,outputs/anki_builds/full_expansion_20260521_003052/topics/by_topic/T-PM-002/topic_qa_cards.md,T-PM-002 五大过程组、十大知识域与 PDCA,,T-PM-002,keep,案例框架卡，下午案例题答题思路。,ruankao ruankao::family::topic_qa ruankao::card_type::概念卡 ruankao::importance:: ruankao::exam_use::下午案例 ruankao::topic::T-PM-002,sha256:8cbcbd5ff83c26dd8055a603
软考::系统集成项目管理工程师,Basic,固定总价合同中成本超支的风险主要由谁承担？,卖方承担。合同价格固定，卖方实际成本超过合同金额的部分由卖方自己承担。,"- 理解/记忆线索：固定总价=买方""封顶付款""，卖方承担所有成本超支风险。<br>- 易错点：认为双方分摊——固定总价的核心特征就是卖方承担超支风险。<br>- 题干信号：""固定总价""、""成本超支""、""谁承担风险""。<br>- 关联：T-PROC-001。<br>- 来源：SRC-PROC-TUTOR-001。",topic_qa,概念理解卡,,,,,上午选择,,,,T-PROC-001,T-PROC-001,SRC-PROC-TUTOR-001,outputs/anki_builds/full_expansion_20260521_003052/topics/by_topic/T-PROC-001/topic_qa_cards.md,T-PROC-001 合同类型、风险分配与采购决策 — 专题 QA 卡片,,T-PROC-001,keep,,ruankao ruankao::family::topic_qa ruankao::card_type::概念理解卡 ruankao::importance:: ruankao::exam_use::上午选择 ruankao::topic::T-PROC-001,sha256:e4a7737b1694af4315a8e67e
软考::系统集成项目管理工程师,Basic,成本补偿合同中成本超支的风险主要由谁承担？,买方承担。买方按实际成本报销，成本越高买方付得越多，卖方没有成本超支风险。,"- 理解/记忆线索：成本补偿=买方""实报实销""，所有成本风险在买方。<br>- 易错点：认为卖方也有风险——卖方的成本全部被覆盖，只要尽职就稳拿酬金。<br>- 题干信号：""成本补偿""、""实报实销""、""风险最高的是买方""。<br>- 关联：T-PROC-001。<br>- 来源：SRC-PROC-TUTOR-001。",topic_qa,概念理解卡,,,,,上午选择,,,,T-PROC-001,T-PROC-001,SRC-PROC-TUR-001,outputs/anki_builds/full_expansion_20260521_003052/topics/by_topic/T-PROC-001/topic_qa_cards.md,T-PROC-001 合同类型、风险分配与采购决策 — 专题 QA 卡片,,T-PROC-001,keep,,ruankao ruankao::family::topic_qa ruankao::card_type::概念理解卡 ruankao::importance:: ruankao::exam_use::上午选择 ruankao::topic::T-PROC-001,sha256:500bc6b047a3ed1440933680
软考::系统集成项目管理工程师,Basic,工料合同（T&M）的风险分配特点是什么？,风险共担。单位费率固定（卖方承担费率风险），总使用量不确定（买方承担总量风险）。,"- 理解/记忆线索：工料合同是""折中方案""——单价锁死但数量不锁。<br>- 易错点：认为工料合同等于成本补偿——不，费率是固定的（像固定总价），只有数量可变（像成本补偿）。<br>- 题干信号：""工料合同""、""T&M""、""风险共担""、""单价固定""。<br>- 关联：T-PROC-001。<br>- 来源：SRC-PROC-TUTOR-001。",topic_qa,概念理解卡,,,,,上午选择,,,,T-PROC-001,T-PROC-001,SRC-PROC-TUTOR-001,outputs/anki_builds/full_expansion_20260521_003052/topics/by_topic/T-PROC-001/topic_qa_cards.md,T-PROC-001 合同类型、风险分配与采购决策 — 专题 QA 卡片,,T-PROC-001,keep,,ruankao ruankao::family::topic_qa ruankao::card_type::概念理解卡 ruankao::importance:: ruankao::exam_use::上午选择 ruankao::topic::T-PROC-001,sha256:3c5a61b6c249fe02d42e1d02
软考::系统集成项目管理工程师,Basic,三种合同类型按买方风险从低到高如何排列？,固定总价合同（买方风险最低）< 工料合同（风险共担）< 成本补偿合同（买方风险最高）。,"- 理解/记忆线索：范围越清晰→固定总价；范围越模糊→成本补偿；中间态→工料。<br>- 易错点：以为工料合同买方风险低于固定总价——实际上总价锁死才最低，工料是量不确定。<br>- 题干信号：""风险排序""、""买方风险从低到高""。<br>- 关联：T-PROC-001。<br>- 来源：SRC-PROC-TUTOR-001。",topic_qa,概念理解卡,,,,,上午选择,,,,T-PROC-001,T-PROC-001,SRC-PROC-TUTOR-001,outputs/anki_builds/full_expansion_20260521_003052/topics/by_topic/T-PROC-001/topic_qa_cards.md,T-PROC-001 合同类型、风险分配与采购决策 — 专题 QA 卡片,,T-PROC-001,keep,,ruankao ruankao::family::topic_qa ruankao::card_type::概念理解卡 ruankao::importance:: ruankao::exam_use::上午选择 ruankao::topic::T-PROC-001,sha256:fdbe9611e28924c0790e383e
软考::系统集成项目管理工程师,Basic,采购 100 台标准配置的服务器，技术规格明确、市场成熟，最适合采用什么合同？,固定总价合同。范围清晰、需求稳定，卖方可以准确估算成本。,"- 理解/记忆线索：标准产品+明确规格=固定总价。<br>- 易错点：选了工料合同——标准品不需要工时计费，固定总价更合适。<br>- 题干信号：""标准配置""、""规格明确""、""需求稳定""、""市场成熟""。<br>- 关联：T-PROC-001。<br>- 来源：SRC-PROC-TUTOR-001。",topic_qa,场景判断卡,,,,,上午选择,,,,T-PROC-001,T-PROC-001,SRC-PROC-TUTOR-001,outputs/anki_builds/full_expansion_20260521_003052/topics/by_topic/T-PROC-001/topic_qa_cards.md,T-PROC-001 合同类型、风险分配与采购决策 — 专题 QA 卡片,,T-PROC-001,keep,,ruankao ruankao::family::topic_qa ruankao::card_type::场景判断卡 ruankao::importance:: ruankao::exam_use::上午选择 ruankao::topic::T-PROC-001,sha256:4f8cf74eaf72e45da5531384
软考::系统集成项目管理工程师,Basic,研发型项目，产品形态和技术路线尚未确定，最适合采用什么合同？,成本补偿合同。需求不确定，无法事先固定总价，买方承担风险但这是现实选择。,"- 理解/记忆线索：研发+不确定=成本补偿。强硬用固定总价会导致低价中标和频繁变更。<br>- 易错点：以为固定总价+变更管理能解决问题——变更太频繁时固定总价无法运作。<br>- 题干信号：""研发""、""技术路线不确定""、""需求可能变化""、""创新""。<br>- 关联：T-PROC-001。<br>- 来源：SRC-PROC-TUTOR-001。",topic_qa,场景判断卡,,,,,上午选择,,,,T-PROC-001,T-PROC-001,SRC-PROC-TUTOR-001,outputs/anki_builds/full_expansion_20260521_003052/topics/by_topic/T-PROC-001/topic_qa_cards.md,T-PROC-001 合同类型、风险分配与采购决策 — 专题 QA 卡片,,T-PROC-001,keep,,ruankao ruankao::family::topic_qa ruankao::card_type::场景判断卡 ruankao::importance:: ruankao::exam_use::上午选择 ruankao::topic::T-PROC-001,sha256:12f58553ed64efed1b4ebcc9
软考::系统集成项目管理工程师,Basic,CPFF（成本加固定酬金）合同中，卖方控制成本的动力如何？,没有控制成本动力。成本实报实销，酬金固定——无论成本高低，卖方拿到的酬金一样。,"- 理解/记忆线索：CPFF = ""花多少报多少，利润固定""——卖方不关心成本高低。<br>- 易错点：认为 CPFF 有激励作用——恰恰相反，CPFF 是成本补偿中最缺乏控成本激励的形式。<br>- 题干信号：""CPFF""、""固定酬金""、""成本控制动力""。<br>- 关联：T-PROC-001。<br>- 来源：SRC-PROC-TUTOR-001。",topic_qa,概念理解卡,,,,,上午选择,,,,T-PROC-001,T-PROC-001,SRC-PROC-TUTOR-001,outputs/anki_builds/full_expansion_20260521_003052/topics/by_topic/T-PROC-001/topic_qa_cards.md,T-PROC-001 合同类型、风险分配与采购决策 — 专题 QA 卡片,,T-PROC-001,keep,,ruankao ruankao::family::topic_qa ruankao::card_type::概念理解卡 ruankao::importance:: ruankao::exam_use::上午选择 ruankao::topic::T-PROC-001,sha256:bb4cf7095fa1f34395534751
软考::系统集成项目管理工程师,Basic,CPIF（成本加激励酬金）如何激励卖方控制成本？,设定目标成本和激励分享比例。实际成本低于目标成本时，卖方分享节省部分，实际成本越高卖方获得的激励越少，从而产生控成本动力。,"- 理解/记忆线索：CPIF = ""省钱有奖""——实际成本越低，卖方拿到的额外奖励越多。<br>- 易错点：CPIF 的激励是对称的——超支时卖方也要分担部分超支。<br>- 题干信号：""CPIF""、""激励""、""分享比例""、""成本绩效""。<br>- 关联：T-PROC-001。<br>- 来源：SRC-PROC-TUTOR-001。",topic_qa,概念理解卡,,,,,上午选择,,,,T-PROC-001,T-PROC-001,SRC-PROC-TUTOR-001,outputs/anki_builds/full_expansion_20260521_003052/topics/by_topic/T-PROC-001/topic_qa_cards.md,T-PROC-001 合同类型、风险分配与采购决策 — 专题 QA 卡片,,T-PROC-001,keep,,ruankao ruankao::family::topic_qa ruankao::card_type::概念理解卡 ruankao::importance:: ruankao::exam_use::上午选择 ruankao::topic::T-PROC-001,sha256:6bc50b5981bf3890e1eaf375
软考::系统集成项目管理工程师,Basic,CPIF 合同中，目标成本 100 万，目标酬金 10 万，分享比例 70/30（买方70%/卖方30%），实际成本 80 万，卖方最终收入是多少？,实际成本 80 万 + 目标酬金 10 万 + (100-80)×30% = 80+10+6 = 96 万。,"- 理解/记忆线索：先报成本，再加固定酬金，再加节省分成（节省×卖方分享比例）。<br>- 易错点：忘记加目标酬金，或把分享比例方向搞反——节省部分买方占大头（70%）。<br>- 题干信号：""CPIF""、""目标成本""、""分享比例""、""实际成本""。<br>- 关联：T-PROC-001。<br>- 来源：SRC-PROC-TUTOR-001。",topic_qa,计算卡,,,,,上午选择,,,,T-PROC-001,T-PROC-001,SRC-PROC-TUTOR-001,outputs/anki_builds/full_expansion_20260521_003052/topics/by_topic/T-PROC-001/topic_qa_cards.md,T-PROC-001 合同类型、风险分配与采购决策 — 专题 QA 卡片,,T-PROC-001,keep,,ruankao ruankao::family::topic_qa ruankao::card_type::计算卡 ruankao::importance:: ruankao::exam_use::上午选择 ruankao::topic::T-PROC-001,sha256:20a12985e7e5a5dd62f34870
软考::系统集成项目管理工程师,Basic,CPAF（成本加奖励酬金）的奖励基于什么？,基于买方对卖方综合表现的主观评判，不直接取决于成本绩效。,"- 理解/记忆线索：CPAF = ""老板看你表现打分""——主观评价决定奖励。<br>- 易错点：混淆 CPAF 和 CPIF——CPIF 奖励基于客观成本数据，CPAF 奖励基于主观评判。<br>- 题干信号：""CPAF""、""奖励酬金""、""主观评判""、""综合表现""。<br>- 关联：T-PROC-001。<br>- 来源：SRC-PROC-TUTOR-001。",topic_qa,概念理解卡,,,,,上午选择,,,,T-PROC-001,T-PROC-001,SRC-PROC-TUTOR-001,outputs/anki_builds/full_expansion_20260521_003052/topics/by_topic/T-PROC-001/topic_qa_cards.md,T-PROC-001 合同类型、风险分配与采购决策 — 专题 QA 卡片,,T-PROC-001,keep,,ruankao ruankao::family::topic_qa ruankao::card_type::概念理解卡 ruankao::importance:: ruankao::exam_use::上午选择 ruankao::topic::T-PROC-001,sha256:51b68e0c189f7c5b9688000a
软考::系统集成项目管理工程师,Basic,CPFF vs CPIF vs CPAF 的核心区别是什么？,CPFF 酬金固定、无激励；CPIF 酬金与成本绩效挂钩、有成本控制激励；CPAF 酬金基于主观评判、不直接关联成本。,"- 理解/记忆线索：CPFF=固定工资；CPIF=绩效工资；CPAF=老板看你表现发奖金。<br>- 易错点：认为 CPIF 和 CPAF 一样——一个靠数据（CPI），一个靠主观判断。<br>- 题干信号：""三种成本补偿合同区别""、""激励方式不同""。<br>- 关联：T-PROC-001。<br>- 来源：SRC-PROC-TUTOR-001。",topic_qa,辨析卡,,,,,上午选择,,,,T-PROC-001,T-PROC-001,SRC-PROC-TUTOR-001,outputs/anki_builds/full_expansion_20260521_003052/topics/by_topic/T-PROC-001/topic_qa_cards.md,T-PROC-001 合同类型、风险分配与采购决策 — 专题 QA 卡片,,T-PROC-001,keep,,ruankao ruankao::family::topic_qa ruankao::card_type::辨析卡 ruankao::importance:: ruankao::exam_use::上午选择 ruankao::topic::T-PROC-001,sha256:bb3d19ca8ba9a5b4ee5c05bd
软考::系统集成项目管理工程师,Basic,合同类型选择的本质问题是什么？,"风险分配。选择什么合同类型就是在决定""谁承担成本超支风险""——合同类型 = 风险分配方案。","- 理解/记忆线索：不要背合同种类，要背""范围清晰→固定总价（卖方高风险）""这条因果链。<br>- 易错点：根据金额大小选合同类型——合同类型跟风险分配走，不是跟金额大小走。<br>- 题干信号：""合同类型选择依据""、""风险分配""、""买方卖方风险""。<br>- 关联：T-PROC-001。<br>- 来源：SRC-PROC-TUTOR-001。",topic_qa,概念理解卡,,,,,上午选择,,,,T-PROC-001,T-PROC-001,SRC-PROC-TUTOR-001,outputs/anki_builds/full_expansion_20260521_003052/topics/by_topic/T-PROC-001/topic_qa_cards.md,T-PROC-001 合同类型、风险分配与采购决策 — 专题 QA 卡片,,T-PROC-001,keep,,ruankao ruankao::family::topic_qa ruankao::card_type::概念理解卡 ruankao::importance:: ruankao::exam_use::上午选择 ruankao::topic::T-PROC-001,sha256:7c8f5cebd57bc82b1c4ba213
软考::系统集成项目管理工程师,Basic,自制或外购分析中需要考虑哪些非财务因素？,核心竞争力保护、保密需求、供应市场成熟度、长期战略能力、技术可得性、质量可控性。,"- 理解/记忆线索：不能只看价格——核心技术、保密、长期战略可能比短期成本更重要。<br>- 易错点：只看成本做决策——涉及核心技术即使外购便宜也应自制。<br>- 题干信号：""自制还是外购""、""非财务因素""、""核心技术""、""战略考虑""。<br>- 关联：T-PROC-001。<br>- 来源：SRC-PROC-TUTOR-001。",topic_qa,概念理解卡,,,,,上午选择,,,,T-PROC-001,T-PROC-001,SRC-PROC-TUTOR-001,outputs/anki_builds/full_expansion_20260521_003052/topics/by_topic/T-PROC-001/topic_qa_cards.md,T-PROC-001 合同类型、风险分配与采购决策 — 专题 QA 卡片,,T-PROC-001,keep,,ruankao ruankao::family::topic_qa ruankao::card_type::概念理解卡 ruankao::importance:: ruankao::exam_use::上午选择 ruankao::topic::T-PROC-001,sha256:cf579280f13f82218dba15dc
软考::系统集成项目管理工程师,Basic,某工作涉及公司核心技术，外购报价更低。从综合角度应如何决策？,倾向于自制。核心技术是公司的核心竞争力，不可简单用采购成本衡量。,"- 理解/记忆线索：核心技术 = 护城河，不可外包。<br>- 易错点：因为外购便宜就选了外购——涉及核心竞争力的决策不能只看成本。<br>- 题干信号：""核心技术""、""商业秘密""、""核心竞争力""、""长期能力""。<br>- 关联：T-PROC-001。<br>- 来源：SRC-PROC-TUTOR-001。",topic_qa,场景判断卡,,,,,上午选择,,,,T-PROC-001,T-PROC-001,SRC-PROC-TUTOR-001,outputs/anki_builds/full_expansion_20260521_003052/topics/by_topic/T-PROC-001/topic_qa_cards.md,T-PROC-001 合同类型、风险分配与采购决策 — 专题 QA 卡片,,T-PROC-001,keep,,ruankao ruankao::family::topic_qa ruankao::card_type::场景判断卡 ruankao::importance:: ruankao::exam_use::上午选择 ruankao::topic::T-PROC-001,sha256:4ecc5c4bfecca71d99142e7c
软考::系统集成项目管理工程师,Basic,团队无相关经验，市场有成熟供应商且费用在预算内，应如何决策？,外购。外部供应商更有经验、交付更快、成本可控。,"- 理解/记忆线索：没有能力自己做、市场有成熟方案 → 外购。<br>- 易错点：因为""长期战略需要""选了自制——如果题干没提到核心技术或战略需求，应该选外购。<br>- 题干信号：""无经验""、""招聘时间长""、""市场有成熟方案""。<br>- 关联：T-PROC-001。<br>- 来源：SRC-PROC-TUTOR-001。",topic_qa,场景判断卡,,,,,上午选择,,,,T-PROC-001,T-PROC-001,SRC-PROC-TUTOR-001,outputs/anki_builds/full_expansion_20260521_003052/topics/by_topic/T-PROC-001/topic_qa_cards.md,T-PROC-001 合同类型、风险分配与采购决策 — 专题 QA 卡片,,T-PROC-001,keep,,ruankao ruankao::family::topic_qa ruankao::card_type::场景判断卡 ruankao::importance:: ruankao::exam_use::上午选择 ruankao::topic::T-PROC-001,sha256:615a92d262739b8d8500bd98
软考::系统集成项目管理工程师,Basic,固定总价合同的适用前提是什么？,工作范围明确、需求稳定、卖方可以准确估算成本。典型如标准化产品或明确规格的开发服务。,"- 理解/记忆线索：没有固定范围就没有固定总价——范围是总价锁死的前提。<br>- 易错点：认为固定总价合同不能变更——固定总价合同可以通过变更控制追加费用，只是过程麻烦。<br>- 题干信号：""需求明确""、""范围稳定""、""标准化""。<br>- 关联：T-PROC-001。<br>- 来源：SRC-PROC-TUTOR-001。",topic_qa,概念理解卡,,,,,上午选择,,,,T-PROC-001,T-PROC-001,SRC-PROC-TUTOR-001,outputs/anki_builds/full_expansion_20260521_003052/topics/by_topic/T-PROC-001/topic_qa_cards.md,T-PROC-001 合同类型、风险分配与采购决策 — 专题 QA 卡片,,T-PROC-001,keep,,ruankao ruankao::family::topic_qa ruankao::card_type::概念理解卡 ruankao::importance:: ruankao::exam_use::上午选择 ruankao::topic::T-PROC-001,sha256:8301f0ced964e9600a9d5365
软考::系统集成项目管理工程师,Basic,成本补偿合同的主要缺点是什么？,买方成本不可控（无上限），卖方缺乏控成本动力（成本全部报销），需要买方有较强的合同管理和监督能力。,"- 理解/记忆线索：成本补偿 = 给卖方""空白支票""——不监督就会成本失控。<br>- 易错点：认为成本补偿合同对买方最好——虽然灵活但风险最高，买方需要很强的管控能力。<br>- 题干信号：""成本补偿的缺点""、""买方风险""、""成本失控""。<br>- 关联：T-PROC-001。<br>- 来源：SRC-PROC-TUTOR-001。",topic_qa,概念理解卡,,,,,上午选择,,,,T-PROC-001,T-PROC-001,SRC-PROC-TUTOR-001,outputs/anki_builds/full_expansion_20260521_003052/topics/by_topic/T-PROC-001/topic_qa_cards.md,T-PROC-001 合同类型、风险分配与采购决策 — 专题 QA 卡片,,T-PROC-001,keep,,ruankao ruankao::family::topic_qa ruankao::card_type::概念理解卡 ruankao::importance:: ruankao::exam_use::上午选择 ruankao::topic::T-PROC-001,sha256:fda015bc8b3059d0b3ef2552
软考::系统集成项目管理工程师,Basic,项目需要紧急扩充团队成员，工作范围有一定方向但无法精确定义，适合什么合同？,工料合同（T&M）。灵活调整、按实际工时和材料计费。,"- 理解/记忆线索：短期 + 灵活 + 不能锁总价 = 工料合同。<br>- 易错点：选了成本补偿——工料合同费率固定适合短期弹性需求，成本补偿适合长期不确定性项目。<br>- 题干信号：""紧急增人""、""短期""、""范围粗略""、""按小时计费""。<br>- 关联：T-PROC-001。<br>- 来源：SRC-PROC-TUTOR-001。",topic_qa,场景判断卡,,,,,上午选择,,,,T-PROC-001,T-PROC-001,SRC-PROC-TUTOR-001,outputs/anki_builds/full_expansion_20260521_003052/topics/by_topic/T-PROC-001/topic_qa_cards.md,T-PROC-001 合同类型、风险分配与采购决策 — 专题 QA 卡片,,T-PROC-001,keep,,ruankao ruankao::family::topic_qa ruankao::card_type::场景判断卡 ruankao::importance:: ruankao::exam_use::上午选择 ruankao::topic::T-PROC-001,sha256:545833e6639c269f1688787a
软考::系统集成项目管理工程师,Basic,客户在创新型项目中采用固定总价合同导致频繁变更和成本超支，问题出在哪里？,合同类型选择不当。创新型项目需求不确定，应采用成本补偿合同（如 CPIF）。固定总价下客户频繁变更导致卖方成本压力大、双方争议多。,"- 理解/记忆线索：选错合同类型 = 管理决策错误。应试模板""现状→问题→建议""。<br>- 易错点：只写""变更控制不好""而非""合同类型不当""——根本原因是合同类型与项目不确定性不匹配。<br>- 题干信号：""创新型项目""+""固定总价""+""变更频繁""+""成本超支""。<br>- 关联：T-PROC-001。<br>- 来源：SRC-PROC-TUTOR-001, SRC-PROC-Q-CASE-001。",topic_qa,案例模板卡,,,,,案例分析,,,,T-PROC-001,T-PROC-001,"SRC-PROC-TUTOR-001, SRC-PROC-Q-CASE-001",outputs/anki_builds/full_expansion_20260521_003052/topics/by_topic/T-PROC-001/topic_qa_cards.md,T-PROC-001 合同类型、风险分配与采购决策 — 专题 QA 卡片,,T-PROC-001,keep,,ruankao ruankao::family::topic_qa ruankao::card_type::案例模板卡 ruankao::importance:: ruankao::exam_use::案例分析 ruankao::topic::T-PROC-001,sha256:7d92f32902ca3af14a0a0c5c
软考::系统集成项目管理工程师,Basic,采购管理中索赔的基本前提是什么？,索赔必须依据合同条款。索赔是因为一方未履行合同义务或合同约定的风险事件发生，要求对方补偿。,"- 理解/记忆线索：没有合同就没有索赔依据——合同是索赔的法律基础。<br>- 易错点：认为索赔可以基于口头约定——索赔必须有书面合同依据。<br>- 题干信号：""索赔""、""合同依据""、""违约责任""。<br>- 关联：T-PROC-001。<br>- 来源：SRC-PROC-TUTOR-001。",topic_qa,概念理解卡,,,,,上午选择,,,,T-PROC-001,T-PROC-001,SRC-PROC-TUTOR-001,outputs/anki_builds/full_expansion_20260521_003052/topics/by_topic/T-PROC-001/topic_qa_cards.md,T-PROC-001 合同类型、风险分配与采购决策 — 专题 QA 卡片,,T-PROC-001,keep,,ruankao ruankao::family::topic_qa ruankao::card_type::概念理解卡 ruankao::importance:: ruankao::exam_use::上午选择 ruankao::topic::T-PROC-001,sha256:d4d752320956ca25b630aca8
软考::系统集成项目管理工程师,Basic,合同谈判中，双方博弈的焦点通常是什么？,价格、范围、风险分配、交付时间、质量标准、支付条款、变更机制、违约责任。,"- 理解/记忆线索：谈判不只是""砍价""——风险分配和变更机制往往比价格更重要。<br>- 易错点：只关注价格——案例题中谈判失败常是因为风险分配和变更机制未约定清楚。<br>- 题干信号：""合同谈判""、""谈判策略""、""关键条款""。<br>- 关联：T-PROC-001。<br>- 来源：SRC-PROC-TUTOR-001。",topic_qa,概念理解卡,,,,,上午选择,,,,T-PROC-001,T-PROC-001,SRC-PROC-TUTOR-001,outputs/anki_builds/full_expansion_20260521_003052/topics/by_topic/T-PROC-001/topic_qa_cards.md,T-PROC-001 合同类型、风险分配与采购决策 — 专题 QA 卡片,,T-PROC-001,keep,,ruankao ruankao::family::topic_qa ruankao::card_type::概念理解卡 ruankao::importance:: ruankao::exam_use::上午选择 ruankao::topic::T-PROC-001,sha256:dc1fdb0281847a4be29ba79e
软考::系统集成项目管理工程师,Basic,固定总价合同 vs 成本补偿合同在变更管理上的区别是什么？,固定总价合同下任何范围外变更都需要重新谈判定价（卖方会强硬加价）；成本补偿合同下变更是通过调整工作范围和预算来管理（更灵活但成本不可控）。,"- 理解/记忆线索：固定总价=变更难（卖方借机加价）；成本补偿=变更容易（但成本失控）。<br>- 易错点：认为固定总价对变更更友好——实际上正因为锁死总价，卖方面对变更加价会更狠。<br>- 题干信号：""变更管理""、""合同类型影响""、""范围变更""。<br>- 关联：T-PROC-001。<br>- 来源：SRC-PROC-TUTOR-001。",topic_qa,辨析卡,,,,,跨域辨析,,,,T-PROC-001,T-PROC-001,SRC-PROC-TUTOR-001,outputs/anki_builds/full_expansion_20260521_003052/topics/by_topic/T-PROC-001/topic_qa_cards.md,T-PROC-001 合同类型、风险分配与采购决策 — 专题 QA 卡片,,T-PROC-001,keep,,ruankao ruankao::family::topic_qa ruankao::card_type::辨析卡 ruankao::importance:: ruankao::exam_use::跨域辨析 ruankao::topic::T-PROC-001,sha256:979ad330a369fe909c9192ef
软考::系统集成项目管理工程师,Basic,合同类型选择中，需求明确度和风险分配的关系如何用口诀概括？,"""范围越清晰→越适合固定总价（卖方高风险）；需求越不确定→越适合成本补偿（买方高风险）；中间状态→工料合同。""","- 理解/记忆线索：不需要死记风险分配比例，记住""范围决定风险分配""。<br>- 易错点：以为固定总价合同对双方都最好——对买方好，但对卖方风险很高。<br>- 题干信号：""合同选择口诀""、""范围与风险""。<br>- 关联：T-PROC-001。<br>- 来源：SRC-PROC-TUTOR-001。",topic_qa,概念理解卡,,,,,上午选择,,,,T-PROC-001,T-PROC-001,SRC-PROC-TUTOR-001,outputs/anki_builds/full_expansion_20260521_003052/topics/by_topic/T-PROC-001/topic_qa_cards.md,T-PROC-001 合同类型、风险分配与采购决策 — 专题 QA 卡片,,T-PROC-001,keep,,ruankao ruankao::family::topic_qa ruankao::card_type::概念理解卡 ruankao::importance:: ruankao::exam_use::上午选择 ruankao::topic::T-PROC-001,sha256:0b5eb259a136ef3ec5a9453d
软考::系统集成项目管理工程师,Basic,买方希望将总价控制住，同时让卖方承担成本超支风险，但需求尚未完全明确。此时应建议买方如何调整？,先投入需求分析和方案设计，锁定需求范围后再使用固定总价合同。如无法提前锁定，则需接受成本补偿合同。,"- 理解/记忆线索：固定总价的前提是范围明确。范围不明确却要固定总价 = 矛盾。<br>- 易错点：直接建议用固定总价——范围不明确时固定总价会导致合同执行问题。<br>- 题干信号：""控制总价""+""需求不明确""。<br>- 关联：T-PROC-001。<br>- 来源：SRC-PROC-TUTOR-001。",topic_qa,场景判断卡,,,,,上午选择,,,,T-PROC-001,T-PROC-001,SRC-PROC-TUTOR-001,outputs/anki_builds/full_expansion_20260521_003052/topics/by_topic/T-PROC-001/topic_qa_cards.md,T-PROC-001 合同类型、风险分配与采购决策 — 专题 QA 卡片,,T-PROC-001,keep,,ruankao ruankao::family::topic_qa ruankao::card_type::场景判断卡 ruankao::importance:: ruankao::exam_use::上午选择 ruankao::topic::T-PROC-001,sha256:d851747e27f4a9f418d73177
软考::系统集成项目管理工程师,Basic,合同类型选择与风险管理的应对策略（转移/减轻）有什么关系？,固定总价合同是买方将成本风险转移给卖方（风险转移策略）；成本补偿合同是买方自己承担风险（风险接受或主动管理）；工料合同是风险分担。,"- 理解/记忆线索：选合同类型本身就是一种风险管理决策——选择谁承担风险。<br>- 易错点：将合同选择与风险管理割裂——两者本质是同一件事。<br>- 题干信号：""合同 vs 风险""、""转移策略""、""固定总价对应哪种风险应对""。<br>- 关联：T-PROC-001, T-RISK-001。<br>- 来源：SRC-PROC-TUTOR-001, SRC-RISK-TUTOR-001。",topic_qa,辨析卡,,,,,跨域辨析,,,,T-PROC-001,T-PROC-001,"SRC-PROC-TUTOR-001, SRC-RISK-TUTOR-001",outputs/anki_builds/full_expansion_20260521_003052/topics/by_topic/T-PROC-001/topic_qa_cards.md,T-PROC-001 合同类型、风险分配与采购决策 — 专题 QA 卡片,,"T-PROC-001,T-RISK-001",keep,,ruankao ruankao::family::topic_qa ruankao::card_type::辨析卡 ruankao::importance:: ruankao::exam_use::跨域辨析 ruankao::topic::T-PROC-001,sha256:4f0ae9670d7d8c5e7199eaa2
软考::系统集成项目管理工程师,Basic,公开招标和邀请招标的核心区别是什么？,公开招标通过发布公告邀请不特定的供应商投标；邀请招标向三家以上特定的供应商发出邀请。,"- 理解/记忆线索：公开=""海选""，邀请=""定向邀约""。<br>- 易错点：邀请招标也是招标，不是谈判——它同样要经过完整的招标流程（发标→投标→评标→中标）。<br>- 题干信号：""不特定""→公开；""特定三家以上""→邀请。<br>- 关联：T-PROC-002。<br>- 来源：SRC-PROC-TUTOR-002。",topic_qa,概念理解卡,,,,,上午选择,,,,T-PROC-002,T-PROC-002,SRC-PROC-TUTOR-002,outputs/anki_builds/full_expansion_20260521_003052/topics/by_topic/T-PROC-002/topic_qa_cards.md,T-PROC-002 招投标、政府采购与采购流程管理 — 专题 QA 卡片,,T-PROC-002,keep,,ruankao ruankao::family::topic_qa ruankao::card_type::概念理解卡 ruankao::importance:: ruankao::exam_use::上午选择 ruankao::topic::T-PROC-002,sha256:0d0afec71db7e16798eb01bd
软考::系统集成项目管理工程师,Basic,邀请招标的适用条件是什么？,①公开招标成本过高或费用占比不合理；②只有少数供应商具备能力；③涉及商业秘密或国家安全。,"- 理解/记忆线索：不是不想公开，是""公开不划算""或""不能公开""。<br>- 易错点：认为邀请招标可以少于 3 家——邀请招标也必须邀请三家以上。<br>- 题干信号：""供应商少""、""保密""、""公开招标费用太高""。<br>- 关联：T-PROC-002。<br>- 来源：SRC-PROC-TUTOR-002。",topic_qa,概念理解卡,,,,,上午选择,,,,T-PROC-002,T-PROC-002,SRC-PROC-TUTOR-002,outputs/anki_builds/full_expansion_20260521_003052/topics/by_topic/T-PROC-002/topic_qa_cards.md,T-PROC-002 招投标、政府采购与采购流程管理 — 专题 QA 卡片,,T-PROC-002,keep,,ruankao ruankao::family::topic_qa ruankao::card_type::概念理解卡 ruankao::importance:: ruankao::exam_use::上午选择 ruankao::topic::T-PROC-002,sha256:fe88192774cff302e23d0f3d
软考::系统集成项目管理工程师,Basic,政府采购的五种方式分别是什么？,公开招标、邀请招标、竞争性谈判、单一来源采购、询价。,"- 理解/记忆线索：记忆口诀""公邀竞单询""。<br>- 易错点：竞争性谈判不是招标——招标和谈判是两种不同的采购方式。<br>- 题干信号：""政府采购方式""、""五种方法""。<br>- 关联：T-PROC-002。<br>- 来源：SRC-PROC-TUTOR-002。",topic_qa,概念理解卡,,,,,上午选择,,,,T-PROC-002,T-PROC-002,SRC-PROC-TUTOR-002,outputs/anki_builds/full_expansion_20260521_003052/topics/by_topic/T-PROC-002/topic_qa_cards.md,T-PROC-002 招投标、政府采购与采购流程管理 — 专题 QA 卡片,,T-PROC-002,keep,,ruankao ruankao::family::topic_qa ruankao::card_type::概念理解卡 ruankao::importance:: ruankao::exam_use::上午选择 ruankao::topic::T-PROC-002,sha256:33b80fe8126b800c895a13e4
软考::系统集成项目管理工程师,Basic,竞争性谈判的适用条件是什么？,①技术复杂、不能确定详细规格；②招标后没有合格投标或重新招标未能成立；③紧急需要且招标时间不满足要求。,"- 理解/记忆线索：竞争性谈判 = ""需求说不清楚，需要边谈边定""。<br>- 易错点：竞争性谈判不是""询价""——谈判需要反复沟通技术方案，询价只是比价格。<br>- 题干信号：""技术复杂""、""规格不明确""、""招标失败""、""紧急""。<br>- 关联：T-PROC-002。<br>- 来源：SRC-PROC-TUTOR-002。",topic_qa,概念理解卡,,,,,上午选择,,,,T-PROC-002,T-PROC-002,SRC-PROC-TUTOR-002,outputs/anki_builds/full_expansion_20260521_003052/topics/by_topic/T-PROC-002/topic_qa_cards.md,T-PROC-002 招投标、政府采购与采购流程管理 — 专题 QA 卡片,,T-PROC-002,keep,,ruankao ruankao::family::topic_qa ruankao::card_type::概念理解卡 ruankao::importance:: ruankao::exam_use::上午选择 ruankao::topic::T-PROC-002,sha256:3570a59104b68ebebb107d2d
软考::系统集成项目管理工程师,Basic,单一来源采购的核心条件是什么？,只能从唯一供应商处获得（无竞争性），或发生了不可预见的紧急情况，或必须保证与原有项目一致性/服务配套。,"- 理解/记忆线索：单一来源 = ""别无分店""——没有竞争性，只能找这一家。<br>- 易错点：单一来源不需要三家以上——只需要一家，这是和其他采购方式最大的区别。<br>- 题干信号：""唯一供应商""、""一致性""、""不可预见紧急""、""原有项目配套""。<br>- 关联：T-PROC-002。<br>- 来源：SRC-PROC-TUTOR-002。",topic_qa,概念理解卡,,,,,上午选择,,,,T-PROC-002,T-PROC-002,SRC-PROC-TUTOR-002,outputs/anki_builds/full_expansion_20260521_003052/topics/by_topic/T-PROC-002/topic_qa_cards.md,T-PROC-002 招投标、政府采购与采购流程管理 — 专题 QA 卡片,,T-PROC-002,keep,,ruankao ruankao::family::topic_qa ruankao::card_type::概念理解卡 ruankao::importance:: ruankao::exam_use::上午选择 ruankao::topic::T-PROC-002,sha256:72cbc7cfd9bf1203f1b70d45
软考::系统集成项目管理工程师,Basic,询价的适用条件是什么？,采购的货物规格统一、现货充足、价格变化小，且采购金额较小。,"- 理解/记忆线索：询价 = ""标准化产品比价""——规格明确不需要谈，只比价格。<br>- 易错点：将询价和竞争性谈判混淆——询价适用于规格明确的产品，谈判适用于规格不明确的。<br>- 题干信号：""规格统一""、""现货充足""、""标准化""、""小额""。<br>- 关联：T-PROC-002。<br>- 来源：SRC-PROC-TUTOR-002。",topic_qa,概念理解卡,,,,,上午选择,,,,T-PROC-002,T-PROC-002,SRC-PROC-TUTOR-002,outputs/anki_builds/full_expansion_20260521_003052/topics/by_topic/T-PROC-002/topic_qa_cards.md,T-PROC-002 招投标、政府采购与采购流程管理 — 专题 QA 卡片,,T-PROC-002,keep,,ruankao ruankao::family::topic_qa ruankao::card_type::概念理解卡 ruankao::importance:: ruankao::exam_use::上午选择 ruankao::topic::T-PROC-002,sha256:eb236bb5e9f8d2ed0cb0e12e
软考::系统集成项目管理工程师,Basic,竞争性谈判和询价的核心区别是什么？,"竞争性谈判用于""需求不明确、需要谈技术方案""的场景；询价用于""规格明确、只需比价格""的场景。","- 理解/记忆线索：谈判=谈""怎么做""；询价=谈""多少钱""。<br>- 易错点：认为两者都≥3 家就一样——适用场景完全不同，一个侧重技术方案一个侧重价格。<br>- 题干信号：""技术复杂""→谈判；""规格统一""→询价。<br>- 关联：T-PROC-002。<br>- 来源：SRC-PROC-TUTOR-002。",topic_qa,辨析卡,,,,,上午选择,,,,T-PROC-002,T-PROC-002,SRC-PROC-TUTOR-002,outputs/anki_builds/full_expansion_20260521_003052/topics/by_topic/T-PROC-002/topic_qa_cards.md,T-PROC-002 招投标、政府采购与采购流程管理 — 专题 QA 卡片,,T-PROC-002,keep,,ruankao ruankao::family::topic_qa ruankao::card_type::辨析卡 ruankao::importance:: ruankao::exam_use::上午选择 ruankao::topic::T-PROC-002,sha256:e53a3075f8226da2bcd45f62
软考::系统集成项目管理工程师,Basic,招投标的完整流程包括哪六个步骤？,招标 → 投标 → 开标 → 评标 → 中标 → 签约。,"- 理解/记忆线索：记忆口诀""招投开评中签""——顺序不能错。<br>- 易错点：开标在评标之前——先公开拆封宣读再评审比较。<br>- 题干信号：""招投标流程""、""顺序""、""步骤""。<br>- 关联：T-PROC-002。<br>- 来源：SRC-PROC-TUTOR-002。",topic_qa,流程卡,,,,,上午选择,,,,T-PROC-002,T-PROC-002,SRC-PROC-TUTOR-002,outputs/anki_builds/full_expansion_20260521_003052/topics/by_topic/T-PROC-002/topic_qa_cards.md,T-PROC-002 招投标、政府采购与采购流程管理 — 专题 QA 卡片,,T-PROC-002,keep,,ruankao ruankao::family::topic_qa ruankao::card_type::流程卡 ruankao::importance:: ruankao::exam_use::上午选择 ruankao::topic::T-PROC-002,sha256:017f2d5a1f334c55065f82ed
软考::系统集成项目管理工程师,Basic,投标截止时只有 2 家投标人递交了投标文件，招标人应该怎么做？,重新招标。投标人不足 3 家应重新招标。,"- 理解/记忆线索：3 家是最低门槛——不够 3 家直接重新招标，不得变通。<br>- 易错点：选了""改为竞争性谈判""——不能直接转，需要按法规程序执行。<br>- 题干信号：""不足3家""、""投标人数量不够""。<br>- 关联：T-PROC-002。<br>- 来源：SRC-PROC-TUTOR-002。",topic_qa,陷阱卡,,,,,上午选择,,,,T-PROC-002,T-PROC-002,SRC-PROC-TUTOR-002,outputs/anki_builds/full_expansion_20260521_003052/topics/by_topic/T-PROC-002/topic_qa_cards.md,T-PROC-002 招投标、政府采购与采购流程管理 — 专题 QA 卡片,,T-PROC-002,keep,,ruankao ruankao::family::topic_qa ruankao::card_type::陷阱卡 ruankao::importance:: ruankao::exam_use::上午选择 ruankao::topic::T-PROC-002,sha256:7081305c79c26cb29cc6ff8c
软考::系统集成项目管理工程师,Basic,"招投标中""3 家""是哪些采购方式的最低门槛？",公开招标（投标人≥3）、邀请招标（邀请≥3）、竞争性谈判（邀请≥3）、询价（询价对象≥3）。单一来源除外（1家）。,"- 理解/记忆线索：所有竞争性采购都需要至少 3 家，唯一不需要 3 家的是单一来源。<br>- 易错点：忘记邀请招标也要≥3 家——以为邀请可以少于 3 家。<br>- 题干信号：""3 家""、""最低数量""、""投标人数量""。<br>- 关联：T-PROC-002。<br>- 来源：SRC-PROC-TUTOR-002。",topic_qa,概念理解卡,,,,,上午选择,,,,T-PROC-002,T-PROC-002,SRC-PROC-TUTOR-002,outputs/anki_builds/full_expansion_20260521_003052/topics/by_topic/T-PROC-002/topic_qa_cards.md,T-PROC-002 招投标、政府采购与采购流程管理 — 专题 QA 卡片,,T-PROC-002,keep,,ruankao ruankao::family::topic_qa ruankao::card_type::概念理解卡 ruankao::importance:: ruankao::exam_use::上午选择 ruankao::topic::T-PROC-002,sha256:9ba35d7aa1385533df07c124
软考::系统集成项目管理工程师,Basic,评标委员会由哪些人员组成？,招标人代表 + 技术、经济等方面的专家。专家人数不得少于成员总数的 2/3。,"- 理解/记忆线索：专家占多数（≥2/3），防止招标人主导评审。<br>- 易错点：认为评标委员会可以只有招标人代表——必须有外部专家且占比不少于 2/3。<br>- 题干信号：""评标委员会""、""组成""、""专家比例""。<br>- 关联：T-PROC-002。<br>- 来源：SRC-PROC-TUTOR-002。",topic_qa,概念理解卡,,,,,上午选择,,,,T-PROC-002,T-PROC-002,SRC-PROC-TUTOR-002,outputs/anki_builds/full_expansion_20260521_003052/topics/by_topic/T-PROC-002/topic_qa_cards.md,T-PROC-002 招投标、政府采购与采购流程管理 — 专题 QA 卡片,,T-PROC-002,keep,,ruankao ruankao::family::topic_qa ruankao::card_type::概念理解卡 ruankao::importance:: ruankao::exam_use::上午选择 ruankao::topic::T-PROC-002,sha256:7194f3f222c78e06c4a7acb6
软考::系统集成项目管理工程师,Basic,中标通知书发出后，对招标人和投标人是否具有法律效力？,具有法律效力。中标通知书发出后，招标人改变结果或投标人放弃中标均需承担法律责任。,"- 理解/记忆线索：中标通知书 = 法律承诺，不是说改就能改的。<br>- 易错点：认为""没签合同就没有法律约束""——中标通知书发出即具有法律效力。<br>- 题干信号：""中标通知书""、""法律效力""、""改变结果""。<br>- 关联：T-PROC-002。<br>- 来源：SRC-PROC-TUTOR-002。",topic_qa,概念理解卡,,,,,上午选择,,,,T-PROC-002,T-PROC-002,SRC-PROC-TUTOR-002,outputs/anki_builds/full_expansion_20260521_003052/topics/by_topic/T-PROC-002/topic_qa_cards.md,T-PROC-002 招投标、政府采购与采购流程管理 — 专题 QA 卡片,,T-PROC-002,keep,,ruankao ruankao::family::topic_qa ruankao::card_type::概念理解卡 ruankao::importance:: ruankao::exam_use::上午选择 ruankao::topic::T-PROC-002,sha256:0ef283ce56a39e8941b03c36
软考::系统集成项目管理工程师,Basic,否决投标的常见情形有哪些？,投标文件未按要求密封/签署/盖章、投标人资格不符、报价低于成本、未实质响应招标文件、串通投标、弄虚作假。,"- 理解/记忆线索：否决 = ""这个投标作废""，评标委员会直接淘汰。<br>- 易错点：低于成本价（低于成本竞标）是明确的否决情形——不能认为""只要能干就行""。<br>- 题干信号：""否决投标""、""废标""、""投标无效""、""不符合要求""。<br>- 关联：T-PROC-002。<br>- 来源：SRC-PROC-TUTOR-002。",topic_qa,概念理解卡,,,,,上午选择,,,,T-PROC-002,T-PROC-002,SRC-PROC-TUTOR-002,outputs/anki_builds/full_expansion_20260521_003052/topics/by_topic/T-PROC-002/topic_qa_cards.md,T-PROC-002 招投标、政府采购与采购流程管理 — 专题 QA 卡片,,T-PROC-002,keep,,ruankao ruankao::family::topic_qa ruankao::card_type::概念理解卡 ruankao::importance:: ruankao::exam_use::上午选择 ruankao::topic::T-PROC-002,sha256:acce9203da8dcf3c6e781571
软考::系统集成项目管理工程师,Basic,投标文件中关键页面签字为他人代签且无授权证明，评标委员会应如何处理？,否决该投标。投标文件未按要求签署属于否决投标的法定情形。,"- 理解/记忆线索：代签无授权 = 投标文件无效。不是让补签，直接否决。<br>- 易错点：选了""要求补签""——评标阶段不能要求投标人补正实质性内容。<br>- 题干信号：""代签""、""未签署""、""无授权""。<br>- 关联：T-PROC-002。<br>- 来源：SRC-PROC-TUTOR-002。",topic_qa,场景判断卡,,,,,上午选择,,,,T-PROC-002,T-PROC-002,SRC-PROC-TUTOR-002,outputs/anki_builds/full_expansion_20260521_003052/topics/by_topic/T-PROC-002/topic_qa_cards.md,T-PROC-002 招投标、政府采购与采购流程管理 — 专题 QA 卡片,,T-PROC-002,keep,,ruankao ruankao::family::topic_qa ruankao::card_type::场景判断卡 ruankao::importance:: ruankao::exam_use::上午选择 ruankao::topic::T-PROC-002,sha256:a92cb20d797d678821255958
软考::系统集成项目管理工程师,Basic,政府采购标准配置办公电脑 200 万元，最适合采用哪种方式？,公开招标。大额、标准化、市场成熟——公开招标是政府采购的主要方式。,"- 理解/记忆线索：大额标准品 → 公开招标。<br>- 易错点：选了询价——询价通常用于小额采购，200 万通常超过询价限额。<br>- 题干信号：""政府采购""、""标准配置""、""大额""。<br>- 关联：T-PROC-002。<br>- 来源：SRC-PROC-TUTOR-002。",topic_qa,场景判断卡,,,,,上午选择,,,,T-PROC-002,T-PROC-002,SRC-PROC-TUTOR-002,outputs/anki_builds/full_expansion_20260521_003052/topics/by_topic/T-PROC-002/topic_qa_cards.md,T-PROC-002 招投标、政府采购与采购流程管理 — 专题 QA 卡片,,T-PROC-002,keep,,ruankao ruankao::family::topic_qa ruankao::card_type::场景判断卡 ruankao::importance:: ruankao::exam_use::上午选择 ruankao::topic::T-PROC-002,sha256:7b11a7478e8cf6621610c5e0
软考::系统集成项目管理工程师,Basic,市场上只有一家供应商能满足技术需求，且为保持项目一致性必须继续从该供应商采购。最适合哪种方式？,单一来源采购。,"- 理解/记忆线索：唯一供应商 + 一致性要求 = 单一来源。<br>- 易错点：选了竞争性谈判——竞争性谈判也需要至少 3 家，单一来源才适合""只有一家""的场景。<br>- 题干信号：""唯一供应商""、""只能从一家""、""一致性""、""配套""。<br>- 关联：T-PROC-002。<br>- 来源：SRC-PROC-TUTOR-002。",topic_qa,场景判断卡,,,,,上午选择,,,,T-PROC-002,T-PROC-002,SRC-PROC-TUTOR-002,outputs/anki_builds/full_expansion_20260521_003052/topics/by_topic/T-PROC-002/topic_qa_cards.md,T-PROC-002 招投标、政府采购与采购流程管理 — 专题 QA 卡片,,T-PROC-002,keep,,ruankao ruankao::family::topic_qa ruankao::card_type::场景判断卡 ruankao::importance:: ruankao::exam_use::上午选择 ruankao::topic::T-PROC-002,sha256:38117cc481540c99d252a65e
软考::系统集成项目管理工程师,Basic,投标文件送达的时间要求是什么？,"在招标文件规定的截止时间前送达指定地点。""邮寄送达""以收到为准，不以寄出为准。","- 理解/记忆线索：截止时间前""送达""是指实际到达，不是寄出。寄出不等于送达。<br>- 易错点：认为""邮寄只要在截止日期前寄出就行""——这是错误观念，必须送达。<br>- 题干信号：""投标截止""、""送达时间""、""邮寄""。<br>- 关联：T-PROC-002。<br>- 来源：SRC-PROC-TUTOR-002。",topic_qa,概念理解卡,,,,,上午选择,,,,T-PROC-002,T-PROC-002,SRC-PROC-TUTOR-002,outputs/anki_builds/full_expansion_20260521_003052/topics/by_topic/T-PROC-002/topic_qa_cards.md,T-PROC-002 招投标、政府采购与采购流程管理 — 专题 QA 卡片,,T-PROC-002,keep,,ruankao ruankao::family::topic_qa ruankao::card_type::概念理解卡 ruankao::importance:: ruankao::exam_use::上午选择 ruankao::topic::T-PROC-002,sha256:491b1da605f9ce1eec0e188d
软考::系统集成项目管理工程师,Basic,招标公告在法律性质上属于什么？,要约邀请。招标公告是邀请不特定的供应商向招标人提出要约（投标），本身不是要约。,"- 理解/记忆线索：招标公告 = ""谁来投标？""（要约邀请）；投标文件 = ""我投标！""（要约）；中标通知书 = ""你中了！""（承诺）。<br>- 易错点：误认为招标公告是要约——实际上投标文件才是要约，中标通知书是承诺。<br>- 题干信号：""要约邀请""、""招标公告法律性质""。<br>- 关联：T-PROC-002。<br>- 来源：SRC-PROC-TUTOR-002。",topic_qa,概念理解卡,,,,,上午选择,,,,T-PROC-002,T-PROC-002,SRC-PROC-TUTOR-002,outputs/anki_builds/full_expansion_20260521_003052/topics/by_topic/T-PROC-002/topic_qa_cards.md,T-PROC-002 招投标、政府采购与采购流程管理 — 专题 QA 卡片,,T-PROC-002,keep,,ruankao ruankao::family::topic_qa ruankao::card_type::概念理解卡 ruankao::importance:: ruankao::exam_use::上午选择 ruankao::topic::T-PROC-002,sha256:dfe87480c225a8e587f71a1e
软考::系统集成项目管理工程师,Basic,要约邀请、要约、承诺在招投标中各对应什么文件？,招标公告/投标邀请书 = 要约邀请；投标文件 = 要约；中标通知书 = 承诺。,"- 理解/记忆线索：邀请→出价→成交三方对应合同法的基本原理。<br>- 易错点：混淆投标文件和中标通知书的法律性质——投标是要约，中标是承诺。<br>- 题干信号：""要约""、""承诺""、""合同法""、""法律性质""。<br>- 关联：T-PROC-002。<br>- 来源：SRC-PROC-TUTOR-002。",topic_qa,辨析卡,,,,,上午选择,,,,T-PROC-002,T-PROC-002,SRC-PROC-TUTOR-002,outputs/anki_builds/full_expansion_20260521_003052/topics/by_topic/T-PROC-002/topic_qa_cards.md,T-PROC-002 招投标、政府采购与采购流程管理 — 专题 QA 卡片,,T-PROC-002,keep,,ruankao ruankao::family::topic_qa ruankao::card_type::辨析卡 ruankao::importance:: ruankao::exam_use::上午选择 ruankao::topic::T-PROC-002,sha256:dd9806f277db438a73a8f764
软考::系统集成项目管理工程师,Basic,某政府单位紧急采购一批防疫物资，公开招标时间不够，应选择哪种方式？,竞争性谈判。紧急需要且招标时间不满足要求时适用。,"- 理解/记忆线索：紧急 + 无法等招标流程 = 竞争性谈判。<br>- 易错点：选了单一来源——只有物资可以从唯一供应商处获得时才用单一来源，紧急但不一定只有一家。<br>- 题干信号：""紧急""、""时间不够""、""无法公开招标""。<br>- 关联：T-PROC-002。<br>- 来源：SRC-PROC-TUTOR-002。",topic_qa,场景判断卡,,,,,上午选择,,,,T-PROC-002,T-PROC-002,SRC-PROC-TUTOR-002,outputs/anki_builds/full_expansion_20260521_003052/topics/by_topic/T-PROC-002/topic_qa_cards.md,T-PROC-002 招投标、政府采购与采购流程管理 — 专题 QA 卡片,,T-PROC-002,keep,,ruankao ruankao::family::topic_qa ruankao::card_type::场景判断卡 ruankao::importance:: ruankao::exam_use::上午选择 ruankao::topic::T-PROC-002,sha256:5e78295270ae439989e3eca5
软考::系统集成项目管理工程师,Basic,中标通知书发出后，招标人改变中标结果应承担什么责任？,依法承担法律责任（缔约过失责任或违约责任），赔偿投标人因此遭受的损失。,"- 理解/记忆线索：中标通知书发出 = 合同关系已成立或已有信赖利益，不能单方反悔。<br>- 易错点：认为""没签合同就没责任""——中标通知书已具有法律约束力。<br>- 题干信号：""中标后反悔""、""改变结果""、""法律责任""。<br>- 关联：T-PROC-002。<br>- 来源：SRC-PROC-TUTOR-002。",topic_qa,概念理解卡,,,,,上午选择,,,,T-PROC-002,T-PROC-002,SRC-PROC-TUTOR-002,outputs/anki_builds/full_expansion_20260521_003052/topics/by_topic/T-PROC-002/topic_qa_cards.md,T-PROC-002 招投标、政府采购与采购流程管理 — 专题 QA 卡片,,T-PROC-002,keep,,ruankao ruankao::family::topic_qa ruankao::card_type::概念理解卡 ruankao::importance:: ruankao::exam_use::上午选择 ruankao::topic::T-PROC-002,sha256:62607bf30f430fad841cf8bd
软考::系统集成项目管理工程师,Basic,投标人少于 3 家时，招标人应如何应对？,应当重新招标。投标人不足 3 家不满足竞争性条件。,"- 理解/记忆线索：3 家 = 最低竞争门槛。不够就重来。<br>- 易错点：选了""从已有的投标人中选最优""——不够 3 家必须重新招标。<br>- 题干信号：""少于 3 家""、""投标人不足""、""重新招标""。<br>- 关联：T-PROC-002。<br>- 来源：SRC-PROC-TUTOR-002。",topic_qa,概念理解卡,,,,,上午选择,,,,T-PROC-002,T-PROC-002,SRC-PROC-TUTOR-002,outputs/anki_builds/full_expansion_20260521_003052/topics/by_topic/T-PROC-002/topic_qa_cards.md,T-PROC-002 招投标、政府采购与采购流程管理 — 专题 QA 卡片,,T-PROC-002,keep,,ruankao ruankao::family::topic_qa ruankao::card_type::概念理解卡 ruankao::importance:: ruankao::exam_use::上午选择 ruankao::topic::T-PROC-002,sha256:892f7bd8b333d02e18018b3e
软考::系统集成项目管理工程师,Basic,公开招标和邀请招标的区别之一是邀请招标不需要发布招标公告，对吗？,对。邀请招标是向特定的三家以上供应商发出投标邀请书，不公开发布招标公告。,"- 理解/记忆线索：公开=发公告（不特定）；邀请=发邀请书（特定）。<br>- 易错点：认为邀请招标也需要发公告——邀请招标是定向邀请，不需公开发布。<br>- 题干信号：""公告 vs 邀请书""、""是否公开""。<br>- 关联：T-PROC-002。<br>- 来源：SRC-PROC-TUTOR-002。",topic_qa,陷阱卡,,,,,上午选择,,,,T-PROC-002,T-PROC-002,SRC-PROC-TUTOR-002,outputs/anki_builds/full_expansion_20260521_003052/topics/by_topic/T-PROC-002/topic_qa_cards.md,T-PROC-002 招投标、政府采购与采购流程管理 — 专题 QA 卡片,,T-PROC-002,keep,,ruankao ruankao::family::topic_qa ruankao::card_type::陷阱卡 ruankao::importance:: ruankao::exam_use::上午选择 ruankao::topic::T-PROC-002,sha256:044b057256b68d4d9f8f10df
软考::系统集成项目管理工程师,Basic,投标文件未实质响应招标文件要求属于什么情形？,否决投标。未实质响应意味着投标不符合招标文件的核心要求，评标委员会应予以否决。,"- 理解/记忆线索：实质响应 = ""满足招标文件的核心条款""，不满足就被否决。<br>- 易错点：认为可以让投标人补正——实质性内容不允许在开标后补正。<br>- 题干信号：""未实质响应""、""不满足要求""、""偏离招标文件""。<br>- 关联：T-PROC-002。<br>- 来源：SRC-PROC-TUTOR-002。",topic_qa,概念理解卡,,,,,上午选择,,,,T-PROC-002,T-PROC-002,SRC-PROC-TUTOR-002,outputs/anki_builds/full_expansion_20260521_003052/topics/by_topic/T-PROC-002/topic_qa_cards.md,T-PROC-002 招投标、政府采购与采购流程管理 — 专题 QA 卡片,,T-PROC-002,keep,,ruankao ruankao::family::topic_qa ruankao::card_type::概念理解卡 ruankao::importance:: ruankao::exam_use::上午选择 ruankao::topic::T-PROC-002,sha256:8439f1d645ec0088c1d5375f
软考::系统集成项目管理工程师,Basic,"案例中说""招标人与投标人进行实质性内容谈判""是否合规？",不合规。招标人和投标人在招标过程中不得就投标价格、投标方案等实质性内容进行谈判。,"- 理解/记忆线索：招标的""公开公平公正""原则禁止在确定中标人前实质性谈判。<br>- 易错点：混淆竞争性谈判（允许谈判）和招标（不允许实质性谈判）。<br>- 题干信号：""实质性谈判""、""招标过程中谈判""、""违规操作""。<br>- 关联：T-PROC-002。<br>- 来源：SRC-PROC-TUTOR-002。",topic_qa,陷阱卡,,,,,案例分析,,,,T-PROC-002,T-PROC-002,SRC-PROC-TUTOR-002,outputs/anki_builds/full_expansion_20260521_003052/topics/by_topic/T-PROC-002/topic_qa_cards.md,T-PROC-002 招投标、政府采购与采购流程管理 — 专题 QA 卡片,,T-PROC-002,keep,,ruankao ruankao::family::topic_qa ruankao::card_type::陷阱卡 ruankao::importance:: ruankao::exam_use::案例分析 ruankao::topic::T-PROC-002,sha256:5d8a614fe2a24aef87d9411c
软考::系统集成项目管理工程师,Basic,质量与等级的核心区别是什么？,质量是内在特性满足要求的程度（有无缺陷）。等级是对用途相同但技术特性不同的可交付成果的分类（高端还是低端）。低质量永远不可接受，低等级可能是合理的设计选择。,"- 理解/记忆线索：质量=做得好不好（缺陷多少）；等级=配置高不高（功能多少）。低端手机可以高质量。<br>- 易错点：""低等级=低质量""是经典错误。等级是设计选择，质量是对设计的符合程度。<br>- 题干信号：""功能少但稳定的产品""""经济型配置是否影响质量评价""。<br>- 关联：T-QUAL-002 质量工具。<br>- 来源：SRC-QUAL-TUTOR-001。",topic_qa,概念理解卡,,,,,上午选择,,,,T-QUAL-001,T-QUAL-001,SRC-QUAL-TUTOR-001,outputs/anki_builds/full_expansion_20260521_003052/topics/by_topic/T-QUAL-001/topic_qa_cards.md,T-QUAL-001 最终人工可读卡片,,T-QUAL-002,keep,质量vs等级是必考辨析。,ruankao ruankao::family::topic_qa ruankao::card_type::概念理解卡 ruankao::importance:: ruankao::exam_use::上午选择 ruankao::topic::T-QUAL-001,sha256:10fb0808aa9e8dc7782984cf
软考::系统集成项目管理工程师,Basic,质量保证（QA）的定义和关注点是什么？,"QA是审计质量要求和质量控制测量结果，确保采用合理的质量标准和操作性定义的过程。关注的是""过程""是否可靠。主要手段是质量审计和过程分析。","- 理解/记忆线索：QA=Quality Assurance=管过程。问""方法对不对""""流程是否合规""。<br>- 易错点：QA不是测试，也不是检查产品。QA检查的是""做事情的方法""。<br>- 题干信号：""审计流程是否按标准执行""""确保过程符合质量政策""。<br>- 来源：SRC-QUAL-TUTOR-001。",topic_qa,概念理解卡,,,,,上午选择,,,,T-QUAL-001,T-QUAL-001,SRC-QUAL-TUTOR-001,outputs/anki_builds/full_expansion_20260521_003052/topics/by_topic/T-QUAL-001/topic_qa_cards.md,T-QUAL-001 最终人工可读卡片,,,keep,QA定义精确。,ruankao ruankao::family::topic_qa ruankao::card_type::概念理解卡 ruankao::importance:: ruankao::exam_use::上午选择 ruankao::topic::T-QUAL-001,sha256:785bee7f18fe6b2a98242b6b
软考::系统集成项目管理工程师,Basic,质量控制（QC）的定义和关注点是什么？,"QC是监测并记录执行质量活动的结果，评估绩效并建议必要变更的过程。关注的是""结果""是否合格。主要手段是检查、测试、测量和七种基本质量工具。","- 理解/记忆线索：QC=Quality Control=管结果。问""做出来的东西好不好""""合格不合格""。<br>- 易错点：测试属于QC，不是QA。QA/QC混淆是最高频错误。<br>- 题干信号：""检查可交付成果是否符合要求""""测试发现缺陷""。<br>- 关联：T-QUAL-002 七工具。<br>- 来源：SRC-QUAL-TUTOR-001。",topic_qa,概念理解卡,,,,,上午选择,,,,T-QUAL-001,T-QUAL-001,SRC-QUAL-TUTOR-001,outputs/anki_builds/full_expansion_20260521_003052/topics/by_topic/T-QUAL-001/topic_qa_cards.md,T-QUAL-001 最终人工可读卡片,,T-QUAL-002,keep,QC定义精确。,ruankao ruankao::family::topic_qa ruankao::card_type::概念理解卡 ruankao::importance:: ruankao::exam_use::上午选择 ruankao::topic::T-QUAL-001,sha256:514c5faca27ba994c9b697f3
软考::系统集成项目管理工程师,Basic,QA与QC的核心区别是什么？如何用一句话判断？,"QA管过程（做事的方法对不对），QC管结果（做出来的东西好不好）。判断标准：问""它在检查什么""——检查方法/流程→QA；检查产品/交付物→QC。","- 理解/记忆线索：QA=问""怎么做""，QC=问""做成啥""。审计=QA，测试=QC。<br>- 易错点：有人错误认为""QA就是QC""或""QA包含QC""——它们是两个独立的管理过程，互相配合。<br>- 题干信号：""审计代码审查流程是否按标准执行""→QA；""检查代码本身有没有bug""→QC。<br>- 来源：SRC-QUAL-TUTOR-001。",topic_qa,辨析卡,,,,,上午选择,,,,T-QUAL-001,T-QUAL-001,SRC-QUAL-TUTOR-001,outputs/anki_builds/full_expansion_20260521_003052/topics/by_topic/T-QUAL-001/topic_qa_cards.md,T-QUAL-001 最终人工可读卡片,,,keep,QA/QC辨析是质量管理第一高频考点。,ruankao ruankao::family::topic_qa ruankao::card_type::辨析卡 ruankao::importance:: ruankao::exam_use::上午选择 ruankao::topic::T-QUAL-001,sha256:f2deb5876779ef05625e54d5
软考::系统集成项目管理工程师,Basic,质量审计（Quality Audit）的定义和目标是什么？,"质量审计是结构化、独立的审查过程，确定项目活动是否遵循组织的质量政策和项目质量要求。目标不是""抓错误""，而是识别好的实践、识别差距不足、分享经验、促进过程改进。","- 理解/记忆线索：质量审计=""体检""不是""审判""。找出好的和不好的，共同改进。<br>- 易错点：质量审计可以由内部或外部审计师执行——认为""必须是外部""是错误的。<br>- 题干信号：""独立的结构化审查""""检查是否遵循质量政策""""过程合规性检查""。<br>- 关联：QA的核心工具。<br>- 来源：SRC-QUAL-TUTOR-001。",topic_qa,概念理解卡,,,,,上午选择,,,,T-QUAL-001,T-QUAL-001,SRC-QUAL-TUTOR-001,outputs/anki_builds/full_expansion_20260521_003052/topics/by_topic/T-QUAL-001/topic_qa_cards.md,T-QUAL-001 最终人工可读卡片,,,keep,质量审计归属QA，目标正向。,ruankao ruankao::family::topic_qa ruankao::card_type::概念理解卡 ruankao::importance:: ruankao::exam_use::上午选择 ruankao::topic::T-QUAL-001,sha256:2f96c57a310d4a15a6e3abd6
软考::系统集成项目管理工程师,Basic,质量成本（COQ）的四分类是什么？,预防成本（培训、流程改进）、评估成本（测试、检查、评审）、内部失败成本（返工、报废）、外部失败成本（保修、召回、商誉损失）。,"- 理解/记忆线索：预防=让问题不发生；评估=发现问题；内部失败=交付前修自己的错；外部失败=交付后修给客户的错。<br>- 易错点：测试本身是评估成本，不是内部失败成本。修复测试发现的缺陷才属于内部失败成本。<br>- 题干信号：""对模块进行测试发现缺陷→测试是评估成本""；""客户投诉后返修→外部失败成本""。<br>- 来源：SRC-QUAL-TUTOR-001。",topic_qa,概念理解卡,,,,,上午选择,,,,T-QUAL-001,T-QUAL-001,SRC-QUAL-TUTOR-001,outputs/anki_builds/full_expansion_20260521_003052/topics/by_topic/T-QUAL-001/topic_qa_cards.md,T-QUAL-001 最终人工可读卡片,,,keep,四分类加例子，实用。,ruankao ruankao::family::topic_qa ruankao::card_type::概念理解卡 ruankao::importance:: ruankao::exam_use::上午选择 ruankao::topic::T-QUAL-001,sha256:4f65439906ce6a0b8321e642
软考::系统集成项目管理工程师,Basic,预防成本与评估成本的区别是什么？,预防成本投入在问题发生之前（让问题不发生），评估成本投入在检查阶段（发现问题）。例如：员工培训→预防；产品测试→评估。,"- 理解/记忆线索：预防=事前投入（培训、工具、流程设计）；评估=事中检查（测试、评审、检查）。<br>- 易错点：不要把所有""成本投入""都归为预防——测试虽然是质量管理活动，但属于评估成本。<br>- 题干信号：""培训质量工程师""""引入自动化测试工具""→预防；""第三方测试""""代码走查""→评估。<br>- 来源：SRC-QUAL-TUTOR-001。",topic_qa,辨析卡,,,,,上午选择,,,,T-QUAL-001,T-QUAL-001,SRC-QUAL-TUTOR-001,outputs/anki_builds/full_expansion_20260521_003052/topics/by_topic/T-QUAL-001/topic_qa_cards.md,T-QUAL-001 最终人工可读卡片,,,keep,预防vs评估是质量成本中最重要的辨析。,ruankao ruankao::family::topic_qa ruankao::card_type::辨析卡 ruankao::importance:: ruankao::exam_use::上午选择 ruankao::topic::T-QUAL-001,sha256:8316920293bc9e83287b45f0
软考::系统集成项目管理工程师,Basic,内部失败成本与外部失败成本的区别是什么？,内部失败成本发生在交付客户之前（返工、报废、内部发现的缺陷修复）。外部失败成本发生在交付客户之后（保修、召回、索赔、商誉损失）。外部失败成本通常远高于内部。,"- 理解/记忆线索：内部=客户还没看到就修了；外部=客户已经发现了。<br>- 易错点：同样修复一个bug，在测试阶段发现→内部失败成本；在客户验收后→外部失败成本。同一缺陷，时间不同成本分类不同。<br>- 题干信号：""上线前发现的问题修复""""测试中返工""→内部；""客户投诉""""索赔""""召回""→外部。<br>- 来源：SRC-QUAL-TUTOR-001。",topic_qa,辨析卡,,,,,上午选择,,,,T-QUAL-001,T-QUAL-001,SRC-QUAL-TUTOR-001,outputs/anki_builds/full_expansion_20260521_003052/topics/by_topic/T-QUAL-001/topic_qa_cards.md,T-QUAL-001 最终人工可读卡片,,,keep,失败成本内外部是案例常见分类。,ruankao ruankao::family::topic_qa ruankao::card_type::辨析卡 ruankao::importance:: ruankao::exam_use::上午选择 ruankao::topic::T-QUAL-001,sha256:f379b15cdbf48b401dba365f
软考::系统集成项目管理工程师,Basic,质量规划中可以使用哪些规划工具？,成本效益分析、质量成本（COQ）、标杆对照、实验设计（DOE）、统计抽样、流程图、七种基本质量工具、头脑风暴、亲和图等。,"- 理解/记忆线索：质量规划工具=""在开始做之前确定质量标准和方法""阶段使用的工具。<br>- 易错点：七工具既可用于质量规划也可用于QC——不要以为七工具只属于QC。<br>- 题干信号：""在质量规划阶段使用""""确定质量标准和测量指标的工具""。<br>- 来源：SRC-QUAL-TUTOR-001。",topic_qa,概念理解卡,,,,,上午选择,,,,T-QUAL-001,T-QUAL-001,SRC-QUAL-TUTOR-001,outputs/anki_builds/full_expansion_20260521_003052/topics/by_topic/T-QUAL-001/topic_qa_cards.md,T-QUAL-001 最终人工可读卡片,,,keep,,ruankao ruankao::family::topic_qa ruankao::card_type::概念理解卡 ruankao::importance:: ruankao::exam_use::上午选择 ruankao::topic::T-QUAL-001,sha256:4aafc9f91bd85e5e2be44cb4
软考::系统集成项目管理工程师,Basic,质量保证（QA）的主要活动有哪些？,质量审计、过程分析、质量管理体系的持续改进、质量培训、质量度量数据的分析和报告。,"- 理解/记忆线索：QA活动=保证""做事情的方法""是对的。核心动作：审计、分析、改进。<br>- 易错点：产品测试、缺陷检查不属于QA——它们属于QC。<br>- 题干信号：""以下哪项属于QA活动""""过程改进属于哪个过程""。<br>- 来源：SRC-QUAL-TUTOR-001。",topic_qa,概念理解卡,,,,,上午选择,,,,T-QUAL-001,T-QUAL-001,SRC-QUAL-TUTOR-001,outputs/anki_builds/full_expansion_20260521_003052/topics/by_topic/T-QUAL-001/topic_qa_cards.md,T-QUAL-001 最终人工可读卡片,,,keep,,ruankao ruankao::family::topic_qa ruankao::card_type::概念理解卡 ruankao::importance:: ruankao::exam_use::上午选择 ruankao::topic::T-QUAL-001,sha256:da4a34ed49b279fe1e25e3f1
软考::系统集成项目管理工程师,Basic,质量控制（QC）的测量结果有哪些？,质量控制测量结果包括：缺陷数量/密度、缺陷修复率、测试覆盖率、产品符合性数据、客户满意度分数等。,"- 理解/记忆线索：QC测量结果=具体数字指标，用于判断产品是否合格。<br>- 易错点：质量控制测量结果是QC的输出，会被QA用来分析过程是否需要改进。<br>- 题干信号：""测试通过率""""缺陷密度""""符合性数据""。<br>- 关联：T-QUAL-002 七工具分析。<br>- 来源：SRC-QUAL-TUTOR-001。",topic_qa,概念理解卡,,,,,上午选择,,,,T-QUAL-001,T-QUAL-001,SRC-QUAL-TUTOR-001,outputs/anki_builds/full_expansion_20260521_003052/topics/by_topic/T-QUAL-001/topic_qa_cards.md,T-QUAL-001 最终人工可读卡片,,T-QUAL-002,keep,,ruankao ruankao::family::topic_qa ruankao::card_type::概念理解卡 ruankao::importance:: ruankao::exam_use::上午选择 ruankao::topic::T-QUAL-001,sha256:5ecdd331bb63916f64502c75
软考::系统集成项目管理工程师,Basic,QA和QC的执行主体分别是谁？,QA通常由专门的质量保证人员（SQA）或独立的质量部门执行。QC由项目团队成员在执行过程中执行（如开发人员的自测、测试人员的测试）。,"- 理解/记忆线索：QA=独立第三方（SQA）；QC=项目团队自己（开发者/测试者）。<br>- 易错点：QA角色需要一定程度的独立性，不能是项目经理或项目成员兼任（否则缺乏客观性）。<br>- 题干信号：""谁应该负责质量审计""""SQA的职责""""独立的质量部门""。<br>- 来源：SRC-QUAL-TUTOR-001。",topic_qa,概念理解卡,,,,,上午选择,,,,T-QUAL-001,T-QUAL-001,SRC-QUAL-TUTOR-001,outputs/anki_builds/full_expansion_20260521_003052/topics/by_topic/T-QUAL-001/topic_qa_cards.md,T-QUAL-001 最终人工可读卡片,,,keep,角色独立性是案例重点。,ruankao ruankao::family::topic_qa ruankao::card_type::概念理解卡 ruankao::importance:: ruankao::exam_use::上午选择 ruankao::topic::T-QUAL-001,sha256:44bb1198622c860a3cf9e1f7
软考::系统集成项目管理工程师,Basic,"题干出现""审计""""符合性""""过程合规""""是否按标准执行""时，应定位到哪个管理过程？","质量保证（QA）。这些信号都指向""检查做事的方法是否合规""，是QA的核心范畴。","- 理解/记忆线索：审计=QA。问""方法/过程/标准""=QA。<br>- 易错点：审计中出现""产品缺陷""并不代表审计是QC——审计的关注点是""流程为什么会产出缺陷""。<br>- 来源：SRC-QUAL-TUTOR-001。",topic_qa,关键词识别卡,,,,,上午选择,,,,T-QUAL-001,T-QUAL-001,SRC-QUAL-TUTOR-001,outputs/anki_builds/full_expansion_20260521_003052/topics/by_topic/T-QUAL-001/topic_qa_cards.md,T-QUAL-001 最终人工可读卡片,,,keep,,ruankao ruankao::family::topic_qa ruankao::card_type::关键词识别卡 ruankao::importance:: ruankao::exam_use::上午选择 ruankao::topic::T-QUAL-001,sha256:22a101f22a1059d6403dff04
软考::系统集成项目管理工程师,Basic,"题干出现""测试""""检查""""测量""""缺陷修复""""验收""时，应定位到哪个管理过程？","质量控制（QC）。这些信号都指向""检查做出来的东西是否合格""。","- 理解/记忆线索：测试/检查/测量=QC。问""结果/产品/交付物""=QC。<br>- 易错点：代码评审属于QC（检查代码质量），不是QA（除非审计的是评审流程本身）。<br>- 来源：SRC-QUAL-TUTOR-001。",topic_qa,关键词识别卡,,,,,上午选择,,,,T-QUAL-001,T-QUAL-001,SRC-QUAL-TUTOR-001,outputs/anki_builds/full_expansion_20260521_003052/topics/by_topic/T-QUAL-001/topic_qa_cards.md,T-QUAL-001 最终人工可读卡片,,,keep,,ruankao ruankao::family::topic_qa ruankao::card_type::关键词识别卡 ruankao::importance:: ruankao::exam_use::上午选择 ruankao::topic::T-QUAL-001,sha256:e4b21b3b9ae18a5901c01d60
软考::系统集成项目管理工程师,Basic,"案例中出现""测试集中在最后阶段""""前期不做评审""""缺陷集中爆发""""加班修复直接上线""时，应诊断为什么问题？",质量管理体系性失败——缺乏质量规划、过程保证缺失（无评审/无QA）、QC活动滞后（只在最后测试）、质量成本失控（预防和评估投入不足导致大量失败成本）。,"- 理解/记忆线索：四个红灯信号同时出现=""质量规划缺失+QA缺失+QC滞后=系统性质量失败""。<br>- 易错点：不要只答""质量管理不到位""——要具体分解为：缺规划、缺过程QA、QC滞后、成本结构错误。<br>- 来源：SRC-QUAL-TUTOR-001。",topic_qa,关键词识别卡,,,,,案例分析,,,,T-QUAL-001,T-QUAL-001,SRC-QUAL-TUTOR-001,outputs/anki_builds/full_expansion_20260521_003052/topics/by_topic/T-QUAL-001/topic_qa_cards.md,T-QUAL-001 最终人工可读卡片,,,keep,案例答题框架。,ruankao ruankao::family::topic_qa ruankao::card_type::关键词识别卡 ruankao::importance:: ruankao::exam_use::案例分析 ruankao::topic::T-QUAL-001,sha256:72ab057cb0f735a906ceafe6
软考::系统集成项目管理工程师,Basic,某项目需求规格说明书未经内部评审就进入下一阶段，导致大量需求偏差。请诊断直接问题。,直接问题是质量计划和评审控制不足。需求评审是前置质量控制（QC）活动，缺失评审导致需求错误流入设计和开发阶段，造成后期大量返工。这本质上是质量规划阶段未明确质量活动和评审节点的管理失败。,"- 理解/记忆线索：""未经评审即进入下一阶段""→ 质量控制前置失效。<br>- 易错点：不要误判为""沟通问题""或""范围问题""——题干明确说""未经评审""，这是质量管理问题。<br>- 题干信号：""未经审核/评审""""需求偏差""""进入下一阶段后才发现问题""。<br>- 来源：SRC-QUAL-TUTOR-001。",topic_qa,案例模板卡,,,,,案例分析,,,,T-QUAL-001,T-QUAL-001,SRC-QUAL-TUTOR-001,outputs/anki_builds/full_expansion_20260521_003052/topics/by_topic/T-QUAL-001/topic_qa_cards.md,T-QUAL-001 最终人工可读卡片,,,keep,评审缺失诊断模板。,ruankao ruankao::family::topic_qa ruankao::card_type::案例模板卡 ruankao::importance:: ruankao::exam_use::案例分析 ruankao::topic::T-QUAL-001,sha256:4fb02b135c950a5a24e97b90
软考::系统集成项目管理工程师,Basic,QC检测发现某模块连续三次迭代都出现类似的边界条件错误。项目经理应该怎么做？,应该通过QA审查该模块的开发流程，找出同类错误反复出现的根本原因，从过程上解决问题（过程改进）。QC发现模式→QA追根溯源→过程改进→下一次结果更好。,"- 理解/记忆线索：同一问题反复出现→问题不在结果本身，在产生结果的过程→启动QA。<br>- 易错点：继续增加测试（治标）或换人（不分析原因）都不是最优解。要从过程改进入手。<br>- 题干信号：""连续出现类似缺陷""""同一类错误反复""""边界条件反复报错""。<br>- 来源：SRC-QUAL-TUTOR-001。",topic_qa,案例模板卡,,,,,案例分析,,,,T-QUAL-001,T-QUAL-001,SRC-QUAL-TUTOR-001,outputs/anki_builds/full_expansion_20260521_003052/topics/by_topic/T-QUAL-001/topic_qa_cards.md,T-QUAL-001 最终人工可读卡片,,,keep,QA/QC协同工作流。,ruankao ruankao::family::topic_qa ruankao::card_type::案例模板卡 ruankao::importance:: ruankao::exam_use::案例分析 ruankao::topic::T-QUAL-001,sha256:ce164e1189aa739ec1d8f3f5
软考::系统集成项目管理工程师,Basic,项目在上线前一周的集中测试中发现大量缺陷。团队整个开发周期只做了功能测试，没有代码评审、集成测试、性能压测。项目经理要求加班修复后直接上线。请分析问题。,（1）质量规划缺失——没有明确各阶段的质量活动和验收标准；（2）过程失控——缺乏代码评审（QA缺失），缺陷积累到后期才暴露；（3）QC滞后——测试集中在最后，违背了持续预防原则（预防成本远低于失败成本）；（4）项目经理让加班修复直接上线，让团队承担前期规划失败的全部后果。,"- 理解/记忆线索：""测试集中在最后""+""无评审""+""要求直接上线""=质量管理体系性失败的标准模板。<br>- 易错点：回答不要只停留在""缺少测试""——要指出深层问题：缺规划、缺过程QA、QC没有贯穿始终。<br>- 题干信号：""集中测试""""前期不做代码评审""""不加集成测试""""加班修复上线""。<br>- 来源：SRC-QUAL-TUTOR-001。",topic_qa,案例模板卡,,,,,案例分析,,,,T-QUAL-001,T-QUAL-001,SRC-QUAL-TUTOR-001,outputs/anki_builds/full_expansion_20260521_003052/topics/by_topic/T-QUAL-001/topic_qa_cards.md,T-QUAL-001 最终人工可读卡片,,,keep,质量案例模板的标杆。,ruankao ruankao::family::topic_qa ruankao::card_type::案例模板卡 ruankao::importance:: ruankao::exam_use::案例分析 ruankao::topic::T-QUAL-001,sha256:e4547a97fb3b95d0903697b1
软考::系统集成项目管理工程师,Basic,以下哪项关于质量与等级的说法是错误的？<br><br>A. 低质量始终是一个问题<br>B. 低等级可交付成果的质量仍可能是合格的<br>C. 低等级意味着低质量<br>D. 等级是对技术特性不同但用途相同的产品的分类,C错误。等级≠质量。低等级是设计选择（功能少），但只要所有功能按设计正常运行，质量就是合格的。,"- 易错点：这是最高频的错误选项——""低等级=低质量""是考试中最常见的干扰项。<br>- 题干信号：""关于质量与等级说法错误的是""。<br>- 来源：SRC-QUAL-TUTOR-001。",topic_qa,陷阱卡,,,,,上午选择,,,,T-QUAL-001,T-QUAL-001,SRC-QUAL-TUTOR-001,outputs/anki_builds/full_expansion_20260521_003052/topics/by_topic/T-QUAL-001/topic_qa_cards.md,T-QUAL-001 最终人工可读卡片,,,keep,直击最高频混淆。,ruankao ruankao::family::topic_qa ruankao::card_type::陷阱卡 ruankao::importance:: ruankao::exam_use::上午选择 ruankao::topic::T-QUAL-001,sha256:d244477918c769289fccffab
软考::系统集成项目管理工程师,Basic,以下哪项关于质量审计的说法是错误的？<br><br>A. 质量审计可以由内部审计师执行<br>B. 质量审计的目的是识别好的实践和差距<br>C. 质量审计等同于产品检验<br>D. 质量审计是QA的核心工具,"C错误。质量审计不等同于产品检验。质量审计检查""过程是否合规""，是QA；产品检验检查""产品是否合格""，是QC。","- 易错点：把质量审计当作""检查产品的好坏""是常见误解。<br>- 题干信号：""关于质量审计说法错误的是""。<br>- 来源：SRC-QUAL-TUTOR-001。",topic_qa,陷阱卡,,,,,上午选择,,,,T-QUAL-001,T-QUAL-001,SRC-QUAL-TUTOR-001,outputs/anki_builds/full_expansion_20260521_003052/topics/by_topic/T-QUAL-001/topic_qa_cards.md,T-QUAL-001 最终人工可读卡片,,,keep,,ruankao ruankao::family::topic_qa ruankao::card_type::陷阱卡 ruankao::importance:: ruankao::exam_use::上午选择 ruankao::topic::T-QUAL-001,sha256:ea52042d6f50b545c949297f
软考::系统集成项目管理工程师,Basic,以下关于质量成本的说法，哪项是正确的？<br><br>A. 预防成本是最不值得投入的成本<br>B. 内部失败成本和外部失败成本的经济影响相同<br>C. 增加评估成本通常可以减少失败成本<br>D. 质量成本越高说明质量越好,C正确。适当增加评估成本（如测试、检查）可以更早发现问题，降低内部和外部失败成本，总质量成本更优。,"- 易错点：A错在预防成本是最值得投入的（1元预防≈10元评估≈100元失败）；B错在外部失败成本远高于内部；D错在质量成本应优化而非最大化。<br>- 题干信号：""关于质量成本说法正确的是""。<br>- 来源：SRC-QUAL-TUTOR-001。",topic_qa,陷阱卡,,,,,上午选择,,,,T-QUAL-001,T-QUAL-001,SRC-QUAL-TUTOR-001,outputs/anki_builds/full_expansion_20260521_003052/topics/by_topic/T-QUAL-001/topic_qa_cards.md,T-QUAL-001 最终人工可读卡片,,,keep,质量成本四个维度综合判断。,ruankao ruankao::family::topic_qa ruankao::card_type::陷阱卡 ruankao::importance:: ruankao::exam_use::上午选择 ruankao::topic::T-QUAL-001,sha256:6de30f1d5fdb2123baada4cb
软考::系统集成项目管理工程师,Basic,质量审计的问题如何影响范围基准？,如果质量审计发现范围确认流程未按标准执行（如验收标准未明确定义、交付物未经过正式确认），则范围基准可能不完整。审计发现应通过变更请求更新范围基准或改进范围控制流程。,"- 理解/记忆线索：质量审计发现过程问题→可能影响范围基准的完整性→走变更。<br>- 易错点：不要认为质量审计只影响质量管理——审计发现可以触发项目管理计划其他部分的变更。<br>- 题干信号：""审计发现范围确认流程缺陷""""审计建议更新范围基准""。<br>- 关联：T-SCOPE-003 范围控制。<br>- 来源：SRC-QUAL-TUTOR-001。",topic_qa,跨专题卡,,,,,跨域辨析,,,,T-QUAL-001,T-QUAL-001,SRC-QUAL-TUTOR-001,outputs/anki_builds/full_expansion_20260521_003052/topics/by_topic/T-QUAL-001/topic_qa_cards.md,T-QUAL-001 最终人工可读卡片,,T-SCOPE-003,keep,跨专题连接，高价值。,ruankao ruankao::family::topic_qa ruankao::card_type::跨专题卡 ruankao::importance:: ruankao::exam_use::跨域辨析 ruankao::topic::T-QUAL-001,sha256:15534b73254b4c25e6b1671c
软考::系统集成项目管理工程师,Basic,因果图（鱼骨图/石川图）的使用场景是什么？,用于分析问题的根本原因，将问题（鱼头）和可能的原因（鱼骨）按维度（人员、方法、工具、环境等）图形化连接。适用于根因分析和团队头脑风暴。,"- 理解/记忆线索：鱼骨图=找原因。鱼头是问题，鱼骨是各维度原因。<br>- 易错点：因果图找""根因""，不是排序（排序用帕累托图）。也不要和流程图混淆——流程图看过程，因果图找原因。<br>- 题干信号：""分析bug增多的根因""""为什么响应超时""""从多个维度分析可能的原因""。<br>- 关联：T-QUAL-001 质量保证。<br>- 来源：SRC-QUAL-TUTOR-002。",topic_qa,概念理解卡,,,,,上午选择,,,,T-QUAL-002,T-QUAL-002,SRC-QUAL-TUTOR-002,outputs/anki_builds/full_expansion_20260521_003052/topics/by_topic/T-QUAL-002/topic_qa_cards.md,T-QUAL-002 最终人工可读卡片,,T-QUAL-001,keep,七工具使用场景的基础。,ruankao ruankao::family::topic_qa ruankao::card_type::概念理解卡 ruankao::importance:: ruankao::exam_use::上午选择 ruankao::topic::T-QUAL-002,sha256:9fdaa4bc7342d6e464d4707d
软考::系统集成项目管理工程师,Basic,帕累托图的核心原理和使用场景是什么？,"基于80/20法则——80%的问题由20%的原因造成。将原因按发生频率从高到低排列并叠加累计百分比线。用于找出""关键的少数""，确定改进优先级。","- 理解/记忆线索：帕累托图=柱状图（降序排列）+折线（累计百分比）。找""关键少数""。<br>- 易错点：帕累托图按""类别""排序（如缺陷类型），直方图按""数值区间""分组（如尺寸范围）。<br>- 题干信号：""哪种缺陷最多""""最主要的三类问题""""排列图""""80/20法则""。<br>- 来源：SRC-QUAL-TUTOR-002。",topic_qa,概念理解卡,,,,,上午选择,,,,T-QUAL-002,T-QUAL-002,SRC-QUAL-TUTOR-002,outputs/anki_builds/full_expansion_20260521_003052/topics/by_topic/T-QUAL-002/topic_qa_cards.md,T-QUAL-002 最终人工可读卡片,,,keep,80/20法则是高频考点。,ruankao ruankao::family::topic_qa ruankao::card_type::概念理解卡 ruankao::importance:: ruankao::exam_use::上午选择 ruankao::topic::T-QUAL-002,sha256:1dcc5bd2e1c62fc731171c41
软考::系统集成项目管理工程师,Basic,控制图（Control Chart）的核心用途和判稳规则是什么？,用于判断过程是否稳定。显示随时间变化的数据点、中心线、上控制限（UCL）和下控制限（LCL）。七点法则：连续7个数据点出现在中心线同一侧，即使未超出控制限也说明过程异常。,"- 理解/记忆线索：控制图=时间轴上的数据点+三条线（UCL/CL/LCL）。7点同侧=异常。<br>- 易错点：数据点没有超出控制限不代表过程稳定——7点同侧即使不超限也是异常。<br>- 题干信号：""判断过程是否受控""""连续7天缺陷数都在平均值以上""""过程稳定性分析""。<br>- 来源：SRC-QUAL-TUTOR-002。",topic_qa,概念理解卡,,,,,上午选择,,,,T-QUAL-002,T-QUAL-002,SRC-QUAL-TUTOR-002,outputs/anki_builds/full_expansion_20260521_003052/topics/by_topic/T-QUAL-002/topic_qa_cards.md,T-QUAL-002 最终人工可读卡片,,,keep,七点法则必考。,ruankao ruankao::family::topic_qa ruankao::card_type::概念理解卡 ruankao::importance:: ruankao::exam_use::上午选择 ruankao::topic::T-QUAL-002,sha256:a7c1d4b512ce744df0d9d83b
软考::系统集成项目管理工程师,Basic,流程图（Flowchart）的使用场景是什么？,用于分析过程中哪个环节可能出问题。显示输入→过程步骤→输出的顺序关系，帮助理解流程路径和相关责任。,"- 理解/记忆线索：流程图=流程步骤序列。看""哪个环节出了问题""。<br>- 易错点：流程图看""流程步骤和责任交接""，因果图看""根本原因分析""——不要混用。<br>- 题干信号：""了解变更请求在组织里的审批路径""""分析流程中哪个节点出问题""。<br>- 来源：SRC-QUAL-TUTOR-002。",topic_qa,概念理解卡,,,,,上午选择,,,,T-QUAL-002,T-QUAL-002,SRC-QUAL-TUTOR-002,outputs/anki_builds/full_expansion_20260521_003052/topics/by_topic/T-QUAL-002/topic_qa_cards.md,T-QUAL-002 最终人工可读卡片,,,keep,,ruankao ruankao::family::topic_qa ruankao::card_type::概念理解卡 ruankao::importance:: ruankao::exam_use::上午选择 ruankao::topic::T-QUAL-002,sha256:41528f6d21a6c9913e302e98
软考::系统集成项目管理工程师,Basic,检查表（Check Sheet）的使用场景是什么？,用于系统化收集和记录数据。用标准化表格在观测现场记录缺陷类型、频次等信息，是所有质量分析的数据基础。,"- 理解/记忆线索：检查表=数据收集工具。先有数据，才能分析。<br>- 易错点：检查表只是""收集数据""，不分析数据。分析数据用其他工具（如帕累托图、控制图）。<br>- 题干信号：""记录每种bug出现的次数""""系统化收集缺陷数据""""核查表""。<br>- 来源：SRC-QUAL-TUTOR-002。",topic_qa,概念理解卡,,,,,上午选择,,,,T-QUAL-002,T-QUAL-002,SRC-QUAL-TUTOR-002,outputs/anki_builds/full_expansion_20260521_003052/topics/by_topic/T-QUAL-002/topic_qa_cards.md,T-QUAL-002 最终人工可读卡片,,,keep,,ruankao ruankao::family::topic_qa ruankao::card_type::概念理解卡 ruankao::importance:: ruankao::exam_use::上午选择 ruankao::topic::T-QUAL-002,sha256:4931cdecbdef5c2af63263ca
软考::系统集成项目管理工程师,Basic,散点图（Scatter Diagram）的使用场景是什么？,用于判断两个变量之间是否存在相关性。X轴一个变量，Y轴另一个变量，通过数据点分布趋势判断正相关、负相关或不相关。,"- 理解/记忆线索：散点图=两个变量的""关系图""。看趋势，找相关性。<br>- 易错点：散点图展示""相关性""不是""因果性""——两个变量相关不意味着一个导致另一个。<br>- 题干信号：""代码行数越多缺陷密度是否越高""""测试覆盖率和缺陷率的关系""。<br>- 来源：SRC-QUAL-TUTOR-002。",topic_qa,概念理解卡,,,,,上午选择,,,,T-QUAL-002,T-QUAL-002,SRC-QUAL-TUTOR-002,outputs/anki_builds/full_expansion_20260521_003052/topics/by_topic/T-QUAL-002/topic_qa_cards.md,T-QUAL-002 最终人工可读卡片,,,keep,,ruankao ruankao::family::topic_qa ruankao::card_type::概念理解卡 ruankao::importance:: ruankao::exam_use::上午选择 ruankao::topic::T-QUAL-002,sha256:a6e43327c29fdaaeefb3801e
软考::系统集成项目管理工程师,Basic,直方图（Histogram）的使用场景是什么？,用于展示数据的分布形状。将连续数据分成若干区间（组距），显示每个区间中有多少数据点。用于判断是否符合正态分布、是否偏斜、是否在规格范围内。,"- 理解/记忆线索：直方图=数据的""形状""图。看集中趋势和离散程度。<br>- 易错点：直方图按""数值区间""分组（如0-10mm，10-20mm），帕累托图按""类别""排序（如缺陷A、缺陷B）。<br>- 题干信号：""展示零件尺寸的分布""""数据是否集中在目标范围""""分布是否正态""。<br>- 来源：SRC-QUAL-TUTOR-002。",topic_qa,概念理解卡,,,,,上午选择,,,,T-QUAL-002,T-QUAL-002,SRC-QUAL-TUTOR-002,outputs/anki_builds/full_expansion_20260521_003052/topics/by_topic/T-QUAL-002/topic_qa_cards.md,T-QUAL-002 最终人工可读卡片,,,keep,,ruankao ruankao::family::topic_qa ruankao::card_type::概念理解卡 ruankao::importance:: ruankao::exam_use::上午选择 ruankao::topic::T-QUAL-002,sha256:29600ef236e5a48cf16aec38
软考::系统集成项目管理工程师,Basic,新七工具包含哪些？,亲和图（归类想法）、关联图（复杂因果）、树形图（层级分解）、矩阵图（多因素关系）、优先矩阵（加权排序）、活动网络图（活动顺序）、过程决策程序图（PDPC，预测障碍定对策）。,"- 理解/记忆线索：新七工具=七大质量规划与管理工具，考识别为主。<br>- 易错点：新七工具≠质量七工具的""升级版""。它们是两个不同的分类体系，各自有不同用途。<br>- 题干信号：""以下哪个属于新七工具""""以下哪个不属于新七工具""。<br>- 来源：SRC-QUAL-TUTOR-002。",topic_qa,概念理解卡,,,,,上午选择,,,,T-QUAL-002,T-QUAL-002,SRC-QUAL-TUTOR-002,outputs/anki_builds/full_expansion_20260521_003052/topics/by_topic/T-QUAL-002/topic_qa_cards.md,T-QUAL-002 最终人工可读卡片,,,keep,新七工具以识别题为主。,ruankao ruankao::family::topic_qa ruankao::card_type::概念理解卡 ruankao::importance:: ruankao::exam_use::上午选择 ruankao::topic::T-QUAL-002,sha256:1b9d26ed7b83a00f90d2a3a0
软考::系统集成项目管理工程师,Basic,质量七工具与新七工具的核心区别是什么？,七工具主要用于数据分析和问题解决（数据驱动），偏向QC。新七工具主要用于质量规划和复杂问题结构化分析（思考组织），偏向规划和管理。两者互补而非替代关系。,"- 理解/记忆线索：七工具=分析已有数据找问题；新七工具=组织和规划思路。<br>- 易错点：不要把新七工具当作""更高级的工具""——它们针对不同类型的质量管理活动。<br>- 题干信号：""以下哪个工具用于数据分析""""以下哪个用于规划/组织想法""。<br>- 来源：SRC-QUAL-TUTOR-002。",topic_qa,辨析卡,,,,,上午选择,,,,T-QUAL-002,T-QUAL-002,SRC-QUAL-TUTOR-002,outputs/anki_builds/full_expansion_20260521_003052/topics/by_topic/T-QUAL-002/topic_qa_cards.md,T-QUAL-002 最终人工可读卡片,,,keep,体系辨析。,ruankao ruankao::family::topic_qa ruankao::card_type::辨析卡 ruankao::importance:: ruankao::exam_use::上午选择 ruankao::topic::T-QUAL-002,sha256:22d36a93fa3db76fd78e9f40
软考::系统集成项目管理工程师,Basic,帕累托图与直方图的最本质区别是什么？,"帕累托图按类别降序排列频率（找关键少数，有累计百分比折线）。直方图按数值区间分组（看数据分布形状）。帕累托图展示""哪个类别最多""，直方图展示""数值集中在什么范围""。","- 理解/记忆线索：帕累托=排序找重点；直方图=分组看形态。<br>- 易错点：两者都是柱状图，但横轴含义不同——帕累托横轴是类别（如缺陷名），直方图横轴是数值区间（如长度）。<br>- 题干信号：""哪种缺陷最多""→帕累托；""尺寸分布是否在要求范围内""→直方图。<br>- 来源：SRC-QUAL-TUTOR-002。",topic_qa,辨析卡,,,,,上午选择,,,,T-QUAL-002,T-QUAL-002,SRC-QUAL-TUTOR-002,outputs/anki_builds/full_expansion_20260521_003052/topics/by_topic/T-QUAL-002/topic_qa_cards.md,T-QUAL-002 最终人工可读卡片,,,keep,最高频混淆辨析。,ruankao ruankao::family::topic_qa ruankao::card_type::辨析卡 ruankao::importance:: ruankao::exam_use::上午选择 ruankao::topic::T-QUAL-002,sha256:e075a8fb8b51473f28303763
软考::系统集成项目管理工程师,Basic,因果图与流程图的区别是什么？,"因果图分析""为什么出了问题""（根本原因分析，从多维度找原因）。流程图分析""过程中哪个节点出了问题""（流程步骤分析，看输入→步骤→输出）。","- 理解/记忆线索：因果图=鱼骨分析根因；流程图=泳道图分析流程环节。<br>- 易错点：两工具都用""图""的方式分析，但目的不同——一个找根因，一个找环节。<br>- 题干信号：""从人机料法环分析""→因果图；""变更审批经过哪些环节""→流程图。<br>- 来源：SRC-QUAL-TUTOR-002。",topic_qa,辨析卡,,,,,上午选择,,,,T-QUAL-002,T-QUAL-002,SRC-QUAL-TUTOR-002,outputs/anki_builds/full_expansion_20260521_003052/topics/by_topic/T-QUAL-002/topic_qa_cards.md,T-QUAL-002 最终人工可读卡片,,,keep,,ruankao ruankao::family::topic_qa ruankao::card_type::辨析卡 ruankao::importance:: ruankao::exam_use::上午选择 ruankao::topic::T-QUAL-002,sha256:bb3b683021983963928dd978
软考::系统集成项目管理工程师,Basic,控制图与散点图的区别是什么？,控制图展示一个变量随时间的变化趋势（看过程是否稳定）。散点图展示两个变量之间的相关性（A是否影响B）。,"- 理解/记忆线索：控制图=时间轴的一个变量；散点图=两个变量的关系。<br>- 易错点：控制图有控制限（UCL/LCL），散点图没有控制限——散点图看的是点分布趋势。<br>- 题干信号：""随时间变化的过程数据""→控制图；""两个变量之间的关系""→散点图。<br>- 来源：SRC-QUAL-TUTOR-002。",topic_qa,辨析卡,,,,,上午选择,,,,T-QUAL-002,T-QUAL-002,SRC-QUAL-TUTOR-002,outputs/anki_builds/full_expansion_20260521_003052/topics/by_topic/T-QUAL-002/topic_qa_cards.md,T-QUAL-002 最终人工可读卡片,,,keep,,ruankao ruankao::family::topic_qa ruankao::card_type::辨析卡 ruankao::importance:: ruankao::exam_use::上午选择 ruankao::topic::T-QUAL-002,sha256:d8132475d43f897ec112979c
软考::系统集成项目管理工程师,Basic,"题干出现""找根本原因""""从多个维度分析原因""""鱼骨""""人机料法环""时，应选哪个工具？",因果图（鱼骨图/石川图）。用于结构化的根因分析。,"- 易错点：注意因果图=根因分析，不是找""主要""原因（那是帕累托图的工作）。<br>- 题干信号：""为什么""""根因""""原因分析""""石川图""""人机料法环""→ 因果图。<br>- 来源：SRC-QUAL-TUTOR-002。",topic_qa,关键词识别卡,,,,,上午选择,,,,T-QUAL-002,T-QUAL-002,SRC-QUAL-TUTOR-002,outputs/anki_builds/full_expansion_20260521_003052/topics/by_topic/T-QUAL-002/topic_qa_cards.md,T-QUAL-002 最终人工可读卡片,,,keep,,ruankao ruankao::family::topic_qa ruankao::card_type::关键词识别卡 ruankao::importance:: ruankao::exam_use::上午选择 ruankao::topic::T-QUAL-002,sha256:4b2a27a1644aa516b9ae67a5
软考::系统集成项目管理工程师,Basic,"题干出现""最主要的问题""""80/20""""关键少数""""排列图""""优先级排序""时，应选哪个工具？",帕累托图。基于80/20法则找出导致多数问题的少数关键原因。,"- 易错点：注意帕累托图按频率降序排列的原因不一定是""根因""——它只告诉你什么发生最多，不告诉你为什么发生。<br>- 题干信号：""哪些是最主要的""""Top原因""""排列图""""80%缺陷集中在少数模块""→ 帕累托图。<br>- 来源：SRC-QUAL-TUTOR-002。",topic_qa,关键词识别卡,,,,,上午选择,,,,T-QUAL-002,T-QUAL-002,SRC-QUAL-TUTOR-002,outputs/anki_builds/full_expansion_20260521_003052/topics/by_topic/T-QUAL-002/topic_qa_cards.md,T-QUAL-002 最终人工可读卡片,,,keep,,ruankao ruankao::family::topic_qa ruankao::card_type::关键词识别卡 ruankao::importance:: ruankao::exam_use::上午选择 ruankao::topic::T-QUAL-002,sha256:02cc66767f5f2ab25879bc63
软考::系统集成项目管理工程师,Basic,"题干出现""过程是否稳定""""控制限""""七点法则""""过程受控""时，应选哪个工具？",控制图。用于监控过程是否处于统计受控状态。,"- 易错点：""连续7天缺陷数上升""不一定是控制图——控制图需要UCL/LCL和中心线，单纯的趋势图不一定是控制图。<br>- 题干信号：""UCL/LCL""""七点同侧""""过程稳定分析""""统计受控""→ 控制图。<br>- 来源：SRC-QUAL-TUTOR-002。",topic_qa,关键词识别卡,,,,,上午选择,,,,T-QUAL-002,T-QUAL-002,SRC-QUAL-TUTOR-002,outputs/anki_builds/full_expansion_20260521_003052/topics/by_topic/T-QUAL-002/topic_qa_cards.md,T-QUAL-002 最终人工可读卡片,,,keep,,ruankao ruankao::family::topic_qa ruankao::card_type::关键词识别卡 ruankao::importance:: ruankao::exam_use::上午选择 ruankao::topic::T-QUAL-002,sha256:a20be5706c08fda3d96a44e4
软考::系统集成项目管理工程师,Basic,"题干出现""收集数据""""记录缺陷""""标准化表格""""现场记录""时，应选哪个工具？",检查表（核查表）。用于系统化收集和记录质量数据。,"- 易错点：检查表只是收集数据，不分析数据。如果场景是""记录了数据然后找主要原因""——先检查表收集，后用帕累托图分析。<br>- 题干信号：""记录每次测试中的缺陷类型""""标准化表格""""缺陷分类记录""→ 检查表。<br>- 来源：SRC-QUAL-TUTOR-002。",topic_qa,关键词识别卡,,,,,上午选择,,,,T-QUAL-002,T-QUAL-002,SRC-QUAL-TUTOR-002,outputs/anki_builds/full_expansion_20260521_003052/topics/by_topic/T-QUAL-002/topic_qa_cards.md,T-QUAL-002 最终人工可读卡片,,,keep,,ruankao ruankao::family::topic_qa ruankao::card_type::关键词识别卡 ruankao::importance:: ruankao::exam_use::上午选择 ruankao::topic::T-QUAL-002,sha256:d8bee60223a9395321850062
软考::系统集成项目管理工程师,Basic,"题干出现""两变量相关性""""有关系吗""""一个增加另一个是否也增加""时，应选哪个工具？",散点图。用于判断两个变量之间是否存在相关性及其趋势方向。,"- 易错点：散点图展示""相关""不展示""因果""——即使两个变量高度相关，也不能断定因果关系。<br>- 题干信号：""测试覆盖率和缺陷率是否相关""""代码行数和bug数的关系""→ 散点图。<br>- 来源：SRC-QUAL-TUTOR-002。",topic_qa,关键词识别卡,,,,,上午选择,,,,T-QUAL-002,T-QUAL-002,SRC-QUAL-TUTOR-002,outputs/anki_builds/full_expansion_20260521_003052/topics/by_topic/T-QUAL-002/topic_qa_cards.md,T-QUAL-002 最终人工可读卡片,,,keep,,ruankao ruankao::family::topic_qa ruankao::card_type::关键词识别卡 ruankao::importance:: ruankao::exam_use::上午选择 ruankao::topic::T-QUAL-002,sha256:861962f034b4fe5664b56af8
软考::系统集成项目管理工程师,Basic,"题干出现""分布形态""""数据集中在什么范围""""正态分布""""数值区间""时，应选哪个工具？",直方图。用于展示连续数据的分布形状，判断是否集中、偏斜或符合规格。,"- 易错点：直方图按""数值区间""分组，每个柱子的宽度代表区间范围、高度代表频数。帕累托图按""类别""分组。<br>- 题干信号：""尺寸分布""""数据集中在哪个范围""""是否正态分布""""直方图""→ 直方图。<br>- 来源：SRC-QUAL-TUTOR-002。",topic_qa,关键词识别卡,,,,,上午选择,,,,T-QUAL-002,T-QUAL-002,SRC-QUAL-TUTOR-002,outputs/anki_builds/full_expansion_20260521_003052/topics/by_topic/T-QUAL-002/topic_qa_cards.md,T-QUAL-002 最终人工可读卡片,,,keep,,ruankao ruankao::family::topic_qa ruankao::card_type::关键词识别卡 ruankao::importance:: ruankao::exam_use::上午选择 ruankao::topic::T-QUAL-002,sha256:cee6a6e8a2465be6a0debe73
软考::系统集成项目管理工程师,Basic,"团队分析问题时说""我们从人员、技术、流程、工具四个维度来分析可能的原因""，他们在用什么工具？",因果图（鱼骨图）。因果图从多个维度系统化分析问题的潜在原因。,"- 理解/记忆线索：典型鱼骨图维度框架——""人机料法环""或""人员、技术、流程、工具""。<br>- 易错点：不要因为题目中没有出现""鱼骨图""三个字就选错——题干的维度分析本身就是因果图的特征。<br>- 题干信号：""从XX、XX、XX几个维度分析原因""。<br>- 来源：SRC-QUAL-TUTOR-002。",topic_qa,模式识别卡,,,,,上午选择,,,,T-QUAL-002,T-QUAL-002,SRC-QUAL-TUTOR-002,outputs/anki_builds/full_expansion_20260521_003052/topics/by_topic/T-QUAL-002/topic_qa_cards.md,T-QUAL-002 最终人工可读卡片,,,keep,,ruankao ruankao::family::topic_qa ruankao::card_type::模式识别卡 ruankao::importance:: ruankao::exam_use::上午选择 ruankao::topic::T-QUAL-002,sha256:36f4d8a8b3d47d2a025cbd55
软考::系统集成项目管理工程师,Basic,项目经理想了解过去一个月缺陷按类型分布情况，并优先处理引起问题最多的前三种类型。应该用什么工具链？,先用检查表收集缺陷数据，再用帕累托图进行类别排序和80/20分析，找出关键少数。,"- 理解/记忆线索：收集数据→排序分析=检查表→帕累托图。<br>- 易错点：直接用帕累托图的前提是有数据——如果题干没说已有数据，可能需要先收集（检查表）。<br>- 题干信号：""记录缺陷类型然后找Top N""。<br>- 来源：SRC-QUAL-TUTOR-002。",topic_qa,模式识别卡,,,,,上午选择,,,,T-QUAL-002,T-QUAL-002,SRC-QUAL-TUTOR-002,outputs/anki_builds/full_expansion_20260521_003052/topics/by_topic/T-QUAL-002/topic_qa_cards.md,T-QUAL-002 最终人工可读卡片,,,keep,工具链搭配。,ruankao ruankao::family::topic_qa ruankao::card_type::模式识别卡 ruankao::importance:: ruankao::exam_use::上午选择 ruankao::topic::T-QUAL-002,sha256:59c0235e81b50a4483cc5c7b
软考::系统集成项目管理工程师,Basic,以下关于七工具的说法，哪项是错误的？<br><br>A. 控制图中数据点没有超出控制限就一定说明过程稳定<br>B. 帕累托图可以用于确定改进优先级<br>C. 因果图帮助团队系统分析问题的潜在原因<br>D. 检查表用于收集数据,A错误。即使数据点没有超出控制限，如果出现连续7点同侧或其它非随机模式，过程也可能异常。,"- 易错点：很多考生认为""没超限=稳定""，但七点法则说明即使不超限也可能异常。<br>- 题干信号：""关于控制图说法错误的是""。<br>- 来源：SRC-QUAL-TUTOR-002。",topic_qa,陷阱卡,,,,,上午选择,,,,T-QUAL-002,T-QUAL-002,SRC-QUAL-TUTOR-002,outputs/anki_builds/full_expansion_20260521_003052/topics/by_topic/T-QUAL-002/topic_qa_cards.md,T-QUAL-002 最终人工可读卡片,,,keep,七点法则是控制图常考陷阱。,ruankao ruankao::family::topic_qa ruankao::card_type::陷阱卡 ruankao::importance:: ruankao::exam_use::上午选择 ruankao::topic::T-QUAL-002,sha256:2f1c3f295c65429f07a5f576
软考::系统集成项目管理工程师,Basic,以下关于质量工具的说法，哪项是正确的？<br><br>A. 帕累托图和直方图是同一个工具<br>B. 因果图用于展示两个变量之间的相关性<br>C. 流程图用于分析过程中哪个环节出问题<br>D. 散点图用于监控过程稳定性,C正确。流程图显示输入→步骤→输出的顺序，帮助分析过程中哪个环节可能出问题。,"- 易错点：A错（帕累托图按类别排序，直方图按区间分组）；B错（散点图才看相关性）；D错（控制图看稳定性）。<br>- 题干信号：""关于质量工具说法正确的是""。<br>- 来源：SRC-QUAL-TUTOR-002。",topic_qa,陷阱卡,,,,,上午选择,,,,T-QUAL-002,T-QUAL-002,SRC-QUAL-TUTOR-002,outputs/anki_builds/full_expansion_20260521_003052/topics/by_topic/T-QUAL-002/topic_qa_cards.md,T-QUAL-002 最终人工可读卡片,,,keep,四个工具功能全面考核。,ruankao ruankao::family::topic_qa ruankao::card_type::陷阱卡 ruankao::importance:: ruankao::exam_use::上午选择 ruankao::topic::T-QUAL-002,sha256:7024e2f395312be977737c20
软考::系统集成项目管理工程师,Basic,以下关于新七工具的说法，哪项是错误的？<br><br>A. 新七工具主要用于质量规划<br>B. 新七工具包括亲和图和关联图<br>C. 新七工具是七工具的升级替代版本<br>D. 新七工具帮助组织思路和管理复杂问题,C错误。新七工具不是七工具的升级版。两者属于不同分类体系——七工具侧重数据分析和QC，新七工具侧重规划和思路组织。,"- 易错点：很多考生误以为""新=更好""""新七工具是七工具2.0""——这是错误的。<br>- 题干信号：""关于新七工具说法错误的是""。<br>- 来源：SRC-QUAL-TUTOR-002。",topic_qa,陷阱卡,,,,,上午选择,,,,T-QUAL-002,T-QUAL-002,SRC-QUAL-TUTOR-002,outputs/anki_builds/full_expansion_20260521_003052/topics/by_topic/T-QUAL-002/topic_qa_cards.md,T-QUAL-002 最终人工可读卡片,,,keep,新七工具经典误解。,ruankao ruankao::family::topic_qa ruankao::card_type::陷阱卡 ruankao::importance:: ruankao::exam_use::上午选择 ruankao::topic::T-QUAL-002,sha256:e107ee26f9cd24067d6e01ca
软考::系统集成项目管理工程师,Basic,项目系统测试发现大量缺陷，项目经理想要：（1）记录所有缺陷类型和频率；（2）找出缺陷最多的三个模块；（3）分析这些模块缺陷集中的根因。应分别用什么工具？,（1）检查表——收集和记录缺陷数据；（2）帕累托图——按模块排序找出Top 3；（3）因果图——从人员、技术、流程等维度分析根因。,"- 理解/记忆线索：三步工具链：先收集（检查表）→再排序（帕累托图）→再深挖根因（因果图）。<br>- 易错点：不要直接把第一步跳成帕累托图——没有检查表的数据基础，帕累托图做不了。<br>- 题干信号：同时出现""记录""""排序""""找根因""三个动作。<br>- 来源：SRC-QUAL-TUTOR-002。",topic_qa,模式识别卡,,,,,案例分析,,,,T-QUAL-002,T-QUAL-002,SRC-QUAL-TUTOR-002,outputs/anki_builds/full_expansion_20260521_003052/topics/by_topic/T-QUAL-002/topic_qa_cards.md,T-QUAL-002 最终人工可读卡片,,,keep,工具链三步走经典题。,ruankao ruankao::family::topic_qa ruankao::card_type::模式识别卡 ruankao::importance:: ruankao::exam_use::案例分析 ruankao::topic::T-QUAL-002,sha256:9be7a09baa29c96df49b4224
软考::系统集成项目管理工程师,Basic,质量七工具中哪些工具也可用于风险管理中的风险识别？,因果图（分析风险根因）、流程图（分析流程中的风险节点）、检查表（结构化识别常见风险）。这些工具在质量管理和风险管理中跨领域通用。,"- 理解/记忆线索：质量工具不限于质量管理——因果图和流程图也是风险识别的常用技术。<br>- 易错点：不要认为质量工具只能用于质量管理过程——很多工具（如因果图、流程图）是通用的分析工具。<br>- 题干信号：""质量工具在风险管理中的应用""""跨知识领域工具""。<br>- 关联：T-RISK-001 风险识别。<br>- 来源：SRC-QUAL-TUTOR-002。",topic_qa,跨专题卡,,,,,跨域辨析,,,,T-QUAL-002,T-QUAL-002,SRC-QUAL-TUTOR-002,outputs/anki_builds/full_expansion_20260521_003052/topics/by_topic/T-QUAL-002/topic_qa_cards.md,T-QUAL-002 最终人工可读卡片,,T-RISK-001,keep,跨专题连接，提升综合分析能力。,ruankao ruankao::family::topic_qa ruankao::card_type::跨专题卡 ruankao::importance:: ruankao::exam_use::跨域辨析 ruankao::topic::T-QUAL-002,sha256:7e4e251df1a1e8e1fe62b715
软考::系统集成项目管理工程师,Basic,质量案例诊断三问法是什么？,一问规划阶段有没有质量计划和质量测量指标；二问执行阶段有没有做QA（过程审计、代码评审）；三问监控阶段QC怎么做的（测试是否前置、缺陷是否记录分析）。,"- 理解/记忆线索：三问覆盖三个过程组：规划(质量计划)→执行(QA)→监控(QC)。<br>- 易错点：很多人只问""测试够不够""——忽略了规划阶段的计划缺失和执行阶段的QA缺失。<br>- 题干信号：质量案例、大量缺陷、测试不够。<br>- 关联：T-QUAL-003；T-QUAL-001 QA/QC基础。<br>- 来源：SRC-T-QUAL-003-001。",topic_qa,框架卡,,,,,下午案例,,,,T-QUAL-003,T-QUAL-003,SRC-T-QUAL-003-001,outputs/anki_builds/full_expansion_20260521_003052/topics/by_topic/T-QUAL-003/topic_qa_cards.md,T-QUAL-003｜质量问题案例模板：缺陷、测试、验收与纠偏 专题问答卡,,"T-QUAL-003,T-QUAL-001,T-QUAL-003-001",keep,质量案例诊断的骨架，三问覆盖全流程。,ruankao ruankao::family::topic_qa ruankao::card_type::框架卡 ruankao::importance:: ruankao::exam_use::下午案例 ruankao::topic::T-QUAL-003,sha256:6d839d52e0c3bafb7e4aa2ae
软考::系统集成项目管理工程师,Basic,"三问法中第一问""规划阶段有没有质量计划""具体要看哪几项？","①有没有质量测量指标（""什么叫质量好""有没有定义）；②有没有安排质量活动（代码评审、测试计划、质量审计）；③有没有识别相关质量标准。","- 理解/记忆线索：规划三查：指标定义→活动安排→标准识别。<br>- 易错点：不能笼统说""质量计划缺失""——要具体到哪一项缺失。<br>- 题干信号：前期未做质量计划、没有质量标准、没有测试计划。<br>- 关联：T-QUAL-003；T-QUAL-001。<br>- 来源：SRC-T-QUAL-003-001。",topic_qa,框架卡,,,,,下午案例,,,,T-QUAL-003,T-QUAL-003,SRC-T-QUAL-003-001,outputs/anki_builds/full_expansion_20260521_003052/topics/by_topic/T-QUAL-003/topic_qa_cards.md,T-QUAL-003｜质量问题案例模板：缺陷、测试、验收与纠偏 专题问答卡,,"T-QUAL-003,T-QUAL-001,T-QUAL-003-001",keep,三问法的第一问展开。,ruankao ruankao::family::topic_qa ruankao::card_type::框架卡 ruankao::importance:: ruankao::exam_use::下午案例 ruankao::topic::T-QUAL-003,sha256:dbad061b01f9dd3dfdf70626
软考::系统集成项目管理工程师,Basic,"三问法中第三问""QC怎么做的""具体要看哪几项？",①测试是否拖到最后一刻才做（QC前置不足）；②缺陷数据有没有被记录和趋势分析；③发现问题有没有反馈到过程和计划中改进。,"- 理解/记忆线索：QC三看：看时机（是否后置）→看记录（缺陷数据）→看反馈（持续改进）。<br>- 易错点：不要只看""做了测试没有""——测试时点比测试本身更重要。<br>- 题干信号：所有测试集中在交付前、缺陷反复出现、无缺陷记录。<br>- 关联：T-QUAL-003。<br>- 来源：SRC-T-QUAL-003-001。",topic_qa,框架卡,,,,,下午案例,,,,T-QUAL-003,T-QUAL-003,SRC-T-QUAL-003-001,outputs/anki_builds/full_expansion_20260521_003052/topics/by_topic/T-QUAL-003/topic_qa_cards.md,T-QUAL-003｜质量问题案例模板：缺陷、测试、验收与纠偏 专题问答卡,,"T-QUAL-003,T-QUAL-003-001",keep,三问法的第三问展开。,ruankao ruankao::family::topic_qa ruankao::card_type::框架卡 ruankao::importance:: ruankao::exam_use::下午案例 ruankao::topic::T-QUAL-003,sha256:11015dae92b65fa77c495d1c
软考::系统集成项目管理工程师,Basic,"案例题中""程序员兼任质量保证（QA）人员""为什么不妥？",QA需要独立审计过程的合规性；程序员兼任QA等于自己审自己，缺乏独立性，审计结果不可靠。,"- 理解/记忆线索：QA需要独立性——自己做不能审自己。<br>- 易错点：不要把""程序员兼任QA""和""程序员做单元测试""混为一谈；做测试可以，做QA不行。<br>- 题干信号：QA人员由开发人员兼任、角色冲突、独立性缺失。<br>- 关联：T-QUAL-003；T-QUAL-001。<br>- 来源：SRC-T-QUAL-003-002。",topic_qa,辨析卡,,,,,下午案例,,,,T-QUAL-003,T-QUAL-003,SRC-T-QUAL-003-002,outputs/anki_builds/full_expansion_20260521_003052/topics/by_topic/T-QUAL-003/topic_qa_cards.md,T-QUAL-003｜质量问题案例模板：缺陷、测试、验收与纠偏 专题问答卡,,"T-QUAL-003,T-QUAL-001,T-QUAL-003-002",keep,QA独立性原则在案例中的体现。,ruankao ruankao::family::topic_qa ruankao::card_type::辨析卡 ruankao::importance:: ruankao::exam_use::下午案例 ruankao::topic::T-QUAL-003,sha256:b444a17fc8ffdaaf39f2d33c
软考::系统集成项目管理工程师,Basic,案例题中让测试人员同时负责配置管理为什么不妥？,测试人员需要独立验证系统功能；同时负责配置管理可能产生利益冲突（测试人员可以通过配置管理修改版本状态掩盖问题），且职责边界不清。,- 理解/记忆线索：测试和配置管理是不同专业领域，混岗降低专业性和独立性。<br>- 易错点：不是所有角色兼任都不妥——关键是看是否影响独立性和专业判断。<br>- 题干信号：测试兼任配置管理、角色混淆、一人多岗。<br>- 关联：T-QUAL-003；T-INT-004。<br>- 来源：SRC-T-QUAL-003-002。,topic_qa,辨析卡,,,,,下午案例,,,,T-QUAL-003,T-QUAL-003,SRC-T-QUAL-003-002,outputs/anki_builds/full_expansion_20260521_003052/topics/by_topic/T-QUAL-003/topic_qa_cards.md,T-QUAL-003｜质量问题案例模板：缺陷、测试、验收与纠偏 专题问答卡,,"T-QUAL-003,T-INT-004,T-QUAL-003-002",keep,测试角色兼任其他角色的边界问题。,ruankao ruankao::family::topic_qa ruankao::card_type::辨析卡 ruankao::importance:: ruankao::exam_use::下午案例 ruankao::topic::T-QUAL-003,sha256:35e9e8655c83246f6934f63d
软考::系统集成项目管理工程师,Basic,测试前置要求是什么？为什么测试不能集中在最后做？,测试应分阶段进行（单元→集成→系统→验收），前置到每个开发阶段。集中在最后做会导致缺陷积累到后期才被发现，修复成本急剧放大。,"- 理解/记忆线索：测试前置=早发现早修复；测试后置=缺陷堆积如山。<br>- 易错点：不要认为""测试就是最后一关""——最后一关发现缺陷的修复成本是最高的。<br>- 题干信号：所有测试集中在交付前、前期不做测试、最后一刻才测试。<br>- 关联：T-QUAL-003；T-QUAL-001。<br>- 来源：SRC-T-QUAL-003-003。",topic_qa,概念卡,,,,,下午案例,,,,T-QUAL-003,T-QUAL-003,SRC-T-QUAL-003-003,outputs/anki_builds/full_expansion_20260521_003052/topics/by_topic/T-QUAL-003/topic_qa_cards.md,T-QUAL-003｜质量问题案例模板：缺陷、测试、验收与纠偏 专题问答卡,,"T-QUAL-003,T-QUAL-001,T-QUAL-003-003",keep,测试前置的核心理由。,ruankao ruankao::family::topic_qa ruankao::card_type::概念卡 ruankao::importance:: ruankao::exam_use::下午案例 ruankao::topic::T-QUAL-003,sha256:ab0790d452b90cebcebb03e6
软考::系统集成项目管理工程师,Basic,测试集中在后期的问题如何改进？,重新设计测试策略：建立分阶段测试机制（单元测试→集成测试→系统测试→验收测试），将测试前置到每个开发阶段；建立持续集成流程。,"- 理解/记忆线索：从""一次大测""改为""持续小测""。<br>- 易错点：措施不能只写""加强测试""——要具体到分阶段、前置、持续集成。<br>- 题干信号：测试集中、前期无测试、缺陷爆发。<br>- 关联：T-QUAL-003。<br>- 来源：SRC-T-QUAL-003-003。",topic_qa,措施卡,,,,,下午案例,,,,T-QUAL-003,T-QUAL-003,SRC-T-QUAL-003-003,outputs/anki_builds/full_expansion_20260521_003052/topics/by_topic/T-QUAL-003/topic_qa_cards.md,T-QUAL-003｜质量问题案例模板：缺陷、测试、验收与纠偏 专题问答卡,,"T-QUAL-003,T-QUAL-003-003",keep,测试策略改进的具体措施。,ruankao ruankao::family::topic_qa ruankao::card_type::措施卡 ruankao::importance:: ruankao::exam_use::下午案例 ruankao::topic::T-QUAL-003,sha256:a667561b5707ab54fc06bd56
软考::系统集成项目管理工程师,Basic,缺陷管理的标准流程是什么？,发现缺陷→记录缺陷→分类/定级→根因分析→分配修复→验证修复→关闭缺陷。,- 理解/记忆线索：发现→记录→分析→修复→验证→关闭。<br>- 易错点：不要跳过根因分析——只修复不分析原因，同类错误会反复出现。<br>- 题干信号：缺陷管理、缺陷修复流程、同类缺陷反复。<br>- 关联：T-QUAL-003。<br>- 来源：SRC-T-QUAL-003-004。,topic_qa,流程卡,,,,,下午案例,,,,T-QUAL-003,T-QUAL-003,SRC-T-QUAL-003-004,outputs/anki_builds/full_expansion_20260521_003052/topics/by_topic/T-QUAL-003/topic_qa_cards.md,T-QUAL-003｜质量问题案例模板：缺陷、测试、验收与纠偏 专题问答卡,,"T-QUAL-003,T-QUAL-003-004",keep,缺陷管理完整闭环。,ruankao ruankao::family::topic_qa ruankao::card_type::流程卡 ruankao::importance:: ruankao::exam_use::下午案例 ruankao::topic::T-QUAL-003,sha256:06f2d9cab01b0d0644499025
软考::系统集成项目管理工程师,Basic,场景：项目测试发现了大量缺陷，团队只顾着加班修复，但同样的错误反复出现。问题出在哪？,没有做根因分析。只修复症状（缺陷）不分析根本原因，同类缺陷必然会反复出现。,"- 理解/记忆线索：反复出现同类缺陷→根因分析缺失。<br>- 易错点：不要以为""修复了缺陷""就完事了——要找到为什么会产生这些缺陷。<br>- 题干信号：反复出现、同类缺陷、只修不分析。<br>- 关联：T-QUAL-003。<br>- 来源：SRC-T-QUAL-003-004。",topic_qa,场景判断卡,,,,,下午案例,,,,T-QUAL-003,T-QUAL-003,SRC-T-QUAL-003-004,outputs/anki_builds/full_expansion_20260521_003052/topics/by_topic/T-QUAL-003/topic_qa_cards.md,T-QUAL-003｜质量问题案例模板：缺陷、测试、验收与纠偏 专题问答卡,,"T-QUAL-003,T-QUAL-003-004",keep,根因分析缺失的典型症状。,ruankao ruankao::family::topic_qa ruankao::card_type::场景判断卡 ruankao::importance:: ruankao::exam_use::下午案例 ruankao::topic::T-QUAL-003,sha256:2ed45b200222ea8091a3edf6
软考::系统集成项目管理工程师,Basic,质量案例答题的完整框架是什么？,找问题（缺计划/缺QA/QC后置）→分析原因（预防成本不足，质量不是测出来的）→提措施（补充质量计划→建立QA流程→分阶段测试→根因分析→培训）→评估影响→沟通与变更。,"- 理解/记忆线索：五步法：问题→原因→措施→影响→沟通。<br>- 易错点：不要只写""加强质量管理""——要具体到哪个过程缺什么措施。<br>- 题干信号：质量案例、答题框架、完整答案。<br>- 关联：T-QUAL-003；T-CASE-001 通用案例方法。<br>- 来源：SRC-T-QUAL-003-005。",topic_qa,框架卡,,,,,下午案例,,,,T-QUAL-003,T-QUAL-003,SRC-T-QUAL-003-005,outputs/anki_builds/full_expansion_20260521_003052/topics/by_topic/T-QUAL-003/topic_qa_cards.md,T-QUAL-003｜质量问题案例模板：缺陷、测试、验收与纠偏 专题问答卡,,"T-QUAL-003,T-CASE-001,T-QUAL-003-005",keep,质量案例五步答题框架。,ruankao ruankao::family::topic_qa ruankao::card_type::框架卡 ruankao::importance:: ruankao::exam_use::下午案例 ruankao::topic::T-QUAL-003,sha256:b9953ebec1b2ea7a28ddc8e2
软考::系统集成项目管理工程师,Basic,"质量案例中""提措施""部分要覆盖哪五个方面？",①制定/补充质量计划；②建立代码评审和技术评审流程（QA）；③重新设计测试策略（分阶段）；④建立缺陷根因分析和追踪机制；⑤加强团队质量意识培训。,"- 理解/记忆线索：计划→评审→测试→根因→培训。五条措施不可少。<br>- 易错点：每条措施都要有具体动作，不能只写""质量控制""——要写清楚怎么做。<br>- 题干信号：质量措施、改进方案。<br>- 关联：T-QUAL-003；T-QUAL-001。<br>- 来源：SRC-T-QUAL-003-005。",topic_qa,措施卡,,,,,下午案例,,,,T-QUAL-003,T-QUAL-003,SRC-T-QUAL-003-005,outputs/anki_builds/full_expansion_20260521_003052/topics/by_topic/T-QUAL-003/topic_qa_cards.md,T-QUAL-003｜质量问题案例模板：缺陷、测试、验收与纠偏 专题问答卡,,"T-QUAL-003,T-QUAL-001,T-QUAL-003-005",keep,质量措施五条标准答案。,ruankao ruankao::family::topic_qa ruankao::card_type::措施卡 ruankao::importance:: ruankao::exam_use::下午案例 ruankao::topic::T-QUAL-003,sha256:aec94ec72965f3baf1d22854
软考::系统集成项目管理工程师,Basic,验收和测试的关系在质量案例中如何处理？,"测试是验收的前提但不是验收本身。测试通过只说明质量达标（核实的可交付成果），验收还需要客户正式接受（验收的可交付成果）。案例中常见错误是""测试通过=直接交付/上线""，跳过了验收环节。","- 理解/记忆线索：测试=内部认可，验收=客户认可。两个都要做。<br>- 易错点：不要认为""质量案例只关心测试不关心验收""——验收和交付也是质量案例的重要环节。<br>- 题干信号：验收、测试、交付、上线。<br>- 关联：T-QUAL-003；T-SCOPE-003。<br>- 来源：SRC-T-QUAL-003-005。",topic_qa,辨析卡,,,,,下午案例,,,,T-QUAL-003,T-QUAL-003,SRC-T-QUAL-003-005,outputs/anki_builds/full_expansion_20260521_003052/topics/by_topic/T-QUAL-003/topic_qa_cards.md,T-QUAL-003｜质量问题案例模板：缺陷、测试、验收与纠偏 专题问答卡,,"T-QUAL-003,T-SCOPE-003,T-QUAL-003-005",keep,验收和测试在质量案例中的边界处理。,ruankao ruankao::family::topic_qa ruankao::card_type::辨析卡 ruankao::importance:: ruankao::exam_use::下午案例 ruankao::topic::T-QUAL-003,sha256:99475cc8b25bc25a48c9de5e
软考::系统集成项目管理工程师,Basic,风险识别的主要工具和技术有哪些（至少六种）？,头脑风暴、核对单（Checklist）、SWOT 分析、专家判断、假设分析、图解技术（因果图/流程图/影响图）、德尔菲技术。,"- 理解/记忆线索：记忆口诀""头核对 S 专家假图解德尔菲""。<br>- 易错点：德尔菲 vs 头脑风暴——德尔菲是匿名多轮、减少权威影响；头脑风暴是自由开放、鼓励发散。<br>- 题干信号：""识别风险""、""用什么工具""、""风险识别方法""。<br>- 关联：T-RISK-001。<br>- 来源：SRC-RISK-TUTOR-001。",topic_qa,概念理解卡,,,,,上午选择,,,,T-RISK-001,T-RISK-001,SRC-RISK-TUTOR-001,outputs/anki_builds/full_expansion_20260521_003052/topics/by_topic/T-RISK-001/topic_qa_cards.md,T-RISK-001 风险识别、风险登记册与风险应对策略 — 专题 QA 卡片,,T-RISK-001,keep,,ruankao ruankao::family::topic_qa ruankao::card_type::概念理解卡 ruankao::importance:: ruankao::exam_use::上午选择 ruankao::topic::T-RISK-001,sha256:12df0c751a719145bf29f776
软考::系统集成项目管理工程师,Basic,德尔菲技术在风险识别中的主要优点是什么？,通过匿名多轮反馈，减少个人权威和从众效应对结果的影响，获得较为客观的专家共识。,"- 理解/记忆线索：匿名 + 多轮 + 统计汇总 = 德尔菲。核心是消除""权威压力""。<br>- 易错点：德尔菲不是""头脑风暴""——头脑风暴鼓励自由表达但受权威影响，德尔菲通过匿名解决这个问题。<br>- 题干信号：""德尔菲""、""匿名""、""多轮""、""专家共识""、""减少偏见""。<br>- 关联：T-RISK-001。<br>- 来源：SRC-RISK-TUTOR-001。",topic_qa,概念理解卡,,,,,上午选择,,,,T-RISK-001,T-RISK-001,SRC-RISK-TUTOR-001,outputs/anki_builds/full_expansion_20260521_003052/topics/by_topic/T-RISK-001/topic_qa_cards.md,T-RISK-001 风险识别、风险登记册与风险应对策略 — 专题 QA 卡片,,T-RISK-001,keep,,ruankao ruankao::family::topic_qa ruankao::card_type::概念理解卡 ruankao::importance:: ruankao::exam_use::上午选择 ruankao::topic::T-RISK-001,sha256:f43af21edf457e7b2e562352
软考::系统集成项目管理工程师,Basic,风险登记册至少应包含哪些核心内容？,风险编号、风险描述、概率、影响、优先级、应对策略、责任人、应急计划、触发条件、残余风险。,"- 理解/记忆线索：记忆口诀""编号描述概影优，应对责任应触残""。<br>- 易错点：风险登记册不包括""实际发生的损失金额""——那是问题日志的内容。<br>- 题干信号：""风险登记册""、""记录了哪些""、""风险文件""。<br>- 关联：T-RISK-001。<br>- 来源：SRC-RISK-TUTOR-001。",topic_qa,概念理解卡,,,,,上午选择,,,,T-RISK-001,T-RISK-001,SRC-RISK-TUTOR-001,outputs/anki_builds/full_expansion_20260521_003052/topics/by_topic/T-RISK-001/topic_qa_cards.md,T-RISK-001 风险识别、风险登记册与风险应对策略 — 专题 QA 卡片,,T-RISK-001,keep,,ruankao ruankao::family::topic_qa ruankao::card_type::概念理解卡 ruankao::importance:: ruankao::exam_use::上午选择 ruankao::topic::T-RISK-001,sha256:ac944978e028fef62a98c37f
软考::系统集成项目管理工程师,Basic,"风险登记册是""一次性文件""还是""活的文件""？",活的文件。从风险识别开始建立，在定性/定量分析、应对规划、控制过程中持续更新。,"- 理解/记忆线索：风险登记册不是写完就完——随着项目推进不断有新增风险和状态更新。<br>- 易错点：认为风险登记册只在识别阶段创建——实际上它在整个项目生命周期中持续更新。<br>- 题干信号：""风险登记册的生命周期""、""持续更新""。<br>- 关联：T-RISK-001。<br>- 来源：SRC-RISK-TUTOR-001。",topic_qa,概念理解卡,,,,,上午选择,,,,T-RISK-001,T-RISK-001,SRC-RISK-TUTOR-001,outputs/anki_builds/full_expansion_20260521_003052/topics/by_topic/T-RISK-001/topic_qa_cards.md,T-RISK-001 风险识别、风险登记册与风险应对策略 — 专题 QA 卡片,,T-RISK-001,keep,,ruankao ruankao::family::topic_qa ruankao::card_type::概念理解卡 ruankao::importance:: ruankao::exam_use::上午选择 ruankao::topic::T-RISK-001,sha256:5c0f7cf8a8638d7f66e7a431
软考::系统集成项目管理工程师,Basic,负面风险（威胁）的四种应对策略是什么？,规避（Avoid）、转移（Transfer）、减轻（Mitigate）、接受（Accept）。,"- 理解/记忆线索：记忆口诀""规转减接""——从最彻底到最被动。<br>- 易错点：规避和转移容易混淆——规避是消除风险本身，转移是换人承担（风险还在）。<br>- 题干信号：""风险应对""、""威胁应对""、""如何处理风险""。<br>- 关联：T-RISK-001。<br>- 来源：SRC-RISK-TUTOR-001。",topic_qa,概念理解卡,,,,,上午选择,,,,T-RISK-001,T-RISK-001,SRC-RISK-TUTOR-001,outputs/anki_builds/full_expansion_20260521_003052/topics/by_topic/T-RISK-001/topic_qa_cards.md,T-RISK-001 风险识别、风险登记册与风险应对策略 — 专题 QA 卡片,,T-RISK-001,keep,,ruankao ruankao::family::topic_qa ruankao::card_type::概念理解卡 ruankao::importance:: ruankao::exam_use::上午选择 ruankao::topic::T-RISK-001,sha256:036e386fd33548d382ab1973
软考::系统集成项目管理工程师,Basic,项目决定采用成熟技术替代高风险的新技术。这是什么风险应对策略？,规避（Avoid）。通过消除高风险的工作（改用成熟技术）使风险不发生。,"- 理解/记忆线索：""不用新技术了""= 让风险根本不存在 = 规避。<br>- 易错点：误选转移——转移是外包或买保险，风险仍在但换人承担；这里直接取消风险来源。<br>- 题干信号：""改用成熟技术""、""取消高风险工作""、""替代方案""。<br>- 关联：T-RISK-001。<br>- 来源：SRC-RISK-TUTOR-001。",topic_qa,场景判断卡,,,,,上午选择,,,,T-RISK-001,T-RISK-001,SRC-RISK-TUTOR-001,outputs/anki_builds/full_expansion_20260521_003052/topics/by_topic/T-RISK-001/topic_qa_cards.md,T-RISK-001 风险识别、风险登记册与风险应对策略 — 专题 QA 卡片,,T-RISK-001,keep,,ruankao ruankao::family::topic_qa ruankao::card_type::场景判断卡 ruankao::importance:: ruankao::exam_use::上午选择 ruankao::topic::T-RISK-001,sha256:8e1dfd9754b4b57f276337f1
软考::系统集成项目管理工程师,Basic,项目将技术难度最高的模块外包给专业公司。这是什么风险应对策略？,转移（Transfer）。将风险的影响和责任转移给第三方，但风险本身仍然存在。,"- 理解/记忆线索：外包 = 转移风险给供应商。工作还在做，只是换人承担风险。<br>- 易错点：误选规避——规避是""不做了""，转移是""让别人做""。<br>- 题干信号：""外包""、""保险""、""固定总价合同""、""分包""。<br>- 关联：T-RISK-001。<br>- 来源：SRC-RISK-TUTOR-001。",topic_qa,场景判断卡,,,,,上午选择,,,,T-RISK-001,T-RISK-001,SRC-RISK-TUTOR-001,outputs/anki_builds/full_expansion_20260521_003052/topics/by_topic/T-RISK-001/topic_qa_cards.md,T-RISK-001 风险识别、风险登记册与风险应对策略 — 专题 QA 卡片,,T-RISK-001,keep,,ruankao ruankao::family::topic_qa ruankao::card_type::场景判断卡 ruankao::importance:: ruankao::exam_use::上午选择 ruankao::topic::T-RISK-001,sha256:d48fdde344e41a791dd613b3
软考::系统集成项目管理工程师,Basic,项目增加测试轮次来降低软件缺陷概率。这是什么风险应对策略？,减轻（Mitigate）。降低风险发生的概率或减轻其影响。,"- 理解/记忆线索：不消除风险（缺陷可能还会发生），但降低发生的概率 = 减轻。<br>- 易错点：误选规避——多做测试并没消除缺陷风险，只是降低了发生的可能性。<br>- 题干信号：""增加测试""、""培训""、""备用方案""、""冗余设计""。<br>- 关联：T-RISK-001。<br>- 来源：SRC-RISK-TUTOR-001。",topic_qa,场景判断卡,,,,,上午选择,,,,T-RISK-001,T-RISK-001,SRC-RISK-TUTOR-001,outputs/anki_builds/full_expansion_20260521_003052/topics/by_topic/T-RISK-001/topic_qa_cards.md,T-RISK-001 风险识别、风险登记册与风险应对策略 — 专题 QA 卡片,,T-RISK-001,keep,,ruankao ruankao::family::topic_qa ruankao::card_type::场景判断卡 ruankao::importance:: ruankao::exam_use::上午选择 ruankao::topic::T-RISK-001,sha256:e09f0d0d0b46ccc900f71822
软考::系统集成项目管理工程师,Basic,被动接受和主动接受风险的区别是什么？,被动接受：不准备预案，风险发生时临时应对（适用于低优先级风险）。主动接受：提前准备应急储备（时间/资金），风险发生时按应急计划执行。,"- 理解/记忆线索：被动=""到时候再说""；主动=""先准备好钱/时间""。<br>- 易错点：认为""接受=什么都不做""——主动接受需要准备应急储备。<br>- 题干信号：""接受策略""、""应急储备""、""管理储备""、""低优先级风险""。<br>- 关联：T-RISK-001。<br>- 来源：SRC-RISK-TUTOR-001。",topic_qa,概念理解卡,,,,,上午选择,,,,T-RISK-001,T-RISK-001,SRC-RISK-TUTOR-001,outputs/anki_builds/full_expansion_20260521_003052/topics/by_topic/T-RISK-001/topic_qa_cards.md,T-RISK-001 风险识别、风险登记册与风险应对策略 — 专题 QA 卡片,,T-RISK-001,keep,,ruankao ruankao::family::topic_qa ruankao::card_type::概念理解卡 ruankao::importance:: ruankao::exam_use::上午选择 ruankao::topic::T-RISK-001,sha256:37fd951af2e3991ac387faea
软考::系统集成项目管理工程师,Basic,规避 vs 转移的核心区别是什么？,规避是消除风险本身（风险不再存在）；转移是换人承担风险后果（风险仍然存在，只是由第三方承担损失）。,"- 理解/记忆线索：规避=让风险消失；转移=让风险搬家。<br>- 易错点：看到""外包""或""保险""都是转移，不是规避。<br>- 题干信号：""取消高风险工作""→ 规避；""购买保险/外包""→ 转移。<br>- 关联：T-RISK-001。<br>- 来源：SRC-RISK-TUTOR-001。",topic_qa,辨析卡,,,,,上午选择,,,,T-RISK-001,T-RISK-001,SRC-RISK-TUTOR-001,outputs/anki_builds/full_expansion_20260521_003052/topics/by_topic/T-RISK-001/topic_qa_cards.md,T-RISK-001 风险识别、风险登记册与风险应对策略 — 专题 QA 卡片,,T-RISK-001,keep,,ruankao ruankao::family::topic_qa ruankao::card_type::辨析卡 ruankao::importance:: ruankao::exam_use::上午选择 ruankao::topic::T-RISK-001,sha256:58cf0455c87afd46f09dac68
软考::系统集成项目管理工程师,Basic,减轻 vs 转移的核心区别是什么？,减轻是自己采取措施降低概率或影响（风险仍由自己承担）；转移是让第三方承担风险后果（需要支付风险溢价）。,"- 理解/记忆线索：减轻=自己多做防护；转移=让别人替你扛。<br>- 易错点：混淆""买保险""（转移）和""做备份""（减轻）。<br>- 题干信号：""多测试/培训/备用""→ 减轻；""外包/保险/合同""→ 转移。<br>- 关联：T-RISK-001。<br>- 来源：SRC-RISK-TUTOR-001。",topic_qa,辨析卡,,,,,上午选择,,,,T-RISK-001,T-RISK-001,SRC-RISK-TUTOR-001,outputs/anki_builds/full_expansion_20260521_003052/topics/by_topic/T-RISK-001/topic_qa_cards.md,T-RISK-001 风险识别、风险登记册与风险应对策略 — 专题 QA 卡片,,T-RISK-001,keep,,ruankao ruankao::family::topic_qa ruankao::card_type::辨析卡 ruankao::importance:: ruankao::exam_use::上午选择 ruankao::topic::T-RISK-001,sha256:3eb606c9f751a4d55a324806
软考::系统集成项目管理工程师,Basic,正面风险（机会）的四种应对策略是什么？,开拓（Exploit）、提高（Enhance）、分享（Share）、接受（Accept）。,"- 理解/记忆线索：记忆口诀""开提分接""——从最主动到最被动。<br>- 易错点：开拓 vs 提高——开拓是""确保发生""，提高是""增加概率或影响""。<br>- 题干信号：""机会应对""、""正面风险""、""利用机会""。<br>- 关联：T-RISK-001。<br>- 来源：SRC-RISK-TUTOR-001。",topic_qa,概念理解卡,,,,,上午选择,,,,T-RISK-001,T-RISK-001,SRC-RISK-TUTOR-001,outputs/anki_builds/full_expansion_20260521_003052/topics/by_topic/T-RISK-001/topic_qa_cards.md,T-RISK-001 风险识别、风险登记册与风险应对策略 — 专题 QA 卡片,,T-RISK-001,keep,,ruankao ruankao::family::topic_qa ruankao::card_type::概念理解卡 ruankao::importance:: ruankao::exam_use::上午选择 ruankao::topic::T-RISK-001,sha256:bdb41298df132b97f9098b5b
软考::系统集成项目管理工程师,Basic,项目分配最优秀的人员来确保提前完工。这是什么机会应对策略？,开拓（Exploit）。确保机会一定会发生。,"- 理解/记忆线索：""确保""二字是关键——开拓的目的是不让机会溜走，保证抓住。<br>- 易错点：误选提高——提高是增加概率，但不确定一定能成；开拓是要""确保""。<br>- 题干信号：""确保""、""分配最优资源""、""保证完成""。<br>- 关联：T-RISK-001。<br>- 来源：SRC-RISK-TUTOR-001。",topic_qa,场景判断卡,,,,,上午选择,,,,T-RISK-001,T-RISK-001,SRC-RISK-TUTOR-001,outputs/anki_builds/full_expansion_20260521_003052/topics/by_topic/T-RISK-001/topic_qa_cards.md,T-RISK-001 风险识别、风险登记册与风险应对策略 — 专题 QA 卡片,,T-RISK-001,keep,,ruankao ruankao::family::topic_qa ruankao::card_type::场景判断卡 ruankao::importance:: ruankao::exam_use::上午选择 ruankao::topic::T-RISK-001,sha256:e8e66f33eb5d95dea07c73bc
软考::系统集成项目管理工程师,Basic,项目比计划提前了两周，项目经理利用这段时间进行额外优化。这是什么机会应对策略？,提高（Enhance）。利用现有机会增加正面影响。,"- 理解/记忆线索：不是""确保提前""（开拓），而是""已经提前了，再做得更好""（提高）。<br>- 易错点：误选开拓——开拓发生在之前（确保提前），提高是之后进一步扩大收益。<br>- 题干信号：""利用溢出时间""、""做得更好""、""增加价值""。<br>- 关联：T-RISK-001。<br>- 来源：SRC-RISK-TUTOR-001。",topic_qa,场景判断卡,,,,,上午选择,,,,T-RISK-001,T-RISK-001,SRC-RISK-TUTOR-001,outputs/anki_builds/full_expansion_20260521_003052/topics/by_topic/T-RISK-001/topic_qa_cards.md,T-RISK-001 风险识别、风险登记册与风险应对策略 — 专题 QA 卡片,,T-RISK-001,keep,,ruankao ruankao::family::topic_qa ruankao::card_type::场景判断卡 ruankao::importance:: ruankao::exam_use::上午选择 ruankao::topic::T-RISK-001,sha256:7267228dc0ba44ace3691dca
软考::系统集成项目管理工程师,Basic,残余风险和二次风险的区别是什么？,残余风险是采取应对措施后仍然存在的风险；二次风险是因采取应对措施而引入的新风险。,"- 理解/记忆线索：残余=剩下的；二次=新产生的。例如外包后，外包方可能延误是残余风险，管理成本增加是二次风险。<br>- 易错点：混淆两个概念——残余是""没处理干净""，二次是""处理带来新问题""。<br>- 题干信号：""即使采取了措施仍然存在""、""新引入的风险""。<br>- 关联：T-RISK-001。<br>- 来源：SRC-RISK-TUTOR-001。",topic_qa,概念理解卡,,,,,上午选择,,,,T-RISK-001,T-RISK-001,SRC-RISK-TUTOR-001,outputs/anki_builds/full_expansion_20260521_003052/topics/by_topic/T-RISK-001/topic_qa_cards.md,T-RISK-001 风险识别、风险登记册与风险应对策略 — 专题 QA 卡片,,T-RISK-001,keep,,ruankao ruankao::family::topic_qa ruankao::card_type::概念理解卡 ruankao::importance:: ruankao::exam_use::上午选择 ruankao::topic::T-RISK-001,sha256:257eb8eeb26bc794d8356a6a
软考::系统集成项目管理工程师,Basic,风险（Risk）和问题（Issue）的核心区别是什么？,风险是尚未发生的潜在事件（可能发生也可能不发生）；问题是已经发生的实际事件。,"- 理解/记忆线索：风险是""可能出事""，问题是""已经出事""。<br>- 易错点：已发生的风险应立即转为问题处理，不能再当作风险留在风险登记册里。<br>- 题干信号：""区分风险 vs 问题""、""潜在 vs 实际""、""已发生""。<br>- 关联：T-RISK-001。<br>- 来源：SRC-RISK-TUTOR-001。",topic_qa,辨析卡,,,,,跨域辨析,,,,T-RISK-001,T-RISK-001,SRC-RISK-TUTOR-001,outputs/anki_builds/full_expansion_20260521_003052/topics/by_topic/T-RISK-001/topic_qa_cards.md,T-RISK-001 风险识别、风险登记册与风险应对策略 — 专题 QA 卡片,,T-RISK-001,keep,,ruankao ruankao::family::topic_qa ruankao::card_type::辨析卡 ruankao::importance:: ruankao::exam_use::跨域辨析 ruankao::topic::T-RISK-001,sha256:ddf506d2f47c8efcf1c6428d
软考::系统集成项目管理工程师,Basic,已识别的风险在项目中实际发生后，项目经理应如何处理？,在风险登记册中更新状态，并将该事件转移到问题日志中作为问题管理。,"- 理解/记忆线索：风险→发生了→变成问题→转入问题日志处理。<br>- 易错点：认为应该删除风险登记册中的该条目——不能删除，要更新状态并引用问题日志。<br>- 题干信号：""风险发生了""、""实际出现""、""已经发生""。<br>- 关联：T-RISK-001。<br>- 来源：SRC-RISK-TUTOR-001。",topic_qa,流程卡,,,,,上午选择,,,,T-RISK-001,T-RISK-001,SRC-RISK-TUTOR-001,outputs/anki_builds/full_expansion_20260521_003052/topics/by_topic/T-RISK-001/topic_qa_cards.md,T-RISK-001 风险识别、风险登记册与风险应对策略 — 专题 QA 卡片,,T-RISK-001,keep,,ruankao ruankao::family::topic_qa ruankao::card_type::流程卡 ruankao::importance:: ruankao::exam_use::上午选择 ruankao::topic::T-RISK-001,sha256:76b2dbf35d2576a20c941e24
软考::系统集成项目管理工程师,Basic,应急计划和权变措施的区别是什么？,应急计划是针对已识别风险提前制定的应对方案（风险发生前已计划好）；权变措施是针对未识别风险发生时临时采取的应对行动。,"- 理解/记忆线索：应急=提前准备好的预案；权变=没想到但发生了、临时应对。<br>- 易错点：混淆两者——应急计划对应的风险在登记册中，权变措施对应的风险根本不在登记册中。<br>- 题干信号：""事先准备的""→ 应急；""未预料到的""→ 权变。<br>- 关联：T-RISK-001。<br>- 来源：SRC-RISK-TUTOR-001。",topic_qa,概念理解卡,,,,,上午选择,,,,T-RISK-001,T-RISK-001,SRC-RISK-TUTOR-001,outputs/anki_builds/full_expansion_20260521_003052/topics/by_topic/T-RISK-001/topic_qa_cards.md,T-RISK-001 风险识别、风险登记册与风险应对策略 — 专题 QA 卡片,,T-RISK-001,keep,,ruankao ruankao::family::topic_qa ruankao::card_type::概念理解卡 ruankao::importance:: ruankao::exam_use::上午选择 ruankao::topic::T-RISK-001,sha256:f53e70a2e33024d302d7cc88
软考::系统集成项目管理工程师,Basic,风险责任人的主要职责是什么？,负责监控风险状态、执行应对策略、在风险发生时启动应急计划，并对风险管理的有效性负责。,"- 理解/记忆线索：风险责任人不是""背锅""的，而是""盯着风险""的。<br>- 易错点：风险责任人不是项目经理的专属角色——每个风险指定一个最合适的人。<br>- 题干信号：""谁负责这个风险""、""风险监控责任人""。<br>- 关联：T-RISK-001。<br>- 来源：SRC-RISK-TUTOR-001。",topic_qa,概念理解卡,,,,,上午选择,,,,T-RISK-001,T-RISK-001,SRC-RISK-TUTOR-001,outputs/anki_builds/full_expansion_20260521_003052/topics/by_topic/T-RISK-001/topic_qa_cards.md,T-RISK-001 风险识别、风险登记册与风险应对策略 — 专题 QA 卡片,,T-RISK-001,keep,,ruankao ruankao::family::topic_qa ruankao::card_type::概念理解卡 ruankao::importance:: ruankao::exam_use::上午选择 ruankao::topic::T-RISK-001,sha256:ab0bf2cbd8e55cab5ab4e28f
软考::系统集成项目管理工程师,Basic,项目经理在合同中加入延迟罚款条款来应对供应商可能延期交付的风险。这是什么应对策略？,转移（Transfer）。通过合同条款将财务损失风险转移给供应商。,"- 理解/记忆线索：罚款条款 = 供应商延期要赔钱 = 风险转移给供应商。<br>- 易错点：误选减轻——罚款不能降低延期概率，只是把损失转给供应商承担。<br>- 题干信号：""罚款条款""、""违约金""、""赔偿""、""合同条款转移""。<br>- 关联：T-RISK-001。<br>- 来源：SRC-RISK-TUTOR-001。",topic_qa,场景判断卡,,,,,上午选择,,,,T-RISK-001,T-RISK-001,SRC-RISK-TUTOR-001,outputs/anki_builds/full_expansion_20260521_003052/topics/by_topic/T-RISK-001/topic_qa_cards.md,T-RISK-001 风险识别、风险登记册与风险应对策略 — 专题 QA 卡片,,T-RISK-001,keep,,ruankao ruankao::family::topic_qa ruankao::card_type::场景判断卡 ruankao::importance:: ruankao::exam_use::上午选择 ruankao::topic::T-RISK-001,sha256:bf319deaaab1d9b59516ce9d
软考::系统集成项目管理工程师,Basic,项目提前 3 个月下单并支付加急费来降低供应商延迟交付的概率。这是什么策略？,减轻（Mitigate）。通过增加缓冲时间降低延迟发生的概率和影响。,"- 理解/记忆线索：提前下单不能消除供应商延迟的可能性，但降低了影响 = 减轻。<br>- 易错点：误选转移——这里没有把风险转给第三方，是自己主动管理。<br>- 题干信号：""提前下单""、""加急""、""增加缓冲""、""多供应商备份""。<br>- 关联：T-RISK-001。<br>- 来源：SRC-RISK-TUTOR-001。",topic_qa,场景判断卡,,,,,上午选择,,,,T-RISK-001,T-RISK-001,SRC-RISK-TUTOR-001,outputs/anki_builds/full_expansion_20260521_003052/topics/by_topic/T-RISK-001/topic_qa_cards.md,T-RISK-001 风险识别、风险登记册与风险应对策略 — 专题 QA 卡片,,T-RISK-001,keep,,ruankao ruankao::family::topic_qa ruankao::card_type::场景判断卡 ruankao::importance:: ruankao::exam_use::上午选择 ruankao::topic::T-RISK-001,sha256:95d68f2d231413280265278a
软考::系统集成项目管理工程师,Basic,案例中要求分析风险应对方案时，答题框架是什么？,①识别题干描述的风险类型（威胁/机会）；②判断已采取的策略属于哪一类（规避/转移/减轻/接受或开拓/提高/分享/接受）；③判断策略是否恰当；④如有不足，给出替代或补充策略；⑤说明残余风险和二次风险。,"- 理解/记忆线索：四步框架：定类型→判策略→评恰当→补建议。<br>- 易错点：不要只写策略名称，必须结合案例说明""因为什么所以用什么策略""。<br>- 题干信号：""风险应对是否恰当""、""改进方案""、""分析应对策略""。<br>- 关联：T-RISK-001。<br>- 来源：SRC-RISK-TUTOR-001, SRC-RISK-Q-CASE-001。",topic_qa,案例模板卡,,,,,案例分析,,,,T-RISK-001,T-RISK-001,"SRC-RISK-TUTOR-001, SRC-RISK-Q-CASE-001",outputs/anki_builds/full_expansion_20260521_003052/topics/by_topic/T-RISK-001/topic_qa_cards.md,T-RISK-001 风险识别、风险登记册与风险应对策略 — 专题 QA 卡片,,T-RISK-001,keep,,ruankao ruankao::family::topic_qa ruankao::card_type::案例模板卡 ruankao::importance:: ruankao::exam_use::案例分析 ruankao::topic::T-RISK-001,sha256:d864900e711f1924165b597b
软考::系统集成项目管理工程师,Basic,定性风险分析在风险管理过程中的核心作用是什么？,通过评估单个风险的概率和影响，对风险进行优先级排序，确定哪些风险最需要关注，输出风险优先级清单。,"- 理解：定性分析是快速筛选，回答""哪些风险最重要""，不计算具体金额。<br>- 记忆线索：定性=排序（概率影响矩阵）；定量=算钱（EMV/决策树）。<br>- 题干信号：概率影响矩阵、优先级排序、高/中/低等级、Top风险清单。<br>- 关联：T-RISK-001 风险识别。<br>- 来源：SRC-T-RISK-002-001。",topic_qa,概念理解卡,,,,,上午选择,,,,T-RISK-002,T-RISK-002,SRC-T-RISK-002-001,outputs/anki_builds/full_expansion_20260521_003052/topics/by_topic/T-RISK-002/topic_qa_cards.md,T-RISK-002 最终人工可读卡片,,"T-RISK-001,T-RISK-002-001",keep,Front 明确定义定性分析作用，Extra 给出与定量的记忆对照。,ruankao ruankao::family::topic_qa ruankao::card_type::概念理解卡 ruankao::importance:: ruankao::exam_use::上午选择 ruankao::topic::T-RISK-002,sha256:3f39654577364949211985f8
软考::系统集成项目管理工程师,Basic,定量风险分析在风险管理过程中的核心作用是什么？,"就已识别的单个风险对项目整体目标的影响进行量化分析，回答""项目需要多少应急储备""""方案A和方案B哪个期望损失更小""等数值问题。",- 理解：定量分析在定性之后进行，不是必须的步骤（仅对重大项目或高复杂度项目）。<br>- 题干信号：量化分析、EMV计算、决策树、应急储备、蒙特卡罗模拟。<br>- 关联：T-RISK-001 风险登记册、T-RISK-003 风险应对。<br>- 来源：SRC-T-RISK-002-001。,topic_qa,概念理解卡,,,,,上午选择,,,,T-RISK-002,T-RISK-002,SRC-T-RISK-002-001,outputs/anki_builds/full_expansion_20260521_003052/topics/by_topic/T-RISK-002/topic_qa_cards.md,T-RISK-002 最终人工可读卡片,,"T-RISK-001,T-RISK-003,T-RISK-002-001",keep,与 Card 001 形成定性和定量概念对，软考高频考点。,ruankao ruankao::family::topic_qa ruankao::card_type::概念理解卡 ruankao::importance:: ruankao::exam_use::上午选择 ruankao::topic::T-RISK-002,sha256:6ce5b5620dff9fc1336c2456
软考::系统集成项目管理工程师,Basic,预期货币价值（EMV）的定义和计算公式是什么？,EMV 是概率×影响（金额），用于计算一个风险事件的期望损失或期望收益。威胁取负值，机会取正值。公式：EMV = P × I。,- 理解：EMV 是统计期望值，不是单次实际会发生的结果。<br>- 记忆线索：EMV=概率×金额，带符号计算。<br>- 题干信号：预期货币价值、EMV、期望损失。<br>- 来源：SRC-T-RISK-002-001。,topic_qa,概念理解卡,,,,,计算题,,,,T-RISK-002,T-RISK-002,SRC-T-RISK-002-001,outputs/anki_builds/full_expansion_20260521_003052/topics/by_topic/T-RISK-002/topic_qa_cards.md,T-RISK-002 最终人工可读卡片,,T-RISK-002-001,keep,EMV 公式是定量分析中最核心的计算基础。,ruankao ruankao::family::topic_qa ruankao::card_type::概念理解卡 ruankao::importance:: ruankao::exam_use::计算题 ruankao::topic::T-RISK-002,sha256:b23fa5874e309a761856fbc3
软考::系统集成项目管理工程师,Basic,决策树分析在风险管理中解决什么问题？,决策树用树状结构展示不同决策路径及其对应的概率和结果，通过计算每条路径的EMV比较不同选择的期望价值，辅助选择最优方案。,- 关键要素：决策节点（方框，需要做选择）、机会节点（圆圈，不确定分支）、终结点（最终金额）。<br>- 解题口诀：从右往左算，机会节点算EMV，决策节点选最优。<br>- 题干信号：方案选择、自制外购决策、决策树、EMV比较。<br>- 来源：SRC-T-RISK-002-001。,topic_qa,概念理解卡,,,,,计算题,,,,T-RISK-002,T-RISK-002,SRC-T-RISK-002-001,outputs/anki_builds/full_expansion_20260521_003052/topics/by_topic/T-RISK-002/topic_qa_cards.md,T-RISK-002 最终人工可读卡片,,T-RISK-002-001,keep,决策树分析的概念和解题口诀，适合计算题和选择判断题。,ruankao ruankao::family::topic_qa ruankao::card_type::概念理解卡 ruankao::importance:: ruankao::exam_use::计算题 ruankao::topic::T-RISK-002,sha256:f0f4b2990038f1b1f148dd01
软考::系统集成项目管理工程师,Basic,概率影响矩阵在定性风险分析中的作用是什么？,将风险按概率和影响的组合进行分组和排序，通常分为红/黄/绿三色区域（高/中/低优先级），帮助确定哪些风险需要优先关注和应对。,- 理解：矩阵的横轴是概率，纵轴是影响，乘积分值越高风险优先级越高。<br>- 易错点：概率影响矩阵不是计算具体金额的，它的输出是优先级等级而非数值。<br>- 题干信号：概率影响矩阵、优先级排序、红黄绿区域、风险等级。<br>- 来源：SRC-T-RISK-002-001。,topic_qa,概念理解卡,,,,,上午选择,,,,T-RISK-002,T-RISK-002,SRC-T-RISK-002-001,outputs/anki_builds/full_expansion_20260521_003052/topics/by_topic/T-RISK-002/topic_qa_cards.md,T-RISK-002 最终人工可读卡片,,T-RISK-002-001,keep,概率影响矩阵是定性分析的核心工具，选择题常考其用途。,ruankao ruankao::family::topic_qa ruankao::card_type::概念理解卡 ruankao::importance:: ruankao::exam_use::上午选择 ruankao::topic::T-RISK-002,sha256:484fb6a5db0635b6a108bfe1
软考::系统集成项目管理工程师,Basic,什么是敏感性分析？它在风险管理中解决什么问题？,"敏感性分析通过逐一变动每个不确定因素，考察其对项目目标的影响程度，找出""最敏感""的因素（即对项目结果影响最大的风险）。通常用龙卷风图展示分析结果。","- 理解：敏感性分析回答""哪个风险的变化对项目影响最大""。<br>- 记忆线索：龙卷风图=敏感性分析的输出，条越宽表示越敏感。<br>- 题干信号：敏感性分析、龙卷风图、最敏感因素、单一因素变动。<br>- 来源：SRC-T-RISK-002-001。",topic_qa,概念理解卡,,,,,上午选择,,,,T-RISK-002,T-RISK-002,SRC-T-RISK-002-001,outputs/anki_builds/full_expansion_20260521_003052/topics/by_topic/T-RISK-002/topic_qa_cards.md,T-RISK-002 最终人工可读卡片,,T-RISK-002-001,keep,敏感性分析是定量分析的技术之一，考试可能考概念辨析。,ruankao ruankao::family::topic_qa ruankao::card_type::概念理解卡 ruankao::importance:: ruankao::exam_use::上午选择 ruankao::topic::T-RISK-002,sha256:427c9b958b6a3700e3fbc1db
软考::系统集成项目管理工程师,Basic,定性风险分析 vs 定量风险分析的核心区别是什么？,定性分析用概率影响矩阵快速排序，输出优先级等级（高/中/低）；定量分析用EMV、决策树等技术量化影响金额，输出具体数值。定性分析是必须的，定量分析因项目需要而定。,"- 记忆线索：定性=排序、不花钱；定量=算钱、花时间。<br>- 易错点：看到""计算EMV""不能选定性；看到""概率影响矩阵""不能选定量。<br>- 题干信号：优先级排序/定性、期望损失/定量。<br>- 来源：SRC-T-RISK-002-001。",topic_qa,辨析卡,,,,,上午选择,,,,T-RISK-002,T-RISK-002,SRC-T-RISK-002-001,outputs/anki_builds/full_expansion_20260521_003052/topics/by_topic/T-RISK-002/topic_qa_cards.md,T-RISK-002 最终人工可读卡片,,T-RISK-002-001,keep,这是专题最核心的辨析，考试几乎必考。,ruankao ruankao::family::topic_qa ruankao::card_type::辨析卡 ruankao::importance:: ruankao::exam_use::上午选择 ruankao::topic::T-RISK-002,sha256:f418178544ef33f8a45f5acf
软考::系统集成项目管理工程师,Basic,EMV 和决策树分析的关系是什么？,决策树分析以EMV为基础计算方法。决策树将一个决策问题分解为多条路径，每条路径用EMV（概率×结果）计算期望值，然后在决策节点比较各路径的EMV选择最优方案。决策树是框架，EMV是框架内的计算工具。,"- 记忆线索：EMV是""计算工具""，决策树是""分析框架""。<br>- 题干信号：决策树中如何计算、回推EMV。<br>- 来源：SRC-T-RISK-002-001。",topic_qa,辨析卡,,,,,上午选择,,,,T-RISK-002,T-RISK-002,SRC-T-RISK-002-001,outputs/anki_builds/full_expansion_20260521_003052/topics/by_topic/T-RISK-002/topic_qa_cards.md,T-RISK-002 最终人工可读卡片,,T-RISK-002-001,keep,EMV和决策树容易作为并列概念混淆，这张卡说明两者的包含关系。,ruankao ruankao::family::topic_qa ruankao::card_type::辨析卡 ruankao::importance:: ruankao::exam_use::上午选择 ruankao::topic::T-RISK-002,sha256:c7e0f98f3b5a81b86e38f8a3
软考::系统集成项目管理工程师,Basic,概率影响矩阵 vs 敏感性分析的区别是什么？,概率影响矩阵用于定性分析，同时考虑概率和影响两个维度排序风险；敏感性分析用于定量分析，只逐个变动单一因素考察敏感度，不涉及概率评估。,- 记忆线索：概率影响矩阵=双维度排序；敏感性分析=单因素变化敏感度。<br>- 易错点：敏感性分析的结果（龙卷风图）不是优先级排序，是影响程度排名。<br>- 来源：SRC-T-RISK-002-001。,topic_qa,辨析卡,,,,,上午选择,,,,T-RISK-002,T-RISK-002,SRC-T-RISK-002-001,outputs/anki_builds/full_expansion_20260521_003052/topics/by_topic/T-RISK-002/topic_qa_cards.md,T-RISK-002 最终人工可读卡片,,T-RISK-002-001,keep,"两种""分析""容易混淆，这张卡给出清晰边界。",ruankao ruankao::family::topic_qa ruankao::card_type::辨析卡 ruankao::importance:: ruankao::exam_use::上午选择 ruankao::topic::T-RISK-002,sha256:10e9f8421b132b2574aa83f9
软考::系统集成项目管理工程师,Basic,应急储备（Contingency Reserve）和管理储备（Management Reserve）的区别是什么？,"应急储备用于应对""已知-未知""风险（基于EMV等定量分析计算），由项目经理直接使用；管理储备用于应对""未知-未知""风险，需要高层批准后才能使用。",- 记忆线索：应急储备=已知不知道（已知风险的不确定性）；管理储备=未知不知道（完全意外的风险）。<br>- 题干信号：已知-未知、应急储备、管理储备、项目经理权限。<br>- 关联：T-COST-001 成本储备。<br>- 来源：SRC-T-RISK-002-001。,topic_qa,辨析卡,,,,,上午选择,,,,T-RISK-002,T-RISK-002,SRC-T-RISK-002-001,outputs/anki_builds/full_expansion_20260521_003052/topics/by_topic/T-RISK-002/topic_qa_cards.md,T-RISK-002 最终人工可读卡片,,"T-COST-001,T-RISK-002-001",keep,风险分析和成本储备紧密相关，考试常考两类储备的区分。,ruankao ruankao::family::topic_qa ruankao::card_type::辨析卡 ruankao::importance:: ruankao::exam_use::上午选择 ruankao::topic::T-RISK-002,sha256:7bc974fcff7da0b07435176a
软考::系统集成项目管理工程师,Basic,风险概率和风险影响在定性分析中是两个不同的评价维度，各自判断什么？,风险概率判断该风险发生的可能性（高/中/低）；风险影响判断一旦发生后对项目目标的冲击程度（高/中/低）。两者相乘（或查矩阵）得到风险优先级评分。,"- 理解：一个""概率很低但影响巨大""的风险和一个""概率很高但影响很小""的风险，需要矩阵综合判断。<br>- 易错点：不要将""概率高""等同于""风险大""——需要看影响维度。<br>- 题干信号：概率、影响、风险值=概率×影响。<br>- 来源：SRC-T-RISK-002-001。",topic_qa,辨析卡,,,,,上午选择,,,,T-RISK-002,T-RISK-002,SRC-T-RISK-002-001,outputs/anki_builds/full_expansion_20260521_003052/topics/by_topic/T-RISK-002/topic_qa_cards.md,T-RISK-002 最终人工可读卡片,,T-RISK-002-001,keep,两个维度各自含义的辨析，选择题可能考查维度混淆。,ruankao ruankao::family::topic_qa ruankao::card_type::辨析卡 ruankao::importance:: ruankao::exam_use::上午选择 ruankao::topic::T-RISK-002,sha256:87f7bfd56878c3dcc9e7a5ac
软考::系统集成项目管理工程师,Basic,风险管理中风险分析的整体工作流程是什么？,识别风险（风险登记册）→ 定性风险分析（概率影响矩阵排序）→ 判断是否需要定量分析 → 定量分析（EMV/决策树/敏感性分析）→ 风险应对规划。,- 理解：定性先筛选出重要风险，定量再对重要风险深入量化。<br>- 易错点：不是所有风险都走定量分析，只有复杂度高、投资大的项目才需要。<br>- 题干信号：风险分析流程、先定性后定量。<br>- 关联：T-RISK-001、T-RISK-003。<br>- 来源：SRC-T-RISK-002-001。,topic_qa,流程卡,,,,,上午选择/案例分析,,,,T-RISK-002,T-RISK-002,SRC-T-RISK-002-001,outputs/anki_builds/full_expansion_20260521_003052/topics/by_topic/T-RISK-002/topic_qa_cards.md,T-RISK-002 最终人工可读卡片,,"T-RISK-001,T-RISK-003,T-RISK-002-001",keep,整体流程把控卡，帮助考生理解定性和定量的前后顺序关系。,ruankao ruankao::family::topic_qa ruankao::card_type::流程卡 ruankao::importance:: ruankao::exam_use::上午选择/案例分析 ruankao::topic::T-RISK-002,sha256:6d7586a52ca17bb9be67b6d3
软考::系统集成项目管理工程师,Basic,决策树分析的标准解题步骤是什么？,四步法——①画树形结构：左到右画决策节点（方框）、机会节点（圆圈）、终结点；②标注数据：每条分支标注概率和结果金额；③从右往左算：机会节点计算EMV（概率×结果之和）；④决策节点选最优（收益最大或损失最小）。,"- 记忆线索：""从右往左算，机会节点算期望，决策节点比大小""。<br>- 易错点：算EMV时，别忘了扣除初始投资成本。<br>- 题干信号：决策树计算、方案选择、自制/外购决策。<br>- 来源：SRC-T-RISK-002-001。",topic_qa,流程卡,,,,,计算题,,,,T-RISK-002,T-RISK-002,SRC-T-RISK-002-001,outputs/anki_builds/full_expansion_20260521_003052/topics/by_topic/T-RISK-002/topic_qa_cards.md,T-RISK-002 最终人工可读卡片,,T-RISK-002-001,keep,标准解题步骤卡，适合计算题考前复习。,ruankao ruankao::family::topic_qa ruankao::card_type::流程卡 ruankao::importance:: ruankao::exam_use::计算题 ruankao::topic::T-RISK-002,sha256:dd7dcd7bc91b74e0eb33c8af
软考::系统集成项目管理工程师,Basic,判断一个项目是否需要从定性分析进入定量分析的决策因素有哪些？,①项目规模与复杂度（是否重大项目）；②风险对目标的潜在影响程度（是否可能产生不可接受的后果）；③决策需要的精确度（是否有足够数据做EMV计算）；④项目阶段和可用预算（定量分析需要投入额外资源）。,- 理解：定量分析不是风险管理的必选步骤，不是所有项目都值得投入定量分析的成本。<br>- 题干信号：是否需要定量分析、高度不确定性、重大项目。<br>- 来源：SRC-T-RISK-002-001。,topic_qa,流程卡,,,,,案例分析,,,,T-RISK-002,T-RISK-002,SRC-T-RISK-002-001,outputs/anki_builds/full_expansion_20260521_003052/topics/by_topic/T-RISK-002/topic_qa_cards.md,T-RISK-002 最终人工可读卡片,,T-RISK-002-001,keep,"帮助考生理解定量分析的适用条件，避免""所有风险都要定量""的误解。",ruankao ruankao::family::topic_qa ruankao::card_type::流程卡 ruankao::importance:: ruankao::exam_use::案例分析 ruankao::topic::T-RISK-002,sha256:bbcbdaf9825ccaf0c0303735
软考::系统集成项目管理工程师,Basic,"题干出现哪些信号时应优先想到""定性风险分析""？",概率影响矩阵、风险优先级排序、高/中/低风险等级、快速筛选、排Top N风险、定性评估。,"- 反例：出现""EMV、决策树、期望损失、应急储备""等词时不应选定性分析。<br>- 来源：SRC-T-RISK-002-001。",topic_qa,关键词识别卡,,,,,上午选择,,,,T-RISK-002,T-RISK-002,SRC-T-RISK-002-001,outputs/anki_builds/full_expansion_20260521_003052/topics/by_topic/T-RISK-002/topic_qa_cards.md,T-RISK-002 最终人工可读卡片,,T-RISK-002-001,keep,关键词识别帮助选择题快速定位答案。,ruankao ruankao::family::topic_qa ruankao::card_type::关键词识别卡 ruankao::importance:: ruankao::exam_use::上午选择 ruankao::topic::T-RISK-002,sha256:6f89ae0cd7cbd65ef43437aa
软考::系统集成项目管理工程师,Basic,"题干出现哪些信号时应优先想到""定量风险分析""？",EMV计算、决策树分析、敏感性分析、龙卷风图、蒙特卡罗模拟、应急储备量化、期望损失、方案EMV比较。,- 记忆线索：定量=有数字计算、有金额。<br>- 来源：SRC-T-RISK-002-001。,topic_qa,关键词识别卡,,,,,上午选择,,,,T-RISK-002,T-RISK-002,SRC-T-RISK-002-001,outputs/anki_builds/full_expansion_20260521_003052/topics/by_topic/T-RISK-002/topic_qa_cards.md,T-RISK-002 最终人工可读卡片,,T-RISK-002-001,keep,与 Card 015 配对，帮考生区分定性和定量的题干信号。,ruankao ruankao::family::topic_qa ruankao::card_type::关键词识别卡 ruankao::importance:: ruankao::exam_use::上午选择 ruankao::topic::T-RISK-002,sha256:6b85bbf03c5235aca938e7a2
软考::系统集成项目管理工程师,Basic,题干出现哪些信号时应该用EMV公式解题？,预期货币价值、概率X%、损失/收益Y万元、EMV、期望损失、应急储备计算、风险数值化。,- 解题提醒：威胁取负号，机会取正号，EMV=Σ(Pi×Ii)。<br>- 来源：SRC-T-RISK-002-001。,topic_qa,关键词识别卡,,,,,计算题,,,,T-RISK-002,T-RISK-002,SRC-T-RISK-002-001,outputs/anki_builds/full_expansion_20260521_003052/topics/by_topic/T-RISK-002/topic_qa_cards.md,T-RISK-002 最终人工可读卡片,,T-RISK-002-001,keep,EMV计算题的快速判断卡。,ruankao ruankao::family::topic_qa ruankao::card_type::关键词识别卡 ruankao::importance:: ruankao::exam_use::计算题 ruankao::topic::T-RISK-002,sha256:67519a2fd5a8d2d12b8b2c96
软考::系统集成项目管理工程师,Basic,题干出现哪些信号时应考虑用决策树分析解题？,两个以上方案选择、每种方案有成功/失败概率、自制还是外购、投标报价决策、方案A vs 方案B、投资决策。,- 解题提醒：先扣成本再算EMV，注意决策节点选最优分支。<br>- 来源：SRC-T-RISK-002-001。,topic_qa,关键词识别卡,,,,,计算题,,,,T-RISK-002,T-RISK-002,SRC-T-RISK-002-001,outputs/anki_builds/full_expansion_20260521_003052/topics/by_topic/T-RISK-002/topic_qa_cards.md,T-RISK-002 最终人工可读卡片,,T-RISK-002-001,keep,决策树计算题的快速判断卡。,ruankao ruankao::family::topic_qa ruankao::card_type::关键词识别卡 ruankao::importance:: ruankao::exam_use::计算题 ruankao::topic::T-RISK-002,sha256:73f6efa784e31b736cabd0ff
软考::系统集成项目管理工程师,Basic,概率影响矩阵在选择题中常见的描述信号有哪些？,红黄绿区域、优先级排序、高/中/低等级、概率和影响组合、风险评分、风险等级划分。,"- 易错点：概率影响矩阵的用途是""排序""不是""量化金额""，不要和EMV混淆。<br>- 来源：SRC-T-RISK-002-001。",topic_qa,关键词识别卡,,,,,上午选择,,,,T-RISK-002,T-RISK-002,SRC-T-RISK-002-001,outputs/anki_builds/full_expansion_20260521_003052/topics/by_topic/T-RISK-002/topic_qa_cards.md,T-RISK-002 最终人工可读卡片,,T-RISK-002-001,keep,概率影响矩阵的题干信号卡。,ruankao ruankao::family::topic_qa ruankao::card_type::关键词识别卡 ruankao::importance:: ruankao::exam_use::上午选择 ruankao::topic::T-RISK-002,sha256:81b68813d164d2e084893709
软考::系统集成项目管理工程师,Basic,EMV是否等于单次风险事件的实际损失？,"不等于。EMV是统计期望值，是多次重复试验的""平均""损失。对于单次项目，该风险要么不发生（损失0），要么发生（损失全额），永远不会正好损失EMV金额。",- 理解：EMV的价值在于多个独立风险的综合EMV之和趋向于总期望值，用于计算应急储备。<br>- 题干信号：EMV含义、预期损失理解、期望值。<br>- 来源：SRC-T-RISK-002-001。,topic_qa,陷阱卡,,,,,上午选择,,,,T-RISK-002,T-RISK-002,SRC-T-RISK-002-001,outputs/anki_builds/full_expansion_20260521_003052/topics/by_topic/T-RISK-002/topic_qa_cards.md,T-RISK-002 最终人工可读卡片,,T-RISK-002-001,keep,EMV概念的重大误解纠正，考试常考。,ruankao ruankao::family::topic_qa ruankao::card_type::陷阱卡 ruankao::importance:: ruankao::exam_use::上午选择 ruankao::topic::T-RISK-002,sha256:733f1a9df903c7145c950273
软考::系统集成项目管理工程师,Basic,是否每个项目都必须进行定量风险分析？,不是。定性风险分析是必需的，但定量分析仅在重大项目、高复杂度或需要精确数值支持决策时才进行。很多中小项目只做定性分析就进入风险应对规划。,"- 记忆线索：定性必须做，定量按需做。<br>- 题干信号：""必须进行定量分析""的绝对说法通常是错误的。<br>- 来源：SRC-T-RISK-002-001。",topic_qa,陷阱卡,,,,,上午选择,,,,T-RISK-002,T-RISK-002,SRC-T-RISK-002-001,outputs/anki_builds/full_expansion_20260521_003052/topics/by_topic/T-RISK-002/topic_qa_cards.md,T-RISK-002 最终人工可读卡片,,T-RISK-002-001,keep,"软考选择题常以""必须""""一定""设置陷阱。",ruankao ruankao::family::topic_qa ruankao::card_type::陷阱卡 ruankao::importance:: ruankao::exam_use::上午选择 ruankao::topic::T-RISK-002,sha256:a4213f17a26591b958505617
软考::系统集成项目管理工程师,Basic,决策树中，决策节点（方框）和机会节点（圆圈）各自代表什么？如何区分？,决策节点代表需要人为做出选择的节点（如选A方案还是B方案），没有概率；机会节点代表自然发生的不确定结果（如成功概率60%、失败概率40%），有概率分支。,- 易错点：决策节点不应计算EMV，只有机会节点才需要计算EMV。<br>- 记忆线索：方框=你选；圆圈=天定。<br>- 来源：SRC-T-RISK-002-001。,topic_qa,陷阱卡,,,,,上午选择,,,,T-RISK-002,T-RISK-002,SRC-T-RISK-002-001,outputs/anki_builds/full_expansion_20260521_003052/topics/by_topic/T-RISK-002/topic_qa_cards.md,T-RISK-002 最终人工可读卡片,,T-RISK-002-001,keep,两类节点的区分是决策树计算的基本前提。,ruankao ruankao::family::topic_qa ruankao::card_type::陷阱卡 ruankao::importance:: ruankao::exam_use::上午选择 ruankao::topic::T-RISK-002,sha256:66e11c85fde154c662570966
软考::系统集成项目管理工程师,Basic,"概率影响矩阵中，""高概率×高影响""的风险应该如何处理？","这类风险是优先级最高的风险，应列为Top风险，优先制定应对策略和应急措施，不能仅""接受""而忽略。","- 易错点：考试选项可能说""高概率高影响的风险只需记录无需应对""，这是错的。<br>- 题干信号：高概率高影响、高风险等级、红色区域。<br>- 来源：SRC-T-RISK-002-001。",topic_qa,陷阱卡,,,,,上午选择,,,,T-RISK-002,T-RISK-002,SRC-T-RISK-002-001,outputs/anki_builds/full_expansion_20260521_003052/topics/by_topic/T-RISK-002/topic_qa_cards.md,T-RISK-002 最终人工可读卡片,,T-RISK-002-001,keep,"风险优先级排序后的行动原则，考试可能用""忽视高优先级风险""作干扰。",ruankao ruankao::family::topic_qa ruankao::card_type::陷阱卡 ruankao::importance:: ruankao::exam_use::上午选择 ruankao::topic::T-RISK-002,sha256:4b6e8e83f382e0a065147f79
软考::系统集成项目管理工程师,Basic,决策树计算中，常见的计算错误有哪些？,①忘记扣除初始投资成本（算EMV时用总收入而非净利润）；②概率之和不为100%（所有分支概率加起来应=1）；③决策节点选错（选择EMV最小的分支而非最大）；④符号错误（收益为正、损失为负）。,- 记忆线索：一扣成本、二验概率、三选最大、四看符号。<br>- 来源：SRC-T-RISK-002-001。,topic_qa,陷阱卡,,,,,计算题,,,,T-RISK-002,T-RISK-002,SRC-T-RISK-002-001,outputs/anki_builds/full_expansion_20260521_003052/topics/by_topic/T-RISK-002/topic_qa_cards.md,T-RISK-002 最终人工可读卡片,,T-RISK-002-001,keep,4个常见计算错误汇总，适合计算题防错。,ruankao ruankao::family::topic_qa ruankao::card_type::陷阱卡 ruankao::importance:: ruankao::exam_use::计算题 ruankao::topic::T-RISK-002,sha256:a3f7087418e7eb74da63224c
软考::系统集成项目管理工程师,Basic,"案例题问""项目风险管理中风险分析存在哪些问题""时，可以从哪些角度分析？",①是否只做了定性分析而没有做定量分析（导致风险影响无法量化）；②是否只做了定量分析而跳过了定性分析（缺少风险筛选）；③风险优先级排序是否合理（高概率高影响风险是否被忽略）；④是否缺少EMV分析导致应急储备不足；⑤是否缺少风险的关联性分析（单一风险评估未考虑连锁效应）。,"- 案例信号：""运气不好""""没想到两个风险同时发生""说明缺少组合分析。<br>- 答题方向：先判断流程缺失→再分析具体技术缺失→最后指出管理缺失。<br>- 来源：SRC-T-RISK-002-001。",topic_qa,案例模板卡,,,,,下午案例,,,,T-RISK-002,T-RISK-002,SRC-T-RISK-002-001,outputs/anki_builds/full_expansion_20260521_003052/topics/by_topic/T-RISK-002/topic_qa_cards.md,T-RISK-002 最终人工可读卡片,,T-RISK-002-001,keep,案例风险分析不足的标准回答框架。,ruankao ruankao::family::topic_qa ruankao::card_type::案例模板卡 ruankao::importance:: ruankao::exam_use::下午案例 ruankao::topic::T-RISK-002,sha256:896dbe94bd0a3dca4d93f8f1
软考::系统集成项目管理工程师,Basic,"案例题要求""计算项目的应急储备""时，答题思路是什么？",①列出所有已识别的重大风险及其EMV（概率×影响金额）；②将所有风险的EMV相加得到总期望损失；③考虑风险之间的关联性和叠加效应适当增加储备；④区分应急储备（项目经理可用）和管理储备（高层批准）。,- 解题提醒：应急储备=Σ(威胁EMV)+Σ(机会EMV)，威胁为负、机会为正。<br>- 关联：T-COST-001 成本储备。<br>- 来源：SRC-T-RISK-002-001。,topic_qa,案例模板卡,,,,,下午案例,,,,T-RISK-002,T-RISK-002,SRC-T-RISK-002-001,outputs/anki_builds/full_expansion_20260521_003052/topics/by_topic/T-RISK-002/topic_qa_cards.md,T-RISK-002 最终人工可读卡片,,"T-COST-001,T-RISK-002-001",keep,应急储备计算是风险分析和成本管理的交叉考点。,ruankao ruankao::family::topic_qa ruankao::card_type::案例模板卡 ruankao::importance:: ruankao::exam_use::下午案例 ruankao::topic::T-RISK-002,sha256:0b26ea01730693f446e3b244
软考::系统集成项目管理工程师,Basic,"案例题中""项目经理通过决策树选择方案""的答题框架是什么？",①画决策树：决策节点→两个以上分支方案→每个方案的机会节点→概率和结果；②计算每个方案的EMV（Σ概率×结果-初始投资）；③比较各方案EMV，选期望价值最大的方案；④考虑非财务因素（风险偏好、失败后果严重性）做最终决策。,- 答题提醒：计算过程必须在答案中写出分步算式，不能只写结论。<br>- 来源：SRC-T-RISK-002-001。,topic_qa,案例模板卡,,,,,下午案例,,,,T-RISK-002,T-RISK-002,SRC-T-RISK-002-001,outputs/anki_builds/full_expansion_20260521_003052/topics/by_topic/T-RISK-002/topic_qa_cards.md,T-RISK-002 最终人工可读卡片,,T-RISK-002-001,keep,下午案例决策树题的标准答题步骤。,ruankao ruankao::family::topic_qa ruankao::card_type::案例模板卡 ruankao::importance:: ruankao::exam_use::下午案例 ruankao::topic::T-RISK-002,sha256:d0b9139e2bab99163c6d5700
软考::系统集成项目管理工程师,Basic,EMV分析与成本应急储备的关系是什么？,"多个风险EMV的总和是确定成本应急储备的重要依据。应急储备≈Σ（各风险EMV绝对值），用于覆盖""已知-未知""风险的财务影响。EMV越高，需要准备的应急储备越多。",- 理解：EMV给出期望损失金额，应急储备就是预留这笔钱应对风险。<br>- 关联：T-COST-001 成本储备、T-COST-002 挣值管理。<br>- 来源：SRC-T-RISK-002-001。,topic_qa,跨专题卡,,,,,上午选择/案例分析,,,,T-RISK-002,T-RISK-002,SRC-T-RISK-002-001,outputs/anki_builds/full_expansion_20260521_003052/topics/by_topic/T-RISK-002/topic_qa_cards.md,T-RISK-002 最终人工可读卡片,,"T-COST-001,T-COST-002,T-RISK-002-001",keep,风险分析和成本管理的桥接卡片。,ruankao ruankao::family::topic_qa ruankao::card_type::跨专题卡 ruankao::importance:: ruankao::exam_use::上午选择/案例分析 ruankao::topic::T-RISK-002,sha256:baf3530af48a539dc98394a6
软考::系统集成项目管理工程师,Basic,风险分析与进度缓冲（项目缓冲）的关系是什么？,在关键链法（CCM）中，进度缓冲（项目缓冲和接驳缓冲）的设置依据就是风险分析结果。高风险活动分配更多缓冲时间，低风险活动分配较少缓冲。定量风险分析的结果可用于确定项目缓冲的大小。,- 理解：风险大→活动不确定性高→需要更大的进度缓冲来保护总工期。<br>- 关联：T-SCH-003 关键路径、T-RISK-001 风险识别。<br>- 来源：SRC-T-RISK-002-001。,topic_qa,跨专题卡,,,,,上午选择/案例分析,,,,T-RISK-002,T-RISK-002,SRC-T-RISK-002-001,outputs/anki_builds/full_expansion_20260521_003052/topics/by_topic/T-RISK-002/topic_qa_cards.md,T-RISK-002 最终人工可读卡片,,"T-SCH-003,T-RISK-001,T-RISK-002-001",keep,风险分析和进度管理的桥接，案例题可能涉及。,ruankao ruankao::family::topic_qa ruankao::card_type::跨专题卡 ruankao::importance:: ruankao::exam_use::上午选择/案例分析 ruankao::topic::T-RISK-002,sha256:4d85a44780110f0d16101f5c
软考::系统集成项目管理工程师,Basic,风险分析如何影响采购决策（自制-外购决策）？,采购决策中常用决策树分析比较自制和外购的EMV。自制可能收益更高但风险更大（失败概率高），外购收益较低但风险较小。决策树的结果（EMV）结合组织的风险偏好决定是自制还是外购。,- 理解：决策树在采购管理中的应用是综合分析风险和收益的典型场景。<br>- 关联：T-PROC-001 采购管理。<br>- 来源：SRC-T-RISK-002-001。,topic_qa,跨专题卡,,,,,上午选择/案例分析,,,,T-RISK-002,T-RISK-002,SRC-T-RISK-002-001,outputs/anki_builds/full_expansion_20260521_003052/topics/by_topic/T-RISK-002/topic_qa_cards.md,T-RISK-002 最终人工可读卡片,,"T-PROC-001,T-RISK-002-001",keep,风险分析和采购管理的跨专题联系，考试综合题材料。,ruankao ruankao::family::topic_qa ruankao::card_type::跨专题卡 ruankao::importance:: ruankao::exam_use::上午选择/案例分析 ruankao::topic::T-RISK-002,sha256:82361c8ead5d3a6abcf537c1
软考::系统集成项目管理工程师,Basic,风险触发后，风险分析和变更管理流程如何衔接？,风险触发→评估实际影响（重新做定性/定量分析判断与原评估是否一致）→确定是否需要变更计划或基准→提交变更请求→CCB审批→更新风险登记册、项目管理计划和风险应对计划。,"- 答题方向：看到""风险发生了""不要只谈应对，要联系变更控制流程。<br>- 关联：T-INT-004 整体变更控制、T-RISK-003 风险应对。<br>- 来源：SRC-T-RISK-002-001。",topic_qa,跨专题卡,,,,,案例分析,,,,T-RISK-002,T-RISK-002,SRC-T-RISK-002-001,outputs/anki_builds/full_expansion_20260521_003052/topics/by_topic/T-RISK-002/topic_qa_cards.md,T-RISK-002 最终人工可读卡片,,"T-INT-004,T-RISK-003,T-RISK-002-001",keep,风险应对和变更控制的衔接，下午案例高频考点。,ruankao ruankao::family::topic_qa ruankao::card_type::跨专题卡 ruankao::importance:: ruankao::exam_use::案例分析 ruankao::topic::T-RISK-002,sha256:5c2a8ff9436d006fe4b14646
软考::系统集成项目管理工程师,Basic,风险定性分析中，为什么要同时评估概率和影响两个维度？,单一维度不足以判断风险优先级。概率高但影响极小的风险（如日常小故障）和概率低但影响巨大的风险（如灾难性事件）需要组合评估才能确定正确的优先级。,- 记忆线索：概率×影响=风险值，缺一不可。<br>- 题干信号：单一维度评估风险、只评估概率或只评估影响。<br>- 来源：SRC-T-RISK-002-001。,topic_qa,概念理解卡,,,,,上午选择,,,,T-RISK-002,T-RISK-002,SRC-T-RISK-002-001,outputs/anki_builds/full_expansion_20260521_003052/topics/by_topic/T-RISK-002/topic_qa_cards.md,T-RISK-002 最终人工可读卡片,,T-RISK-002-001,keep,解释为什么风险分析需要两个维度，选择题可能反向命题。,ruankao ruankao::family::topic_qa ruankao::card_type::概念理解卡 ruankao::importance:: ruankao::exam_use::上午选择 ruankao::topic::T-RISK-002,sha256:6f10b3755d639db743b75377
软考::系统集成项目管理工程师,Basic,威胁（负面风险）和机会（正面风险）在EMV计算中如何处理符号？,威胁导致损失，EMV取负值（如−30%×100万=−30万）；机会带来收益，EMV取正值（如70%×50万=35万）。计算总EMV时，威胁和机会的EMV带符号相加。,- 记忆线索：威胁减钱（负号），机会加钱（正号）。<br>- 易错点：部分题目可能把威胁和机会分开问，需要分别计算后再汇总。<br>- 来源：SRC-T-RISK-002-001。,topic_qa,辨析卡,,,,,上午选择,,,,T-RISK-002,T-RISK-002,SRC-T-RISK-002-001,outputs/anki_builds/full_expansion_20260521_003052/topics/by_topic/T-RISK-002/topic_qa_cards.md,T-RISK-002 最终人工可读卡片,,T-RISK-002-001,keep,符号处理是EMV计算的基本规则，与卡020区别——这张管计算符号。,ruankao ruankao::family::topic_qa ruankao::card_type::辨析卡 ruankao::importance:: ruankao::exam_use::上午选择 ruankao::topic::T-RISK-002,sha256:66ab08d3a9629b4dac856645
软考::系统集成项目管理工程师,Basic,下午案例题中，哪些描述暗示项目经理在风险分析方面存在不足？,"①""没有预料到风险会同时发生""→缺少风险的关联性和组合分析；②""凭经验判断风险大小""→缺少结构化定性分析（未使用概率影响矩阵）；③""运气不好""→把风险管理失效归因于运气，说明系统性分析缺失；④""按照最坏情况预留了储备""→EMV计算错误，把单次最坏损失当成了期望值。","- 答题方向：将这些""信号""翻译为对应的管理过程缺陷并给出改进建议。<br>- 来源：SRC-T-RISK-002-001。",topic_qa,关键词识别卡,,,,,案例分析,,,,T-RISK-002,T-RISK-002,SRC-T-RISK-002-001,outputs/anki_builds/full_expansion_20260521_003052/topics/by_topic/T-RISK-002/topic_qa_cards.md,T-RISK-002 最终人工可读卡片,,T-RISK-002-001,keep,帮助考生将案例题干中的非专业描述转化为专业术语答题。,ruankao ruankao::family::topic_qa ruankao::card_type::关键词识别卡 ruankao::importance:: ruankao::exam_use::案例分析 ruankao::topic::T-RISK-002,sha256:01f5b9a7b24b8376bf238edf
软考::系统集成项目管理工程师,Basic,风险数据质量评估在定性风险分析中的作用是什么？,评估每个风险数据的可靠性和准确性，如果数据质量低（信息不可靠），可能需要重新收集数据或将该风险降级处理，避免基于不可靠数据做出错误判断。,- 理解：风险分析的前提是数据可靠，数据质量差的评估结果没有参考价值。<br>- 题干信号：数据质量、信息不可靠、重新评估。<br>- 来源：SRC-T-RISK-002-001。,topic_qa,概念理解卡,,,,,上午选择,,,,T-RISK-002,T-RISK-002,SRC-T-RISK-002-001,outputs/anki_builds/full_expansion_20260521_003052/topics/by_topic/T-RISK-002/topic_qa_cards.md,T-RISK-002 最终人工可读卡片,,T-RISK-002-001,keep,定性风险分析中的辅助概念，选择题可能考其含义。,ruankao ruankao::family::topic_qa ruankao::card_type::概念理解卡 ruankao::importance:: ruankao::exam_use::上午选择 ruankao::topic::T-RISK-002,sha256:03df32e45835a93d9eaa3e7f
软考::系统集成项目管理工程师,Basic,风险和问题的核心区别是什么？,风险是尚未发生、有概率的不确定事件，记录在风险登记册；问题是已经发生、确定影响项目的事件，记录在问题日志。,- 理解/记忆线索：风险=未来的不确定性；问题=现在的确定性。时间点决定一切。<br>- 易错点：风险一旦发生就变成了问题——应从风险登记册移至问题日志。<br>- 题干信号：可能、概率、尚未发生→风险；已经、正在影响、发生了→问题。<br>- 关联：T-RISK-003；T-CROSS-001。<br>- 来源：SRC-T-RISK-003-001。,topic_qa,辨析卡,,,,,上午选择,,,,T-RISK-003,T-RISK-003,SRC-T-RISK-003-001,outputs/anki_builds/full_expansion_20260521_003052/topics/by_topic/T-RISK-003/topic_qa_cards.md,T-RISK-003｜风险、问题、变更与应急措施跨域辨析 专题问答卡,,"T-RISK-003,T-CROSS-001,T-RISK-003-001",keep,风险vs问题的根本区别（时间+确定性）。,ruankao ruankao::family::topic_qa ruankao::card_type::辨析卡 ruankao::importance:: ruankao::exam_use::上午选择 ruankao::topic::T-RISK-003,sha256:cb7cf8a5ccad3fb5dc494ed1
软考::系统集成项目管理工程师,Basic,场景：某已识别风险（概率40%）在项目执行中实际发生了。项目经理应该怎么处理？,"在风险登记册中更新该风险的状态为""已发生""，同时在问题日志中记录为问题；如有应急计划则立即启动应急计划。",- 理解/记忆线索：风险发生→两本账都要更新：风险册改状态+问题日志加记录。<br>- 易错点：不要只更新问题日志而不管风险登记册；也不要直接从风险登记册删除记录。<br>- 题干信号：已识别风险发生了、实际发生、概率变为100%。<br>- 关联：T-RISK-003；T-CROSS-001。<br>- 来源：SRC-T-RISK-003-001。,topic_qa,场景判断卡,,,,,上午选择,,,,T-RISK-003,T-RISK-003,SRC-T-RISK-003-001,outputs/anki_builds/full_expansion_20260521_003052/topics/by_topic/T-RISK-003/topic_qa_cards.md,T-RISK-003｜风险、问题、变更与应急措施跨域辨析 专题问答卡,,"T-RISK-003,T-CROSS-001,T-RISK-003-001",keep,风险→问题的转化处理。,ruankao ruankao::family::topic_qa ruankao::card_type::场景判断卡 ruankao::importance:: ruankao::exam_use::上午选择 ruankao::topic::T-RISK-003,sha256:beb4482c0970db9da72aff68
软考::系统集成项目管理工程师,Basic,应急措施（Contingency Plan）和权变措施（Workaround）的核心区别是什么？,应急措施是针对已识别风险提前制定的应对方案（有准备）；权变措施是针对未识别风险/未预料问题的临时应对（急中生智）。,"- 理解/记忆线索：应急措施=有预案（想到了）；权变措施=临时想（没想到）。<br>- 易错点：不要混淆——看到""提前制定""→应急措施；看到""临时应对""→权变措施。<br>- 题干信号：提前预见到、制定了预案→应急措施；突然发生、没预料到、临时租用→权变措施。<br>- 关联：T-RISK-003。<br>- 来源：SRC-T-RISK-003-002。",topic_qa,辨析卡,,,,,上午选择,,,,T-RISK-003,T-RISK-003,SRC-T-RISK-003-002,outputs/anki_builds/full_expansion_20260521_003052/topics/by_topic/T-RISK-003/topic_qa_cards.md,T-RISK-003｜风险、问题、变更与应急措施跨域辨析 专题问答卡,,"T-RISK-003,T-RISK-003-002",keep,应急vs权变的核心区分（是否有预案）。,ruankao ruankao::family::topic_qa ruankao::card_type::辨析卡 ruankao::importance:: ruankao::exam_use::上午选择 ruankao::topic::T-RISK-003,sha256:27d67e22d7d9218bac32c037
软考::系统集成项目管理工程师,Basic,场景：项目经理预见到核心开发人员可能离职，储备了2名后备人员并做好交接预案。核心人员真的离职了，项目经理启动了交接预案。这属于什么措施？,应急措施。因为风险已被识别，预案提前制定，风险发生后按预案执行。,"- 理解/记忆线索：提前预见+制定预案→风险发生→执行预案=应急措施。<br>- 易错点：不要因为""交接""听起来像临时措施就判断为权变——关键在于是否提前准备好了预案。<br>- 题干信号：提前预见到、储备人员、预案、启动了预案。<br>- 关联：T-RISK-003。<br>- 来源：SRC-T-RISK-003-002。",topic_qa,场景判断卡,,,,,上午选择,,,,T-RISK-003,T-RISK-003,SRC-T-RISK-003-002,outputs/anki_builds/full_expansion_20260521_003052/topics/by_topic/T-RISK-003/topic_qa_cards.md,T-RISK-003｜风险、问题、变更与应急措施跨域辨析 专题问答卡,,"T-RISK-003,T-RISK-003-002",keep,应急措施场景判断。,ruankao ruankao::family::topic_qa ruankao::card_type::场景判断卡 ruankao::importance:: ruankao::exam_use::上午选择 ruankao::topic::T-RISK-003,sha256:0de1bc39b28f56b2b59adc77
软考::系统集成项目管理工程师,Basic,问题日志中的问题在什么情况下需要提交变更请求？,当问题的解决需要修改基准（范围/进度/成本基准）时，必须提交变更请求走CCB审批。如果在现有基准内可解决（如使用应急储备或浮动时间），则不需要。,- 理解/记忆线索：改基准→走变更；不改基准→内部解决。<br>- 易错点：不是所有问题都需要走变更——关键看是否影响基准。<br>- 题干信号：超出预算、需要追加、影响基准。<br>- 关联：T-RISK-003；T-INT-004 整体变更控制。<br>- 来源：SRC-T-RISK-003-003。,topic_qa,辨析卡,,,,,上午选择,,,,T-RISK-003,T-RISK-003,SRC-T-RISK-003-003,outputs/anki_builds/full_expansion_20260521_003052/topics/by_topic/T-RISK-003/topic_qa_cards.md,T-RISK-003｜风险、问题、变更与应急措施跨域辨析 专题问答卡,,"T-RISK-003,T-INT-004,T-RISK-003-003",keep,问题→变更请求的触发条件。,ruankao ruankao::family::topic_qa ruankao::card_type::辨析卡 ruankao::importance:: ruankao::exam_use::上午选择 ruankao::topic::T-RISK-003,sha256:f319639e0665422c0c0793d4
软考::系统集成项目管理工程师,Basic,场景：问题的解决需要增加预算20万元，这超出了原成本基准。项目经理应该怎么做？,提交变更请求走CCB审批。因为超出成本基准，需要用管理储备或变更基准。,"- 理解/记忆线索：超基准=必须走变更。注意区分应急储备（在基准内）和管理储备（不在基准内）。<br>- 易错点：如果题干说""在应急储备范围内""——应急储备是成本基准的一部分，项目经理可以动用；但题干说""超出成本基准""——说明已超过应急储备，必须走变更。<br>- 题干信号：超出基准、增加预算、追加费用。<br>- 关联：T-RISK-003；T-COST-002。<br>- 来源：SRC-T-RISK-003-003。",topic_qa,场景判断卡,,,,,上午选择,,,,T-RISK-003,T-RISK-003,SRC-T-RISK-003-003,outputs/anki_builds/full_expansion_20260521_003052/topics/by_topic/T-RISK-003/topic_qa_cards.md,T-RISK-003｜风险、问题、变更与应急措施跨域辨析 专题问答卡,,"T-RISK-003,T-COST-002,T-RISK-003-003",keep,超基准走变更的判断训练。,ruankao ruankao::family::topic_qa ruankao::card_type::场景判断卡 ruankao::importance:: ruankao::exam_use::上午选择 ruankao::topic::T-RISK-003,sha256:647e7d0b4799430e27f5c80d
软考::系统集成项目管理工程师,Basic,已识别风险发生后的完整处理流程是什么？,更新风险登记册状态→记录到问题日志→启动应急计划（如有）→评估是否需变更基准→如需变更则提交变更请求→CCB审批→实施应对措施。,"- 理解/记忆线索：更新→记录→启动→评估→变更→审批→实施。<br>- 易错点：不要跳过""评估是否需变更基准""这一步——不是所有风险应对都需要改基准。<br>- 题干信号：风险发生、处理流程、应急计划。<br>- 关联：T-RISK-003。<br>- 来源：SRC-T-RISK-003-004。",topic_qa,流程卡,,,,,下午案例,,,,T-RISK-003,T-RISK-003,SRC-T-RISK-003-004,outputs/anki_builds/full_expansion_20260521_003052/topics/by_topic/T-RISK-003/topic_qa_cards.md,T-RISK-003｜风险、问题、变更与应急措施跨域辨析 专题问答卡,,"T-RISK-003,T-RISK-003-004",keep,风险发生后的完整处理流程。,ruankao ruankao::family::topic_qa ruankao::card_type::流程卡 ruankao::importance:: ruankao::exam_use::下午案例 ruankao::topic::T-RISK-003,sha256:50676c77853c80d2826f3512
软考::系统集成项目管理工程师,Basic,未识别事件（完全没想到的问题）发生后的处理流程是什么？,记录到问题日志→采取权变措施临时应对→评估是否需要提交变更请求→如需变更则走CCB审批→更新风险登记册（将此事件作为经验教训补充到风险识别中）。,- 理解/记忆线索：记录→权变→评估→变更（如需）→更新风险册。<br>- 易错点：权变措施是临时应对，不能替代正式的变更控制流程。<br>- 题干信号：没想到、突然发生、临时处理。<br>- 关联：T-RISK-003。<br>- 来源：SRC-T-RISK-003-004。,topic_qa,流程卡,,,,,下午案例,,,,T-RISK-003,T-RISK-003,SRC-T-RISK-003-004,outputs/anki_builds/full_expansion_20260521_003052/topics/by_topic/T-RISK-003/topic_qa_cards.md,T-RISK-003｜风险、问题、变更与应急措施跨域辨析 专题问答卡,,"T-RISK-003,T-RISK-003-004",keep,未识别事件的完整处理流程。,ruankao ruankao::family::topic_qa ruankao::card_type::流程卡 ruankao::importance:: ruankao::exam_use::下午案例 ruankao::topic::T-RISK-003,sha256:3ad806bf678586a0861c694a
软考::系统集成项目管理工程师,Basic,场景：项目已经出现关键人员离职导致当前活动停滞；同时团队担心后续测试质量可能下降。这两个分别属于什么？,关键人员离职导致活动停滞=已发生的问题（记录到问题日志）；后续测试质量可能下降=风险（记录到风险登记册）。,"- 理解/记忆线索：已发生=问题（现在）；可能=风险（未来）。同一个案例中两者可以同时存在。<br>- 易错点：不要把""担心后续质量""当成问题——它还没有发生。<br>- 题干信号：已经出现、导致停滞→问题；担心、可能、后续→风险。<br>- 关联：T-RISK-003。<br>- 来源：SRC-T-RISK-003-005。",topic_qa,场景判断卡,,,,,上午选择,,,,T-RISK-003,T-RISK-003,SRC-T-RISK-003-005,outputs/anki_builds/full_expansion_20260521_003052/topics/by_topic/T-RISK-003/topic_qa_cards.md,T-RISK-003｜风险、问题、变更与应急措施跨域辨析 专题问答卡,,"T-RISK-003,T-RISK-003-005",keep,同一案例中问题和风险并存的边界训练。,ruankao ruankao::family::topic_qa ruankao::card_type::场景判断卡 ruankao::importance:: ruankao::exam_use::上午选择 ruankao::topic::T-RISK-003,sha256:15be480909b9ed283c07a9a6
软考::系统集成项目管理工程师,Basic,场景：项目执行中服务器被雷击损坏——这个风险完全没人预料到。团队临时租用云服务器恢复工作。这个做法属于什么措施？,权变措施。因为风险完全没人预料到（未识别），临时租用是权宜之计。,"- 理解/记忆线索：完全没想到+临时应对=权变措施。<br>- 易错点：不要因为有""租用新服务器""这个预案性动作就认为是应急措施——关键区别在于""是否提前预见到并制定了预案""。<br>- 题干信号：完全没人想到、突然、临时租用。<br>- 关联：T-RISK-003。<br>- 来源：SRC-T-RISK-003-005。",topic_qa,场景判断卡,,,,,上午选择,,,,T-RISK-003,T-RISK-003,SRC-T-RISK-003-005,outputs/anki_builds/full_expansion_20260521_003052/topics/by_topic/T-RISK-003/topic_qa_cards.md,T-RISK-003｜风险、问题、变更与应急措施跨域辨析 专题问答卡,,"T-RISK-003,T-RISK-003-005",keep,权变措施场景判断——未识别风险的临时应对。,ruankao ruankao::family::topic_qa ruankao::card_type::场景判断卡 ruankao::importance:: ruankao::exam_use::上午选择 ruankao::topic::T-RISK-003,sha256:5c808a8e1293cd25b32d2307
软考::系统集成项目管理工程师,Basic,完成-开始（FS）依赖关系的含义是什么？,前序活动完成后，后续活动才能开始。这是最常用的依赖关系类型。,"- 理解/记忆线索：FS = Finish-to-Start。A完成，B才能开始。这是最直观的""先做A再做B""。<br>- 易错点：不要混淆FS和SS——FS是""完成→开始""，SS是""开始→开始""。<br>- 题干信号：""编码完成后才能测试""""等A结束后B才能开始""。FS通常不加后缀或写FS+0。<br>- 关联：无。<br>- 来源：SRC-SCH-TUTOR-001。",topic_qa,概念理解卡,,,,,上午选择,,,,T-SCH-002,T-SCH-002,SRC-SCH-TUTOR-001,outputs/anki_builds/full_expansion_20260521_003052/topics/by_topic/T-SCH-002/topic_qa_cards.md,T-SCH-002 最终人工可读卡片,,,keep,四种依赖关系的基础。,ruankao ruankao::family::topic_qa ruankao::card_type::概念理解卡 ruankao::importance:: ruankao::exam_use::上午选择 ruankao::topic::T-SCH-002,sha256:b108b2c9b6f37dd74b564ebb
软考::系统集成项目管理工程师,Basic,开始-开始（SS）依赖关系的含义是什么？,前序活动开始后，后续活动才能开始。常用于活动可以并行但要有先后启动顺序的场景。,"- 理解/记忆线索：SS = Start-to-Start。A开始后，B才能开始。两活动有重叠。<br>- 易错点：SS不要求A完成——A只要开始了，B就可以开始。<br>- 题干信号：""开始编写用户手册后，才能开始翻译用户手册""""A开始3天后B才能开始""→ SS+3。<br>- 来源：SRC-SCH-TUTOR-001。",topic_qa,概念理解卡,,,,,上午选择,,,,T-SCH-002,T-SCH-002,SRC-SCH-TUTOR-001,outputs/anki_builds/full_expansion_20260521_003052/topics/by_topic/T-SCH-002/topic_qa_cards.md,T-SCH-002 最终人工可读卡片,,,keep,,ruankao ruankao::family::topic_qa ruankao::card_type::概念理解卡 ruankao::importance:: ruankao::exam_use::上午选择 ruankao::topic::T-SCH-002,sha256:33023a109ac17a45c7c4935b
软考::系统集成项目管理工程师,Basic,完成-完成（FF）依赖关系的含义是什么？,前序活动完成后，后续活动才能完成。用于两个活动需要同时收尾的场景。,"- 理解/记忆线索：FF = Finish-to-Finish。A完成的同时，B才能完成。例如文档编写完，审核才能完。<br>- 易错点：FF控制的是""完成""时机，不是""开始""时机——B可能早就开始了，但必须在A完成后才能结束。<br>- 题干信号：""文档编写完成后，文档审核才能完成""""A和B必须同时结束""。<br>- 来源：SRC-SCH-TUTOR-001。",topic_qa,概念理解卡,,,,,上午选择,,,,T-SCH-002,T-SCH-002,SRC-SCH-TUTOR-001,outputs/anki_builds/full_expansion_20260521_003052/topics/by_topic/T-SCH-002/topic_qa_cards.md,T-SCH-002 最终人工可读卡片,,,keep,,ruankao ruankao::family::topic_qa ruankao::card_type::概念理解卡 ruankao::importance:: ruankao::exam_use::上午选择 ruankao::topic::T-SCH-002,sha256:8f7d7033acdc94cf40295325
软考::系统集成项目管理工程师,Basic,开始-完成（SF）依赖关系的含义是什么？为什么最少使用？,前序活动开始后，后续活动才能完成。因为逻辑反向不直观，实际场景极少，是四种关系中最少使用的。典型例子：新系统上线开始后，旧系统才能正式关闭。,"- 理解/记忆线索：SF = Start-to-Finish。A开始→B结束。只有A开始了，B才能结束。<br>- 易错点：考试常问""最常用的依赖关系是？→ FS""；""最少使用的依赖关系是？→ SF""。<br>- 题干信号：""新系统上线后旧系统才能下线""""A开始后B才能完成""。<br>- 来源：SRC-SCH-TUTOR-001。",topic_qa,概念理解卡,,,,,上午选择,,,,T-SCH-002,T-SCH-002,SRC-SCH-TUTOR-001,outputs/anki_builds/full_expansion_20260521_003052/topics/by_topic/T-SCH-002/topic_qa_cards.md,T-SCH-002 最终人工可读卡片,,,keep,"SF虽然低频但考试常考""最少使用""识别。",ruankao ruankao::family::topic_qa ruankao::card_type::概念理解卡 ruankao::importance:: ruankao::exam_use::上午选择 ruankao::topic::T-SCH-002,sha256:b101399d1fd80f4955378d72
软考::系统集成项目管理工程师,Basic,PDM/AON 与 ADM/AOA 的核心区别是什么？,PDM/AON（前导图法/单代号）——活动在节点（方框），箭线表逻辑关系，支持四种依赖关系，不需要虚活动。ADM/AOA（箭线图法/双代号）——活动在箭线，节点表事件，主要支持FS关系，需要虚活动表达复杂逻辑。,"- 理解/记忆线索：P(前导) = 活动在节点（方框）；A(箭线) = 活动在箭线。单代号=一个节点一个活动，双代号=两个节点定义一条箭线活动。<br>- 易错点：看到""虚线箭头""""虚活动""→ ADM/AOA；看到""活动在方框""→ PDM/AON。问""现代项目管理软件最常用的""→ PDM/AON。<br>- 题干信号：""活动在节点""""单代号""""前导图""→ PDM；""活动在箭线""""双代号""""虚活动""→ ADM。<br>- 关联：T-SCH-003 关键路径计算。<br>- 来源：SRC-SCH-TUTOR-001。",topic_qa,辨析卡,,,,,上午选择,,,,T-SCH-002,T-SCH-002,SRC-SCH-TUTOR-001,outputs/anki_builds/full_expansion_20260521_003052/topics/by_topic/T-SCH-002/topic_qa_cards.md,T-SCH-002 最终人工可读卡片,,T-SCH-003,keep,核心辨析，考试必出。,ruankao ruankao::family::topic_qa ruankao::card_type::辨析卡 ruankao::importance:: ruankao::exam_use::上午选择 ruankao::topic::T-SCH-002,sha256:9f79edde9acc84e721d48d73
软考::系统集成项目管理工程师,Basic,虚活动在ADM/AOA中的作用是什么？,正确表达活动之间的逻辑依赖关系，不消耗时间和资源。,"- 理解/记忆线索：虚活动=虚线箭头＝""逻辑连接器""，不耗时、不耗钱。<br>- 易错点：虚活动不等于滞后量（Lag）——滞后量是时间等待，虚活动是纯逻辑连接。<br>- 题干信号：""箭线图中的虚线箭头""""以下关于虚活动描述正确的是""。<br>- 关联：ADM/AOA。<br>- 来源：SRC-SCH-TUTOR-001。",topic_qa,概念理解卡,,,,,上午选择,,,,T-SCH-002,T-SCH-002,SRC-SCH-TUTOR-001,outputs/anki_builds/full_expansion_20260521_003052/topics/by_topic/T-SCH-002/topic_qa_cards.md,T-SCH-002 最终人工可读卡片,,,keep,ADM独有概念，高频。,ruankao ruankao::family::topic_qa ruankao::card_type::概念理解卡 ruankao::importance:: ruankao::exam_use::上午选择 ruankao::topic::T-SCH-002,sha256:9d9eda6f6327f79e0efff1e3
软考::系统集成项目管理工程师,Basic,强制性依赖与选择性依赖的核心区别是什么？,"强制性依赖（硬逻辑）由工作内在性质决定，不可违反，如""先建地基再建墙壁""。选择性依赖（软逻辑）基于最佳实践或偏好，可调整，如""通常先设计再编码""。","- 理解/记忆线索：强制=""必须这样，没得选""（物理/法律/合同）；选择=""最好这样，但也可调整""（经验/惯例）。<br>- 易错点：强制性依赖≠外部依赖。强制性来自工作性质，外部来自""非项目方""。<br>- 题干信号：""由工作性质决定的""""物理上不可颠倒""""法律要求""→ 强制；""按照惯例""""最佳实践""→ 选择。<br>- 关联：快速跟进——调整的是选择性依赖。<br>- 来源：SRC-SCH-TUTOR-001。",topic_qa,概念理解卡,,,,,上午选择,,,,T-SCH-002,T-SCH-002,SRC-SCH-TUTOR-001,outputs/anki_builds/full_expansion_20260521_003052/topics/by_topic/T-SCH-002/topic_qa_cards.md,T-SCH-002 最终人工可读卡片,,,keep,四种依赖确定方式的基础。,ruankao ruankao::family::topic_qa ruankao::card_type::概念理解卡 ruankao::importance:: ruankao::exam_use::上午选择 ruankao::topic::T-SCH-002,sha256:91f60782fc441e7415964266
软考::系统集成项目管理工程师,Basic,外部依赖与内部依赖的核心区别是什么？,外部依赖涉及项目与非项目活动之间的关系，超出项目团队控制（如政府审批、外部供货）。内部依赖是项目活动之间的依赖，在项目团队控制范围内。,"- 理解/记忆线索：外部=依赖外部单位（甲方/政府/供应商），内部=团队自己说了算。<br>- 易错点：外部依赖可能同时也是强制性依赖（如法律要求审批后才能开工→强制性外部依赖）。两者是不同分类维度。<br>- 题干信号：""需要等待政府审批""""需要供应商交付硬件""""不在项目团队控制范围内""。<br>- 关联：T-COM-001 沟通管理——外部干系人。<br>- 来源：SRC-SCH-TUTOR-001。",topic_qa,概念理解卡,,,,,上午选择,,,,T-SCH-002,T-SCH-002,SRC-SCH-TUTOR-001,outputs/anki_builds/full_expansion_20260521_003052/topics/by_topic/T-SCH-002/topic_qa_cards.md,T-SCH-002 最终人工可读卡片,,T-COM-001,keep,,ruankao ruankao::family::topic_qa ruankao::card_type::概念理解卡 ruankao::importance:: ruankao::exam_use::上午选择 ruankao::topic::T-SCH-002,sha256:ee1cfa78d282cf4d5df12572
软考::系统集成项目管理工程师,Basic,强制性依赖 vs 外部依赖的区别与交叉是什么？,"强制性依赖是""工作性质决定的必然逻辑""（物理/法律）；外部依赖是""涉及非项目方""。两者可独立判断，也可组合出现——如""法律要求政府审批后才能开工""属于""强制性外部依赖""。","- 理解/记忆线索：强制vs选择是一个维度（可不可违反），外部vs内部是另一个维度（谁控制）。两个维度正交。<br>- 易错点：不要把""强制性""等价于""外部""——混凝土养护（强制+内部）是强制性内部依赖。<br>- 题干信号：""混凝土养护7天才能拆模""→ 强制内部依赖；""需通过环保部门审批""→ 强制外部依赖。<br>- 来源：SRC-SCH-TUTOR-001。",topic_qa,辨析卡,,,,,上午选择,,,,T-SCH-002,T-SCH-002,SRC-SCH-TUTOR-001,outputs/anki_builds/full_expansion_20260521_003052/topics/by_topic/T-SCH-002/topic_qa_cards.md,T-SCH-002 最终人工可读卡片,,,keep,两轴交叉是辨析难点。,ruankao ruankao::family::topic_qa ruankao::card_type::辨析卡 ruankao::importance:: ruankao::exam_use::上午选择 ruankao::topic::T-SCH-002,sha256:75478d5a7f871b034b52dea2
软考::系统集成项目管理工程师,Basic,提前量（Lead）和滞后量（Lag）分别是什么？,提前量（Lead）允许后续活动提前开始，用负值表示（如FS-5）。滞后量（Lag）要求后续活动推迟开始，用正值表示（如FS+10）。,"- 理解/记忆线索：Lead=提前=负号（提前开始），Lag=滞后=正号（推迟开始）。<br>- 易错点：FS-5表示前序活动完成前5天后续活动就可以开始，不是""推迟5天""。<br>- 题干信号：""A完成前3天B就可以开始""→ FS-3；""混凝土养护7天后才能拆模""→ FS+7。<br>- 关联：T-SCH-003 进度压缩（快速跟进、赶工）。<br>- 来源：SRC-SCH-TUTOR-001。",topic_qa,概念理解卡,,,,,上午选择,,,,T-SCH-002,T-SCH-002,SRC-SCH-TUTOR-001,outputs/anki_builds/full_expansion_20260521_003052/topics/by_topic/T-SCH-002/topic_qa_cards.md,T-SCH-002 最终人工可读卡片,,T-SCH-003,keep,Lead/Lag符号规则考试常考。,ruankao ruankao::family::topic_qa ruankao::card_type::概念理解卡 ruankao::importance:: ruankao::exam_use::上午选择 ruankao::topic::T-SCH-002,sha256:1932f19edeb78568171e9a71
软考::系统集成项目管理工程师,Basic,提前量（Lead）与快速跟进（Fast-tracking）的区别是什么？,提前量是主动规划网络图时安排的（先计划好让活动重叠）；快速跟进是项目出现问题后被动将顺序关系改为部分并行的应急手段。,"- 理解/记忆线索：提前量是""计划中的重叠""，快速跟进是""出问题后的补救""。<br>- 易错点：快速跟进调整的是选择性依赖关系（软逻辑），不能调整强制性依赖。<br>- 题干信号：""项目进度落后，项目经理决定让设计编码部分并行""→ 快速跟进；""网络图画的时候就让测试提前启动""→ 提前量。<br>- 关联：T-SCH-003 进度压缩技术。<br>- 来源：SRC-SCH-TUTOR-001。",topic_qa,辨析卡,,,,,上午选择,,,,T-SCH-002,T-SCH-002,SRC-SCH-TUTOR-001,outputs/anki_builds/full_expansion_20260521_003052/topics/by_topic/T-SCH-002/topic_qa_cards.md,T-SCH-002 最终人工可读卡片,,T-SCH-003,keep,两个易混概念，区分到位。,ruankao ruankao::family::topic_qa ruankao::card_type::辨析卡 ruankao::importance:: ruankao::exam_use::上午选择 ruankao::topic::T-SCH-002,sha256:b19d06831f2fefe6869dce2a
软考::系统集成项目管理工程师,Basic,活动清单与活动属性的区别是什么？,活动清单列出项目所需的所有进度活动（活动名称、标识符）。活动属性扩展活动清单条目，包含活动编码、前序活动、后续活动、逻辑关系、提前滞后量、资源需求、约束条件等详细信息。,"- 理解/记忆线索：活动清单=活动列表（名称+ID），活动属性=每个活动的详细档案。<br>- 易错点：活动属性的信息量远大于活动清单——问""某个活动的前序活动是什么""→ 查活动属性，不是活动清单。<br>- 题干信号：""记录了每个活动的详细约束条件""""包括逻辑关系和资源需求""→ 活动属性。<br>- 关联：T-SCH-003。<br>- 来源：SRC-SCH-TUTOR-001。",topic_qa,概念理解卡,,,,,上午选择,,,,T-SCH-002,T-SCH-002,SRC-SCH-TUTOR-001,outputs/anki_builds/full_expansion_20260521_003052/topics/by_topic/T-SCH-002/topic_qa_cards.md,T-SCH-002 最终人工可读卡片,,T-SCH-003,keep,两项易混淆的输出文件。,ruankao ruankao::family::topic_qa ruankao::card_type::概念理解卡 ruankao::importance:: ruankao::exam_use::上午选择 ruankao::topic::T-SCH-002,sha256:edde7357c40303097526ed08
软考::系统集成项目管理工程师,Basic,里程碑的核心特征是什么？,"里程碑是项目中的重要事件或节点，持续时间为零，不消耗资源和成本。用于标志关键阶段的开始或完成，如""需求评审通过""""系统上线""。","- 理解/记忆线索：里程碑=路标=零工期、零成本、零资源。只标记""发生了什么""，不表示""做了什么""。<br>- 易错点：里程碑工期为0——它不是活动，没有持续时间。不要把带有时间长度的任务当作里程碑。<br>- 题干信号：""项目中的重要时间点""""零工期""""阶段关口""""关键交付节点""。<br>- 关联：T-SCH-001 定义活动。<br>- 来源：SRC-SCH-TUTOR-001。",topic_qa,概念理解卡,,,,,上午选择,,,,T-SCH-002,T-SCH-002,SRC-SCH-TUTOR-001,outputs/anki_builds/full_expansion_20260521_003052/topics/by_topic/T-SCH-002/topic_qa_cards.md,T-SCH-002 最终人工可读卡片,,T-SCH-001,keep,里程碑特征明确。,ruankao ruankao::family::topic_qa ruankao::card_type::概念理解卡 ruankao::importance:: ruankao::exam_use::上午选择 ruankao::topic::T-SCH-002,sha256:226575c802ac6ff3d5c35017
软考::系统集成项目管理工程师,Basic,题干出现哪些信号时应优先判断为FS关系？,"（1）""A完成后B才开始""；（2）""完成...后，才能...""；（3）没有特别说明的默认关系；（4）""等A结束后再开始B""。","- 易错点：FS是最常用的默认关系。题目如果不特殊说明活动之间的逻辑，很多题默认FS。<br>- 题干信号：隐含""先A后B""的表述都是FS信号。<br>- 来源：SRC-SCH-TUTOR-001。",topic_qa,关键词识别卡,,,,,上午选择,,,,T-SCH-002,T-SCH-002,SRC-SCH-TUTOR-001,outputs/anki_builds/full_expansion_20260521_003052/topics/by_topic/T-SCH-002/topic_qa_cards.md,T-SCH-002 最终人工可读卡片,,,keep,快速判断FS题干信号。,ruankao ruankao::family::topic_qa ruankao::card_type::关键词识别卡 ruankao::importance:: ruankao::exam_use::上午选择 ruankao::topic::T-SCH-002,sha256:219b3cc2b7685f61d9315084
软考::系统集成项目管理工程师,Basic,"案例题中出现""按照惯例""""以往项目经验""""最佳实践""等描述时，应定位到哪种依赖类型？",选择性依赖（软逻辑）。这类依赖基于经验和惯例而非硬性约束，在进度压缩中可通过快速跟进调整。,"- 理解/记忆线索：惯例=可改=选择性依赖。快速跟进专门改这种。<br>- 易错点：不要把""惯例""当作强制依赖——惯例不是物理定律，是可以改变的。<br>- 题干信号：""按照惯例""""最佳实践""""经验建议""""通常""。<br>- 关联：T-SCH-003 进度压缩。<br>- 来源：SRC-SCH-TUTOR-001。",topic_qa,关键词识别卡,,,,,上午选择,,,,T-SCH-002,T-SCH-002,SRC-SCH-TUTOR-001,outputs/anki_builds/full_expansion_20260521_003052/topics/by_topic/T-SCH-002/topic_qa_cards.md,T-SCH-002 最终人工可读卡片,,T-SCH-003,keep,做题信号词直接对上。,ruankao ruankao::family::topic_qa ruankao::card_type::关键词识别卡 ruankao::importance:: ruankao::exam_use::上午选择 ruankao::topic::T-SCH-002,sha256:3a582e75ba0c027c202a6df0
软考::系统集成项目管理工程师,Basic,案例题中识别依赖关系判断错误的表现有哪些？,（1）把选择性依赖当成强制依赖，过度保守不敢并行；（2）把外部依赖当作内部依赖，导致进度失控；（3）忽略了强制性依赖强行快速跟进，导致返工；（4）依赖关系方向弄反（如FS写成SF）；（5）未考虑滞后量（如混凝土养护期）。,- 理解/记忆线索：依赖关系判断错误的五种表现——类型误判、边界误判、强行调整、方向错误、遗漏等待。<br>- 易错点：案例中团队为赶进度把混凝土养护期缩短——这是违反强制性依赖，必然导致质量问题。<br>- 来源：SRC-SCH-TUTOR-001。,topic_qa,关键词识别卡,,,,,案例分析,,,,T-SCH-002,T-SCH-002,SRC-SCH-TUTOR-001,outputs/anki_builds/full_expansion_20260521_003052/topics/by_topic/T-SCH-002/topic_qa_cards.md,T-SCH-002 最终人工可读卡片,,,keep,案例排查模板。,ruankao ruankao::family::topic_qa ruankao::card_type::关键词识别卡 ruankao::importance:: ruankao::exam_use::案例分析 ruankao::topic::T-SCH-002,sha256:eb4d0e2d89550f732984d5f9
软考::系统集成项目管理工程师,Basic,以下哪项关于虚活动的描述是正确的？<br><br>A. 虚活动消耗时间但不消耗资源<br>B. 虚活动在PDM中常用<br>C. 虚活动消耗资源但不消耗时间<br>D. 虚活动不消耗时间也不消耗资源,D正确。虚活动在ADM/AOA中使用，不消耗时间也不消耗资源，仅用于表达逻辑依赖关系。,"- 易错点：A和C都是陷阱——虚活动既不消耗时间也不消耗资源。B错在虚活动只在ADM/AOA中使用，PDM不需要。<br>- 题干信号：""虚活动""""虚线箭头""""以下关于虚活动说法正确的是""。<br>- 来源：SRC-SCH-TUTOR-001。",topic_qa,陷阱卡,,,,,上午选择,,,,T-SCH-002,T-SCH-002,SRC-SCH-TUTOR-001,outputs/anki_builds/full_expansion_20260521_003052/topics/by_topic/T-SCH-002/topic_qa_cards.md,T-SCH-002 最终人工可读卡片,,,keep,常见陷阱集中排除。,ruankao ruankao::family::topic_qa ruankao::card_type::陷阱卡 ruankao::importance:: ruankao::exam_use::上午选择 ruankao::topic::T-SCH-002,sha256:8cd66c2899992f944adafc1d
软考::系统集成项目管理工程师,Basic,以下关于依赖关系的说法，哪项是错误的？<br><br>A. FS是最常用的依赖关系<br>B. SF是最少使用的依赖关系<br>C. SS关系中，前序活动必须完成后后续活动才能开始<br>D. 强制性依赖由工作内在性质决定,"C错误。SS关系中，前序活动只需要""开始""后续活动就能""开始""，不需要等前序活动完成。","- 易错点：看到SS就当作""前后关系""处理是常见错误。SS表示并行启动，不是串行。<br>- 题干信号：""关于依赖关系说法错误的是""。<br>- 来源：SRC-SCH-TUTOR-001。",topic_qa,陷阱卡,,,,,上午选择,,,,T-SCH-002,T-SCH-002,SRC-SCH-TUTOR-001,outputs/anki_builds/full_expansion_20260521_003052/topics/by_topic/T-SCH-002/topic_qa_cards.md,T-SCH-002 最终人工可读卡片,,,keep,"SS关系中""开始即可开始""的细节。",ruankao ruankao::family::topic_qa ruankao::card_type::陷阱卡 ruankao::importance:: ruankao::exam_use::上午选择 ruankao::topic::T-SCH-002,sha256:53831babbbbeeb1f431d5ac4
软考::系统集成项目管理工程师,Basic,活动A工期6天，活动B工期4天，关系为FS-3（提前量3天）。A在第1天开始。B最早在第几天完成？,A第1天开始，工期6→第6天完成。FS-3→B可在A完成前3天开始→第4天开始（第6-3+1=第4天，或理解为A第3天末B就可以开始）。B工期4→第4、5、6、7天→第7天完成。,"- 理解/记忆线索：FS提前量=后续活动在A完成前N天开始。注意：FS-3意味着B在A完成前3天开始，不是A开始后3天。<br>- 易错点：FS-3中""3""是天数，计算开始时间时用A完成时间减3，注意第1天开始还是第0天开始的基准。<br>- 题干信号：""FS-2""""提前量""""最早开始""""最早完成""。<br>- 来源：SRC-SCH-TUTOR-001。",topic_qa,计算卡,,,,,上午选择,,,,T-SCH-002,T-SCH-002,SRC-SCH-TUTOR-001,outputs/anki_builds/full_expansion_20260521_003052/topics/by_topic/T-SCH-002/topic_qa_cards.md,T-SCH-002 最终人工可读卡片,,,keep,提前量计算典型题。,ruankao ruankao::family::topic_qa ruankao::card_type::计算卡 ruankao::importance:: ruankao::exam_use::上午选择 ruankao::topic::T-SCH-002,sha256:f53a850960d6bd072e8f5ba1
软考::系统集成项目管理工程师,Basic,活动A工期5天，活动B工期3天，关系为SS+4（滞后量4天）。A在第1天开始。B最早在第几天开始？,SS+4→A开始4天后B才能开始。A第1天开始→A开始后4天→B从第5天开始（第1+4=第5天）。B工期3→第5、6、7天→第7天完成。SS+4意味着B要在A开始4天后才开始。,"- 理解/记忆线索：SS+N = A开始后N天B开始；SS-N = A开始前N天B就可以开始（提前量）。<br>- 易错点：SS+4是""A开始后等4天B才能开始""，不是""A完成4天后""。<br>- 题干信号：""SS关系""""滞后量""""A开始后N天B才能开始""。<br>- 来源：SRC-SCH-TUTOR-001。",topic_qa,计算卡,,,,,上午选择,,,,T-SCH-002,T-SCH-002,SRC-SCH-TUTOR-001,outputs/anki_builds/full_expansion_20260521_003052/topics/by_topic/T-SCH-002/topic_qa_cards.md,T-SCH-002 最终人工可读卡片,,,keep,SS加滞后量的计算。,ruankao ruankao::family::topic_qa ruankao::card_type::计算卡 ruankao::importance:: ruankao::exam_use::上午选择 ruankao::topic::T-SCH-002,sha256:4b995994b0871b004066db20
软考::系统集成项目管理工程师,Basic,"题干出现""方框代表活动""""单代号""""前导图""""四种逻辑关系""时，对应哪种方法？",PDM（前导图法）/ AON（单代号网络图）。这是现代项目管理软件最常用的方法。,"- 理解/记忆线索：单代号=每个节点只代表一个活动=PDM/AON。<br>- 易错点：注意AON和AOA不要混淆——AON（Activity-on-Node）活动在节点，AOA（Activity-on-Arrow）活动在箭线。<br>- 题干信号：英文题出现""Activity-on-Node""→ PDM/AON；""Activity-on-Arrow""→ ADM/AOA。<br>- 来源：SRC-SCH-TUTOR-001。",topic_qa,关键词识别卡,,,,,上午选择,,,,T-SCH-002,T-SCH-002,SRC-SCH-TUTOR-001,outputs/anki_builds/full_expansion_20260521_003052/topics/by_topic/T-SCH-002/topic_qa_cards.md,T-SCH-002 最终人工可读卡片,,,keep,英文题识别关键。,ruankao ruankao::family::topic_qa ruankao::card_type::关键词识别卡 ruankao::importance:: ruankao::exam_use::上午选择 ruankao::topic::T-SCH-002,sha256:fcdc49fbe8d7f2d7c7089589
软考::系统集成项目管理工程师,Basic,资源平衡（Resource Leveling）与活动排序的依赖关系如何相互影响？,资源平衡是调整活动开始/完成时间以解决资源冲突，可能改变关键路径和时差。进行资源平衡时不能违反强制性依赖关系，但可以调整选择性依赖关系。资源平衡后的网络图仍然必须遵守原有的FS/SS/FF/SF逻辑。,"- 理解/记忆线索：依赖关系定义""能不能做""的逻辑约束，资源平衡解决""有没有人做""的资源约束。逻辑约束优先。<br>- 易错点：资源平衡不能破坏强制性依赖——如果资源不足导致某个活动延期，必须保证前后逻辑仍然成立。<br>- 题干信号：""资源不足需要推迟活动""""资源平衡是否影响依赖关系""。<br>- 关联：T-HR-001 资源管理、T-SCH-003 进度控制。<br>- 来源：SRC-SCH-TUTOR-001。",topic_qa,跨专题卡,,,,,跨域辨析,,,,T-SCH-002,T-SCH-002,SRC-SCH-TUTOR-001,outputs/anki_builds/full_expansion_20260521_003052/topics/by_topic/T-SCH-002/topic_qa_cards.md,T-SCH-002 最终人工可读卡片,,"T-HR-001,T-SCH-003",keep,跨专题连接，考试综合分析题需要。,ruankao ruankao::family::topic_qa ruankao::card_type::跨专题卡 ruankao::importance:: ruankao::exam_use::跨域辨析 ruankao::topic::T-SCH-002,sha256:2ad623ccaec3af1d9d5a2aa6
软考::系统集成项目管理工程师,Basic,关键路径在项目网络图中如何定义？,关键路径是项目网络图中总持续时间最长的路径，它决定了项目的最短完成时间。,"- 理解：关键路径不是""最重要的活动""的路径，而是时间上最紧、总时差最小的路径。<br>- 记忆线索：最长=最紧=关键=决定工期。<br>- 题干信号：最短工期、项目至少需要多少天、最长路径、决定完工时间。<br>- 关联：T-SCH-002 进度计划编制。<br>- 来源：SRC-T-SCH-003-001。",topic_qa,概念理解卡,,,,,上午选择,,,,T-SCH-003,T-SCH-003,SRC-T-SCH-003-001,outputs/anki_builds/full_expansion_20260521_003052/topics/by_topic/T-SCH-003/topic_qa_cards.md,T-SCH-003 最终人工可读卡片,,"T-SCH-002,T-SCH-003-001",keep,"Front 明确定义关键路径，Back 不混淆""关键""和""重要""的管理含义。",ruankao ruankao::family::topic_qa ruankao::card_type::概念理解卡 ruankao::importance:: ruankao::exam_use::上午选择 ruankao::topic::T-SCH-003,sha256:6a9c9c87bb3ad318f8b910b5
软考::系统集成项目管理工程师,Basic,总时差（总浮动时间）的定义是什么？,在不延误项目完工日期的前提下，活动可以从其最早开始时间推迟的最大时间量。公式：总时差 = LF - EF = LS - ES。,"- 理解：总时差关心的是""会不会拖累整个项目""。<br>- 记忆线索：总时差=总工期不动的最大缓冲。<br>- 题干信号：不影响总工期、可以推迟多久、浮动时间、总时差计算。<br>- 关联：T-SCH-003 自由时差。<br>- 来源：SRC-T-SCH-003-001。",topic_qa,概念理解卡,,,,,上午选择,,,,T-SCH-003,T-SCH-003,SRC-T-SCH-003-001,outputs/anki_builds/full_expansion_20260521_003052/topics/by_topic/T-SCH-003/topic_qa_cards.md,T-SCH-003 最终人工可读卡片,,"T-SCH-003,T-SCH-003-001",keep,总时差定义是计算题基础，Back 给出双公式。,ruankao ruankao::family::topic_qa ruankao::card_type::概念理解卡 ruankao::importance:: ruankao::exam_use::上午选择 ruankao::topic::T-SCH-003,sha256:f9508e0aa8d3317c8f9462e6
软考::系统集成项目管理工程师,Basic,自由时差（自由浮动时间）的定义是什么？,在不延误任何紧后活动最早开始时间的前提下，活动可以从其最早开始时间推迟的最大时间量。公式：自由时差 = min(紧后ES) - 本EF。,"- 理解：自由时差只看""紧后活动""能不能按时开始，不看总工期。<br>- 记忆线索：自由时差=不影响邻居的缓冲。<br>- 题干信号：不影响紧后活动、紧后最早开始、自由时差计算。<br>- 关联：T-SCH-003 总时差。<br>- 来源：SRC-T-SCH-003-001。",topic_qa,概念理解卡,,,,,上午选择,,,,T-SCH-003,T-SCH-003,SRC-T-SCH-003-001,outputs/anki_builds/full_expansion_20260521_003052/topics/by_topic/T-SCH-003/topic_qa_cards.md,T-SCH-003 最终人工可读卡片,,"T-SCH-003,T-SCH-003-001",keep,与 Card 002 形成定义对，考试常放在一起辨析。,ruankao ruankao::family::topic_qa ruankao::card_type::概念理解卡 ruankao::importance:: ruankao::exam_use::上午选择 ruankao::topic::T-SCH-003,sha256:8dffb30d9975bd4cafd2209b
软考::系统集成项目管理工程师,Basic,正推法（Forward Pass）在关键路径法中解决什么问题？,从网络图起点开始，沿箭线方向计算每个活动的最早开始时间（ES）和最早完成时间（EF）。口诀：顺箭线，取最大。,- 关键规则：起始活动ES=0；后续活动ES=所有紧前活动中最大的EF；EF=ES+工期。<br>- 易错点：遇到多个紧前活动时，ES 要取最大 EF，不是最小。<br>- 题干信号：计算最早开始、最早完成、正推法取值。<br>- 来源：SRC-T-SCH-003-001。,topic_qa,概念理解卡,,,,,上午选择,,,,T-SCH-003,T-SCH-003,SRC-T-SCH-003-001,outputs/anki_builds/full_expansion_20260521_003052/topics/by_topic/T-SCH-003/topic_qa_cards.md,T-SCH-003 最终人工可读卡片,,T-SCH-003-001,keep,正推法原理必须单独一张卡，Back 给出口诀方便记忆。,ruankao ruankao::family::topic_qa ruankao::card_type::概念理解卡 ruankao::importance:: ruankao::exam_use::上午选择 ruankao::topic::T-SCH-003,sha256:0e5355b70179475c892d0d97
软考::系统集成项目管理工程师,Basic,逆推法（Backward Pass）在关键路径法中解决什么问题？,从网络图终点开始，逆箭线方向计算每个活动的最迟开始时间（LS）和最迟完成时间（LF）。口诀：逆箭线，取最小。,- 关键规则：终点活动LF=项目总工期；LS=LF-工期；前置活动LF=所有紧后活动中最小的LS。<br>- 易错点：遇到多个紧后活动时，LF 要取最小 LS，不是最大。<br>- 题干信号：计算最迟开始、最迟完成、逆推法取值。<br>- 来源：SRC-T-SCH-003-001。,topic_qa,概念理解卡,,,,,上午选择,,,,T-SCH-003,T-SCH-003,SRC-T-SCH-003-001,outputs/anki_builds/full_expansion_20260521_003052/topics/by_topic/T-SCH-003/topic_qa_cards.md,T-SCH-003 最终人工可读卡片,,T-SCH-003-001,keep,与 Card 004 构成正推逆推对，口诀对比记忆。,ruankao ruankao::family::topic_qa ruankao::card_type::概念理解卡 ruankao::importance:: ruankao::exam_use::上午选择 ruankao::topic::T-SCH-003,sha256:7181fe8e7d78f27653515d7f
软考::系统集成项目管理工程师,Basic,前导图法（PDM/AON）中，节点通常标注哪些信息？,节点通常标注 ES（最早开始）、工期、EF（最早完成）、活动名称、LS（最迟开始）、总时差、LF（最迟完成）。,"- 记忆线索：七要素：ES-工期-EF-活动名-LS-总时差-LF，也称""六标时法""（活动名居中）。<br>- 题干信号：节点信息、六标时、PDM 节点标注。<br>- 来源：SRC-T-SCH-003-001。",topic_qa,概念理解卡,,,,,上午选择,,,,T-SCH-003,T-SCH-003,SRC-T-SCH-003-001,outputs/anki_builds/full_expansion_20260521_003052/topics/by_topic/T-SCH-003/topic_qa_cards.md,T-SCH-003 最终人工可读卡片,,T-SCH-003-001,keep,专考 PDM 节点信息，与 ADM 箭线概念区分。,ruankao ruankao::family::topic_qa ruankao::card_type::概念理解卡 ruankao::importance:: ruankao::exam_use::上午选择 ruankao::topic::T-SCH-003,sha256:e1ffb5742022e88c871bde45
软考::系统集成项目管理工程师,Basic,总时差 vs 自由时差的核心区别是什么？,"总时差看""是否影响总工期""；自由时差看""是否影响紧后活动最早开始""。总时差 >= 自由时差。","- 记忆线索：总时差=全局缓冲；自由时差=局部缓冲。<br>- 易错点：题干问""在不影响总工期的前提下""选总时差；""在不影响紧后活动最早开始的前提下""选自由时差。<br>- 题干信号：能不能推迟、浮动时间、不影响紧后/不影响总工期。<br>- 关联：T-SCH-003 时差计算。<br>- 来源：SRC-T-SCH-003-001。",topic_qa,辨析卡,,,,,上午选择,,,,T-SCH-003,T-SCH-003,SRC-T-SCH-003-001,outputs/anki_builds/full_expansion_20260521_003052/topics/by_topic/T-SCH-003/topic_qa_cards.md,T-SCH-003 最终人工可读卡片,,"T-SCH-003,T-SCH-003-001",keep,最高频辨析之一，Extra 直接给出两种题干判断法。,ruankao ruankao::family::topic_qa ruankao::card_type::辨析卡 ruankao::importance:: ruankao::exam_use::上午选择 ruankao::topic::T-SCH-003,sha256:11ece851d9556579f45c9286
软考::系统集成项目管理工程师,Basic,前导图法（PDM）和箭线图法（ADM）的核心区别是什么？,PDM（单代号）用节点代表活动、箭头代表逻辑关系；ADM（双代号）用箭线代表活动、节点代表事件，且需要引入虚活动表达依赖关系。,"- 记忆线索：PDM=活动在节点上；ADM=活动在箭线上。<br>- 易错点：看到""虚线箭头""一定是 ADM/AOA；看到""节点表示活动""一定是 PDM/AON。<br>- 题干信号：网络图类型识别、单代号/双代号、虚活动。<br>- 来源：SRC-T-SCH-003-001。",topic_qa,辨析卡,,,,,上午选择,,,,T-SCH-003,T-SCH-003,SRC-T-SCH-003-001,outputs/anki_builds/full_expansion_20260521_003052/topics/by_topic/T-SCH-003/topic_qa_cards.md,T-SCH-003 最终人工可读卡片,,T-SCH-003-001,keep,两种网络图的区分是高频选择题考点。,ruankao ruankao::family::topic_qa ruankao::card_type::辨析卡 ruankao::importance:: ruankao::exam_use::上午选择 ruankao::topic::T-SCH-003,sha256:340007f962ed1c1760c8e799
软考::系统集成项目管理工程师,Basic,关键路径（CPM）和关键链法（CCM）的核心区别是什么？,CPM 关注活动依赖关系和时差计算，不考虑资源约束；CCM 在 CPM 基础上加入资源约束和项目缓冲，用缓冲管理替代浮动时间管理。,"- 理解：CCM 是 CPM 的增强版，增加了""资源有限""的现实约束和缓冲机制。<br>- 题干信号：资源约束、缓冲管理、关键链、项目缓冲/接驳缓冲。<br>- 易错点：看到""关键路径""不等于""关键链""；关键链比关键路径多了资源优化和缓冲。<br>- 来源：SRC-T-SCH-003-001。",topic_qa,辨析卡,,,,,上午选择,,,,T-SCH-003,T-SCH-003,SRC-T-SCH-003-001,outputs/anki_builds/full_expansion_20260521_003052/topics/by_topic/T-SCH-003/topic_qa_cards.md,T-SCH-003 最终人工可读卡片,,T-SCH-003-001,keep,专题已提示 CCM 不在本专题重点，但考试可能将两者作为干扰选项。,ruankao ruankao::family::topic_qa ruankao::card_type::辨析卡 ruankao::importance:: ruankao::exam_use::上午选择 ruankao::topic::T-SCH-003,sha256:ed9c5ea4748ad3cd3bb50e6d
软考::系统集成项目管理工程师,Basic,赶工（Crashing）和快速跟进（Fast-tracking）的核心区别是什么？,赶工是增加资源（如加人、加班）来压缩活动工期，成本通常增加；快速跟进是改变逻辑关系（将串行改为并行），可能增加返工风险。,- 记忆线索：赶工=加资源涨成本；快速跟进=改并行涨风险。<br>- 易错点：赶工不一定减少项目风险，快速跟进不直接增加成本但可能增加返工成本。<br>- 题干信号：进度压缩、加人加班、并行执行。<br>- 关联：T-SCH-003 进度压缩。<br>- 来源：SRC-T-SCH-003-001。,topic_qa,辨析卡,,,,,上午选择/案例分析,,,,T-SCH-003,T-SCH-003,SRC-T-SCH-003-001,outputs/anki_builds/full_expansion_20260521_003052/topics/by_topic/T-SCH-003/topic_qa_cards.md,T-SCH-003 最终人工可读卡片,,"T-SCH-003,T-SCH-003-001",keep,进度压缩两大技术的辨析是案例和选择的必考点。,ruankao ruankao::family::topic_qa ruankao::card_type::辨析卡 ruankao::importance:: ruankao::exam_use::上午选择/案例分析 ruankao::topic::T-SCH-003,sha256:d959bf4dbe73b2f0c26f1f14
软考::系统集成项目管理工程师,Basic,完成-开始（FS）和开始-开始（SS）两种依赖关系的区别是什么？,FS 要求紧前活动完成后紧后活动才能开始（最常用，默认关系）；SS 要求紧前活动开始后紧后活动就能开始（可部分并行）。,- 记忆线索：FS=前完成后才能开始；SS=前一启动就能开始。<br>- 易错点：SS 不等于同时开始，只是允许紧后不等到完成才启动。<br>- 题干信号：逻辑关系类型、FS/SS/FF/SF、依赖关系识别。<br>- 来源：SRC-T-SCH-003-001。,topic_qa,辨析卡,,,,,上午选择,,,,T-SCH-003,T-SCH-003,SRC-T-SCH-003-001,outputs/anki_builds/full_expansion_20260521_003052/topics/by_topic/T-SCH-003/topic_qa_cards.md,T-SCH-003 最终人工可读卡片,,T-SCH-003-001,keep,FS 是默认但考试常考 SS 和 FF 的特殊场景。,ruankao ruankao::family::topic_qa ruankao::card_type::辨析卡 ruankao::importance:: ruankao::exam_use::上午选择 ruankao::topic::T-SCH-003,sha256:3421666fa37e90305eda4833
软考::系统集成项目管理工程师,Basic,单关键路径和多条关键路径在管理含义上有什么不同？,单关键路径时只重点关注一条路径；多条关键路径时项目进度风险更大，压缩工期必须在多条路径上同时压缩才有效。,"- 理解：多条关键路径意味着多个""不能延误""的活动链，任何一个延误都会影响总工期。<br>- 题干信号：多条关键路径、进度风险更大、同时压缩。<br>- 来源：SRC-T-SCH-003-001。",topic_qa,辨析卡,,,,,上午选择,,,,T-SCH-003,T-SCH-003,SRC-T-SCH-003-001,outputs/anki_builds/full_expansion_20260521_003052/topics/by_topic/T-SCH-003/topic_qa_cards.md,T-SCH-003 最终人工可读卡片,,T-SCH-003-001,keep,"考试可能问""项目存在多条关键路径意味着什么""，这张卡给答题方向。",ruankao ruankao::family::topic_qa ruankao::card_type::辨析卡 ruankao::importance:: ruankao::exam_use::上午选择 ruankao::topic::T-SCH-003,sha256:d7b623ef8783e4facd7b30ae
软考::系统集成项目管理工程师,Basic,如何用正推法和逆推法找出项目的关键路径？,第一步正推：从起点到终点，顺箭线取最大EF作为后续活动ES，算出总工期。,- 理解：正推定工期，逆推定时差，时差=0即关键。<br>- 易错点：不能只做正推不做逆推，总时差必须通过正推和逆推结果才能计算。<br>- 题干信号：求关键路径、计算网络图、正推逆推步骤。<br>- 关联：Card 004、Card 005。<br>- 来源：SRC-T-SCH-003-001。,topic_qa,流程卡,,,,,计算题,,,,T-SCH-003,T-SCH-003,SRC-T-SCH-003-001,outputs/anki_builds/full_expansion_20260521_003052/topics/by_topic/T-SCH-003/topic_qa_cards.md,T-SCH-003 最终人工可读卡片,,T-SCH-003-001,keep,完整流程型卡片，适合计算题前的知识准备。,ruankao ruankao::family::topic_qa ruankao::card_type::流程卡 ruankao::importance:: ruankao::exam_use::计算题 ruankao::topic::T-SCH-003,sha256:fe7a51c11a544651acc62ad7
软考::系统集成项目管理工程师,Basic,如何计算活动A的自由时差？,先确定A的最早完成时间EF_A，然后找出A的所有紧后活动最早开始时间ES的最小值，自由时差 = min(紧后ES) - EF_A。如果A没有紧后活动（终点活动），自由时差=总时差。,"- 理解：自由时差的关键是找""最早的紧后活动什么时候开始""，不是全部紧后。<br>- 易错点：紧后活动有多个时，取最小的ES，不是任意一个。<br>- 题干信号：自由时差计算、不影响紧后活动。<br>- 来源：SRC-T-SCH-003-001。",topic_qa,流程卡,,,,,计算题,,,,T-SCH-003,T-SCH-003,SRC-T-SCH-003-001,outputs/anki_builds/full_expansion_20260521_003052/topics/by_topic/T-SCH-003/topic_qa_cards.md,T-SCH-003 最终人工可读卡片,,T-SCH-003-001,keep,自由时差计算流程，与总时差计算卡互补。,ruankao ruankao::family::topic_qa ruankao::card_type::流程卡 ruankao::importance:: ruankao::exam_use::计算题 ruankao::topic::T-SCH-003,sha256:dcccc404854acdfe75c625ec
软考::系统集成项目管理工程师,Basic,进度压缩时，为什么必须优先压缩关键路径上的活动？,因为关键路径决定了项目最短工期，只有压缩关键路径上的活动才能真正缩短总工期。压缩非关键活动只在改变路径时长关系时才可能缩短工期（即非关键路径被压缩到比原关键路径短）。,"- 理解：压缩非关键活动像""压缩已经有缓冲的时间""，不会改变总工期。<br>- 易错点：考试选择题可能说""压缩非关键活动也能缩短工期""，需要判断——通常不能，除非改变路径长度关系。<br>- 题干信号：进度压缩方案、最短工期、关键路径优先。<br>- 来源：SRC-T-SCH-003-001。",topic_qa,流程卡,,,,,案例分析,,,,T-SCH-003,T-SCH-003,SRC-T-SCH-003-001,outputs/anki_builds/full_expansion_20260521_003052/topics/by_topic/T-SCH-003/topic_qa_cards.md,T-SCH-003 最终人工可读卡片,,T-SCH-003-001,keep,压缩策略的基本原理，考试选择判断必考。,ruankao ruankao::family::topic_qa ruankao::card_type::流程卡 ruankao::importance:: ruankao::exam_use::案例分析 ruankao::topic::T-SCH-003,sha256:8694f07f4890de41d6a41e63
软考::系统集成项目管理工程师,Basic,非关键活动延误超过其总时差时，项目会出现什么情况？,该活动所在的路径可能变成新的关键路径（或与原关键路径并列），项目总工期将延长。,"- 理解：总时差是""安全余量""，用完余量后就会影响总工期。<br>- 题干信号：延误超过总时差、关键路径变化、工期延长。<br>- 关联：Card 027 关键路径变化判断。<br>- 来源：SRC-T-SCH-003-001。",topic_qa,流程卡,,,,,计算题,,,,T-SCH-003,T-SCH-003,SRC-T-SCH-003-001,outputs/anki_builds/full_expansion_20260521_003052/topics/by_topic/T-SCH-003/topic_qa_cards.md,T-SCH-003 最终人工可读卡片,,T-SCH-003-001,keep,这是关键路径动态变化的核心判断规则。,ruankao ruankao::family::topic_qa ruankao::card_type::流程卡 ruankao::importance:: ruankao::exam_use::计算题 ruankao::topic::T-SCH-003,sha256:80260ebd310a76be665574a0
软考::系统集成项目管理工程师,Basic,"题干出现哪些信号时应优先想到""关键路径识别""？",最短工期、最少需要几天、总工期、决定项目工期、最长路径、不能延误的路径。,"- 反例：问""浮动时间、缓冲时间""时不要只回答关键路径识别，要想到时差计算。<br>- 来源：SRC-T-SCH-003-001。",topic_qa,关键词识别卡,,,,,上午选择,,,,T-SCH-003,T-SCH-003,SRC-T-SCH-003-001,outputs/anki_builds/full_expansion_20260521_003052/topics/by_topic/T-SCH-003/topic_qa_cards.md,T-SCH-003 最终人工可读卡片,,T-SCH-003-001,keep,为选择题快速定位考点提供信号词对照。,ruankao ruankao::family::topic_qa ruankao::card_type::关键词识别卡 ruankao::importance:: ruankao::exam_use::上午选择 ruankao::topic::T-SCH-003,sha256:15695a1520c810915d0433b5
软考::系统集成项目管理工程师,Basic,"题干出现哪些信号时应想到""总时差计算""？",在不影响总工期/项目完工日期的前提下、可以推迟多久、总浮动时间、最迟开始-最早开始、LS-ES、LF-EF。,"- 易错点：如果题干说""不影响紧后活动""就不是总时差，是自由时差。<br>- 来源：SRC-T-SCH-003-001。",topic_qa,关键词识别卡,,,,,上午选择,,,,T-SCH-003,T-SCH-003,SRC-T-SCH-003-001,outputs/anki_builds/full_expansion_20260521_003052/topics/by_topic/T-SCH-003/topic_qa_cards.md,T-SCH-003 最终人工可读卡片,,T-SCH-003-001,keep,"和 Card 019 配对，帮考生区分""总时差""和""自由时差""的题干。",ruankao ruankao::family::topic_qa ruankao::card_type::关键词识别卡 ruankao::importance:: ruankao::exam_use::上午选择 ruankao::topic::T-SCH-003,sha256:b2cec08a0c598019fe58f016
软考::系统集成项目管理工程师,Basic,"题干出现哪些信号时应想到""自由时差计算""？",不影响紧后活动最早开始时间的前提下、可以推迟多久、自由浮动时间、紧后活动ES、min(紧后ES)-本EF。,"- 易错点：自由时差不等于""可以随便推迟""，只保证不拖累紧后活动的最早开始。<br>- 来源：SRC-T-SCH-003-001。",topic_qa,关键词识别卡,,,,,上午选择,,,,T-SCH-003,T-SCH-003,SRC-T-SCH-003-001,outputs/anki_builds/full_expansion_20260521_003052/topics/by_topic/T-SCH-003/topic_qa_cards.md,T-SCH-003 最终人工可读卡片,,T-SCH-003-001,keep,与 Card 018 形成题干词对照。,ruankao ruankao::family::topic_qa ruankao::card_type::关键词识别卡 ruankao::importance:: ruankao::exam_use::上午选择 ruankao::topic::T-SCH-003,sha256:1ad64c5a193f177cf463d39f
软考::系统集成项目管理工程师,Basic,案例分析中，哪些题干描述暗示需要分析进度压缩方案？,客户要求提前交付、工期不够、项目延误需要赶回来、如何加速项目进度、资源可以增加。,- 答题方向：先判断关键路径→再考虑赶工还是快速跟进→分析成本和风险影响。<br>- 来源：SRC-T-SCH-003-001。,topic_qa,关键词识别卡,,,,,案例分析,,,,T-SCH-003,T-SCH-003,SRC-T-SCH-003-001,outputs/anki_builds/full_expansion_20260521_003052/topics/by_topic/T-SCH-003/topic_qa_cards.md,T-SCH-003 最终人工可读卡片,,T-SCH-003-001,keep,案例题答题前的快速定位信号。,ruankao ruankao::family::topic_qa ruankao::card_type::关键词识别卡 ruankao::importance:: ruankao::exam_use::案例分析 ruankao::topic::T-SCH-003,sha256:3620a5517e8e227b0f958069
软考::系统集成项目管理工程师,Basic,"题干中出现""虚活动""时，应联想到哪些知识点？",虚活动属于ADM/AOA（双代号）网络图，用虚线箭头表示，不消耗时间和资源，仅用于表达活动间的依赖关系。,- 易错点：虚活动不是真实活动，工期=0，需要参与路径总工期计算。<br>- 来源：SRC-T-SCH-003-001。,topic_qa,关键词识别卡,,,,,上午选择,,,,T-SCH-003,T-SCH-003,SRC-T-SCH-003-001,outputs/anki_builds/full_expansion_20260521_003052/topics/by_topic/T-SCH-003/topic_qa_cards.md,T-SCH-003 最终人工可读卡片,,T-SCH-003-001,keep,虚活动概念单独卡片，适合选择题直接判断。,ruankao ruankao::family::topic_qa ruankao::card_type::关键词识别卡 ruankao::importance:: ruankao::exam_use::上午选择 ruankao::topic::T-SCH-003,sha256:be91d9d0a0e4840048d1076b
软考::系统集成项目管理工程师,Basic,下午案例题中，哪些信号表明需要重新计算或更新关键路径？,活动实际工期发生变化（提前或延误）、关键路径上活动延误、非关键活动延误超过总时差、资源调配改变了活动顺序、客户要求变更工期。,- 答题方向：重新正推逆推→更新关键路径→评估对总工期影响→制定压缩或调整方案。<br>- 来源：SRC-T-SCH-003-001。,topic_qa,关键词识别卡,,,,,案例分析,,,,T-SCH-003,T-SCH-003,SRC-T-SCH-003-001,outputs/anki_builds/full_expansion_20260521_003052/topics/by_topic/T-SCH-003/topic_qa_cards.md,T-SCH-003 最终人工可读卡片,,T-SCH-003-001,keep,案例题中的动态网络图判断场景，适合下午题答题准备。,ruankao ruankao::family::topic_qa ruankao::card_type::关键词识别卡 ruankao::importance:: ruankao::exam_use::案例分析 ruankao::topic::T-SCH-003,sha256:0cc8e13d332e4f992ce94fd3
软考::系统集成项目管理工程师,Basic,"""总时差为0的活动就是关键活动""这句话是否在任何情况下都成立？",不一定。当项目规定了比关键路径更早的强制完工日期时，所有活动的总时差可能为负数，此时总时差=0的活动不一定就是关键活动。,"- 理解：关键活动的核心定义是""位于关键路径上""，总时差=0是典型的特征但不是唯一判定标准。<br>- 题干信号：强制完工日期、赶工要求、负总时差。<br>- 来源：SRC-T-SCH-003-001。",topic_qa,陷阱卡,,,,,上午选择,,,,T-SCH-003,T-SCH-003,SRC-T-SCH-003-001,outputs/anki_builds/full_expansion_20260521_003052/topics/by_topic/T-SCH-003/topic_qa_cards.md,T-SCH-003 最终人工可读卡片,,T-SCH-003-001,keep,纠正一个绝对化理解，考试选择题可能利用此设置陷阱。,ruankao ruankao::family::topic_qa ruankao::card_type::陷阱卡 ruankao::importance:: ruankao::exam_use::上午选择 ruankao::topic::T-SCH-003,sha256:25eb5775aafa26bc22fd5614
软考::系统集成项目管理工程师,Basic,"""非关键活动的延误不会影响项目总工期""这句话为什么是错的？",非关键活动仅在不超过其总时差的范围内延误才不会影响总工期；一旦延误超过总时差，就会改变关键路径并延长总工期。,- 记忆线索：非关键=有缓冲≠无限缓冲。<br>- 题干信号：非关键活动、只推迟几天、总工期不变、时差用完。<br>- 来源：SRC-T-SCH-003-001。,topic_qa,陷阱卡,,,,,上午选择,,,,T-SCH-003,T-SCH-003,SRC-T-SCH-003-001,outputs/anki_builds/full_expansion_20260521_003052/topics/by_topic/T-SCH-003/topic_qa_cards.md,T-SCH-003 最终人工可读卡片,,T-SCH-003-001,keep,绝对化说法是考试选择题常见干扰项。,ruankao ruankao::family::topic_qa ruankao::card_type::陷阱卡 ruankao::importance:: ruankao::exam_use::上午选择 ruankao::topic::T-SCH-003,sha256:4b3d1763ac991c8cc93bec86
软考::系统集成项目管理工程师,Basic,"以下说法是否正确：""关键路径上的活动工期之和一定等于项目总工期""？",不一定。只有当项目只有一个结束活动且关键路径唯一时，关键路径上的活动工期之和才等于项目总工期。如果存在多条关键路径或强制日期约束，这个等式可能不成立。,"- 理解：关键路径上的活动之和是""最大值""，但如果其他路径也和这个最大值相等，总工期仍然等于这个值。<br>- 易错点：题干说""一定""通常就是错的——项目管理中没有那么多""一定""。<br>- 来源：SRC-T-SCH-003-001。",topic_qa,陷阱卡,,,,,上午选择,,,,T-SCH-003,T-SCH-003,SRC-T-SCH-003-001,outputs/anki_builds/full_expansion_20260521_003052/topics/by_topic/T-SCH-003/topic_qa_cards.md,T-SCH-003 最终人工可读卡片,,T-SCH-003-001,keep,"""一定""类绝对说法是软考高频陷阱。",ruankao ruankao::family::topic_qa ruankao::card_type::陷阱卡 ruankao::importance:: ruankao::exam_use::上午选择 ruankao::topic::T-SCH-003,sha256:6892c393509ff3f227482462
软考::系统集成项目管理工程师,Basic,活动的总时差和自由时差可以相等吗？什么情况下？,可以。当活动是项目的最后一个活动（没有紧后活动）时，自由时差=总时差。另外，当紧后活动只有1个且紧后活动本身没有其他紧前活动时也可能相等。,- 理解：一般情况下自由时差≤总时差，相等是特殊情况而非一般情况。<br>- 题干信号：自由时差等于总时差、两者相等。<br>- 来源：SRC-T-SCH-003-001。,topic_qa,陷阱卡,,,,,上午选择,,,,T-SCH-003,T-SCH-003,SRC-T-SCH-003-001,outputs/anki_builds/full_expansion_20260521_003052/topics/by_topic/T-SCH-003/topic_qa_cards.md,T-SCH-003 最终人工可读卡片,,T-SCH-003-001,keep,"考试可能用""两者是否相等""设问，这张卡给出边界条件。",ruankao ruankao::family::topic_qa ruankao::card_type::陷阱卡 ruankao::importance:: ruankao::exam_use::上午选择 ruankao::topic::T-SCH-003,sha256:76b05b24b44de25860f6998a
软考::系统集成项目管理工程师,Basic,项目执行过程中，关键路径上的活动A延误了3天，项目经理立即对活动A增加资源进行赶工。这个做法可能有什么问题？,问题在于没有先分析延误原因和影响。需要确认：①延误是否在总时差范围内（如果A是关键活动，总时差=0则直接拖延工期）；②增加赶工是否有效（活动是否可压缩、是否在关键路径上最经济的压缩点）；③是否有非关键路径上的活动可以提供资源而不增加总成本。,- 理解：赶工不是延误后的默认选择，需要先分析再决策。<br>- 答题方向：分析原因→评估影响→比较方案→制定对策。<br>- 来源：SRC-T-SCH-003-001。,topic_qa,陷阱卡,,,,,案例分析,,,,T-SCH-003,T-SCH-003,SRC-T-SCH-003-001,outputs/anki_builds/full_expansion_20260521_003052/topics/by_topic/T-SCH-003/topic_qa_cards.md,T-SCH-003 最终人工可读卡片,,T-SCH-003-001,keep,"纠正""活动延误就赶工""的思维惯性，适合案例答题思路训练。",ruankao ruankao::family::topic_qa ruankao::card_type::陷阱卡 ruankao::importance:: ruankao::exam_use::案例分析 ruankao::topic::T-SCH-003,sha256:fa26403cf4662f5d8ffb50ee
软考::系统集成项目管理工程师,Basic,"""压缩非关键活动一定不能缩短项目总工期""这个说法正确吗？",不完全正确。通常情况下正确，但如果非关键路径被大幅压缩直到其总路径长度小于原关键路径，关键路径可能转移到其他未被压缩的路径上，此时压缩非关键活动对缩短总工期没有直接帮助。更精确地说：压缩非关键活动通常不能缩短总工期，除非它改变整个网络图的最长路径结构。,"- 记忆线索：压缩非关键≈压缩缓冲区，通常不影响瓶口。<br>- 题干信号：""一定""的绝对化表述通常是陷阱。<br>- 来源：SRC-T-SCH-003-001。",topic_qa,陷阱卡,,,,,上午选择,,,,T-SCH-003,T-SCH-003,SRC-T-SCH-003-001,outputs/anki_builds/full_expansion_20260521_003052/topics/by_topic/T-SCH-003/topic_qa_cards.md,T-SCH-003 最终人工可读卡片,,T-SCH-003-001,keep,这道题和 Card 024 互补，都是绝对化陷阱辨析。,ruankao ruankao::family::topic_qa ruankao::card_type::陷阱卡 ruankao::importance:: ruankao::exam_use::上午选择 ruankao::topic::T-SCH-003,sha256:f0815f0e13fc26d8fbf05d77
软考::系统集成项目管理工程师,Basic,"案例题问""项目进度延误的主要原因""时，可以从哪些角度分析？",①关键路径：是否关键路径上的活动发生了延误；②非关键路径活动是否超过了总时差；③进度计划编制：是否遗漏了活动或逻辑关系错误；④资源不足：是否因资源不到位导致活动延迟；⑤依赖关系：外部依赖是否未及时到位；⑥进度压缩：是否不合理地压缩了工期导致质量返工。,"- 答题提醒：不要把整个进度管理过程重背一遍，要围绕""延误""分析具体原因。<br>- 关联：T-SCH-002 进度计划、T-QUAL-001 质量返工。<br>- 来源：SRC-T-SCH-003-001。",topic_qa,案例模板卡,,,,,下午案例,,,,T-SCH-003,T-SCH-003,SRC-T-SCH-003-001,outputs/anki_builds/full_expansion_20260521_003052/topics/by_topic/T-SCH-003/topic_qa_cards.md,T-SCH-003 最终人工可读卡片,,"T-SCH-002,T-QUAL-001,T-SCH-003-001",keep,案例题通用分析框架，6个角度覆盖大部分延误场景。,ruankao ruankao::family::topic_qa ruankao::card_type::案例模板卡 ruankao::importance:: ruankao::exam_use::下午案例 ruankao::topic::T-SCH-003,sha256:1f511e042d7581e4adc15e3c
软考::系统集成项目管理工程师,Basic,"案例题要求""提出进度压缩方案""时，答题框架是什么？",①确定关键路径（当前关键路径是哪条，工期多少）；②分析可压缩的活动（哪些关键活动有压缩空间、赶工费率如何）；③方案比较：赶工（加资源加成本）vs 快速跟进（改并行加风险）；④选择综合成本最低、风险最小的方案；⑤压缩后重新评估关键路径是否变化。,"- 易错点：不要只写""加人加班""，要结合案例背景分析具体哪项活动可压缩。<br>- 关联：T-COST-002 赶工费率计算。<br>- 来源：SRC-T-SCH-003-001。",topic_qa,案例模板卡,,,,,下午案例,,,,T-SCH-003,T-SCH-003,SRC-T-SCH-003-001,outputs/anki_builds/full_expansion_20260521_003052/topics/by_topic/T-SCH-003/topic_qa_cards.md,T-SCH-003 最终人工可读卡片,,"T-COST-002,T-SCH-003-001",keep,下午进度压缩题的标准化答题步骤。,ruankao ruankao::family::topic_qa ruankao::card_type::案例模板卡 ruankao::importance:: ruankao::exam_use::下午案例 ruankao::topic::T-SCH-003,sha256:58f8301d3028f275a1f3ef2f
软考::系统集成项目管理工程师,Basic,"案例题中""项目经理认为关键路径确定后就不会变化""这种说法错在哪里？",关键路径是动态的。执行过程中活动实际工期变化、资源调配、范围变更等都可能导致关键路径转移。正确的做法是定期更新网络图、重新计算关键路径，并根据实际进展情况动态调整管理重点。,"- 案例信号：看到""项目经理认为关键路径不变、只需要关注已确定的关键活动""时，应判断为错误认识。<br>- 关联：T-SCH-002 进度控制。<br>- 来源：SRC-T-SCH-003-001。",topic_qa,案例模板卡,,,,,下午案例,,,,T-SCH-003,T-SCH-003,SRC-T-SCH-003-001,outputs/anki_builds/full_expansion_20260521_003052/topics/by_topic/T-SCH-003/topic_qa_cards.md,T-SCH-003 最终人工可读卡片,,"T-SCH-002,T-SCH-003-001",keep,"纠正关键路径""一劳永逸""的错误认识，案例题常见病句。",ruankao ruankao::family::topic_qa ruankao::card_type::案例模板卡 ruankao::importance:: ruankao::exam_use::下午案例 ruankao::topic::T-SCH-003,sha256:59fbed116a79b70de7412781
软考::系统集成项目管理工程师,Basic,进度压缩（赶工）与成本的关系在考试中如何出题？,赶工需要增加资源（加班费、额外人力），通常用赶工费率（元/天）衡量单位时间压缩成本。考试会要求在多条压缩路径中选择总赶工成本最低的方案，或者计算赶工一定天数需要追加多少成本。,- 解题要点：优先压缩关键路径上赶工费率最低的活动；注意压缩到一定程度后关键路径可能变化。<br>- 关联：T-COST-002 成本管理、T-SCH-003 关键路径。<br>- 来源：SRC-T-SCH-003-001。,topic_qa,跨专题卡,,,,,计算题,,,,T-SCH-003,T-SCH-003,SRC-T-SCH-003-001,outputs/anki_builds/full_expansion_20260521_003052/topics/by_topic/T-SCH-003/topic_qa_cards.md,T-SCH-003 最终人工可读卡片,,"T-COST-002,T-SCH-003,T-SCH-003-001",keep,进度和成本的跨专题计算，考试常出综合题。,ruankao ruankao::family::topic_qa ruankao::card_type::跨专题卡 ruankao::importance:: ruankao::exam_use::计算题 ruankao::topic::T-SCH-003,sha256:0cf6ab1dbb9ed3b2e45bc2bb
软考::系统集成项目管理工程师,Basic,进度压缩（快速跟进）可能带来哪些风险？,快速跟进将串行活动改为并行活动，增加了活动之间的相互依赖和返工风险。可能导致质量问题、团队冲突、重复工作，进一步引发进度和成本失控。,- 记忆线索：赶工=加钱换时间；快速跟进=加风险换时间。<br>- 关联：T-RISK-002 风险分析、T-QUAL-001 质量管理。<br>- 来源：SRC-T-SCH-003-001。,topic_qa,跨专题卡,,,,,上午选择/案例分析,,,,T-SCH-003,T-SCH-003,SRC-T-SCH-003-001,outputs/anki_builds/full_expansion_20260521_003052/topics/by_topic/T-SCH-003/topic_qa_cards.md,T-SCH-003 最终人工可读卡片,,"T-RISK-002,T-QUAL-001,T-SCH-003-001",keep,帮助考生在进度压缩方案中同步考虑风险和质量的连锁影响。,ruankao ruankao::family::topic_qa ruankao::card_type::跨专题卡 ruankao::importance:: ruankao::exam_use::上午选择/案例分析 ruankao::topic::T-SCH-003,sha256:f3219dee95beeac3fb3d34e4
软考::系统集成项目管理工程师,Basic,项目进度计划与成本应急储备如何关联？,进度应急储备（进度缓冲）用于应对进度风险。如果非关键活动有较大的总时差，可以将其部分时差转化为项目缓冲。关键链法中的项目缓冲就是整合多个活动的安全时间统一管理。进度绩效指数（SPI）也可以用于计算是否需要追加应急储备。,- 理解：进度不是孤立的，进度延误往往触发成本超支（赶工费、延期违约金）。<br>- 关联：T-RISK-002 定量分析、T-COST-001 成本应急储备。<br>- 来源：SRC-T-SCH-003-001。,topic_qa,跨专题卡,,,,,案例分析,,,,T-SCH-003,T-SCH-003,SRC-T-SCH-003-001,outputs/anki_builds/full_expansion_20260521_003052/topics/by_topic/T-SCH-003/topic_qa_cards.md,T-SCH-003 最终人工可读卡片,,"T-RISK-002,T-COST-001,T-SCH-003-001",keep,连接进度、成本和风险三个领域，适合跨专题综合题。,ruankao ruankao::family::topic_qa ruankao::card_type::跨专题卡 ruankao::importance:: ruankao::exam_use::案例分析 ruankao::topic::T-SCH-003,sha256:23faf4003c2cddc84a1d8142
软考::系统集成项目管理工程师,Basic,进度基准变更与配置管理的关系是什么？,进度基准是项目管理计划的一部分。当进度延误需要通过压缩或调整来修改进度基准时，必须遵循变更控制流程——提交变更申请、CCB审批、更新进度基准和项目管理计划。不能由项目经理单方面修改进度基准。,"- 答题方向：案例题中看到""项目经理直接修改进度计划""→判断为流程错误→应该走变更流程。<br>- 关联：T-INT-004 整体变更控制、T-CFG-001 配置管理。<br>- 来源：SRC-T-SCH-003-001。",topic_qa,跨专题卡,,,,,案例分析,,,,T-SCH-003,T-SCH-003,SRC-T-SCH-003-001,outputs/anki_builds/full_expansion_20260521_003052/topics/by_topic/T-SCH-003/topic_qa_cards.md,T-SCH-003 最终人工可读卡片,,"T-INT-004,T-CFG-001,T-SCH-003-001",keep,进度专题和变更管理/配置管理的跨专题连接，下午案例高频考点。,ruankao ruankao::family::topic_qa ruankao::card_type::跨专题卡 ruankao::importance:: ruankao::exam_use::案例分析 ruankao::topic::T-SCH-003,sha256:ed30ae79ed0d226029fc39fb
软考::系统集成项目管理工程师,Basic,WBS（工作分解结构）的核心定义是什么？,以可交付成果为导向，对项目团队为实现项目目标所需实施的全部工作范围的层级分解。,"- 理解/记忆线索：WBS是""要交付什么""的名词结构树，不是""要做什么动作""的动词清单。<br>- 易错点：WBS是按可交付成果分解，不是按活动（活动是进度管理的事）或按部门分解。<br>- 题干信号：""层级分解""""可交付成果""""100%范围""。<br>- 关联：T-SCOPE-003 范围确认与控制。<br>- 来源：SRC-SCOPE-TUTOR-001。",topic_qa,概念理解卡,,,,,上午选择,,,,T-SCOPE-002,T-SCOPE-002,SRC-SCOPE-TUTOR-001,outputs/anki_builds/full_expansion_20260521_003052/topics/by_topic/T-SCOPE-002/topic_qa_cards.md,T-SCOPE-002 最终人工可读卡片,,T-SCOPE-003,keep,直击WBS定义核心，Back无冗余。,ruankao ruankao::family::topic_qa ruankao::card_type::概念理解卡 ruankao::importance:: ruankao::exam_use::上午选择 ruankao::topic::T-SCOPE-002,sha256:a5989c8a83cff2e8f8dcc34a
软考::系统集成项目管理工程师,Basic,什么是工作包（Work Package）？,WBS最底层的组件，是可以可靠估算成本与工期、可分配给一个责任人、便于有效控制的最小工作单元。,"- 理解/记忆线索：工作包是WBS的叶子节点，分解到工作包即停止。再往下分解就变成""活动""（进度管理范畴）。<br>- 易错点：工作包不是""功能模块""；功能模块是软件设计概念，工作包是范围管理概念。<br>- 题干信号：""WBS最底层""""最小单元""""8~80小时经验规则""。<br>- 关联：T-SCH-001 定义活动。<br>- 来源：SRC-SCOPE-TUTOR-001。",topic_qa,概念理解卡,,,,,上午选择,,,,T-SCOPE-002,T-SCOPE-002,SRC-SCOPE-TUTOR-001,outputs/anki_builds/full_expansion_20260521_003052/topics/by_topic/T-SCOPE-002/topic_qa_cards.md,T-SCOPE-002 最终人工可读卡片,,T-SCH-001,keep,定义精确，边界清楚。,ruankao ruankao::family::topic_qa ruankao::card_type::概念理解卡 ruankao::importance:: ruankao::exam_use::上午选择 ruankao::topic::T-SCOPE-002,sha256:2efdbc92373addf25036b61e
软考::系统集成项目管理工程师,Basic,WBS词典包含哪些核心信息？,WBS词典是对WBS每个组件的详细说明，包括账户编码、工作说明、负责人、进度里程碑清单、合同信息、质量要求、资源和成本估算等。,"- 理解/记忆线索：WBS是""目录结构""，WBS词典是""每项的详细说明书""。两者一体，不能只有结构没有说明。<br>- 易错点：WBS词典不等同于WBS本身——问""某个工作包的验收标准、负责人""时选WBS词典，不选WBS。<br>- 题干信号：""详细描述""""验收标准""""负责人""""估算依据""。<br>- 关联：T-SCOPE-001 范围规划。<br>- 来源：SRC-SCOPE-TUTOR-001。",topic_qa,概念理解卡,,,,,上午选择,,,,T-SCOPE-002,T-SCOPE-002,SRC-SCOPE-TUTOR-001,outputs/anki_builds/full_expansion_20260521_003052/topics/by_topic/T-SCOPE-002/topic_qa_cards.md,T-SCOPE-002 最终人工可读卡片,,T-SCOPE-001,keep,Back概括WBS词典内容完整度好。,ruankao ruankao::family::topic_qa ruankao::card_type::概念理解卡 ruankao::importance:: ruankao::exam_use::上午选择 ruankao::topic::T-SCOPE-002,sha256:29f0ae100c970ecf587498ec
软考::系统集成项目管理工程师,Basic,范围基准由哪三部分组成？,经过批准的（1）项目范围说明书、（2）WBS、（3）WBS词典。,"- 理解/记忆线索：范围基准三件套：说明书（做什么）+ WBS（分解结构）+ 词典（详细说明）。<br>- 易错点：需求文件不是范围基准的组成部分；项目章程也不是。范围基准是项目管理计划的一部分。<br>- 题干信号：""范围基准由以下哪组文件组成""、案例题中基准变更相关。<br>- 关联：T-INT-002 项目章程、T-COST-001 成本基准。<br>- 来源：SRC-SCOPE-TUTOR-001。",topic_qa,概念理解卡,,,,,上午选择,,,,T-SCOPE-002,T-SCOPE-002,SRC-SCOPE-TUTOR-001,outputs/anki_builds/full_expansion_20260521_003052/topics/by_topic/T-SCOPE-002/topic_qa_cards.md,T-SCOPE-002 最终人工可读卡片,,"T-INT-002,T-COST-001",keep,三组件表述精确。,ruankao ruankao::family::topic_qa ruankao::card_type::概念理解卡 ruankao::importance:: ruankao::exam_use::上午选择 ruankao::topic::T-SCOPE-002,sha256:76ed4576d92e24bd31eb6375
软考::系统集成项目管理工程师,Basic,什么是100%规则？为什么它重要？,WBS必须包含项目范围内100%的工作，不能遗漏也不能包含范围外的工作。WBS之外的工作不属于项目范围。,"- 理解/记忆线索：100%规则是范围管理的""边界规则""——WBS覆盖所有该做的，不包含不该做的。<br>- 易错点：100%规则指""工作范围""100%覆盖，不是预算的100%或进度的100%。<br>- 题干信号：""WBS必须包含项目的全部工作""""WBS外的工作是否属于项目范围""。<br>- 关联：T-SCOPE-003 范围控制、范围蔓延识别。<br>- 来源：SRC-SCOPE-TUTOR-001。",topic_qa,概念理解卡,,,,,上午选择,,,,T-SCOPE-002,T-SCOPE-002,SRC-SCOPE-TUTOR-001,outputs/anki_builds/full_expansion_20260521_003052/topics/by_topic/T-SCOPE-002/topic_qa_cards.md,T-SCOPE-002 最终人工可读卡片,,T-SCOPE-003,keep,100%规则是高频考点，卡面简洁。,ruankao ruankao::family::topic_qa ruankao::card_type::概念理解卡 ruankao::importance:: ruankao::exam_use::上午选择 ruankao::topic::T-SCOPE-002,sha256:bd5684c757de4c3cfb486da7
软考::系统集成项目管理工程师,Basic,什么是控制账户？它与工作包的关系是什么？,控制账户是WBS选定节点上的管理控制点，在该点整合范围、预算、实际成本和进度以测量绩效。一个控制账户包含一个或多个工作包，但一个工作包只能属于一个控制账户。,"- 理解/记忆线索：控制账户是""管理层""的关注点（挣值管理中的绩效测量点），工作包是""执行层""的最小交付单元。<br>- 易错点：工作包是最底层组件，控制账户是中间层的管理控制点。控制账户不是WBS最底层。<br>- 题干信号：""管理控制点""""整合范围、成本、进度""""挣值管理的测量参照点""。<br>- 关联：T-COST-002 挣值管理。<br>- 来源：SRC-SCOPE-TUTOR-001。",topic_qa,概念理解卡,,,,,上午选择,,,,T-SCOPE-002,T-SCOPE-002,SRC-SCOPE-TUTOR-001,outputs/anki_builds/full_expansion_20260521_003052/topics/by_topic/T-SCOPE-002/topic_qa_cards.md,T-SCOPE-002 最终人工可读卡片,,T-COST-002,keep,控制账户和WBS关系是跨专题关联点。,ruankao ruankao::family::topic_qa ruankao::card_type::概念理解卡 ruankao::importance:: ruankao::exam_use::上午选择 ruankao::topic::T-SCOPE-002,sha256:c963f1dd02086b32e5da48b4
软考::系统集成项目管理工程师,Basic,WBS按可交付成果分解与按活动分解有什么区别？,"按可交付成果分解是名词导向（如""用户登录模块""""培训手册""），按活动分解是动词导向（如""编写代码""""组织培训""）。WBS要求以可交付成果为导向。","- 理解/记忆线索：问WBS每一层都是""要交付什么""，不是""要做什么""。<br>- 易错点：看到WBS中出现了""编写""""测试""""开发""等动词，应判断为分解方式错误。<br>- 题干信号：题目给出一段WBS片段，问""以下哪项分解不合理""——检查是不是按活动或按部门分解的。<br>- 关联：T-SCH-001 定义活动。<br>- 来源：SRC-SCOPE-TUTOR-001。",topic_qa,辨析卡,,,,,上午选择,,,,T-SCOPE-002,T-SCOPE-002,SRC-SCOPE-TUTOR-001,outputs/anki_builds/full_expansion_20260521_003052/topics/by_topic/T-SCOPE-002/topic_qa_cards.md,T-SCOPE-002 最终人工可读卡片,,T-SCH-001,keep,常见陷阱，辨析清晰。,ruankao ruankao::family::topic_qa ruankao::card_type::辨析卡 ruankao::importance:: ruankao::exam_use::上午选择 ruankao::topic::T-SCOPE-002,sha256:00e06c29ea16a284debc94e9
软考::系统集成项目管理工程师,Basic,WBS工作包 vs 进度管理活动的核心区别是什么？,"工作包（范围管理）定义""要交付什么""，是名词；活动（进度管理）定义""怎么做、什么顺序""，是动词。一个工作包可分解为多个活动。","- 理解/记忆线索：范围管理产出工作包，进度管理把工作包再分解成活动。<br>- 易错点：不要把工作包和活动混为一谈。题目说""WBS的最底层活动""——说法错误，WBS最底层是工作包不是活动。<br>- 题干信号：""WBS最底层工作单元""""以下哪项属于进度管理范畴""。<br>- 关联：T-SCH-001、T-SCH-002。<br>- 来源：SRC-SCOPE-TUTOR-001。",topic_qa,辨析卡,,,,,上午选择,,,,T-SCOPE-002,T-SCOPE-002,SRC-SCOPE-TUTOR-001,outputs/anki_builds/full_expansion_20260521_003052/topics/by_topic/T-SCOPE-002/topic_qa_cards.md,T-SCOPE-002 最终人工可读卡片,,"T-SCH-001,T-SCH-002",keep,跨过程域边界辨析，高频。,ruankao ruankao::family::topic_qa ruankao::card_type::辨析卡 ruankao::importance:: ruankao::exam_use::上午选择 ruankao::topic::T-SCOPE-002,sha256:bc039bd01cb2742c0fb90155
软考::系统集成项目管理工程师,Basic,项目范围说明书 vs WBS vs WBS词典的信息粒度如何区分？,"范围说明书回答""项目整体要做什么""（项目级）；WBS回答""要交付的具体组件和层级关系""（结构级）；WBS词典回答""每个组件的负责人、验收标准、估算""（组件级）。","- 理解/记忆线索：粒度从粗到细：说明书→WBS→词典。<br>- 易错点：看到""某个工作包的负责人""，不要选范围说明书（它是项目级描述，不细化到工作包）。<br>- 题干信号：""以下信息应从哪个文件中获取""——工作包细节→词典；整体范围→说明书；结构和关系→WBS。<br>- 关联：T-SCOPE-001。<br>- 来源：SRC-SCOPE-TUTOR-001。",topic_qa,辨析卡,,,,,上午选择,,,,T-SCOPE-002,T-SCOPE-002,SRC-SCOPE-TUTOR-001,outputs/anki_builds/full_expansion_20260521_003052/topics/by_topic/T-SCOPE-002/topic_qa_cards.md,T-SCOPE-002 最终人工可读卡片,,T-SCOPE-001,keep,三层粒度对比，实务价值高。,ruankao ruankao::family::topic_qa ruankao::card_type::辨析卡 ruankao::importance:: ruankao::exam_use::上午选择 ruankao::topic::T-SCOPE-002,sha256:2523ceb06e9f4d651e1b12f2
软考::系统集成项目管理工程师,Basic,需求文件与项目范围说明书有什么核心区别？,"需求文件记录干系人的期望和需要（""想要什么""），范围说明书描述项目为实现需求而要完成的具体工作边界（""做什么和不做什么""）。需求是输入，范围是承诺。","- 理解/记忆线索：需求是""大家想要什么""，范围是""我们实际要交付什么""。需求多了需要筛选才能进范围。<br>- 易错点：不要把需求文件当作范围基准的组成部分——范围基准=范围说明书+WBS+WBS词典。<br>- 题干信号：""干系人的期望记录在哪里""""范围基准包含哪些文件""。<br>- 关联：T-SCOPE-001 收集需求。<br>- 来源：SRC-SCOPE-TUTOR-001。",topic_qa,辨析卡,,,,,跨域辨析,,,,T-SCOPE-002,T-SCOPE-002,SRC-SCOPE-TUTOR-001,outputs/anki_builds/full_expansion_20260521_003052/topics/by_topic/T-SCOPE-002/topic_qa_cards.md,T-SCOPE-002 最终人工可读卡片,,T-SCOPE-001,keep,软考中容易混淆的两个文件。,ruankao ruankao::family::topic_qa ruankao::card_type::辨析卡 ruankao::importance:: ruankao::exam_use::跨域辨析 ruankao::topic::T-SCOPE-002,sha256:9d2197f0ed1595d6136a76c8
软考::系统集成项目管理工程师,Basic,创建WBS的基本步骤是什么？,识别主要可交付成果 → 判断每个组件是否可有效估算和管理 → 如不能则进一步分解 → 为每个组件编制WBS词典 → 整合为范围基准。,"- 理解/记忆线索：WBS制作流程本质是""从大到小拆，拆到能管为止，再补说明，最后锁基准""。<br>- 易错点：WBS不是项目经理一个人画的——需要团队共同参与创建。<br>- 题干信号：""以下哪项是创建WBS的第一步""""WBS不应由谁单独创建""——项目经理不能独自创建。<br>- 关联：T-SCOPE-001。<br>- 来源：SRC-SCOPE-TUTOR-001。",topic_qa,流程卡,,,,,上午选择,,,,T-SCOPE-002,T-SCOPE-002,SRC-SCOPE-TUTOR-001,outputs/anki_builds/full_expansion_20260521_003052/topics/by_topic/T-SCOPE-002/topic_qa_cards.md,T-SCOPE-002 最终人工可读卡片,,T-SCOPE-001,keep,流程拆解清晰，步骤完整。,ruankao ruankao::family::topic_qa ruankao::card_type::流程卡 ruankao::importance:: ruankao::exam_use::上午选择 ruankao::topic::T-SCOPE-002,sha256:7b7d737210ec358f8ab11dd2
软考::系统集成项目管理工程师,Basic,题干出现哪些信号时应优先想到WBS词典？,"（1）""某工作包的详细说明""；（2）""验收标准""；（3）""负责人""；（4）""估算依据""；（5）""账户编码""。","- 理解/记忆线索：WBS词典是WBS的""说明书""——提到具体组件的细节信息就选它。<br>- 易错点：不要把WBS当作能回答所有细节的工具——WBS只有结构层级，没有具体描述。<br>- 题干信号：""从哪里获取工作包的验收标准""""谁负责这个工作包""。<br>- 来源：SRC-SCOPE-TUTOR-001。",topic_qa,关键词识别卡,,,,,上午选择,,,,T-SCOPE-002,T-SCOPE-002,SRC-SCOPE-TUTOR-001,outputs/anki_builds/full_expansion_20260521_003052/topics/by_topic/T-SCOPE-002/topic_qa_cards.md,T-SCOPE-002 最终人工可读卡片,,,keep,题干信号实用。,ruankao ruankao::family::topic_qa ruankao::card_type::关键词识别卡 ruankao::importance:: ruankao::exam_use::上午选择 ruankao::topic::T-SCOPE-002,sha256:4cb56511e8f41e8f11973c42
软考::系统集成项目管理工程师,Basic,在案例题中，WBS编制不合理通常有哪些典型表现？,（1）按部门分解WBS；（2）按活动/阶段分解WBS；（3）分解粒度不一致（有的层太粗有的太细）；（4）缺少WBS词典；（5）没有团队参与，项目经理独自创建；（6）遗漏关键交付物（不满足100%规则）。,"- 理解/记忆线索：WBS错误六大模式——分解方式错、粒度乱、缺词典、缺参与、缺覆盖。<br>- 易错点：按阶段分解WBS（如""设计阶段""""开发阶段""""测试阶段""）也是常见错误——WBS应以可交付成果为导向。<br>- 关联：T-SCOPE-003 范围控制。<br>- 来源：SRC-SCOPE-TUTOR-001。",topic_qa,关键词识别卡,,,,,案例分析,,,,T-SCOPE-002,T-SCOPE-002,SRC-SCOPE-TUTOR-001,outputs/anki_builds/full_expansion_20260521_003052/topics/by_topic/T-SCOPE-002/topic_qa_cards.md,T-SCOPE-002 最终人工可读卡片,,T-SCOPE-003,keep,案例答题模板价值高。,ruankao ruankao::family::topic_qa ruankao::card_type::关键词识别卡 ruankao::importance:: ruankao::exam_use::案例分析 ruankao::topic::T-SCOPE-002,sha256:ab710894a3b49ea4006a7d48
软考::系统集成项目管理工程师,Basic,以下关于WBS的描述，哪项是错误的？<br><br>A. WBS以可交付成果为导向<br>B. WBS最底层工作单元称为功能模块<br>C. WBS支持100%规则<br>D. WBS词典是WBS的补充文件,B错误。WBS最底层工作单元称为工作包（Work Package），不是功能模块。功能模块是软件设计术语。,"- 易错点：功能模块≠工作包。软考中常将""功能模块""作为干扰项替换""工作包""。<br>- 题干信号：题目问""关于WBS说法错误的是""，先检查最底层术语。<br>- 来源：SRC-SCOPE-TUTOR-001。",topic_qa,陷阱卡,,,,,上午选择,,,,T-SCOPE-002,T-SCOPE-002,SRC-SCOPE-TUTOR-001,outputs/anki_builds/full_expansion_20260521_003052/topics/by_topic/T-SCOPE-002/topic_qa_cards.md,T-SCOPE-002 最终人工可读卡片,,,keep,典型干扰项，一卡破一误。,ruankao ruankao::family::topic_qa ruankao::card_type::陷阱卡 ruankao::importance:: ruankao::exam_use::上午选择 ruankao::topic::T-SCOPE-002,sha256:739e93a9c0a1f7344a321697
软考::系统集成项目管理工程师,Basic,以下关于WBS分解的陈述，哪项正确？<br><br>A. WBS应按部门分解以明确责任<br>B. WBS应由项目经理独立编制以保证一致性<br>C. WBS各层分解粒度可以不一致，视工作复杂度而定<br>D. WBS按活动分解以便于进度管理,C正确。WBS分解粒度取决于具体工作的规模和复杂度，没有统一标准，只要能有效估算和管理即可。,"- 理解/记忆线索：WBS没有""唯一正确答案""——检验标准是100%规则和可管理性。<br>- 易错点：不要选A（按部门是经典错误）、不要选B（需要团队参与）、不要选D（按活动是错误）。<br>- 题干信号：""以下关于WBS分解说法正确的是""。<br>- 来源：SRC-SCOPE-TUTOR-001。",topic_qa,陷阱卡,,,,,上午选择,,,,T-SCOPE-002,T-SCOPE-002,SRC-SCOPE-TUTOR-001,outputs/anki_builds/full_expansion_20260521_003052/topics/by_topic/T-SCOPE-002/topic_qa_cards.md,T-SCOPE-002 最终人工可读卡片,,,keep,四个选项覆盖四种常见错误认知。,ruankao ruankao::family::topic_qa ruankao::card_type::陷阱卡 ruankao::importance:: ruankao::exam_use::上午选择 ruankao::topic::T-SCOPE-002,sha256:b8832df8826e660994e85f41
软考::系统集成项目管理工程师,Basic,如果项目执行中实际做了某项工作，但在WBS中找不到对应的工作包，这说明了什么？,说明发生了范围蔓延——WBS之外的工作不属于已批准的项目范围，其执行未经过正式变更控制流程。,"- 理解/记忆线索：WBS是范围基准的核心，WBS之外=范围之外=范围蔓延。<br>- 易错点：不要以为是WBS遗漏（WBS遗漏本身也是问题），但更严重的是团队在未走变更的情况下做了范围外的工作。<br>- 题干信号：案例中""团队做了额外工作""""WBS中没有这个工作包""""范围不断增加""。<br>- 关联：T-SCOPE-003 范围控制。<br>- 来源：SRC-SCOPE-TUTOR-001。",topic_qa,陷阱卡,,,,,上午选择,,,,T-SCOPE-002,T-SCOPE-002,SRC-SCOPE-TUTOR-001,outputs/anki_builds/full_expansion_20260521_003052/topics/by_topic/T-SCOPE-002/topic_qa_cards.md,T-SCOPE-002 最终人工可读卡片,,T-SCOPE-003,keep,范围蔓延识别是案例核心能力。,ruankao ruankao::family::topic_qa ruankao::card_type::陷阱卡 ruankao::importance:: ruankao::exam_use::上午选择 ruankao::topic::T-SCOPE-002,sha256:69377c651b3bdbb1c604a6c8
软考::系统集成项目管理工程师,Basic,某项目WBS按部门划分（开发部的WBS、测试部的WBS、运维部的WBS），执行中出现边界不清、重复开发和接口遗漏。请诊断问题。,按部门分解WBS是典型错误。WBS应以可交付成果为导向。按部门分解导致工作边界不清、接口责任模糊、容易遗漏跨部门工作。正确做法是按项目可交付成果（如系统各模块）分解，再通过RAM/RACI分配责任。,"- 理解/记忆线索：""铁路警察各管一段""就是按部门分解的后果。<br>- 易错点：补充说明——即使按部门分解，也应同时补充WBS词典明确定义工作包边界和验收标准。<br>- 题干信号：""按部门编制WBS""""部门间边界模糊""""重复开发或遗漏""。<br>- 来源：SRC-SCOPE-TUTOR-001。",topic_qa,案例模板卡,,,,,案例分析,,,,T-SCOPE-002,T-SCOPE-002,SRC-SCOPE-TUTOR-001,outputs/anki_builds/full_expansion_20260521_003052/topics/by_topic/T-SCOPE-002/topic_qa_cards.md,T-SCOPE-002 最终人工可读卡片,,,keep,经典案例模式，直接套用。,ruankao ruankao::family::topic_qa ruankao::card_type::案例模板卡 ruankao::importance:: ruankao::exam_use::案例分析 ruankao::topic::T-SCOPE-002,sha256:f05342437d38a27c70582105
软考::系统集成项目管理工程师,Basic,项目执行中发现多个工作包的实际工作内容与范围说明书描述严重不符，项目经理检查发现WBS词典从未编写。请分析WBS缺失词典的后果。,缺少WBS词典导致：（1）工作包边界模糊，执行人员不知道交付物具体标准；（2）验收时无依据，争议频发；（3）新人接手项目时无法快速了解工作包内容；（4）成本估算和资源分配缺乏参考。这是范围基准不完整的问题。,"- 理解/记忆线索：WBS词典=WBS的说明书。只有目录没有说明，执行必然走样。<br>- 易错点：不要只回答""加强文档管理""——要指出缺少WBS词典导致范围基准不完整，无法有效控制范围。<br>- 题干信号：""没有WBS词典""""工作包描述不清晰""""验收标准不明确""。<br>- 来源：SRC-SCOPE-TUTOR-001。",topic_qa,案例模板卡,,,,,案例分析,,,,T-SCOPE-002,T-SCOPE-002,SRC-SCOPE-TUTOR-001,outputs/anki_builds/full_expansion_20260521_003052/topics/by_topic/T-SCOPE-002/topic_qa_cards.md,T-SCOPE-002 最终人工可读卡片,,,keep,案例中WBS词典缺失是常见采分点。,ruankao ruankao::family::topic_qa ruankao::card_type::案例模板卡 ruankao::importance:: ruankao::exam_use::案例分析 ruankao::topic::T-SCOPE-002,sha256:97a7c000d7fc7baa9683997f
软考::系统集成项目管理工程师,Basic,WBS分解到什么程度可以停止？,满足以下任一条件时停止：工作包可可靠估算成本和工期、可分配给唯一责任人、工作量便于有效控制、无法进一步合理细分。,"- 理解/记忆线索：分解停在工作包级别——""拆到能管能估能分""为止。<br>- 易错点：8~80小时是参考经验值，不是硬性规定。考试中不以此作为唯一判断标准。<br>- 题干信号：""WBS应分解到什么程度""""以下哪项应该作为WBS的停止条件""。<br>- 来源：SRC-SCOPE-TUTOR-001。",topic_qa,概念理解卡,,,,,上午选择,,,,T-SCOPE-002,T-SCOPE-002,SRC-SCOPE-TUTOR-001,outputs/anki_builds/full_expansion_20260521_003052/topics/by_topic/T-SCOPE-002/topic_qa_cards.md,T-SCOPE-002 最终人工可读卡片,,,keep,分解停止条件是WBS规划的核心判断。,ruankao ruankao::family::topic_qa ruankao::card_type::概念理解卡 ruankao::importance:: ruankao::exam_use::上午选择 ruankao::topic::T-SCOPE-002,sha256:d0a541896d1321eb587d4f70
软考::系统集成项目管理工程师,Basic,三大基准（范围基准、进度基准、成本基准）分别由哪些组件构成？,范围基准=范围说明书+WBS+WBS词典；进度基准=经过批准的进度网络图+甘特图；成本基准=各工作包估算+应急储备（不含管理储备）。,"- 理解/记忆线索：范围基准管""做什么""，进度基准管""何时做""，成本基准管""花多少""。<br>- 易错点：成本基准包含应急储备但不包含管理储备；进度基准不等同于项目章程中的里程碑计划。<br>- 关联：T-SCH-003 进度基准、T-COST-001 成本基准。<br>- 来源：SRC-SCOPE-TUTOR-001。",topic_qa,跨专题卡,,,,,跨域辨析,,,,T-SCOPE-002,T-SCOPE-002,SRC-SCOPE-TUTOR-001,outputs/anki_builds/full_expansion_20260521_003052/topics/by_topic/T-SCOPE-002/topic_qa_cards.md,T-SCOPE-002 最终人工可读卡片,,"T-SCH-003,T-COST-001",keep,跨专题整合，高价值综合分析卡。,ruankao ruankao::family::topic_qa ruankao::card_type::跨专题卡 ruankao::importance:: ruankao::exam_use::跨域辨析 ruankao::topic::T-SCOPE-002,sha256:21942a2fa0c540d8e590b2f2
软考::系统集成项目管理工程师,Basic,"WBS在项目管理中为什么被称为""项目管理的骨架""？",因为WBS向上连接范围说明书，向下为进度计划、成本估算、资源分配、质量管理、风险识别和活动定义提供基础结构。WBS建错了整个项目管理计划的地基就不稳。,"- 理解/记忆线索：WBS是枢纽——范围管理的输出，其他管理领域的输入。<br>- 易错点：不要只记""WBS是骨架""这个比喻，要理解为什么——因为它为几乎所有其他管理过程提供结构化输入。<br>- 题干信号：""WBS的作用""""为什么WBS重要""""WBS为哪些过程提供输入""。<br>- 关联：跨域关联所有执行类知识领域。<br>- 来源：SRC-SCOPE-TUTOR-001。",topic_qa,概念理解卡,,,,,上午选择,,,,T-SCOPE-002,T-SCOPE-002,SRC-SCOPE-TUTOR-001,outputs/anki_builds/full_expansion_20260521_003052/topics/by_topic/T-SCOPE-002/topic_qa_cards.md,T-SCOPE-002 最终人工可读卡片,,,keep,"解释""为什么""而不只是""是什么""。",ruankao ruankao::family::topic_qa ruankao::card_type::概念理解卡 ruankao::importance:: ruankao::exam_use::上午选择 ruankao::topic::T-SCOPE-002,sha256:5747702b283ea2cf1d381399
软考::系统集成项目管理工程师,Basic,题干出现以下哪些信号时应优先想到WBS？,"（1）""层级分解""""可交付成果分解""；（2）""100%规则""；（3）""工作包""；（4）""范围基准""；（5）""WBS词典""（与WBS配套出现）。","- 理解/记忆线索：WBS关键词群——""层级""""可交付成果""""工作包""""范围基准""。<br>- 易错点：看到""活动顺序""""网络图""""关键路径""不选WBS——那是进度管理的范围。<br>- 来源：SRC-SCOPE-TUTOR-001。",topic_qa,关键词识别卡,,,,,上午选择,,,,T-SCOPE-002,T-SCOPE-002,SRC-SCOPE-TUTOR-001,outputs/anki_builds/full_expansion_20260521_003052/topics/by_topic/T-SCOPE-002/topic_qa_cards.md,T-SCOPE-002 最终人工可读卡片,,,keep,快速定位题干的实用信号表。,ruankao ruankao::family::topic_qa ruankao::card_type::关键词识别卡 ruankao::importance:: ruankao::exam_use::上午选择 ruankao::topic::T-SCOPE-002,sha256:ad0c15769e59bd1bdb3c58c6
软考::系统集成项目管理工程师,Basic,以下关于控制账户的描述，哪项正确？<br><br>A. 控制账户是WBS的最底层组件<br>B. 一个工作包可以属于多个控制账户<br>C. 控制账户是WBS上的管理控制点，可包含多个工作包<br>D. 控制账户不需要与OBS关联,C正确。控制账户是设置在WBS选定节点上的管理控制点，一个控制账户可包含一个或多个工作包。工作包只属于一个控制账户。,"- 易错点：A错（最底层是工作包），B错（一个工作包只能属于一个控制账户），D错（控制账户通常与OBS关联）。<br>- 题干信号：""关于控制账户说法正确/错误的是""。<br>- 关联：T-COST-002 挣值管理。<br>- 来源：SRC-SCOPE-TUTOR-001。",topic_qa,陷阱卡,,,,,上午选择,,,,T-SCOPE-002,T-SCOPE-002,SRC-SCOPE-TUTOR-001,outputs/anki_builds/full_expansion_20260521_003052/topics/by_topic/T-SCOPE-002/topic_qa_cards.md,T-SCOPE-002 最终人工可读卡片,,T-COST-002,keep,控制账户四个方向干扰，考试典型出法。,ruankao ruankao::family::topic_qa ruankao::card_type::陷阱卡 ruankao::importance:: ruankao::exam_use::上午选择 ruankao::topic::T-SCOPE-002,sha256:5eea301734ca254396c9dd56
软考::系统集成项目管理工程师,Basic,某大型项目WBS只做到了三级（系统→子系统→模块），没有继续分解到工作包级别，也没有WBS词典。项目执行中估算时各部门报的数字差异很大，进度也无法对齐。请分析WBS问题。,（1）WBS分解粒度不足——没有到工作包级别，无法可靠估算成本与工期；（2）缺少WBS词典——工作包边界和验收标准缺失，导致各部门理解不一致；（3）分解不满足100%规则——三级WBS可能遗漏关键交付物；（4）建议继续分解到工作包级别，并补充WBS词典。,"- 理解/记忆线索：WBS分解太粗→估算不准、边界模糊→项目管理失控。<br>- 易错点：注意""分解粒度不足""和""缺少WBS词典""是两个独立问题，要分别回答。<br>- 题干信号：""只分解到模块级别""""没有工作包""""估算差异大""""无法对齐进度""。<br>- 来源：SRC-SCOPE-TUTOR-001。",topic_qa,案例模板卡,,,,,案例分析,,,,T-SCOPE-002,T-SCOPE-002,SRC-SCOPE-TUTOR-001,outputs/anki_builds/full_expansion_20260521_003052/topics/by_topic/T-SCOPE-002/topic_qa_cards.md,T-SCOPE-002 最终人工可读卡片,,,keep,分解过粗的经典案例。,ruankao ruankao::family::topic_qa ruankao::card_type::案例模板卡 ruankao::importance:: ruankao::exam_use::案例分析 ruankao::topic::T-SCOPE-002,sha256:1cbb7fc5ce077b278cc17e40
软考::系统集成项目管理工程师,Basic,需求跟踪矩阵（RTM）与WBS在范围管理中的关系是什么？,RTM将需求与其来源和对应的WBS可交付成果关联起来，确保每个需求都被WBS中的工作覆盖。RTM是需求到WBS的追溯工具，支持100%规则的验证。,"- 理解/记忆线索：RTM=需求→WBS的映射表。它回答""每个需求都有对应的交付物吗""。<br>- 易错点：RTM不属于范围基准，它是需求管理的工具。范围基准只有三部分：范围说明书+WBS+WBS词典。<br>- 题干信号：""需求追溯""""需求到交付物的映射""""验证100%覆盖""。<br>- 关联：T-SCOPE-001 收集需求。<br>- 来源：SRC-SCOPE-TUTOR-001。",topic_qa,跨专题卡,,,,,跨域辨析,,,,T-SCOPE-002,T-SCOPE-002,SRC-SCOPE-TUTOR-001,outputs/anki_builds/full_expansion_20260521_003052/topics/by_topic/T-SCOPE-002/topic_qa_cards.md,T-SCOPE-002 最终人工可读卡片,,T-SCOPE-001,keep,RTM-WBS关联是软考高级关联考点。,ruankao ruankao::family::topic_qa ruankao::card_type::跨专题卡 ruankao::importance:: ruankao::exam_use::跨域辨析 ruankao::topic::T-SCOPE-002,sha256:2c45ff9ecca7e41f4879d568
软考::系统集成项目管理工程师,Basic,控制质量（QC）和确认范围的核心区别是什么？,QC是项目团队内部检查可交付成果是否满足质量标准；确认范围是客户/发起人正式验收可交付成果。,"- 理解/记忆线索：QC=内部检查""好不好""（质量）；确认范围=外部验收""对不对""（范围）。<br>- 易错点：QC在先，确认范围在后；QC的输出是""核实的可交付成果""，确认范围的输出是""验收的可交付成果""。<br>- 题干信号：团队检查、测试、质量标准→QC；客户验收、签字、正式接受→确认范围。<br>- 关联：T-CROSS-001 跨域辨析；T-QUAL-001 QA/QC基础。<br>- 来源：SRC-T-SCOPE-003-001。",topic_qa,辨析卡,,,,,上午选择,,,,T-SCOPE-003,T-SCOPE-003,SRC-T-SCOPE-003-001,outputs/anki_builds/full_expansion_20260521_003052/topics/by_topic/T-SCOPE-003/topic_qa_cards.md,T-SCOPE-003｜范围确认、质量控制、验收与测试边界辨析 专题问答卡,,"T-CROSS-001,T-QUAL-001,T-SCOPE-003-001",keep,QC和确认范围的根本边界。,ruankao ruankao::family::topic_qa ruankao::card_type::辨析卡 ruankao::importance:: ruankao::exam_use::上午选择 ruankao::topic::T-SCOPE-003,sha256:4e27e2594e72f7c4d35def7e
软考::系统集成项目管理工程师,Basic,可交付成果从完成到被验收的完整流程是什么？,完成的可交付成果→控制质量（QC）→核实的可交付成果→确认范围（客户验收）→验收的可交付成果。,- 理解/记忆线索：QC在前确认范围在后；先内部核验后外部验收。<br>- 易错点：不要跳过QC直接做确认范围；也不要做了QC就认为不需要做确认范围。<br>- 题干信号：交付链路、验收先后顺序。<br>- 关联：T-SCOPE-003；T-CROSS-001。<br>- 来源：SRC-T-SCOPE-003-001。,topic_qa,流程卡,,,,,上午选择,,,,T-SCOPE-003,T-SCOPE-003,SRC-T-SCOPE-003-001,outputs/anki_builds/full_expansion_20260521_003052/topics/by_topic/T-SCOPE-003/topic_qa_cards.md,T-SCOPE-003｜范围确认、质量控制、验收与测试边界辨析 专题问答卡,,"T-SCOPE-003,T-CROSS-001,T-SCOPE-003-001",keep,交付物从完成到验收的完整链路。,ruankao ruankao::family::topic_qa ruankao::card_type::流程卡 ruankao::importance:: ruankao::exam_use::上午选择 ruankao::topic::T-SCOPE-003,sha256:7d6da7c055d869389c932f7d
软考::系统集成项目管理工程师,Basic,场景：项目团队完成所有模块的集成测试，确认所有技术指标达标。项目经理接下来最应该做什么？,邀请客户进行确认范围（正式验收）。QC通过后下一步是确认范围。,- 理解/记忆线索：测试通过→找客户验收。不要直接交付，不要直接进收尾。<br>- 易错点：测试通过不等于可以交付——客户还没验收；也不要再做一轮QC。<br>- 题干信号：测试通过、指标达标、下一步。<br>- 关联：T-SCOPE-003；T-CROSS-001。<br>- 来源：SRC-T-SCOPE-003-001。,topic_qa,场景判断卡,,,,,上午选择,,,,T-SCOPE-003,T-SCOPE-003,SRC-T-SCOPE-003-001,outputs/anki_builds/full_expansion_20260521_003052/topics/by_topic/T-SCOPE-003/topic_qa_cards.md,T-SCOPE-003｜范围确认、质量控制、验收与测试边界辨析 专题问答卡,,"T-SCOPE-003,T-CROSS-001,T-SCOPE-003-001",keep,QC→确认范围的顺序判断标准场景。,ruankao ruankao::family::topic_qa ruankao::card_type::场景判断卡 ruankao::importance:: ruankao::exam_use::上午选择 ruankao::topic::T-SCOPE-003,sha256:f5e166e0269396cf402c99d3
软考::系统集成项目管理工程师,Basic,确认范围（Verify Scope）和最终验收的核心区别是什么？,确认范围是项目执行过程中的多次验收（每个可交付成果完成后），属于监控过程组；最终验收是项目结束时客户对整体成果的总体验收，属于收尾过程组。,- 理解/记忆线索：多次确认范围→一次最终验收。<br>- 易错点：很多人误以为确认范围属于收尾过程组——它属于监控过程组。<br>- 题干信号：过程中验收、每个交付物→确认范围；项目结束、整体接受→最终验收。<br>- 关联：T-SCOPE-003。<br>- 来源：SRC-T-SCOPE-003-002。,topic_qa,辨析卡,,,,,上午选择,,,,T-SCOPE-003,T-SCOPE-003,SRC-T-SCOPE-003-002,outputs/anki_builds/full_expansion_20260521_003052/topics/by_topic/T-SCOPE-003/topic_qa_cards.md,T-SCOPE-003｜范围确认、质量控制、验收与测试边界辨析 专题问答卡,,"T-SCOPE-003,T-SCOPE-003-002",keep,监控vs收尾的边界是关键考点。,ruankao ruankao::family::topic_qa ruankao::card_type::辨析卡 ruankao::importance:: ruankao::exam_use::上午选择 ruankao::topic::T-SCOPE-003,sha256:15c58a970ce874a4a0ac8dff
软考::系统集成项目管理工程师,Basic,陷阱：确认范围属于收尾过程组。这个说法对吗？,不对。确认范围属于监控过程组。最终验收（整体验收）才属于收尾过程组。,"- 理解/记忆线索：确认范围在过程中做多次（监控），最终验收结束时做一次（收尾）。<br>- 易错点：看到""验收""两个字就自动归入收尾——确认范围是监控过程组的""验收""。<br>- 题干信号：确认范围、过程组归属。<br>- 关联：T-SCOPE-003。<br>- 来源：SRC-T-SCOPE-003-002。",topic_qa,陷阱卡,,,,,上午选择,,,,T-SCOPE-003,T-SCOPE-003,SRC-T-SCOPE-003-002,outputs/anki_builds/full_expansion_20260521_003052/topics/by_topic/T-SCOPE-003/topic_qa_cards.md,T-SCOPE-003｜范围确认、质量控制、验收与测试边界辨析 专题问答卡,,"T-SCOPE-003,T-SCOPE-003-002",keep,确认范围过程组归属的经典陷阱。,ruankao ruankao::family::topic_qa ruankao::card_type::陷阱卡 ruankao::importance:: ruankao::exam_use::上午选择 ruankao::topic::T-SCOPE-003,sha256:3d71a6b884c20c6118ba0ab2
软考::系统集成项目管理工程师,Basic,确认范围和控制范围的核心区别是什么？,确认范围是客户/发起人正式验收可交付成果（验收做对了没有）；控制范围是持续监控范围基准是否被遵守（防止做多或做少）。,"- 理解/记忆线索：确认范围=验收对不对（面向产品）；控制范围=监控有没有多干或少干（面向基准）。<br>- 易错点：控制范围处理""做了不该做的""或""没做该做的""；确认范围处理""做的是不是客户要的""。<br>- 题干信号：客户验收、签字→确认范围；做额外工作、范围蔓延→控制范围。<br>- 关联：T-SCOPE-003；T-CASE-003 范围蔓延。<br>- 来源：SRC-T-SCOPE-003-003。",topic_qa,辨析卡,,,,,上午选择,,,,T-SCOPE-003,T-SCOPE-003,SRC-T-SCOPE-003-003,outputs/anki_builds/full_expansion_20260521_003052/topics/by_topic/T-SCOPE-003/topic_qa_cards.md,T-SCOPE-003｜范围确认、质量控制、验收与测试边界辨析 专题问答卡,,"T-SCOPE-003,T-CASE-003,T-SCOPE-003-003",keep,确认范围和控制范围的分工边界。,ruankao ruankao::family::topic_qa ruankao::card_type::辨析卡 ruankao::importance:: ruankao::exam_use::上午选择 ruankao::topic::T-SCOPE-003,sha256:ee56076ea8875ab9b27a12e9
软考::系统集成项目管理工程师,Basic,"场景：项目经理发现团队在未经审批的情况下开发了一个""挺好用""的额外功能。这属于哪个过程要处理的问题？",控制范围。团队做了范围外的工作，属于范围基准偏离，需要控制范围来监控和纠正。,"- 理解/记忆线索：做了不该做的=范围失控→控制范围来处理。<br>- 易错点：不要以为是""确认范围""的问题——确认范围验收的是该做的事，不是处理不该做的事。<br>- 题干信号：额外功能、未经审批、范围外的工作。<br>- 关联：T-SCOPE-003；T-CASE-003。<br>- 来源：SRC-T-SCOPE-003-003。",topic_qa,场景判断卡,,,,,上午选择,,,,T-SCOPE-003,T-SCOPE-003,SRC-T-SCOPE-003-003,outputs/anki_builds/full_expansion_20260521_003052/topics/by_topic/T-SCOPE-003/topic_qa_cards.md,T-SCOPE-003｜范围确认、质量控制、验收与测试边界辨析 专题问答卡,,"T-SCOPE-003,T-CASE-003,T-SCOPE-003-003",keep,范围蔓延场景归属训练。,ruankao ruankao::family::topic_qa ruankao::card_type::场景判断卡 ruankao::importance:: ruankao::exam_use::上午选择 ruankao::topic::T-SCOPE-003,sha256:5157c6eec017e8137794e376
软考::系统集成项目管理工程师,Basic,场景：客户代表对已完成的功能模块进行验收测试后签署了验收单。这是哪个过程？,确认范围。客户验收并签署验收单的典型场景。,"- 理解/记忆线索：客户+签字=确认范围。<br>- 易错点：验收测试中的""测试""二字不要误导——客户做验收测试是确认范围的手段，不是QC。<br>- 题干信号：客户代表、验收测试、签署验收单。<br>- 关联：T-SCOPE-003。<br>- 来源：SRC-T-SCOPE-003-003。",topic_qa,场景判断卡,,,,,上午选择,,,,T-SCOPE-003,T-SCOPE-003,SRC-T-SCOPE-003-003,outputs/anki_builds/full_expansion_20260521_003052/topics/by_topic/T-SCOPE-003/topic_qa_cards.md,T-SCOPE-003｜范围确认、质量控制、验收与测试边界辨析 专题问答卡,,"T-SCOPE-003,T-SCOPE-003-003",keep,客户做验收测试属于确认范围而非QC。,ruankao ruankao::family::topic_qa ruankao::card_type::场景判断卡 ruankao::importance:: ruankao::exam_use::上午选择 ruankao::topic::T-SCOPE-003,sha256:8a938ced66b24c2b92246f47
软考::系统集成项目管理工程师,Basic,测试和控制质量（QC）的关系是什么？,测试是QC的手段之一，但不是全部。QC还包括检查、测量、抽检、走查等其他手段。,"- 理解/记忆线索：测试⊆QC（测试是QC的子集）。<br>- 易错点：不能说""测试=QC""，QC的范围比测试更广。<br>- 题干信号：测试用例、验证功能→测试；综合检查、测量、测试→QC。<br>- 关联：T-SCOPE-003；T-QUAL-001。<br>- 来源：SRC-T-SCOPE-003-004。",topic_qa,辨析卡,,,,,上午选择,,,,T-SCOPE-003,T-SCOPE-003,SRC-T-SCOPE-003-004,outputs/anki_builds/full_expansion_20260521_003052/topics/by_topic/T-SCOPE-003/topic_qa_cards.md,T-SCOPE-003｜范围确认、质量控制、验收与测试边界辨析 专题问答卡,,"T-SCOPE-003,T-QUAL-001,T-SCOPE-003-004",keep,测试和QC的包含关系。,ruankao ruankao::family::topic_qa ruankao::card_type::辨析卡 ruankao::importance:: ruankao::exam_use::上午选择 ruankao::topic::T-SCOPE-003,sha256:b6eaf12e5785b6ad537df372
软考::系统集成项目管理工程师,Basic,陷阱：测试通过的可交付成果就可以直接交付给客户——这个说法对吗？,不对。测试通过只证明成果达到了质量标准（核实的可交付成果），还需要经过确认范围（客户正式验收）才能交付。,"- 理解/记忆线索：测试通过≠客户接受。中间差了一个确认范围。<br>- 易错点：不要把""测试通过""等同于""交付完成""。<br>- 题干信号：测试通过、直接交付、跳过验收。<br>- 关联：T-SCOPE-003。<br>- 来源：SRC-T-SCOPE-003-004。",topic_qa,陷阱卡,,,,,上午选择,,,,T-SCOPE-003,T-SCOPE-003,SRC-T-SCOPE-003-004,outputs/anki_builds/full_expansion_20260521_003052/topics/by_topic/T-SCOPE-003/topic_qa_cards.md,T-SCOPE-003｜范围确认、质量控制、验收与测试边界辨析 专题问答卡,,"T-SCOPE-003,T-SCOPE-003-004",keep,测试通过和交付之间的关键缺口。,ruankao ruankao::family::topic_qa ruankao::card_type::陷阱卡 ruankao::importance:: ruankao::exam_use::上午选择 ruankao::topic::T-SCOPE-003,sha256:4c86c04e4e5406e5764078a5
软考::系统集成项目管理工程师,Basic,核实的可交付成果和验收的可交付成果有什么区别？,核实的可交付成果是QC通过、满足质量标准的成果；验收的可交付成果是确认范围通过、客户正式接受的成果。,"- 理解/记忆线索：核实=QC说了算；验收=客户说了算。<br>- 易错点：两个概念不能混用，考试可能把""核实的""说成""验收的""作为干扰。<br>- 题干信号：核实的可交付成果→QC输出；验收的可交付成果→确认范围输出。<br>- 关联：T-SCOPE-003；T-CROSS-001。<br>- 来源：SRC-T-SCOPE-003-005。",topic_qa,辨析卡,,,,,上午选择,,,,T-SCOPE-003,T-SCOPE-003,SRC-T-SCOPE-003-005,outputs/anki_builds/full_expansion_20260521_003052/topics/by_topic/T-SCOPE-003/topic_qa_cards.md,T-SCOPE-003｜范围确认、质量控制、验收与测试边界辨析 专题问答卡,,"T-SCOPE-003,T-CROSS-001,T-SCOPE-003-005",keep,两个关键交付物状态的区别。,ruankao ruankao::family::topic_qa ruankao::card_type::辨析卡 ruankao::importance:: ruankao::exam_use::上午选择 ruankao::topic::T-SCOPE-003,sha256:6e4f4126f0402aa1a6f24b9a
软考::系统集成项目管理工程师,Basic,控制质量（QC）属于哪个知识域？确认范围属于哪个知识域？,QC属于质量管理知识域；确认范围属于范围管理知识域。,- 理解/记忆线索：QC管质量好不好→质量管理；确认范围管做的东西对不对→范围管理。<br>- 易错点：不要因为都在监控过程组就把它们归入同一个知识域。<br>- 题干信号：知识域归属、过程组归属。<br>- 关联：T-SCOPE-003；T-QUAL-001。<br>- 来源：SRC-T-SCOPE-003-005。,topic_qa,辨析卡,,,,,上午选择,,,,T-SCOPE-003,T-SCOPE-003,SRC-T-SCOPE-003-005,outputs/anki_builds/full_expansion_20260521_003052/topics/by_topic/T-SCOPE-003/topic_qa_cards.md,T-SCOPE-003｜范围确认、质量控制、验收与测试边界辨析 专题问答卡,,"T-SCOPE-003,T-QUAL-001,T-SCOPE-003-005",keep,知识域归属的基础辨析。,ruankao ruankao::family::topic_qa ruankao::card_type::辨析卡 ruankao::importance:: ruankao::exam_use::上午选择 ruankao::topic::T-SCOPE-003,sha256:8e75cd0e7eb6b519b13ff61b
软考::系统集成项目管理工程师,Basic,最终验收可以替代确认范围吗？为什么？,不能。最终验收是项目结束时的总体验收；确认范围是过程中的多次验收。没有过程中的确认范围，最终验收时可能发现重大问题已来不及纠正。,"- 理解/记忆线索：确认范围是""分期验收""，最终验收是""总体验收""。<br>- 易错点：认为最终验收一次性搞定就不需要过程中的确认范围。<br>- 题干信号：最终验收、总体验收、替代关系。<br>- 关联：T-SCOPE-003。<br>- 来源：SRC-T-SCOPE-003-005。",topic_qa,辨析卡,,,,,上午选择,,,,T-SCOPE-003,T-SCOPE-003,SRC-T-SCOPE-003-005,outputs/anki_builds/full_expansion_20260521_003052/topics/by_topic/T-SCOPE-003/topic_qa_cards.md,T-SCOPE-003｜范围确认、质量控制、验收与测试边界辨析 专题问答卡,,"T-SCOPE-003,T-SCOPE-003-005",keep,最终验收不能替代确认范围。,ruankao ruankao::family::topic_qa ruankao::card_type::辨析卡 ruankao::importance:: ruankao::exam_use::上午选择 ruankao::topic::T-SCOPE-003,sha256:365685240f47582107053a18
软考::系统集成项目管理工程师,Basic,客户做验收测试和项目团队做集成测试分别属于什么过程？,客户做验收测试→确认范围（客户验收手段）；项目团队做集成测试→控制质量（QC）。,"- 理解/记忆线索：谁测+测什么=确定归属。客户测=确认范围；团队测=QC。<br>- 易错点：不要被""测试""二字迷惑——要看谁在做测试。<br>- 题干信号：验收测试、客户测试→确认范围；集成测试、单元测试→QC。<br>- 关联：T-SCOPE-003。<br>- 来源：SRC-T-SCOPE-003-005。",topic_qa,辨析卡,,,,,上午选择,,,,T-SCOPE-003,T-SCOPE-003,SRC-T-SCOPE-003-005,outputs/anki_builds/full_expansion_20260521_003052/topics/by_topic/T-SCOPE-003/topic_qa_cards.md,T-SCOPE-003｜范围确认、质量控制、验收与测试边界辨析 专题问答卡,,"T-SCOPE-003,T-SCOPE-003-005",keep,测试主体不同→过程归属不同。,ruankao ruankao::family::topic_qa ruankao::card_type::辨析卡 ruankao::importance:: ruankao::exam_use::上午选择 ruankao::topic::T-SCOPE-003,sha256:0121ffbf58da89446e277b74
软考::系统集成项目管理工程师,Basic,场景：项目进入后期收尾阶段，客户对整体项目成果进行了全面验收并签署了最终验收报告。这是哪个过程？,最终验收（属于收尾过程组），不是确认范围。,"- 理解/记忆线索：项目结束时的一次性整体验收=最终验收。<br>- 易错点：不要把""最终验收""等同于""确认范围""——确认范围是过程中的多次验收。<br>- 题干信号：收尾阶段、整体验收、最终验收报告。<br>- 关联：T-SCOPE-003。<br>- 来源：SRC-T-SCOPE-003-005。",topic_qa,场景判断卡,,,,,上午选择,,,,T-SCOPE-003,T-SCOPE-003,SRC-T-SCOPE-003-005,outputs/anki_builds/full_expansion_20260521_003052/topics/by_topic/T-SCOPE-003/topic_qa_cards.md,T-SCOPE-003｜范围确认、质量控制、验收与测试边界辨析 专题问答卡,,"T-SCOPE-003,T-SCOPE-003-005",keep,最终验收vs确认范围的场景判断。,ruankao ruankao::family::topic_qa ruankao::card_type::场景判断卡 ruankao::importance:: ruankao::exam_use::上午选择 ruankao::topic::T-SCOPE-003,sha256:69d52c1b6e3c464b5bc659b5
软考::系统集成项目管理工程师,Basic,"场景：产品通过了公司的内部质量检查，拿到了出厂合格证。项目经理说""可以发货了""。这个判断对吗？问题在哪？","不完全对。内部QC通过产生的是""核实的可交付成果""，还需要客户做确认范围（验收）才能交付/发货。","- 理解/记忆线索：出厂合格≠客户验收。还有""客户签字""这道关。<br>- 易错点：跳过确认范围直接交付是项目常见的流程错误。<br>- 题干信号：内部检查通过、发货、客户验收。<br>- 关联：T-SCOPE-003。<br>- 来源：SRC-T-SCOPE-003-005。",topic_qa,场景判断卡,,,,,上午选择,,,,T-SCOPE-003,T-SCOPE-003,SRC-T-SCOPE-003-005,outputs/anki_builds/full_expansion_20260521_003052/topics/by_topic/T-SCOPE-003/topic_qa_cards.md,T-SCOPE-003｜范围确认、质量控制、验收与测试边界辨析 专题问答卡,,"T-SCOPE-003,T-SCOPE-003-005",keep,QC通过≠可交付的常见流程错误。,ruankao ruankao::family::topic_qa ruankao::card_type::场景判断卡 ruankao::importance:: ruankao::exam_use::上午选择 ruankao::topic::T-SCOPE-003,sha256:c5331960d73b06e4bf2b005b
软考::系统集成项目管理工程师,Basic,场景：项目经理发现核心模块的交付物没有经过客户验收就已经被部署到了生产环境。项目经理应该先做什么？,记录问题，评估影响（是否有合同风险），与客户沟通确认范围，补办验收手续。,"- 理解/记忆线索：跳过验收已部署→紧急补救：先记录评估再沟通补办。<br>- 易错点：不要直接撤下部署——先评估影响和沟通；也不要认为""反正已经部署了就不用验收了""。<br>- 题干信号：未验收已部署、跳过确认范围。<br>- 关联：T-SCOPE-003；T-CASE-003。<br>- 来源：SRC-T-SCOPE-003-005。",topic_qa,场景判断卡,,,,,下午案例,,,,T-SCOPE-003,T-SCOPE-003,SRC-T-SCOPE-003-005,outputs/anki_builds/full_expansion_20260521_003052/topics/by_topic/T-SCOPE-003/topic_qa_cards.md,T-SCOPE-003｜范围确认、质量控制、验收与测试边界辨析 专题问答卡,,"T-SCOPE-003,T-CASE-003,T-SCOPE-003-005",keep,确认范围被跳过的补救场景。,ruankao ruankao::family::topic_qa ruankao::card_type::场景判断卡 ruankao::importance:: ruankao::exam_use::下午案例 ruankao::topic::T-SCOPE-003,sha256:162b3505fd11535d08600e95
软考::系统集成项目管理工程师,Basic,陷阱：确认范围只做一次，在项目结束时——这个说法对吗？,不对。确认范围在项目过程中可以做多次，每个可交付成果完成后都可以进行。,- 理解/记忆线索：确认范围=分期验收（多次）；最终验收=总体验收（一次）。<br>- 易错点：不要和最终验收搞混。<br>- 题干信号：确认范围、做几次、项目结束时。<br>- 关联：T-SCOPE-003。<br>- 来源：SRC-T-SCOPE-003-005。,topic_qa,陷阱卡,,,,,上午选择,,,,T-SCOPE-003,T-SCOPE-003,SRC-T-SCOPE-003-005,outputs/anki_builds/full_expansion_20260521_003052/topics/by_topic/T-SCOPE-003/topic_qa_cards.md,T-SCOPE-003｜范围确认、质量控制、验收与测试边界辨析 专题问答卡,,"T-SCOPE-003,T-SCOPE-003-005",keep,确认范围频次的经典误解。,ruankao ruankao::family::topic_qa ruankao::card_type::陷阱卡 ruankao::importance:: ruankao::exam_use::上午选择 ruankao::topic::T-SCOPE-003,sha256:6112948d2d3fbbcf1171acb9
软考::系统集成项目管理工程师,Basic,陷阱：控制质量（QC）合格的产品，客户没有理由拒绝验收——这个说法对吗？,不对。QC合格只代表产品满足技术质量标准，不代表满足客户的全部需求。客户可以在确认范围中因为范围/功能不符合要求而拒绝验收。,"- 理解/记忆线索：QC管""好不好""（质量），确认范围管""对不对""（范围）。好≠对。<br>- 易错点：质量合格不等于客户满意，范围和需求的满足是另一回事。<br>- 题干信号：QC合格、客户拒绝、验收失败。<br>- 关联：T-SCOPE-003；T-CROSS-001。<br>- 来源：SRC-T-SCOPE-003-005。",topic_qa,陷阱卡,,,,,上午选择,,,,T-SCOPE-003,T-SCOPE-003,SRC-T-SCOPE-003-005,outputs/anki_builds/full_expansion_20260521_003052/topics/by_topic/T-SCOPE-003/topic_qa_cards.md,T-SCOPE-003｜范围确认、质量控制、验收与测试边界辨析 专题问答卡,,"T-SCOPE-003,T-CROSS-001,T-SCOPE-003-005",keep,QC合格≠确认范围通过的边界陷阱。,ruankao ruankao::family::topic_qa ruankao::card_type::陷阱卡 ruankao::importance:: ruankao::exam_use::上午选择 ruankao::topic::T-SCOPE-003,sha256:25968ecf6fce274fd97a2fc1
软考::系统集成项目管理工程师,Basic,陷阱：确认范围是质量管理部门的事情——这个说法对吗？,不对。确认范围是范围管理知识域的过程，由项目经理组织、客户/发起人参与验收，不是质量管理部门的职责。,"- 理解/记忆线索：确认范围=范围管理（谁验收？客户！）；QC=质量管理（谁检查？团队！）。<br>- 易错点：不能因为""验收""听起来像质量活动就归入质量管理。<br>- 题干信号：确认范围、质量管理部门、职责归属。<br>- 关联：T-SCOPE-003。<br>- 来源：SRC-T-SCOPE-003-005。",topic_qa,陷阱卡,,,,,上午选择,,,,T-SCOPE-003,T-SCOPE-003,SRC-T-SCOPE-003-005,outputs/anki_builds/full_expansion_20260521_003052/topics/by_topic/T-SCOPE-003/topic_qa_cards.md,T-SCOPE-003｜范围确认、质量控制、验收与测试边界辨析 专题问答卡,,"T-SCOPE-003,T-SCOPE-003-005",keep,确认范围职责归属的常见错误。,ruankao ruankao::family::topic_qa ruankao::card_type::陷阱卡 ruankao::importance:: ruankao::exam_use::上午选择 ruankao::topic::T-SCOPE-003,sha256:541d210f8c86094482b07bb4
