deck,note_type,front,back,extra,card_family,card_type,concept_name,concept_aliases,importance,difficulty,exam_use,knowledge_domain,chapter_id,chapter_name,source_topic_ids,source_topic_names,source_ids,source_file,source_heading,related_question_ids,related_topic_ids,manual_review_status,manual_review_note,tags,checksum
软考::系统集成项目管理工程师::01_信息化与信息系统::专题问答卡::T-INFO-001_信息化_信息系统生命周期与系统集成基础,RuankaoTopicCard,信息系统生命周期 vs 项目生命周期的核心区别是什么？,信息系统生命周期覆盖系统规划、开发、运维和退役；项目生命周期只覆盖某个建设项目从启动到收尾。,<div>理解：本卡只围绕“生命周期边界”做判断，避免把整个专题压成目录卡。</div><div>题干信号：生命周期边界</div><div>来源：T-INFO-001 / 生命周期边界</div>,topic_qa,辨析卡,,,A,2,跨域辨析,信息化与系统集成基础,01,信息化与信息系统,T-INFO-001,信息化、信息系统生命周期与系统集成基础,SRC-T-INFO-001-001,topic_learning_packages/topics/01_信息化与信息系统/T-INFO-001_专题学习包_信息化信息系统生命周期与系统集成基础.md,生命周期边界,,,keep,Front 聚焦“生命周期边界”，Back 短句给出可判分答案，Extra 提供本卡专属题干信号。,ruankao ruankao::build::20260520_235046 ruankao::chapter::01 ruankao::domain::信息化与系统集成基础 ruankao::type::辨析卡 ruankao::importance::A ruankao::difficulty::2 ruankao::review::keep ruankao::topic_qa ruankao::topic::T-INFO-001,sha256:6a9a8f2ce524fc08d93558dd
软考::系统集成项目管理工程师::01_信息化与信息系统::专题问答卡::T-INFO-001_信息化_信息系统生命周期与系统集成基础,RuankaoTopicCard,为什么系统集成项目不能只按软件开发项目理解？,系统集成同时涉及软件、硬件、网络、数据、业务流程和多方协同。,<div>理解：本卡只围绕“系统集成特点”做判断，避免把整个专题压成目录卡。</div><div>题干信号：系统集成特点</div><div>来源：T-INFO-001 / 系统集成特点</div>,topic_qa,陷阱卡,,,A,2,上午选择,信息化与系统集成基础,01,信息化与信息系统,T-INFO-001,信息化、信息系统生命周期与系统集成基础,SRC-T-INFO-001-002,topic_learning_packages/topics/01_信息化与信息系统/T-INFO-001_专题学习包_信息化信息系统生命周期与系统集成基础.md,系统集成特点,,,keep,Front 聚焦“系统集成特点”，Back 短句给出可判分答案，Extra 提供本卡专属题干信号。,ruankao ruankao::build::20260520_235046 ruankao::chapter::01 ruankao::domain::信息化与系统集成基础 ruankao::type::陷阱卡 ruankao::importance::A ruankao::difficulty::2 ruankao::review::keep ruankao::topic_qa ruankao::topic::T-INFO-001,sha256:fb3818c432f7577ad3ff66b0
软考::系统集成项目管理工程师::01_信息化与信息系统::专题问答卡::T-INFO-001_信息化_信息系统生命周期与系统集成基础,RuankaoTopicCard,题干出现“满足用户特定需求的信息系统整体交付”时，应想到什么？,应想到信息系统集成，核心是把多种技术和产品整合成可运行系统。,<div>理解：本卡只围绕“系统集成信号”做判断，避免把整个专题压成目录卡。</div><div>题干信号：系统集成信号</div><div>来源：T-INFO-001 / 系统集成信号</div>,topic_qa,关键词识别卡,,,A,2,上午选择,信息化与系统集成基础,01,信息化与信息系统,T-INFO-001,信息化、信息系统生命周期与系统集成基础,SRC-T-INFO-001-003,topic_learning_packages/topics/01_信息化与信息系统/T-INFO-001_专题学习包_信息化信息系统生命周期与系统集成基础.md,系统集成信号,,,keep,Front 聚焦“系统集成信号”，Back 短句给出可判分答案，Extra 提供本卡专属题干信号。,ruankao ruankao::build::20260520_235046 ruankao::chapter::01 ruankao::domain::信息化与系统集成基础 ruankao::type::关键词识别卡 ruankao::importance::A ruankao::difficulty::2 ruankao::review::keep ruankao::topic_qa ruankao::topic::T-INFO-001,sha256:da6f707d4fcbc53edb1d6964
软考::系统集成项目管理工程师::01_信息化与信息系统::专题问答卡::T-INFO-001_信息化_信息系统生命周期与系统集成基础,RuankaoTopicCard,需求分析阶段主要回答什么问题？,回答系统必须做什么、具备哪些功能和性能。,<div>理解：本卡只围绕“需求分析”做判断，避免把整个专题压成目录卡。</div><div>题干信号：需求分析</div><div>来源：T-INFO-001 / 需求分析</div>,topic_qa,概念卡,,,A,2,上午选择,信息化与系统集成基础,01,信息化与信息系统,T-INFO-001,信息化、信息系统生命周期与系统集成基础,SRC-T-INFO-001-004,topic_learning_packages/topics/01_信息化与信息系统/T-INFO-001_专题学习包_信息化信息系统生命周期与系统集成基础.md,需求分析,,,keep,Front 聚焦“需求分析”，Back 短句给出可判分答案，Extra 提供本卡专属题干信号。,ruankao ruankao::build::20260520_235046 ruankao::chapter::01 ruankao::domain::信息化与系统集成基础 ruankao::type::概念卡 ruankao::importance::A ruankao::difficulty::2 ruankao::review::keep ruankao::topic_qa ruankao::topic::T-INFO-001,sha256:db0395fd83358f8aab2a6564
软考::系统集成项目管理工程师::01_信息化与信息系统::专题问答卡::T-INFO-001_信息化_信息系统生命周期与系统集成基础,RuankaoTopicCard,UML 被说成“可视化程序设计语言”为什么不准确？,UML 是可视化建模语言，用于分析和设计表达，不是编程语言。,<div>理解：本卡只围绕“UML”做判断，避免把整个专题压成目录卡。</div><div>题干信号：UML</div><div>来源：T-INFO-001 / UML</div>,topic_qa,陷阱卡,,,B,3,上午选择,信息化与系统集成基础,01,信息化与信息系统,T-INFO-001,信息化、信息系统生命周期与系统集成基础,SRC-T-INFO-001-005,topic_learning_packages/topics/01_信息化与信息系统/T-INFO-001_专题学习包_信息化信息系统生命周期与系统集成基础.md,UML,,,keep,Front 聚焦“UML”，Back 短句给出可判分答案，Extra 提供本卡专属题干信号。,ruankao ruankao::build::20260520_235046 ruankao::chapter::01 ruankao::domain::信息化与系统集成基础 ruankao::type::陷阱卡 ruankao::importance::B ruankao::difficulty::3 ruankao::review::keep ruankao::topic_qa ruankao::topic::T-INFO-001,sha256:53661e27c232b65b457fe452
软考::系统集成项目管理工程师::01_信息化与信息系统::专题问答卡::T-INFO-001_信息化_信息系统生命周期与系统集成基础,RuankaoTopicCard,信息化建设为什么不能只理解为采购设备？,信息化还包括信息资源开发、业务流程改造、人才、标准和管理机制建设。,<div>理解：本卡只围绕“信息化边界”做判断，避免把整个专题压成目录卡。</div><div>题干信号：信息化边界</div><div>来源：T-INFO-001 / 信息化边界</div>,topic_qa,辨析卡,,,B,3,上午选择,信息化与系统集成基础,01,信息化与信息系统,T-INFO-001,信息化、信息系统生命周期与系统集成基础,SRC-T-INFO-001-006,topic_learning_packages/topics/01_信息化与信息系统/T-INFO-001_专题学习包_信息化信息系统生命周期与系统集成基础.md,信息化边界,,,keep,Front 聚焦“信息化边界”，Back 短句给出可判分答案，Extra 提供本卡专属题干信号。,ruankao ruankao::build::20260520_235046 ruankao::chapter::01 ruankao::domain::信息化与系统集成基础 ruankao::type::辨析卡 ruankao::importance::B ruankao::difficulty::3 ruankao::review::keep ruankao::topic_qa ruankao::topic::T-INFO-001,sha256:5ce17ab86a0268ee21391b0b
软考::系统集成项目管理工程师::02_项目管理基础::专题问答卡::T-PM-002_五大过程组_十大知识域与PDCA,RuankaoTopicCard,过程组和知识域的核心区别是什么？,过程组按项目管理活动的时间逻辑划分；知识域按管理内容划分。,<div>理解：本卡只围绕“过程组 vs 知识域”做判断，避免把整个专题压成目录卡。</div><div>题干信号：过程组 vs 知识域</div><div>来源：T-PM-002 / 过程组 vs 知识域</div>,topic_qa,辨析卡,,,A,2,跨域辨析,项目管理基础,02,项目管理基础,T-PM-002,五大过程组、十大知识域与 PDCA,SRC-T-PM-002-001,topic_learning_packages/topics/02_项目管理基础/T-PM-002_专题学习包_五大过程组十大知识域与PDCA.md,过程组 vs 知识域,,,keep,Front 聚焦“过程组 vs 知识域”，Back 短句给出可判分答案，Extra 提供本卡专属题干信号。,ruankao ruankao::build::20260520_235046 ruankao::chapter::02 ruankao::domain::项目管理基础 ruankao::type::辨析卡 ruankao::importance::A ruankao::difficulty::2 ruankao::review::keep ruankao::topic_qa ruankao::topic::T-PM-002,sha256:91117658530d3056f97d10da
软考::系统集成项目管理工程师::02_项目管理基础::专题问答卡::T-PM-002_五大过程组_十大知识域与PDCA,RuankaoTopicCard,五大过程组分别回答项目管理中的什么时间问题？,启动定边界，规划定方案，执行做工作，监控查偏差，收尾正式结束。,<div>理解：本卡只围绕“过程组”做判断，避免把整个专题压成目录卡。</div><div>题干信号：过程组</div><div>来源：T-PM-002 / 过程组</div>,topic_qa,流程卡,,,A,2,上午选择,项目管理基础,02,项目管理基础,T-PM-002,五大过程组、十大知识域与 PDCA,SRC-T-PM-002-002,topic_learning_packages/topics/02_项目管理基础/T-PM-002_专题学习包_五大过程组十大知识域与PDCA.md,过程组,,,keep,Front 聚焦“过程组”，Back 短句给出可判分答案，Extra 提供本卡专属题干信号。,ruankao ruankao::build::20260520_235046 ruankao::chapter::02 ruankao::domain::项目管理基础 ruankao::type::流程卡 ruankao::importance::A ruankao::difficulty::2 ruankao::review::keep ruankao::topic_qa ruankao::topic::T-PM-002,sha256:59141e002282174e535248cc
软考::系统集成项目管理工程师::02_项目管理基础::专题问答卡::T-PM-002_五大过程组_十大知识域与PDCA,RuankaoTopicCard,为什么不能只按知识域学习项目管理？,考试常用过程组定位“当前处于什么时候”，再用知识域定位“管什么”。,<div>理解：本卡只围绕“定位方法”做判断，避免把整个专题压成目录卡。</div><div>题干信号：定位方法</div><div>来源：T-PM-002 / 定位方法</div>,topic_qa,陷阱卡,,,A,2,上午选择,项目管理基础,02,项目管理基础,T-PM-002,五大过程组、十大知识域与 PDCA,SRC-T-PM-002-003,topic_learning_packages/topics/02_项目管理基础/T-PM-002_专题学习包_五大过程组十大知识域与PDCA.md,定位方法,,,keep,Front 聚焦“定位方法”，Back 短句给出可判分答案，Extra 提供本卡专属题干信号。,ruankao ruankao::build::20260520_235046 ruankao::chapter::02 ruankao::domain::项目管理基础 ruankao::type::陷阱卡 ruankao::importance::A ruankao::difficulty::2 ruankao::review::keep ruankao::topic_qa ruankao::topic::T-PM-002,sha256:ee6eb66bc831daec07506385
软考::系统集成项目管理工程师::02_项目管理基础::专题问答卡::T-PM-002_五大过程组_十大知识域与PDCA,RuankaoTopicCard,PDCA 与项目管理过程组如何对应理解？,规划对应 Plan，执行对应 Do，监控对应 Check，纠偏和收尾体现 Act 的改进闭环。,<div>理解：本卡只围绕“PDCA”做判断，避免把整个专题压成目录卡。</div><div>题干信号：PDCA</div><div>来源：T-PM-002 / PDCA</div>,topic_qa,辨析卡,,,B,3,上午选择,项目管理基础,02,项目管理基础,T-PM-002,五大过程组、十大知识域与 PDCA,SRC-T-PM-002-004,topic_learning_packages/topics/02_项目管理基础/T-PM-002_专题学习包_五大过程组十大知识域与PDCA.md,PDCA,,,keep,Front 聚焦“PDCA”，Back 短句给出可判分答案，Extra 提供本卡专属题干信号。,ruankao ruankao::build::20260520_235046 ruankao::chapter::02 ruankao::domain::项目管理基础 ruankao::type::辨析卡 ruankao::importance::B ruankao::difficulty::3 ruankao::review::keep ruankao::topic_qa ruankao::topic::T-PM-002,sha256:486ce8c7677a8d8fd96e1848
软考::系统集成项目管理工程师::02_项目管理基础::专题问答卡::T-PM-002_五大过程组_十大知识域与PDCA,RuankaoTopicCard,案例题中如何用过程组×知识域定位问题？,先判断事实发生在启动/规划/执行/监控/收尾，再判断属于范围、进度、成本、质量、风险等哪类管理。,<div>理解：本卡只围绕“定位框架”做判断，避免把整个专题压成目录卡。</div><div>题干信号：定位框架</div><div>来源：T-PM-002 / 定位框架</div>,topic_qa,案例模板卡,,,A,2,案例分析,项目管理基础,02,项目管理基础,T-PM-002,五大过程组、十大知识域与 PDCA,SRC-T-PM-002-005,topic_learning_packages/topics/02_项目管理基础/T-PM-002_专题学习包_五大过程组十大知识域与PDCA.md,定位框架,,,keep,Front 聚焦“定位框架”，Back 短句给出可判分答案，Extra 提供本卡专属题干信号。,ruankao ruankao::build::20260520_235046 ruankao::chapter::02 ruankao::domain::项目管理基础 ruankao::type::案例模板卡 ruankao::importance::A ruankao::difficulty::2 ruankao::review::keep ruankao::topic_qa ruankao::topic::T-PM-002,sha256:a5d3476cee4d6dc609ef5507
软考::系统集成项目管理工程师::02_项目管理基础::专题问答卡::T-PM-002_五大过程组_十大知识域与PDCA,RuankaoTopicCard,题干出现“定期测量、识别偏差、采取纠正措施”应想到哪个过程组？,应想到监控过程组。,<div>理解：本卡只围绕“监控信号”做判断，避免把整个专题压成目录卡。</div><div>题干信号：监控信号</div><div>来源：T-PM-002 / 监控信号</div>,topic_qa,关键词识别卡,,,A,2,上午选择,项目管理基础,02,项目管理基础,T-PM-002,五大过程组、十大知识域与 PDCA,SRC-T-PM-002-006,topic_learning_packages/topics/02_项目管理基础/T-PM-002_专题学习包_五大过程组十大知识域与PDCA.md,监控信号,,,keep,Front 聚焦“监控信号”，Back 短句给出可判分答案，Extra 提供本卡专属题干信号。,ruankao ruankao::build::20260520_235046 ruankao::chapter::02 ruankao::domain::项目管理基础 ruankao::type::关键词识别卡 ruankao::importance::A ruankao::difficulty::2 ruankao::review::keep ruankao::topic_qa ruankao::topic::T-PM-002,sha256:60db882c780684752e2e6e9e
软考::系统集成项目管理工程师::03_立项管理::专题问答卡::T-FEA-001_立项管理_项目建议书_可行性研究与项目论证,RuankaoTopicCard,项目建议书在立项管理中的核心作用是什么？,提出拟建项目的总体设想和立项申请，为主管部门选择项目、开展后续可行性研究提供依据。,<div>理解：它回答“为什么要提出这个项目、大致要做什么”，还没有进入正式项目执行。</div><div>易错点：项目建议书不是项目章程；章程才是正式批准项目存在并授权项目经理。</div><div>题干信号：立项申请、总体设想、报送主管部门、可研依据。</div><div>关联：T-INT-002 项目章程。</div><div>来源：SRC-FEA-TUTOR-001。</div>,topic_qa,概念卡,,,A,2,上午选择,立项管理,03,立项管理,T-FEA-001,立项管理：项目建议书、可行性研究与项目论证,SRC-FEA-TUTOR-001,tutorial.full.clean.md,5.1.1 项目建议书,,T-INT-002,keep,Front 明确问作用，Back 短，Extra 只补阶段边界。,ruankao ruankao::build::20260520_235046 ruankao::topic ruankao::topic::T-FEA-001 ruankao::domain::立项管理 ruankao::type::概念卡 ruankao::importance::A ruankao::difficulty::2 ruankao::review::keep ruankao::family::topic_qa ruankao::chapter::03,sha256:3dbb3fec99c8570715078979
软考::系统集成项目管理工程师::03_立项管理::专题问答卡::T-FEA-001_立项管理_项目建议书_可行性研究与项目论证,RuankaoTopicCard,项目建议书 vs 项目章程的核心区别是什么？,项目建议书偏立项前申请和总体设想；项目章程偏正式批准项目存在，并授权项目经理使用组织资源。,<div>记忆线索：建议书是“要不要立项”；章程是“项目已被授权”。</div><div>易错点：看到“项目经理授权、正式启动项目”，不要选项目建议书。</div><div>关联：T-FEA-001；T-INT-002。</div><div>来源：SRC-FEA-TUTOR-001。</div>,topic_qa,辨析卡,,,A,2,跨域辨析,立项管理,03,立项管理,T-FEA-001,立项管理：项目建议书、可行性研究与项目论证,SRC-FEA-TUTOR-001;SRC-FEA-IDX-001,tutorial.full.clean.md,5.1.1 项目建议书,,T-INT-002,keep,跨专题边界清楚，和作用卡不是同义重复。,ruankao ruankao::build::20260520_235046 ruankao::topic ruankao::topic::T-FEA-001 ruankao::domain::立项管理 ruankao::type::辨析卡 ruankao::importance::A ruankao::difficulty::2 ruankao::review::keep ruankao::family::topic_qa ruankao::chapter::03,sha256:15b21b7c5167efbbd2367f23
软考::系统集成项目管理工程师::03_立项管理::专题问答卡::T-FEA-001_立项管理_项目建议书_可行性研究与项目论证,RuankaoTopicCard,项目建议书获批后，通常进入哪类工作？,进入项目可行性研究，进一步论证项目是否值得做、能不能做、风险是否可接受。,<div>理解：建议书只是总体设想，可研才展开技术、财务、组织、社会和风险等论证。</div><div>易错点：不要跳到项目管理计划；计划是项目被批准后的执行管理文件。</div><div>题干信号：建议书通过批复、后续分析、是否可行。</div><div>来源：SRC-FEA-TUTOR-002。</div>,topic_qa,流程卡,,,A,2,上午选择,立项管理,03,立项管理,T-FEA-001,立项管理：项目建议书、可行性研究与项目论证,SRC-FEA-TUTOR-001;SRC-FEA-TUTOR-002,tutorial.full.clean.md,5.1.2 项目建议书的编写、申报和审批,,,keep,只考相邻流程关系，适合选择题。,ruankao ruankao::build::20260520_235046 ruankao::topic ruankao::topic::T-FEA-001 ruankao::domain::立项管理 ruankao::type::流程卡 ruankao::importance::A ruankao::difficulty::2 ruankao::review::keep ruankao::family::topic_qa ruankao::chapter::03,sha256:541d9aafd328ba9b400c735c
软考::系统集成项目管理工程师::03_立项管理::专题问答卡::T-FEA-001_立项管理_项目建议书_可行性研究与项目论证,RuankaoTopicCard,项目建议书阶段为什么也可能组织需求分析？,为了形成需求分析报告，作为编制项目建议书和审批咨询意见的参考。,<div>理解：这里的需求分析是立项前的依据收集，不等同于后续完整需求规格说明。</div><div>易错点：不要因为出现“需求分析”就直接判定项目已经进入开发或范围管理阶段。</div><div>来源：SRC-FEA-TUTOR-002。</div>,topic_qa,概念卡,,,B,2,上午选择,立项管理,03,立项管理,T-FEA-001,立项管理：项目建议书、可行性研究与项目论证,SRC-FEA-TUTOR-002,tutorial.full.clean.md,5.1.2 项目建议书的编写、申报和审批,,,keep,解释立项前需求分析的特殊位置。,ruankao ruankao::build::20260520_235046 ruankao::topic ruankao::topic::T-FEA-001 ruankao::domain::立项管理 ruankao::type::概念卡 ruankao::importance::B ruankao::difficulty::2 ruankao::review::keep ruankao::family::topic_qa ruankao::chapter::03,sha256:57249728d09273c961f423ff
软考::系统集成项目管理工程师::03_立项管理::专题问答卡::T-FEA-001_立项管理_项目建议书_可行性研究与项目论证,RuankaoTopicCard,可行性研究在立项管理中解决什么问题？,综合分析拟建项目的必要性、可行性、合理性和风险，为立项或投资决策提供依据。,<div>理解：可研不是“写一份能过会的材料”，而是提前判断项目值不值得做、条件是否支持。</div><div>题干信号：是否可行、是否值得投资、方案比较、效益分析、风险对策。</div><div>来源：SRC-FEA-TUTOR-003。</div>,topic_qa,概念卡,,,A,2,上午选择,立项管理,03,立项管理,T-FEA-001,立项管理：项目建议书、可行性研究与项目论证,SRC-FEA-TUTOR-003,tutorial.full.clean.md,5.2.1 项目可行性研究内容,,,keep,中心概念卡，Back 稳定且短。,ruankao ruankao::build::20260520_235046 ruankao::topic ruankao::topic::T-FEA-001 ruankao::domain::立项管理 ruankao::type::概念卡 ruankao::importance::A ruankao::difficulty::2 ruankao::review::keep ruankao::family::topic_qa ruankao::chapter::03,sha256:5e61a256cb82847082630b9e
软考::系统集成项目管理工程师::03_立项管理::专题问答卡::T-FEA-001_立项管理_项目建议书_可行性研究与项目论证,RuankaoTopicCard,教程口径下，可行性研究通常要覆盖哪七类内容？,投资必要性、技术可行性、财务可行性、组织可行性、经济可行性、社会可行性、风险因素及对策。,<div>记忆线索：必要性先问“该不该做”；技术/财务/组织/经济/社会问“能不能支撑”；风险问“出问题怎么办”。</div><div>易错点：不要把可研缩成单纯技术评审。</div><div>来源：SRC-FEA-TUTOR-003。</div>,topic_qa,关键词识别卡,,,A,3,上午选择,立项管理,03,立项管理,T-FEA-001,立项管理：项目建议书、可行性研究与项目论证,SRC-FEA-TUTOR-003,tutorial.full.clean.md,5.2.1 项目可行性研究内容,,,keep,小型枚举但为教程明确考点，Extra 分组减负。,ruankao ruankao::build::20260520_235046 ruankao::topic ruankao::topic::T-FEA-001 ruankao::domain::立项管理 ruankao::type::关键词识别卡 ruankao::importance::A ruankao::difficulty::3 ruankao::review::keep ruankao::family::topic_qa ruankao::chapter::03,sha256:5e909f27fbb8d8d626996639
软考::系统集成项目管理工程师::03_立项管理::专题问答卡::T-FEA-001_立项管理_项目建议书_可行性研究与项目论证,RuankaoTopicCard,题干出现哪些信号时，应优先想到技术可行性？,新技术、技术方案成熟度、团队技术能力、关键资源、系统性能或兼容性风险。,<div>例子：WiMAX 案例中“新技术、团队缺少经验、覆盖盲区、断网”都指向技术可行性不足。</div><div>易错点：技术演示效果好，不等于技术可行性已经充分论证。</div><div>来源：SRC-FEA-TUTOR-003；SRC-FEA-Q-CASE-001。</div>,topic_qa,关键词识别卡,,,A,2,案例分析,立项管理,03,立项管理,T-FEA-001,立项管理：项目建议书、可行性研究与项目论证,SRC-FEA-TUTOR-003;SRC-FEA-Q-CASE-001,tutorial.full.clean.md;questions.full.clean.md,5.2.1 技术可行性 / WiMAX 案例,,,keep,把抽象分类落到案例信号上。,ruankao ruankao::build::20260520_235046 ruankao::topic ruankao::topic::T-FEA-001 ruankao::domain::立项管理 ruankao::type::关键词识别卡 ruankao::importance::A ruankao::difficulty::2 ruankao::review::keep ruankao::family::topic_qa ruankao::chapter::03,sha256:dac7ad9c4f270f3f2fbe1afa
软考::系统集成项目管理工程师::03_立项管理::专题问答卡::T-FEA-001_立项管理_项目建议书_可行性研究与项目论证,RuankaoTopicCard,财务可行性 vs 经济可行性的区别是什么？,财务可行性偏投资者或项目自身的盈利、现金流和偿债能力；经济可行性偏资源配置和社会经济效益。,<div>记忆线索：财务看“钱对项目/投资者是否划算”；经济看“资源投入对更大范围是否有价值”。</div><div>易错点：两个都和“钱”有关，但评价视角不同。</div><div>来源：SRC-FEA-TUTOR-003。</div>,topic_qa,辨析卡,,,A,3,上午选择,立项管理,03,立项管理,T-FEA-001,立项管理：项目建议书、可行性研究与项目论证,SRC-FEA-TUTOR-003,tutorial.full.clean.md,5.2.1 项目可行性研究内容,,,keep,拆开两个字面相似概念。,ruankao ruankao::build::20260520_235046 ruankao::topic ruankao::topic::T-FEA-001 ruankao::domain::立项管理 ruankao::type::辨析卡 ruankao::importance::A ruankao::difficulty::3 ruankao::review::keep ruankao::family::topic_qa ruankao::chapter::03,sha256:3dae1a8ab20949a8a9f32c39
软考::系统集成项目管理工程师::03_立项管理::专题问答卡::T-FEA-001_立项管理_项目建议书_可行性研究与项目论证,RuankaoTopicCard,题干出现哪些信号时，应想到组织可行性？,组织机构、管理人员经验、实施进度安排、协作关系、培训计划是否能支撑项目。,<div>理解：组织可行性问的是“组织和人能不能把项目推起来”，不是技术本身是否先进。</div><div>题干信号：人员不足、职责不清、培训缺失、协作机制弱、进度组织不合理。</div><div>来源：SRC-FEA-TUTOR-003。</div>,topic_qa,关键词识别卡,,,B,2,案例分析,立项管理,03,立项管理,T-FEA-001,立项管理：项目建议书、可行性研究与项目论证,SRC-FEA-TUTOR-003,tutorial.full.clean.md,5.2.1 组织可行性,,,keep,补足案例中常被忽略的非技术原因。,ruankao ruankao::build::20260520_235046 ruankao::topic ruankao::topic::T-FEA-001 ruankao::domain::立项管理 ruankao::type::关键词识别卡 ruankao::importance::B ruankao::difficulty::2 ruankao::review::keep ruankao::family::topic_qa ruankao::chapter::03,sha256:24228f61692ccef05394b52e
软考::系统集成项目管理工程师::03_立项管理::专题问答卡::T-FEA-001_立项管理_项目建议书_可行性研究与项目论证,RuankaoTopicCard,题干出现哪些信号时，应想到社会可行性？,法律政策、伦理道德、社会影响、民族宗教、社会稳定性等外部社会条件。,<div>例子：无线频段许可未办理，不只是技术问题，也涉及政策和法律环境。</div><div>易错点：社会可行性不是“用户喜不喜欢”，它更偏外部政策、法律和社会影响。</div><div>来源：SRC-FEA-TUTOR-003；SRC-FEA-Q-CASE-001。</div>,topic_qa,关键词识别卡,,,B,2,案例分析,立项管理,03,立项管理,T-FEA-001,立项管理：项目建议书、可行性研究与项目论证,SRC-FEA-TUTOR-003;SRC-FEA-Q-CASE-001,tutorial.full.clean.md;questions.full.clean.md,5.2.1 社会可行性 / WiMAX 案例,,,keep,专注社会可行性，和技术可行性互补。,ruankao ruankao::build::20260520_235046 ruankao::topic ruankao::topic::T-FEA-001 ruankao::domain::立项管理 ruankao::type::关键词识别卡 ruankao::importance::B ruankao::difficulty::2 ruankao::review::keep ruankao::family::topic_qa ruankao::chapter::03,sha256:18fe21cb31a80cae0e858822
软考::系统集成项目管理工程师::03_立项管理::专题问答卡::T-FEA-001_立项管理_项目建议书_可行性研究与项目论证,RuankaoTopicCard,可行性研究是否只需要论证收益，不需要论证风险？,不是。可行性研究应评价风险因素并提出对策，为项目全过程风险管理提供依据。,<div>理解：可研阶段的风险分析是“是否值得立项”的前置判断，不是执行阶段风险管理的全部替代品。</div><div>题干信号：供应商退出、许可无法取得、关键技术不成熟、市场或财务不确定。</div><div>来源：SRC-FEA-TUTOR-003。</div>,topic_qa,陷阱卡,,,A,2,案例分析,立项管理,03,立项管理,T-FEA-001,立项管理：项目建议书、可行性研究与项目论证,SRC-FEA-TUTOR-003;SRC-FEA-Q-CASE-001,tutorial.full.clean.md;questions.full.clean.md,5.2.1 风险因素及对策 / WiMAX 案例,,T-RISK-001,keep,纠正高频误解，Back 简短。,ruankao ruankao::build::20260520_235046 ruankao::topic ruankao::topic::T-FEA-001 ruankao::domain::立项管理 ruankao::type::陷阱卡 ruankao::importance::A ruankao::difficulty::2 ruankao::review::keep ruankao::family::topic_qa ruankao::chapter::03,sha256:7dddbda752d2d2e4d699e637
软考::系统集成项目管理工程师::03_立项管理::专题问答卡::T-FEA-001_立项管理_项目建议书_可行性研究与项目论证,RuankaoTopicCard,可行性研究是不是项目管理计划？,不是。可行性研究服务于立项前决策；项目管理计划服务于项目批准后的执行、监控和控制。,<div>题干信号：问“值不值得投资、能不能建设”偏可研；问“如何执行、监控、控制”偏项目管理计划。</div><div>关联：T-FEA-001；T-INT-002。</div><div>来源：SRC-FEA-TUTOR-003。</div>,topic_qa,辨析卡,,,A,2,跨域辨析,立项管理,03,立项管理,T-FEA-001,立项管理：项目建议书、可行性研究与项目论证,SRC-FEA-TUTOR-003;SRC-FEA-IDX-001,tutorial.full.clean.md,5.2.1 项目可行性研究内容,,T-INT-002,keep,短、准、有坑点，接近黄金样例风格。,ruankao ruankao::build::20260520_235046 ruankao::topic ruankao::topic::T-FEA-001 ruankao::domain::立项管理 ruankao::type::辨析卡 ruankao::importance::A ruankao::difficulty::2 ruankao::review::keep ruankao::family::topic_qa ruankao::chapter::03,sha256:32ac3cd68412481d9a36f4d3
软考::系统集成项目管理工程师::03_立项管理::专题问答卡::T-FEA-001_立项管理_项目建议书_可行性研究与项目论证,RuankaoTopicCard,可研报告内容相对项目建议书批复发生重大变更时，应优先想到什么处理？,应重新报批项目建议书。,<div>理解：项目建议书批复是后续可研和建设的依据，重大偏离不能只在后续文件里悄悄调整。</div><div>易错点：少量调整可说明；重大变更要回到上一级依据重新报批。</div><div>来源：SRC-FEA-TUTOR-007。</div>,topic_qa,陷阱卡,,,A,3,上午选择,立项管理,03,立项管理,T-FEA-001,立项管理：项目建议书、可行性研究与项目论证,SRC-FEA-TUTOR-007,tutorial.full.clean.md,5.3 项目审批,,,keep,不写具体数字，保留稳定判断规则。,ruankao ruankao::build::20260520_235046 ruankao::topic ruankao::topic::T-FEA-001 ruankao::domain::立项管理 ruankao::type::陷阱卡 ruankao::importance::A ruankao::difficulty::3 ruankao::review::keep ruankao::family::topic_qa ruankao::chapter::03,sha256:e819d0df675132e6bca7fb88
软考::系统集成项目管理工程师::03_立项管理::专题问答卡::T-FEA-001_立项管理_项目建议书_可行性研究与项目论证,RuankaoTopicCard,机会研究主要回答什么问题？,有没有值得进一步关注的投资机会或项目方向。,<div>记忆线索：机会研究的关键词是“找机会”，不是详细证明方案可行。</div><div>易错点：题干问“寻找最佳投资机会”时，不要误选详细可研。</div><div>来源：SRC-FEA-TUTOR-005。</div>,topic_qa,概念卡,,,A,1,上午选择,立项管理,03,立项管理,T-FEA-001,立项管理：项目建议书、可行性研究与项目论证,SRC-FEA-TUTOR-005,tutorial.full.clean.md,5.2.2 机会可行性研究,,,keep,Front 和 Back 都很短。,ruankao ruankao::build::20260520_235046 ruankao::topic ruankao::topic::T-FEA-001 ruankao::domain::立项管理 ruankao::type::概念卡 ruankao::importance::A ruankao::difficulty::1 ruankao::review::keep ruankao::family::topic_qa ruankao::chapter::03,sha256:31b5009df795d77ee2cd0959
软考::系统集成项目管理工程师::03_立项管理::专题问答卡::T-FEA-001_立项管理_项目建议书_可行性研究与项目论证,RuankaoTopicCard,初步可行性研究主要回答什么问题？,项目初步看是否可行，是否值得进入更深入的详细可行性研究。,<div>理解：它是机会研究和详细可研之间的中间阶段。</div><div>易错点：初步可研可以作为决策参考，但不是最完整的最终论证。</div><div>来源：SRC-FEA-TUTOR-005。</div>,topic_qa,概念卡,,,A,1,上午选择,立项管理,03,立项管理,T-FEA-001,立项管理：项目建议书、可行性研究与项目论证,SRC-FEA-TUTOR-005,tutorial.full.clean.md,5.2.2 初步可行性研究,,,keep,聚焦“是否深入”。,ruankao ruankao::build::20260520_235046 ruankao::topic ruankao::topic::T-FEA-001 ruankao::domain::立项管理 ruankao::type::概念卡 ruankao::importance::A ruankao::difficulty::1 ruankao::review::keep ruankao::family::topic_qa ruankao::chapter::03,sha256:9d92f80e287ecc8bbe9fd62e
软考::系统集成项目管理工程师::03_立项管理::专题问答卡::T-FEA-001_立项管理_项目建议书_可行性研究与项目论证,RuankaoTopicCard,详细可行性研究主要回答什么问题？,项目各方面是否真正可行，并为立项决策提供确切依据。,<div>理解：详细可研要全面搜集和分析资料，比较不同实现方案，并预测项目建成后的绩效。</div><div>题干信号：全面分析、方案综合评判、立项决策确切依据。</div><div>来源：SRC-FEA-TUTOR-005。</div>,topic_qa,概念卡,,,A,1,上午选择,立项管理,03,立项管理,T-FEA-001,立项管理：项目建议书、可行性研究与项目论证,SRC-FEA-TUTOR-005,tutorial.full.clean.md,5.2.2 详细可行性研究,,,keep,Back 稳定，Extra 只补定位信号。,ruankao ruankao::build::20260520_235046 ruankao::topic ruankao::topic::T-FEA-001 ruankao::domain::立项管理 ruankao::type::概念卡 ruankao::importance::A ruankao::difficulty::1 ruankao::review::keep ruankao::family::topic_qa ruankao::chapter::03,sha256:992f7f47922e034f728cc980
软考::系统集成项目管理工程师::03_立项管理::专题问答卡::T-FEA-001_立项管理_项目建议书_可行性研究与项目论证,RuankaoTopicCard,机会研究、初步可研、详细可研的核心区别是什么？,机会研究偏发现机会；初步可研偏判断是否值得深入；详细可研偏全面论证并支撑立项决策。,<div>记忆线索：机会=有没有机会；初步=要不要深入；详细=能不能决策。</div><div>易错点：三者不是并列材料，而是研究深度递进。</div><div>来源：SRC-FEA-TUTOR-005。</div>,topic_qa,辨析卡,,,A,2,上午选择,立项管理,03,立项管理,T-FEA-001,立项管理：项目建议书、可行性研究与项目论证,SRC-FEA-TUTOR-005,tutorial.full.clean.md,5.2.2 项目可行性研究阶段,,,keep,必要总辨析卡，和单概念卡构成合理冗余。,ruankao ruankao::build::20260520_235046 ruankao::topic ruankao::topic::T-FEA-001 ruankao::domain::立项管理 ruankao::type::辨析卡 ruankao::importance::A ruankao::difficulty::2 ruankao::review::keep ruankao::family::topic_qa ruankao::chapter::03,sha256:80f8baec7240c82b75bd55c4
软考::系统集成项目管理工程师::03_立项管理::专题问答卡::T-FEA-001_立项管理_项目建议书_可行性研究与项目论证,RuankaoTopicCard,初步可行性研究通常可能得出哪四类结论？,立即上马；转入详细可研；开展专题研究；否定项目、项目下马。,<div>理解：初步可研的价值在于分流，不是所有项目都自动进入详细可研。</div><div>题干信号：肯定上马、深入研究、原型验证关键技术、否定项目。</div><div>来源：SRC-FEA-TUTOR-005。</div>,topic_qa,流程卡,,,B,3,上午选择,立项管理,03,立项管理,T-FEA-001,立项管理：项目建议书、可行性研究与项目论证,SRC-FEA-TUTOR-005;SRC-FEA-Q-041,tutorial.full.clean.md;questions.full.clean.md,5.2.2 初步可研 / Q41,,,keep,四项枚举是稳定考点，未扩成长段。,ruankao ruankao::build::20260520_235046 ruankao::topic ruankao::topic::T-FEA-001 ruankao::domain::立项管理 ruankao::type::流程卡 ruankao::importance::B ruankao::difficulty::3 ruankao::review::keep ruankao::family::topic_qa ruankao::chapter::03,sha256:d3dabe3dadaf0225a45aa5dc
软考::系统集成项目管理工程师::03_立项管理::专题问答卡::T-FEA-001_立项管理_项目建议书_可行性研究与项目论证,RuankaoTopicCard,可研报告从编制到批复的大致链路是什么？,依据项目建议书批复编制可研报告 → 报送项目审批部门 → 委托有资格机构评估 → 审核批复。,<div>易错点：评估通常在审批批复前起把关作用，不是项目完成后的复盘。</div><div>题干信号：建议书批复、可研报告、咨询机构评估、审核批复。</div><div>来源：SRC-FEA-TUTOR-006。</div>,topic_qa,流程卡,,,A,2,上午选择,立项管理,03,立项管理,T-FEA-001,立项管理：项目建议书、可行性研究与项目论证,SRC-FEA-TUTOR-006;SRC-FEA-Q-031,tutorial.full.clean.md;questions.full.clean.md,5.2.2 可研报告编写提交批准 / Q31,,,keep,流程短，能直接用于立项链条题。,ruankao ruankao::build::20260520_235046 ruankao::topic ruankao::topic::T-FEA-001 ruankao::domain::立项管理 ruankao::type::流程卡 ruankao::importance::A ruankao::difficulty::2 ruankao::review::keep ruankao::family::topic_qa ruankao::chapter::03,sha256:f3c9b83179b9f5eea4d6a9f0
软考::系统集成项目管理工程师::03_立项管理::专题问答卡::T-FEA-001_立项管理_项目建议书_可行性研究与项目论证,RuankaoTopicCard,项目评估在立项管理中的核心作用是什么？,审查可行性研究的可靠性、真实性和客观性，为贷款或审批决策提供依据。,<div>理解：评估不是重复写一份可研，而是站在外部或第三方角度把关。</div><div>题干信号：第三方、审查、评价、客观性、审批决策依据。</div><div>来源：SRC-FEA-TUTOR-006。</div>,topic_qa,概念卡,,,A,2,上午选择,立项管理,03,立项管理,T-FEA-001,立项管理：项目建议书、可行性研究与项目论证,SRC-FEA-TUTOR-006,tutorial.full.clean.md,5.2.2 项目评估,,,keep,贴合教程关键词，Extra 给出做题信号。,ruankao ruankao::build::20260520_235046 ruankao::topic ruankao::topic::T-FEA-001 ruankao::domain::立项管理 ruankao::type::概念卡 ruankao::importance::A ruankao::difficulty::2 ruankao::review::keep ruankao::family::topic_qa ruankao::chapter::03,sha256:efca043cd6b37bea98400219
软考::系统集成项目管理工程师::03_立项管理::专题问答卡::T-FEA-001_立项管理_项目建议书_可行性研究与项目论证,RuankaoTopicCard,项目论证 vs 项目评估的核心区别是什么？,项目论证偏证明项目方案是否可行；项目评估偏独立审查论证或可研结论是否可信、是否值得批准。,<div>记忆线索：论证是“我证明项目可行”；评估是“别人审查你说得靠不靠谱”。</div><div>题干信号：内部分析、方案可行多指论证；第三方、审查、把关多指评估。</div><div>来源：SRC-FEA-TOPIC-005。</div>,topic_qa,辨析卡,,,A,2,跨域辨析,立项管理,03,立项管理,T-FEA-001,立项管理：项目建议书、可行性研究与项目论证,SRC-FEA-TOPIC-005;SRC-FEA-IDX-001,topic_learning_packages/topics/03_立项管理/T-FEA-001_专题学习包_立项管理项目建议书可行性研究与项目论证.md,项目论证与项目评估,,,keep,本专题关键辨析，专题包和索引支持。,ruankao ruankao::build::20260520_235046 ruankao::topic ruankao::topic::T-FEA-001 ruankao::domain::立项管理 ruankao::type::辨析卡 ruankao::importance::A ruankao::difficulty::2 ruankao::review::keep ruankao::family::topic_qa ruankao::chapter::03,sha256:5150709fb29b5bd9331d1d45
软考::系统集成项目管理工程师::03_立项管理::专题问答卡::T-FEA-001_立项管理_项目建议书_可行性研究与项目论证,RuankaoTopicCard,多方案择优和项目取舍时，为什么项目评估报告比可研报告更像决策依据？,可研报告主要提供方案比较和可行性分析；项目评估报告对方案进行审查评价，更直接服务取舍决策。,<div>易错点：看到“可行性研究”不要自动选可研报告；题干若强调“择优、取舍、保证决策科学性”，更可能是评估报告。</div><div>来源：SRC-FEA-Q-032。</div>,topic_qa,陷阱卡,,,A,3,上午选择,立项管理,03,立项管理,T-FEA-001,立项管理：项目建议书、可行性研究与项目论证,SRC-FEA-Q-032,questions.full.clean.md,企业信息化方案取舍依据题,,,keep,来自真题解析，修正具体错选。,ruankao ruankao::build::20260520_235046 ruankao::topic ruankao::topic::T-FEA-001 ruankao::domain::立项管理 ruankao::type::陷阱卡 ruankao::importance::A ruankao::difficulty::3 ruankao::review::keep ruankao::family::topic_qa ruankao::chapter::03,sha256:39bf522d5262124752647c11
软考::系统集成项目管理工程师::03_立项管理::专题问答卡::T-FEA-001_立项管理_项目建议书_可行性研究与项目论证,RuankaoTopicCard,题干出现哪些信号时，应优先想到“可行性研究”？,是否值得投资、技术/财务/组织/经济/社会条件、方案比较、投资估算、效益分析、风险对策。,<div>理解：可研的中心是“立项前判断”，不是“执行中怎么管”。</div><div>反例：正式授权项目经理、整合各分计划，更像项目章程或项目管理计划。</div><div>来源：SRC-FEA-TUTOR-003。</div>,topic_qa,关键词识别卡,,,A,2,题干信号,立项管理,03,立项管理,T-FEA-001,立项管理：项目建议书、可行性研究与项目论证,SRC-FEA-TUTOR-003;SRC-FEA-Q-CASE-001,tutorial.full.clean.md;questions.full.clean.md,5.2.1 可研内容 / WiMAX 案例,,T-INT-002,keep,直接服务做题定位。,ruankao ruankao::build::20260520_235046 ruankao::topic ruankao::topic::T-FEA-001 ruankao::domain::立项管理 ruankao::type::关键词识别卡 ruankao::importance::A ruankao::difficulty::2 ruankao::review::keep ruankao::family::topic_qa ruankao::chapter::03,sha256:c1d207d1662d73bfc6c1feb9
软考::系统集成项目管理工程师::03_立项管理::专题问答卡::T-FEA-001_立项管理_项目建议书_可行性研究与项目论证,RuankaoTopicCard,题干出现哪些信号时，应优先想到“项目评估”？,第三方或上级机构、审查可研结论、评价可靠性/真实性/客观性、为审批或贷款决策提供依据。,<div>易错点：评估不是项目结束后的总结会议；本专题中的评估发生在投资前期决策管理中。</div><div>来源：SRC-FEA-TUTOR-006。</div>,topic_qa,关键词识别卡,,,A,2,题干信号,立项管理,03,立项管理,T-FEA-001,立项管理：项目建议书、可行性研究与项目论证,SRC-FEA-TUTOR-006,tutorial.full.clean.md,5.2.2 项目评估,,,keep,与定义卡互补，不重复。,ruankao ruankao::build::20260520_235046 ruankao::topic ruankao::topic::T-FEA-001 ruankao::domain::立项管理 ruankao::type::关键词识别卡 ruankao::importance::A ruankao::difficulty::2 ruankao::review::keep ruankao::family::topic_qa ruankao::chapter::03,sha256:0971400ab0bcd17153e42a31
软考::系统集成项目管理工程师::03_立项管理::专题问答卡::T-FEA-001_立项管理_项目建议书_可行性研究与项目论证,RuankaoTopicCard,立项不足类案例通常从哪些角度分析问题？,可研不充分、技术方案未验证、组织和运行环境不足、法律/社会条件未核实、风险识别与对策不足。,<div>答题提醒：不要只写“立项不规范”，要把案例事实翻译成具体可行性维度。</div><div>例子：新技术无经验=技术可行性不足；无线频段许可缺失=社会/法律条件不足；供应商退出=风险对策不足。</div><div>来源：SRC-FEA-Q-CASE-001。</div>,topic_qa,案例模板卡,,,A,3,下午案例,立项管理,03,立项管理,T-FEA-001,立项管理：项目建议书、可行性研究与项目论证,SRC-FEA-Q-CASE-001,questions.full.clean.md,WiMAX 无线网络案例,,T-RISK-001,keep,下午题框架卡，不是教程摘抄。,ruankao ruankao::build::20260520_235046 ruankao::topic ruankao::topic::T-FEA-001 ruankao::domain::立项管理 ruankao::type::案例模板卡 ruankao::importance::A ruankao::difficulty::3 ruankao::review::keep ruankao::family::topic_qa ruankao::chapter::03,sha256:2ae6f989899f6e0074f9d2bc
软考::系统集成项目管理工程师::03_立项管理::专题问答卡::T-FEA-001_立项管理_项目建议书_可行性研究与项目论证,RuankaoTopicCard,案例题问“进行项目可行性研究的主要步骤”时，可以按什么顺序答？,初步可行性研究 → 详细可行性研究 → 项目综合论证 → 项目可行性评估 → 可研报告编写、提交和获得批准。,<div>理解：这是一种案例题答题口径，重在写出从研究、论证、评估到报告审批的链条。</div><div>易错点：不要只答“技术、经济、社会”等内容维度；题目问的是步骤。</div><div>来源：SRC-FEA-Q-CASE-001。</div>,topic_qa,流程卡,,,A,3,下午案例,立项管理,03,立项管理,T-FEA-001,立项管理：项目建议书、可行性研究与项目论证,SRC-FEA-Q-CASE-001,questions.full.clean.md,WiMAX 案例问题2,,,keep,题目原答案边界稳定，适合作为案例流程卡。,ruankao ruankao::build::20260520_235046 ruankao::topic ruankao::topic::T-FEA-001 ruankao::domain::立项管理 ruankao::type::流程卡 ruankao::importance::A ruankao::difficulty::3 ruankao::review::keep ruankao::family::topic_qa ruankao::chapter::03,sha256:2f130229bb34b54db4f369e8
软考::系统集成项目管理工程师::待核验与复查,RuankaoTopicCard,项目建议书“核心内容”题中，风险因素及对策是否一定属于核心内容？,needs_human_review：不能直接下结论。真题曾把“风险因素及对策”作为“不属于项目建议书核心内容”的选项，但教程提纲又列有“项目风险与风险对策”章节。,<div>人工核验点：这可能是“核心内容”与“扩充提纲”的语境差异，也可能是 OCR/题源口径问题。</div><div>暂用策略：做题时按具体题干和教材版本判断，不把这张卡放入主复习。</div><div>来源：SRC-FEA-Q-032-CONFLICT。</div>,topic_qa,真题陷阱卡,,,B,4,上午选择,立项管理,03,立项管理,T-FEA-001,立项管理：项目建议书、可行性研究与项目论证,SRC-FEA-Q-032-CONFLICT;SRC-FEA-TUTOR-001,questions.full.clean.md;tutorial.full.clean.md,项目建议书核心内容题 / 教程提纲,,,needs_human_review,揭示材料冲突，但不作为确定知识强背。,ruankao ruankao::build::20260520_235046 ruankao::topic ruankao::topic::T-FEA-001 ruankao::domain::立项管理 ruankao::type::真题陷阱卡 ruankao::importance::B ruankao::difficulty::4 ruankao::review::needs_human_review ruankao::family::topic_qa ruankao::chapter::03 ruankao::needs_review ruankao::not_for_main_review,sha256:bd6d5ebea88881e344bf39c2
软考::系统集成项目管理工程师::待核验与复查,RuankaoTopicCard,三级可研常见误差范围如何对应？,needs_human_review：常见说法是机会研究约 ±30%，初步可研约 ±20%，详细可研约 ±10%。,<div>人工核验点：待核验登记提醒该数字可能因教材版本差异需要确认。</div><div>暂用策略：先记“越往后越细、误差越小”，数字确认后再进入主卡。</div><div>来源：SRC-FEA-TOPIC-004；SRC-FEA-PV-001。</div>,topic_qa,记忆卡,,,B,4,上午选择,立项管理,03,立项管理,T-FEA-001,立项管理：项目建议书、可行性研究与项目论证,SRC-FEA-TOPIC-004;SRC-FEA-PV-001,topic_learning_packages/topics/03_立项管理/T-FEA-001_专题学习包_立项管理项目建议书可行性研究与项目论证.md,机会研究、初步可研与详细可研,,,needs_human_review,方向稳定，数字暂不进主复习。,ruankao ruankao::build::20260520_235046 ruankao::topic ruankao::topic::T-FEA-001 ruankao::domain::立项管理 ruankao::type::记忆卡 ruankao::importance::B ruankao::difficulty::4 ruankao::review::needs_human_review ruankao::family::topic_qa ruankao::chapter::03 ruankao::needs_review ruankao::not_for_main_review,sha256:3fb8ee904e3056515742bfbb
软考::系统集成项目管理工程师::待核验与复查,RuankaoTopicCard,初步设计和投资概算相对可研批复发生重大变更或超出一定额度时，是否要重新报批可研报告？,needs_human_review：教程 OCR 写到重大变更或投资超出已批复总投资额度 10% 时，应重新报批可行性研究报告。,<div>人工核验点：这是法规数字和 OCR 文本，导入主卡前应核对教材原文或现行规定。</div><div>稳定部分：重大偏离已批复依据时，不能只在后续文件中自行调整。</div><div>来源：SRC-FEA-TUTOR-007。</div>,topic_qa,法规陷阱卡,,,B,4,上午选择,立项管理,03,立项管理,T-FEA-001,立项管理：项目建议书、可行性研究与项目论证,SRC-FEA-TUTOR-007;SRC-FEA-Q-031,tutorial.full.clean.md;questions.full.clean.md,5.3 项目审批 / 电子政务立项题,,,needs_human_review,规则方向可用，数字需要人工确认。,ruankao ruankao::build::20260520_235046 ruankao::topic ruankao::topic::T-FEA-001 ruankao::domain::立项管理 ruankao::type::法规陷阱卡 ruankao::importance::B ruankao::difficulty::4 ruankao::review::needs_human_review ruankao::family::topic_qa ruankao::chapter::03 ruankao::needs_review ruankao::not_for_main_review,sha256:ca3f201b44e233634421e45b
软考::系统集成项目管理工程师::04_整体管理::专题问答卡::T-CLOSE-001_项目收尾_管理收尾_合同收尾与验收,RuankaoTopicCard,管理收尾 vs 合同收尾的核心区别是什么？,管理收尾结束项目或阶段；合同收尾结束采购合同关系。,<div>理解：本卡只围绕“收尾边界”做判断，避免把整个专题压成目录卡。</div><div>题干信号：收尾边界</div><div>来源：T-CLOSE-001 / 收尾边界</div>,topic_qa,辨析卡,,,A,2,跨域辨析,整体管理,04,整体管理,T-CLOSE-001,项目收尾：管理收尾、合同收尾与验收,SRC-T-CLOSE-001-001,topic_learning_packages/topics/04_整体管理/T-CLOSE-001_专题学习包_项目收尾管理收尾合同收尾与验收.md,收尾边界,,,keep,Front 聚焦“收尾边界”，Back 短句给出可判分答案，Extra 提供本卡专属题干信号。,ruankao ruankao::build::20260520_235046 ruankao::chapter::04 ruankao::domain::整体管理 ruankao::type::辨析卡 ruankao::importance::A ruankao::difficulty::2 ruankao::review::keep ruankao::topic_qa ruankao::topic::T-CLOSE-001,sha256:9d1a755c56a9d5ed1a51fe1c
软考::系统集成项目管理工程师::04_整体管理::专题问答卡::T-CLOSE-001_项目收尾_管理收尾_合同收尾与验收,RuankaoTopicCard,题干出现“经验教训归档、释放资源”应想到哪类收尾？,应想到管理收尾。,<div>理解：本卡只围绕“管理收尾信号”做判断，避免把整个专题压成目录卡。</div><div>题干信号：管理收尾信号</div><div>来源：T-CLOSE-001 / 管理收尾信号</div>,topic_qa,关键词识别卡,,,A,2,上午选择,整体管理,04,整体管理,T-CLOSE-001,项目收尾：管理收尾、合同收尾与验收,SRC-T-CLOSE-001-002,topic_learning_packages/topics/04_整体管理/T-CLOSE-001_专题学习包_项目收尾管理收尾合同收尾与验收.md,管理收尾信号,,,keep,Front 聚焦“管理收尾信号”，Back 短句给出可判分答案，Extra 提供本卡专属题干信号。,ruankao ruankao::build::20260520_235046 ruankao::chapter::04 ruankao::domain::整体管理 ruankao::type::关键词识别卡 ruankao::importance::A ruankao::difficulty::2 ruankao::review::keep ruankao::topic_qa ruankao::topic::T-CLOSE-001,sha256:843e0c0431347996cda380b4
软考::系统集成项目管理工程师::04_整体管理::专题问答卡::T-CLOSE-001_项目收尾_管理收尾_合同收尾与验收,RuankaoTopicCard,题干出现“供应商尾款、索赔、合同归档”应想到哪类收尾？,应想到合同收尾。,<div>理解：本卡只围绕“合同收尾信号”做判断，避免把整个专题压成目录卡。</div><div>题干信号：合同收尾信号</div><div>来源：T-CLOSE-001 / 合同收尾信号</div>,topic_qa,关键词识别卡,,,A,2,上午选择,整体管理,04,整体管理,T-CLOSE-001,项目收尾：管理收尾、合同收尾与验收,SRC-T-CLOSE-001-003,topic_learning_packages/topics/04_整体管理/T-CLOSE-001_专题学习包_项目收尾管理收尾合同收尾与验收.md,合同收尾信号,,,keep,Front 聚焦“合同收尾信号”，Back 短句给出可判分答案，Extra 提供本卡专属题干信号。,ruankao ruankao::build::20260520_235046 ruankao::chapter::04 ruankao::domain::整体管理 ruankao::type::关键词识别卡 ruankao::importance::A ruankao::difficulty::2 ruankao::review::keep ruankao::topic_qa ruankao::topic::T-CLOSE-001,sha256:dccd25f0dd095170d2872408
软考::系统集成项目管理工程师::04_整体管理::专题问答卡::T-CLOSE-001_项目收尾_管理收尾_合同收尾与验收,RuankaoTopicCard,验收与确认范围是什么关系？,确认范围强调客户或发起人对已完成可交付成果的正式接受，验收常是其关键表现。,<div>理解：本卡只围绕“验收”做判断，避免把整个专题压成目录卡。</div><div>题干信号：验收</div><div>来源：T-CLOSE-001 / 验收</div>,topic_qa,辨析卡,,,A,2,上午选择,整体管理,04,整体管理,T-CLOSE-001,项目收尾：管理收尾、合同收尾与验收,SRC-T-CLOSE-001-004,topic_learning_packages/topics/04_整体管理/T-CLOSE-001_专题学习包_项目收尾管理收尾合同收尾与验收.md,验收,,,keep,Front 聚焦“验收”，Back 短句给出可判分答案，Extra 提供本卡专属题干信号。,ruankao ruankao::build::20260520_235046 ruankao::chapter::04 ruankao::domain::整体管理 ruankao::type::辨析卡 ruankao::importance::A ruankao::difficulty::2 ruankao::review::keep ruankao::topic_qa ruankao::topic::T-CLOSE-001,sha256:83cdc921d7af10bb80d53da8
软考::系统集成项目管理工程师::04_整体管理::专题问答卡::T-CLOSE-001_项目收尾_管理收尾_合同收尾与验收,RuankaoTopicCard,项目收尾时为什么不能只交付系统就结束？,还要办理正式验收、归档文档、总结经验、移交成果并释放资源。,<div>理解：本卡只围绕“收尾完整性”做判断，避免把整个专题压成目录卡。</div><div>题干信号：收尾完整性</div><div>来源：T-CLOSE-001 / 收尾完整性</div>,topic_qa,陷阱卡,,,A,2,案例分析,整体管理,04,整体管理,T-CLOSE-001,项目收尾：管理收尾、合同收尾与验收,SRC-T-CLOSE-001-005,topic_learning_packages/topics/04_整体管理/T-CLOSE-001_专题学习包_项目收尾管理收尾合同收尾与验收.md,收尾完整性,,,keep,Front 聚焦“收尾完整性”，Back 短句给出可判分答案，Extra 提供本卡专属题干信号。,ruankao ruankao::build::20260520_235046 ruankao::chapter::04 ruankao::domain::整体管理 ruankao::type::陷阱卡 ruankao::importance::A ruankao::difficulty::2 ruankao::review::keep ruankao::topic_qa ruankao::topic::T-CLOSE-001,sha256:c90bba4a25ac0ac53ae859a5
软考::系统集成项目管理工程师::04_整体管理::专题问答卡::T-CLOSE-001_项目收尾_管理收尾_合同收尾与验收,RuankaoTopicCard,合同未结清时能否认为采购工作已经完成？,不能。合同收尾还要确认合同义务、处理索赔和完成结算归档。,<div>理解：本卡只围绕“合同收尾”做判断，避免把整个专题压成目录卡。</div><div>题干信号：合同收尾</div><div>来源：T-CLOSE-001 / 合同收尾</div>,topic_qa,陷阱卡,,,B,3,上午选择,整体管理,04,整体管理,T-CLOSE-001,项目收尾：管理收尾、合同收尾与验收,SRC-T-CLOSE-001-006,topic_learning_packages/topics/04_整体管理/T-CLOSE-001_专题学习包_项目收尾管理收尾合同收尾与验收.md,合同收尾,,,keep,Front 聚焦“合同收尾”，Back 短句给出可判分答案，Extra 提供本卡专属题干信号。,ruankao ruankao::build::20260520_235046 ruankao::chapter::04 ruankao::domain::整体管理 ruankao::type::陷阱卡 ruankao::importance::B ruankao::difficulty::3 ruankao::review::keep ruankao::topic_qa ruankao::topic::T-CLOSE-001,sha256:5714169aa03417463e0de9d7
软考::系统集成项目管理工程师::04_整体管理::专题问答卡::T-INT-002_项目章程_SOW_项目管理计划与基准体系,RuankaoTopicCard,项目章程 vs 项目管理计划的核心区别是什么？,章程正式批准项目并授权项目经理；项目管理计划指导项目如何执行、监控和收尾。,<div>理解：本卡只围绕“章程 vs 计划”做判断，避免把整个专题压成目录卡。</div><div>题干信号：章程 vs 计划</div><div>来源：T-INT-002 / 章程 vs 计划</div>,topic_qa,辨析卡,,,A,2,跨域辨析,整体管理,04,整体管理,T-INT-002,项目章程、SOW、项目管理计划与基准体系,SRC-T-INT-002-001,topic_learning_packages/topics/04_整体管理/T-INT-002_专题学习包_项目章程SOW项目管理计划与基准关系.md,章程 vs 计划,,,keep,Front 聚焦“章程 vs 计划”，Back 短句给出可判分答案，Extra 提供本卡专属题干信号。,ruankao ruankao::build::20260520_235046 ruankao::chapter::04 ruankao::domain::整体管理 ruankao::type::辨析卡 ruankao::importance::A ruankao::difficulty::2 ruankao::review::keep ruankao::topic_qa ruankao::topic::T-INT-002,sha256:dd0c156ba0fb59d97b65a261
软考::系统集成项目管理工程师::04_整体管理::专题问答卡::T-INT-002_项目章程_SOW_项目管理计划与基准体系,RuankaoTopicCard,项目章程为什么是启动阶段的关键文件？,因为它确认项目存在、说明高层目标并给项目经理正式授权。,<div>理解：本卡只围绕“项目章程”做判断，避免把整个专题压成目录卡。</div><div>题干信号：项目章程</div><div>来源：T-INT-002 / 项目章程</div>,topic_qa,概念卡,,,A,2,上午选择,整体管理,04,整体管理,T-INT-002,项目章程、SOW、项目管理计划与基准体系,SRC-T-INT-002-002,topic_learning_packages/topics/04_整体管理/T-INT-002_专题学习包_项目章程SOW项目管理计划与基准关系.md,项目章程,,,keep,Front 聚焦“项目章程”，Back 短句给出可判分答案，Extra 提供本卡专属题干信号。,ruankao ruankao::build::20260520_235046 ruankao::chapter::04 ruankao::domain::整体管理 ruankao::type::概念卡 ruankao::importance::A ruankao::difficulty::2 ruankao::review::keep ruankao::topic_qa ruankao::topic::T-INT-002,sha256:cb652ba7e69968484f1887e2
软考::系统集成项目管理工程师::04_整体管理::专题问答卡::T-INT-002_项目章程_SOW_项目管理计划与基准体系,RuankaoTopicCard,SOW 在章程形成中常起什么作用？,SOW 提供项目需要交付的产品、服务或成果描述，是制定章程的重要输入。,<div>理解：本卡只围绕“SOW”做判断，避免把整个专题压成目录卡。</div><div>题干信号：SOW</div><div>来源：T-INT-002 / SOW</div>,topic_qa,概念卡,,,B,3,上午选择,整体管理,04,整体管理,T-INT-002,项目章程、SOW、项目管理计划与基准体系,SRC-T-INT-002-003,topic_learning_packages/topics/04_整体管理/T-INT-002_专题学习包_项目章程SOW项目管理计划与基准关系.md,SOW,,,keep,Front 聚焦“SOW”，Back 短句给出可判分答案，Extra 提供本卡专属题干信号。,ruankao ruankao::build::20260520_235046 ruankao::chapter::04 ruankao::domain::整体管理 ruankao::type::概念卡 ruankao::importance::B ruankao::difficulty::3 ruankao::review::keep ruankao::topic_qa ruankao::topic::T-INT-002,sha256:b917d514a1abbdb86619677b
软考::系统集成项目管理工程师::04_整体管理::专题问答卡::T-INT-002_项目章程_SOW_项目管理计划与基准体系,RuankaoTopicCard,三大基准通常指哪三类？,范围基准、进度基准、成本基准。,<div>理解：本卡只围绕“三大基准”做判断，避免把整个专题压成目录卡。</div><div>题干信号：三大基准</div><div>来源：T-INT-002 / 三大基准</div>,topic_qa,概念卡,,,A,2,上午选择,整体管理,04,整体管理,T-INT-002,项目章程、SOW、项目管理计划与基准体系,SRC-T-INT-002-004,topic_learning_packages/topics/04_整体管理/T-INT-002_专题学习包_项目章程SOW项目管理计划与基准关系.md,三大基准,,,keep,Front 聚焦“三大基准”，Back 短句给出可判分答案，Extra 提供本卡专属题干信号。,ruankao ruankao::build::20260520_235046 ruankao::chapter::04 ruankao::domain::整体管理 ruankao::type::概念卡 ruankao::importance::A ruankao::difficulty::2 ruankao::review::keep ruankao::topic_qa ruankao::topic::T-INT-002,sha256:e2ba2ff01335146b14d04200
软考::系统集成项目管理工程师::04_整体管理::专题问答卡::T-INT-002_项目章程_SOW_项目管理计划与基准体系,RuankaoTopicCard,为什么项目管理计划不是“进度计划”的同义词？,项目管理计划整合多个子计划和基准，进度计划只是其中一部分。,<div>理解：本卡只围绕“计划边界”做判断，避免把整个专题压成目录卡。</div><div>题干信号：计划边界</div><div>来源：T-INT-002 / 计划边界</div>,topic_qa,陷阱卡,,,A,2,上午选择,整体管理,04,整体管理,T-INT-002,项目章程、SOW、项目管理计划与基准体系,SRC-T-INT-002-005,topic_learning_packages/topics/04_整体管理/T-INT-002_专题学习包_项目章程SOW项目管理计划与基准关系.md,计划边界,,,keep,Front 聚焦“计划边界”，Back 短句给出可判分答案，Extra 提供本卡专属题干信号。,ruankao ruankao::build::20260520_235046 ruankao::chapter::04 ruankao::domain::整体管理 ruankao::type::陷阱卡 ruankao::importance::A ruankao::difficulty::2 ruankao::review::keep ruankao::topic_qa ruankao::topic::T-INT-002,sha256:b7080b27e4ffc1e0c30a0ffa
软考::系统集成项目管理工程师::04_整体管理::专题问答卡::T-INT-002_项目章程_SOW_项目管理计划与基准体系,RuankaoTopicCard,题干出现“正式授权项目经理使用组织资源”应想到什么？,应想到项目章程。,<div>理解：本卡只围绕“章程信号”做判断，避免把整个专题压成目录卡。</div><div>题干信号：章程信号</div><div>来源：T-INT-002 / 章程信号</div>,topic_qa,关键词识别卡,,,A,2,上午选择,整体管理,04,整体管理,T-INT-002,项目章程、SOW、项目管理计划与基准体系,SRC-T-INT-002-006,topic_learning_packages/topics/04_整体管理/T-INT-002_专题学习包_项目章程SOW项目管理计划与基准关系.md,章程信号,,,keep,Front 聚焦“章程信号”，Back 短句给出可判分答案，Extra 提供本卡专属题干信号。,ruankao ruankao::build::20260520_235046 ruankao::chapter::04 ruankao::domain::整体管理 ruankao::type::关键词识别卡 ruankao::importance::A ruankao::difficulty::2 ruankao::review::keep ruankao::topic_qa ruankao::topic::T-INT-002,sha256:c399449c82380ea3b9709a6e
软考::系统集成项目管理工程师::04_整体管理::专题问答卡::T-INT-004_整体变更控制与CCB,RuankaoTopicCard,项目出现变更请求时，项目经理应先做什么？,先记录变更请求并组织影响分析，再按变更控制流程提交评审。,<div>理解：本卡只围绕“变更流程”做判断，避免把整个专题压成目录卡。</div><div>题干信号：变更流程</div><div>来源：T-INT-004 / 变更流程</div>,topic_qa,流程卡,,,A,2,案例分析,整体管理,04,整体管理,T-INT-004,整体变更控制与 CCB,SRC-T-INT-004-001,topic_learning_packages/topics/04_整体管理/T-INT-004_专题学习包_整体变更控制与CCB.md,变更流程,,,keep,Front 聚焦“变更流程”，Back 短句给出可判分答案，Extra 提供本卡专属题干信号。,ruankao ruankao::build::20260520_235046 ruankao::chapter::04 ruankao::domain::整体管理 ruankao::type::流程卡 ruankao::importance::A ruankao::difficulty::2 ruankao::review::keep ruankao::topic_qa ruankao::topic::T-INT-004,sha256:2f221b63a2d81df723397b96
软考::系统集成项目管理工程师::04_整体管理::专题问答卡::T-INT-004_整体变更控制与CCB,RuankaoTopicCard,CCB 的核心职责是什么？,审查变更影响并批准、否决、推迟或要求补充变更请求。,<div>理解：本卡只围绕“CCB”做判断，避免把整个专题压成目录卡。</div><div>题干信号：CCB</div><div>来源：T-INT-004 / CCB</div>,topic_qa,概念卡,,,A,2,上午选择,整体管理,04,整体管理,T-INT-004,整体变更控制与 CCB,SRC-T-INT-004-002,topic_learning_packages/topics/04_整体管理/T-INT-004_专题学习包_整体变更控制与CCB.md,CCB,,,keep,Front 聚焦“CCB”，Back 短句给出可判分答案，Extra 提供本卡专属题干信号。,ruankao ruankao::build::20260520_235046 ruankao::chapter::04 ruankao::domain::整体管理 ruankao::type::概念卡 ruankao::importance::A ruankao::difficulty::2 ruankao::review::keep ruankao::topic_qa ruankao::topic::T-INT-004,sha256:3732fca6419190d0cdd6fb0a
软考::系统集成项目管理工程师::04_整体管理::专题问答卡::T-INT-004_整体变更控制与CCB,RuankaoTopicCard,为什么项目经理不能口头同意客户新增需求？,新增需求可能影响范围、进度、成本和质量，必须走正式变更控制。,<div>理解：本卡只围绕“口头变更”做判断，避免把整个专题压成目录卡。</div><div>题干信号：口头变更</div><div>来源：T-INT-004 / 口头变更</div>,topic_qa,陷阱卡,,,A,2,案例分析,整体管理,04,整体管理,T-INT-004,整体变更控制与 CCB,SRC-T-INT-004-003,topic_learning_packages/topics/04_整体管理/T-INT-004_专题学习包_整体变更控制与CCB.md,口头变更,,,keep,Front 聚焦“口头变更”，Back 短句给出可判分答案，Extra 提供本卡专属题干信号。,ruankao ruankao::build::20260520_235046 ruankao::chapter::04 ruankao::domain::整体管理 ruankao::type::陷阱卡 ruankao::importance::A ruankao::difficulty::2 ruankao::review::keep ruankao::topic_qa ruankao::topic::T-INT-004,sha256:0d91790315d55afa57cfc917
软考::系统集成项目管理工程师::04_整体管理::专题问答卡::T-INT-004_整体变更控制与CCB,RuankaoTopicCard,纠正措施、预防措施、缺陷补救的区别是什么？,纠正措施处理已发生偏差，预防措施降低未来偏差风险，缺陷补救修复不合格产品。,<div>理解：本卡只围绕“变更请求类型”做判断，避免把整个专题压成目录卡。</div><div>题干信号：变更请求类型</div><div>来源：T-INT-004 / 变更请求类型</div>,topic_qa,辨析卡,,,A,2,跨域辨析,整体管理,04,整体管理,T-INT-004,整体变更控制与 CCB,SRC-T-INT-004-004,topic_learning_packages/topics/04_整体管理/T-INT-004_专题学习包_整体变更控制与CCB.md,变更请求类型,,,keep,Front 聚焦“变更请求类型”，Back 短句给出可判分答案，Extra 提供本卡专属题干信号。,ruankao ruankao::build::20260520_235046 ruankao::chapter::04 ruankao::domain::整体管理 ruankao::type::辨析卡 ruankao::importance::A ruankao::difficulty::2 ruankao::review::keep ruankao::topic_qa ruankao::topic::T-INT-004,sha256:da7f67d104ec673d6d24a4b8
软考::系统集成项目管理工程师::04_整体管理::专题问答卡::T-INT-004_整体变更控制与CCB,RuankaoTopicCard,变更控制和配置管理的关系是什么？,变更控制决定是否改，配置管理保证配置项、版本和基线状态可控。,<div>理解：本卡只围绕“变更 vs 配置”做判断，避免把整个专题压成目录卡。</div><div>题干信号：变更 vs 配置</div><div>来源：T-INT-004 / 变更 vs 配置</div>,topic_qa,辨析卡,,,A,2,跨域辨析,整体管理,04,整体管理,T-INT-004,整体变更控制与 CCB,SRC-T-INT-004-005,topic_learning_packages/topics/04_整体管理/T-INT-004_专题学习包_整体变更控制与CCB.md,变更 vs 配置,,,keep,Front 聚焦“变更 vs 配置”，Back 短句给出可判分答案，Extra 提供本卡专属题干信号。,ruankao ruankao::build::20260520_235046 ruankao::chapter::04 ruankao::domain::整体管理 ruankao::type::辨析卡 ruankao::importance::A ruankao::difficulty::2 ruankao::review::keep ruankao::topic_qa ruankao::topic::T-INT-004,sha256:6e35f31f2eed4eb9028b1009
软考::系统集成项目管理工程师::04_整体管理::专题问答卡::T-INT-004_整体变更控制与CCB,RuankaoTopicCard,批准变更后还需要做哪些管理动作？,更新基准和计划，通知干系人，实施变更并跟踪结果。,<div>理解：本卡只围绕“批准后动作”做判断，避免把整个专题压成目录卡。</div><div>题干信号：批准后动作</div><div>来源：T-INT-004 / 批准后动作</div>,topic_qa,流程卡,,,A,2,案例分析,整体管理,04,整体管理,T-INT-004,整体变更控制与 CCB,SRC-T-INT-004-006,topic_learning_packages/topics/04_整体管理/T-INT-004_专题学习包_整体变更控制与CCB.md,批准后动作,,,keep,Front 聚焦“批准后动作”，Back 短句给出可判分答案，Extra 提供本卡专属题干信号。,ruankao ruankao::build::20260520_235046 ruankao::chapter::04 ruankao::domain::整体管理 ruankao::type::流程卡 ruankao::importance::A ruankao::difficulty::2 ruankao::review::keep ruankao::topic_qa ruankao::topic::T-INT-004,sha256:ee8e13cc7ada5e1edbaf192a
软考::系统集成项目管理工程师::05_范围管理::专题问答卡::T-SCOPE-002_WBS_工作包_WBS字典与范围基准,RuankaoTopicCard,WBS 为什么必须以可交付成果为导向？,因为 WBS 用来定义项目范围并支撑估算、责任分配和验收，核心对象是成果而不是行动口号。,<div>理解：本卡只围绕“WBS”做判断，避免把整个专题压成目录卡。</div><div>题干信号：WBS</div><div>来源：T-SCOPE-002 / WBS</div>,topic_qa,概念卡,,,A,2,上午选择,范围管理,05,范围管理,T-SCOPE-002,WBS、工作包、WBS 字典与范围基准,SRC-T-SCOPE-002-001,topic_learning_packages/topics/05_范围管理/T-SCOPE-002_专题学习包_WBS工作包WBS字典与范围基准.md,WBS,,,keep,Front 聚焦“WBS”，Back 短句给出可判分答案，Extra 提供本卡专属题干信号。,ruankao ruankao::build::20260520_235046 ruankao::chapter::05 ruankao::domain::范围管理 ruankao::type::概念卡 ruankao::importance::A ruankao::difficulty::2 ruankao::review::keep ruankao::topic_qa ruankao::topic::T-SCOPE-002,sha256:55367f662d604df85c525935
软考::系统集成项目管理工程师::05_范围管理::专题问答卡::T-SCOPE-002_WBS_工作包_WBS字典与范围基准,RuankaoTopicCard,工作包和活动的核心区别是什么？,工作包是 WBS 最底层成果单元；活动是为完成工作包而安排的进度工作。,<div>理解：本卡只围绕“工作包 vs 活动”做判断，避免把整个专题压成目录卡。</div><div>题干信号：工作包 vs 活动</div><div>来源：T-SCOPE-002 / 工作包 vs 活动</div>,topic_qa,辨析卡,,,A,2,跨域辨析,范围管理,05,范围管理,T-SCOPE-002,WBS、工作包、WBS 字典与范围基准,SRC-T-SCOPE-002-002,topic_learning_packages/topics/05_范围管理/T-SCOPE-002_专题学习包_WBS工作包WBS字典与范围基准.md,工作包 vs 活动,,,keep,Front 聚焦“工作包 vs 活动”，Back 短句给出可判分答案，Extra 提供本卡专属题干信号。,ruankao ruankao::build::20260520_235046 ruankao::chapter::05 ruankao::domain::范围管理 ruankao::type::辨析卡 ruankao::importance::A ruankao::difficulty::2 ruankao::review::keep ruankao::topic_qa ruankao::topic::T-SCOPE-002,sha256:be38bba766d3f97524281ae6
软考::系统集成项目管理工程师::05_范围管理::专题问答卡::T-SCOPE-002_WBS_工作包_WBS字典与范围基准,RuankaoTopicCard,WBS 词典解决什么问题？,补充说明 WBS 组件的范围、责任、验收标准和相关信息。,<div>理解：本卡只围绕“WBS词典”做判断，避免把整个专题压成目录卡。</div><div>题干信号：WBS词典</div><div>来源：T-SCOPE-002 / WBS词典</div>,topic_qa,概念卡,,,B,3,上午选择,范围管理,05,范围管理,T-SCOPE-002,WBS、工作包、WBS 字典与范围基准,SRC-T-SCOPE-002-003,topic_learning_packages/topics/05_范围管理/T-SCOPE-002_专题学习包_WBS工作包WBS字典与范围基准.md,WBS词典,,,keep,Front 聚焦“WBS词典”，Back 短句给出可判分答案，Extra 提供本卡专属题干信号。,ruankao ruankao::build::20260520_235046 ruankao::chapter::05 ruankao::domain::范围管理 ruankao::type::概念卡 ruankao::importance::B ruankao::difficulty::3 ruankao::review::keep ruankao::topic_qa ruankao::topic::T-SCOPE-002,sha256:50a40abff4578e0df14ea721
软考::系统集成项目管理工程师::05_范围管理::专题问答卡::T-SCOPE-002_WBS_工作包_WBS字典与范围基准,RuankaoTopicCard,范围基准由什么组成？,项目范围说明书、WBS 和 WBS 词典。,<div>理解：本卡只围绕“范围基准”做判断，避免把整个专题压成目录卡。</div><div>题干信号：范围基准</div><div>来源：T-SCOPE-002 / 范围基准</div>,topic_qa,概念卡,,,A,2,上午选择,范围管理,05,范围管理,T-SCOPE-002,WBS、工作包、WBS 字典与范围基准,SRC-T-SCOPE-002-004,topic_learning_packages/topics/05_范围管理/T-SCOPE-002_专题学习包_WBS工作包WBS字典与范围基准.md,范围基准,,,keep,Front 聚焦“范围基准”，Back 短句给出可判分答案，Extra 提供本卡专属题干信号。,ruankao ruankao::build::20260520_235046 ruankao::chapter::05 ruankao::domain::范围管理 ruankao::type::概念卡 ruankao::importance::A ruankao::difficulty::2 ruankao::review::keep ruankao::topic_qa ruankao::topic::T-SCOPE-002,sha256:9705cd69b4dd7ab6ab36929d
软考::系统集成项目管理工程师::05_范围管理::专题问答卡::T-SCOPE-002_WBS_工作包_WBS字典与范围基准,RuankaoTopicCard,题干出现“客户正式接受可交付成果”应想到什么？,应想到确认范围。,<div>理解：本卡只围绕“确认范围信号”做判断，避免把整个专题压成目录卡。</div><div>题干信号：确认范围信号</div><div>来源：T-SCOPE-002 / 确认范围信号</div>,topic_qa,关键词识别卡,,,A,2,上午选择,范围管理,05,范围管理,T-SCOPE-002,WBS、工作包、WBS 字典与范围基准,SRC-T-SCOPE-002-005,topic_learning_packages/topics/05_范围管理/T-SCOPE-002_专题学习包_WBS工作包WBS字典与范围基准.md,确认范围信号,,,keep,Front 聚焦“确认范围信号”，Back 短句给出可判分答案，Extra 提供本卡专属题干信号。,ruankao ruankao::build::20260520_235046 ruankao::chapter::05 ruankao::domain::范围管理 ruankao::type::关键词识别卡 ruankao::importance::A ruankao::difficulty::2 ruankao::review::keep ruankao::topic_qa ruankao::topic::T-SCOPE-002,sha256:28d55e758cb6a8af179c59d6
软考::系统集成项目管理工程师::05_范围管理::专题问答卡::T-SCOPE-002_WBS_工作包_WBS字典与范围基准,RuankaoTopicCard,为什么 WBS 做完不能马上让成员按工作包开干？,还需要定义活动、排序、估算资源和历时、制定进度计划并分配责任。,<div>理解：本卡只围绕“WBS后续”做判断，避免把整个专题压成目录卡。</div><div>题干信号：WBS后续</div><div>来源：T-SCOPE-002 / WBS后续</div>,topic_qa,陷阱卡,,,A,2,上午选择,范围管理,05,范围管理,T-SCOPE-002,WBS、工作包、WBS 字典与范围基准,SRC-T-SCOPE-002-006,topic_learning_packages/topics/05_范围管理/T-SCOPE-002_专题学习包_WBS工作包WBS字典与范围基准.md,WBS后续,,,keep,Front 聚焦“WBS后续”，Back 短句给出可判分答案，Extra 提供本卡专属题干信号。,ruankao ruankao::build::20260520_235046 ruankao::chapter::05 ruankao::domain::范围管理 ruankao::type::陷阱卡 ruankao::importance::A ruankao::difficulty::2 ruankao::review::keep ruankao::topic_qa ruankao::topic::T-SCOPE-002,sha256:5dd9675b8d1a4feb2dcd4467
软考::系统集成项目管理工程师::06_进度管理::专题问答卡::T-SCH-002_活动排序_依赖关系_PDM_AOA与提前滞后量,RuankaoTopicCard,四种逻辑关系中最常见的是哪一种？,完成-开始 FS，即前置活动完成后后续活动才能开始。,<div>理解：本卡只围绕“FS”做判断，避免把整个专题压成目录卡。</div><div>题干信号：FS</div><div>来源：T-SCH-002 / FS</div>,topic_qa,概念卡,,,A,2,上午选择,进度管理,06,进度管理,T-SCH-002,活动排序、依赖关系、PDM/AOA 与提前滞后量,SRC-T-SCH-002-001,topic_learning_packages/topics/06_进度管理/T-SCH-002_专题学习包_活动排序依赖关系PDM_AOA与提前滞后量.md,FS,,,keep,Front 聚焦“FS”，Back 短句给出可判分答案，Extra 提供本卡专属题干信号。,ruankao ruankao::build::20260520_235046 ruankao::chapter::06 ruankao::domain::进度管理 ruankao::type::概念卡 ruankao::importance::A ruankao::difficulty::2 ruankao::review::keep ruankao::topic_qa ruankao::topic::T-SCH-002,sha256:2e454aa6aeb1dc90fc616e88
软考::系统集成项目管理工程师::06_进度管理::专题问答卡::T-SCH-002_活动排序_依赖关系_PDM_AOA与提前滞后量,RuankaoTopicCard,PDM/AON 与 ADM/AOA 的核心区别是什么？,PDM 用节点表示活动；ADM 用箭线表示活动并可能使用虚活动。,<div>理解：本卡只围绕“网络图类型”做判断，避免把整个专题压成目录卡。</div><div>题干信号：网络图类型</div><div>来源：T-SCH-002 / 网络图类型</div>,topic_qa,辨析卡,,,A,2,上午选择,进度管理,06,进度管理,T-SCH-002,活动排序、依赖关系、PDM/AOA 与提前滞后量,SRC-T-SCH-002-002,topic_learning_packages/topics/06_进度管理/T-SCH-002_专题学习包_活动排序依赖关系PDM_AOA与提前滞后量.md,网络图类型,,,keep,Front 聚焦“网络图类型”，Back 短句给出可判分答案，Extra 提供本卡专属题干信号。,ruankao ruankao::build::20260520_235046 ruankao::chapter::06 ruankao::domain::进度管理 ruankao::type::辨析卡 ruankao::importance::A ruankao::difficulty::2 ruankao::review::keep ruankao::topic_qa ruankao::topic::T-SCH-002,sha256:a42fd8c0fcbcee94b8d8d80e
软考::系统集成项目管理工程师::06_进度管理::专题问答卡::T-SCH-002_活动排序_依赖关系_PDM_AOA与提前滞后量,RuankaoTopicCard,强制性依赖和选择性依赖怎么区分？,强制性依赖来自客观技术或合同限制；选择性依赖来自最佳实践或团队偏好。,<div>理解：本卡只围绕“依赖确定方式”做判断，避免把整个专题压成目录卡。</div><div>题干信号：依赖确定方式</div><div>来源：T-SCH-002 / 依赖确定方式</div>,topic_qa,辨析卡,,,B,3,上午选择,进度管理,06,进度管理,T-SCH-002,活动排序、依赖关系、PDM/AOA 与提前滞后量,SRC-T-SCH-002-003,topic_learning_packages/topics/06_进度管理/T-SCH-002_专题学习包_活动排序依赖关系PDM_AOA与提前滞后量.md,依赖确定方式,,,keep,Front 聚焦“依赖确定方式”，Back 短句给出可判分答案，Extra 提供本卡专属题干信号。,ruankao ruankao::build::20260520_235046 ruankao::chapter::06 ruankao::domain::进度管理 ruankao::type::辨析卡 ruankao::importance::B ruankao::difficulty::3 ruankao::review::keep ruankao::topic_qa ruankao::topic::T-SCH-002,sha256:26bd6e53125ef0504e934b8b
软考::系统集成项目管理工程师::06_进度管理::专题问答卡::T-SCH-002_活动排序_依赖关系_PDM_AOA与提前滞后量,RuankaoTopicCard,提前量和滞后量的区别是什么？,提前量让后续活动提前开始；滞后量要求后续活动等待一段时间。,<div>理解：本卡只围绕“提前滞后”做判断，避免把整个专题压成目录卡。</div><div>题干信号：提前滞后</div><div>来源：T-SCH-002 / 提前滞后</div>,topic_qa,辨析卡,,,A,2,上午选择,进度管理,06,进度管理,T-SCH-002,活动排序、依赖关系、PDM/AOA 与提前滞后量,SRC-T-SCH-002-004,topic_learning_packages/topics/06_进度管理/T-SCH-002_专题学习包_活动排序依赖关系PDM_AOA与提前滞后量.md,提前滞后,,,keep,Front 聚焦“提前滞后”，Back 短句给出可判分答案，Extra 提供本卡专属题干信号。,ruankao ruankao::build::20260520_235046 ruankao::chapter::06 ruankao::domain::进度管理 ruankao::type::辨析卡 ruankao::importance::A ruankao::difficulty::2 ruankao::review::keep ruankao::topic_qa ruankao::topic::T-SCH-002,sha256:1e54d168097e21371e4de370
软考::系统集成项目管理工程师::06_进度管理::专题问答卡::T-SCH-002_活动排序_依赖关系_PDM_AOA与提前滞后量,RuankaoTopicCard,虚活动在 ADM 中有什么作用？,表达逻辑依赖，不消耗时间和资源。,<div>理解：本卡只围绕“虚活动”做判断，避免把整个专题压成目录卡。</div><div>题干信号：虚活动</div><div>来源：T-SCH-002 / 虚活动</div>,topic_qa,概念卡,,,A,2,上午选择,进度管理,06,进度管理,T-SCH-002,活动排序、依赖关系、PDM/AOA 与提前滞后量,SRC-T-SCH-002-005,topic_learning_packages/topics/06_进度管理/T-SCH-002_专题学习包_活动排序依赖关系PDM_AOA与提前滞后量.md,虚活动,,,keep,Front 聚焦“虚活动”，Back 短句给出可判分答案，Extra 提供本卡专属题干信号。,ruankao ruankao::build::20260520_235046 ruankao::chapter::06 ruankao::domain::进度管理 ruankao::type::概念卡 ruankao::importance::A ruankao::difficulty::2 ruankao::review::keep ruankao::topic_qa ruankao::topic::T-SCH-002,sha256:c01bf908d89c56bf6e757f43
软考::系统集成项目管理工程师::06_进度管理::专题问答卡::T-SCH-002_活动排序_依赖关系_PDM_AOA与提前滞后量,RuankaoTopicCard,题干出现“两个活动可搭接并行”应想到什么？,应想到提前量或快速跟进，具体看题干是否在描述逻辑关系还是压缩进度措施。,<div>理解：本卡只围绕“搭接信号”做判断，避免把整个专题压成目录卡。</div><div>题干信号：搭接信号</div><div>来源：T-SCH-002 / 搭接信号</div>,topic_qa,关键词识别卡,,,B,3,跨域辨析,进度管理,06,进度管理,T-SCH-002,活动排序、依赖关系、PDM/AOA 与提前滞后量,SRC-T-SCH-002-006,topic_learning_packages/topics/06_进度管理/T-SCH-002_专题学习包_活动排序依赖关系PDM_AOA与提前滞后量.md,搭接信号,,,keep,Front 聚焦“搭接信号”，Back 短句给出可判分答案，Extra 提供本卡专属题干信号。,ruankao ruankao::build::20260520_235046 ruankao::chapter::06 ruankao::domain::进度管理 ruankao::type::关键词识别卡 ruankao::importance::B ruankao::difficulty::3 ruankao::review::keep ruankao::topic_qa ruankao::topic::T-SCH-002,sha256:bb46027d5b54c5692596907e
软考::系统集成项目管理工程师::06_进度管理::专题问答卡::T-SCH-003_关键路径_总时差_自由时差与网络图判断,RuankaoTopicCard,关键路径如何快速识别？,列出从起点到终点的所有路径，持续时间最长的路径就是关键路径。,<div>理解：本卡只围绕“关键路径”做判断，避免把整个专题压成目录卡。</div><div>题干信号：关键路径</div><div>来源：T-SCH-003 / 关键路径</div>,topic_qa,流程卡,,,A,2,计算题,进度管理,06,进度管理,T-SCH-003,关键路径、总时差、自由时差与网络图判断,SRC-T-SCH-003-001,topic_learning_packages/topics/06_进度管理/T-SCH-003_专题学习包_关键路径总时差自由时差与网络图判断.md,关键路径,,,keep,Front 聚焦“关键路径”，Back 短句给出可判分答案，Extra 提供本卡专属题干信号。,ruankao ruankao::build::20260520_235046 ruankao::chapter::06 ruankao::domain::进度管理 ruankao::type::流程卡 ruankao::importance::A ruankao::difficulty::2 ruankao::review::keep ruankao::topic_qa ruankao::topic::T-SCH-003,sha256:afdf457c4bd86d2ae7fed4b5
软考::系统集成项目管理工程师::06_进度管理::专题问答卡::T-SCH-003_关键路径_总时差_自由时差与网络图判断,RuankaoTopicCard,正推法的核心规则是什么？,顺箭线计算 ES/EF，遇到汇合点取紧前 EF 的最大值。,<div>理解：本卡只围绕“正推法”做判断，避免把整个专题压成目录卡。</div><div>题干信号：正推法</div><div>来源：T-SCH-003 / 正推法</div>,topic_qa,公式卡,,,A,2,计算题,进度管理,06,进度管理,T-SCH-003,关键路径、总时差、自由时差与网络图判断,SRC-T-SCH-003-002,topic_learning_packages/topics/06_进度管理/T-SCH-003_专题学习包_关键路径总时差自由时差与网络图判断.md,正推法,,,keep,Front 聚焦“正推法”，Back 短句给出可判分答案，Extra 提供本卡专属题干信号。,ruankao ruankao::build::20260520_235046 ruankao::chapter::06 ruankao::domain::进度管理 ruankao::type::公式卡 ruankao::importance::A ruankao::difficulty::2 ruankao::review::keep ruankao::topic_qa ruankao::topic::T-SCH-003,sha256:f938cc9456ecdde10a4d4a71
软考::系统集成项目管理工程师::06_进度管理::专题问答卡::T-SCH-003_关键路径_总时差_自由时差与网络图判断,RuankaoTopicCard,逆推法的核心规则是什么？,逆箭线计算 LS/LF，遇到分支点取紧后 LS 的最小值。,<div>理解：本卡只围绕“逆推法”做判断，避免把整个专题压成目录卡。</div><div>题干信号：逆推法</div><div>来源：T-SCH-003 / 逆推法</div>,topic_qa,公式卡,,,A,2,计算题,进度管理,06,进度管理,T-SCH-003,关键路径、总时差、自由时差与网络图判断,SRC-T-SCH-003-003,topic_learning_packages/topics/06_进度管理/T-SCH-003_专题学习包_关键路径总时差自由时差与网络图判断.md,逆推法,,,keep,Front 聚焦“逆推法”，Back 短句给出可判分答案，Extra 提供本卡专属题干信号。,ruankao ruankao::build::20260520_235046 ruankao::chapter::06 ruankao::domain::进度管理 ruankao::type::公式卡 ruankao::importance::A ruankao::difficulty::2 ruankao::review::keep ruankao::topic_qa ruankao::topic::T-SCH-003,sha256:8e7fd2875c065edcb74b3748
软考::系统集成项目管理工程师::06_进度管理::专题问答卡::T-SCH-003_关键路径_总时差_自由时差与网络图判断,RuankaoTopicCard,总时差和自由时差的核心区别是什么？,总时差看是否影响项目完工；自由时差看是否影响紧后活动最早开始。,<div>理解：本卡只围绕“时差辨析”做判断，避免把整个专题压成目录卡。</div><div>题干信号：时差辨析</div><div>来源：T-SCH-003 / 时差辨析</div>,topic_qa,辨析卡,,,A,2,计算题,进度管理,06,进度管理,T-SCH-003,关键路径、总时差、自由时差与网络图判断,SRC-T-SCH-003-004,topic_learning_packages/topics/06_进度管理/T-SCH-003_专题学习包_关键路径总时差自由时差与网络图判断.md,时差辨析,,,keep,Front 聚焦“时差辨析”，Back 短句给出可判分答案，Extra 提供本卡专属题干信号。,ruankao ruankao::build::20260520_235046 ruankao::chapter::06 ruankao::domain::进度管理 ruankao::type::辨析卡 ruankao::importance::A ruankao::difficulty::2 ruankao::review::keep ruankao::topic_qa ruankao::topic::T-SCH-003,sha256:8426a90acb43be9b434344bc
软考::系统集成项目管理工程师::06_进度管理::专题问答卡::T-SCH-003_关键路径_总时差_自由时差与网络图判断,RuankaoTopicCard,关键路径上的活动延误一定影响总工期吗？,通常会，因为关键活动总时差为零；若存在特殊约束或多路径，仍要按网络图判断。,<div>理解：本卡只围绕“关键活动”做判断，避免把整个专题压成目录卡。</div><div>题干信号：关键活动</div><div>来源：T-SCH-003 / 关键活动</div>,topic_qa,陷阱卡,,,A,2,上午选择,进度管理,06,进度管理,T-SCH-003,关键路径、总时差、自由时差与网络图判断,SRC-T-SCH-003-005,topic_learning_packages/topics/06_进度管理/T-SCH-003_专题学习包_关键路径总时差自由时差与网络图判断.md,关键活动,,,keep,Front 聚焦“关键活动”，Back 短句给出可判分答案，Extra 提供本卡专属题干信号。,ruankao ruankao::build::20260520_235046 ruankao::chapter::06 ruankao::domain::进度管理 ruankao::type::陷阱卡 ruankao::importance::A ruankao::difficulty::2 ruankao::review::keep ruankao::topic_qa ruankao::topic::T-SCH-003,sha256:35047737677df9d5999ecd6c
软考::系统集成项目管理工程师::06_进度管理::专题问答卡::T-SCH-003_关键路径_总时差_自由时差与网络图判断,RuankaoTopicCard,为什么压缩工期应优先看关键路径？,只有压缩关键路径上的活动才可能缩短项目总工期。,<div>理解：本卡只围绕“进度压缩”做判断，避免把整个专题压成目录卡。</div><div>题干信号：进度压缩</div><div>来源：T-SCH-003 / 进度压缩</div>,topic_qa,概念卡,,,A,2,案例分析,进度管理,06,进度管理,T-SCH-003,关键路径、总时差、自由时差与网络图判断,SRC-T-SCH-003-006,topic_learning_packages/topics/06_进度管理/T-SCH-003_专题学习包_关键路径总时差自由时差与网络图判断.md,进度压缩,,,keep,Front 聚焦“进度压缩”，Back 短句给出可判分答案，Extra 提供本卡专属题干信号。,ruankao ruankao::build::20260520_235046 ruankao::chapter::06 ruankao::domain::进度管理 ruankao::type::概念卡 ruankao::importance::A ruankao::difficulty::2 ruankao::review::keep ruankao::topic_qa ruankao::topic::T-SCH-003,sha256:938d2d0983aa7a29f94b94c0
软考::系统集成项目管理工程师::07_成本管理::专题问答卡::T-COST-001_成本估算_成本预算_储备分析与成本基准,RuankaoTopicCard,类比估算和参数估算的区别是什么？,类比估算借用类似项目整体经验；参数估算用单位成本或生产率乘以数量。,<div>理解：本卡只围绕“估算方法”做判断，避免把整个专题压成目录卡。</div><div>题干信号：估算方法</div><div>来源：T-COST-001 / 估算方法</div>,topic_qa,辨析卡,,,A,2,上午选择,成本管理,07,成本管理,T-COST-001,成本估算、成本预算、储备分析与成本基准,SRC-T-COST-001-001,topic_learning_packages/topics/07_成本管理/T-COST-001_专题学习包_成本估算预算储备分析与成本基准.md,估算方法,,,keep,Front 聚焦“估算方法”，Back 短句给出可判分答案，Extra 提供本卡专属题干信号。,ruankao ruankao::build::20260520_235046 ruankao::chapter::07 ruankao::domain::成本管理 ruankao::type::辨析卡 ruankao::importance::A ruankao::difficulty::2 ruankao::review::keep ruankao::topic_qa ruankao::topic::T-COST-001,sha256:3955c127edf0192034125235
软考::系统集成项目管理工程师::07_成本管理::专题问答卡::T-COST-001_成本估算_成本预算_储备分析与成本基准,RuankaoTopicCard,自下而上估算适合什么场景？,WBS 和工作包较明确、需要较高准确度时，从底层估算逐级汇总。,<div>理解：本卡只围绕“自下而上”做判断，避免把整个专题压成目录卡。</div><div>题干信号：自下而上</div><div>来源：T-COST-001 / 自下而上</div>,topic_qa,概念卡,,,A,2,上午选择,成本管理,07,成本管理,T-COST-001,成本估算、成本预算、储备分析与成本基准,SRC-T-COST-001-002,topic_learning_packages/topics/07_成本管理/T-COST-001_专题学习包_成本估算预算储备分析与成本基准.md,自下而上,,,keep,Front 聚焦“自下而上”，Back 短句给出可判分答案，Extra 提供本卡专属题干信号。,ruankao ruankao::build::20260520_235046 ruankao::chapter::07 ruankao::domain::成本管理 ruankao::type::概念卡 ruankao::importance::A ruankao::difficulty::2 ruankao::review::keep ruankao::topic_qa ruankao::topic::T-COST-001,sha256:a474e33d22143c06f6daa5fa
软考::系统集成项目管理工程师::07_成本管理::专题问答卡::T-COST-001_成本估算_成本预算_储备分析与成本基准,RuankaoTopicCard,成本预算和成本估算的区别是什么？,估算是近似预测成本，预算是把批准成本分配到工作包和时间段形成基准。,<div>理解：本卡只围绕“估算 vs 预算”做判断，避免把整个专题压成目录卡。</div><div>题干信号：估算 vs 预算</div><div>来源：T-COST-001 / 估算 vs 预算</div>,topic_qa,辨析卡,,,A,2,上午选择,成本管理,07,成本管理,T-COST-001,成本估算、成本预算、储备分析与成本基准,SRC-T-COST-001-003,topic_learning_packages/topics/07_成本管理/T-COST-001_专题学习包_成本估算预算储备分析与成本基准.md,估算 vs 预算,,,keep,Front 聚焦“估算 vs 预算”，Back 短句给出可判分答案，Extra 提供本卡专属题干信号。,ruankao ruankao::build::20260520_235046 ruankao::chapter::07 ruankao::domain::成本管理 ruankao::type::辨析卡 ruankao::importance::A ruankao::difficulty::2 ruankao::review::keep ruankao::topic_qa ruankao::topic::T-COST-001,sha256:7974d6e105bbcc5ec594d396
软考::系统集成项目管理工程师::07_成本管理::专题问答卡::T-COST-001_成本估算_成本预算_储备分析与成本基准,RuankaoTopicCard,应急储备和管理储备的核心区别是什么？,应急储备用于已识别风险，通常在成本基准内；管理储备用于未知风险，通常不在成本基准内。,<div>理解：本卡只围绕“储备”做判断，避免把整个专题压成目录卡。</div><div>题干信号：储备</div><div>来源：T-COST-001 / 储备</div>,topic_qa,辨析卡,,,A,2,跨域辨析,成本管理,07,成本管理,T-COST-001,成本估算、成本预算、储备分析与成本基准,SRC-T-COST-001-004,topic_learning_packages/topics/07_成本管理/T-COST-001_专题学习包_成本估算预算储备分析与成本基准.md,储备,,,keep,Front 聚焦“储备”，Back 短句给出可判分答案，Extra 提供本卡专属题干信号。,ruankao ruankao::build::20260520_235046 ruankao::chapter::07 ruankao::domain::成本管理 ruankao::type::辨析卡 ruankao::importance::A ruankao::difficulty::2 ruankao::review::keep ruankao::topic_qa ruankao::topic::T-COST-001,sha256:7dae1f8a9d66fd9ddab835af
软考::系统集成项目管理工程师::07_成本管理::专题问答卡::T-COST-001_成本估算_成本预算_储备分析与成本基准,RuankaoTopicCard,题干出现“工作包估算加风险储备”应想到什么？,应想到形成更完整的成本估算，不能漏掉风险储备。,<div>理解：本卡只围绕“成本估算”做判断，避免把整个专题压成目录卡。</div><div>题干信号：成本估算</div><div>来源：T-COST-001 / 成本估算</div>,topic_qa,关键词识别卡,,,A,2,上午选择,成本管理,07,成本管理,T-COST-001,成本估算、成本预算、储备分析与成本基准,SRC-T-COST-001-005,topic_learning_packages/topics/07_成本管理/T-COST-001_专题学习包_成本估算预算储备分析与成本基准.md,成本估算,,,keep,Front 聚焦“成本估算”，Back 短句给出可判分答案，Extra 提供本卡专属题干信号。,ruankao ruankao::build::20260520_235046 ruankao::chapter::07 ruankao::domain::成本管理 ruankao::type::关键词识别卡 ruankao::importance::A ruankao::difficulty::2 ruankao::review::keep ruankao::topic_qa ruankao::topic::T-COST-001,sha256:3b0b4b30d008f833075d3e05
软考::系统集成项目管理工程师::07_成本管理::专题问答卡::T-COST-001_成本估算_成本预算_储备分析与成本基准,RuankaoTopicCard,为什么成本基准要按时间分布？,因为控制成本需要把实际支出与计划时间点上的预算进行比较。,<div>理解：本卡只围绕“成本基准”做判断，避免把整个专题压成目录卡。</div><div>题干信号：成本基准</div><div>来源：T-COST-001 / 成本基准</div>,topic_qa,概念卡,,,B,3,上午选择,成本管理,07,成本管理,T-COST-001,成本估算、成本预算、储备分析与成本基准,SRC-T-COST-001-006,topic_learning_packages/topics/07_成本管理/T-COST-001_专题学习包_成本估算预算储备分析与成本基准.md,成本基准,,,keep,Front 聚焦“成本基准”，Back 短句给出可判分答案，Extra 提供本卡专属题干信号。,ruankao ruankao::build::20260520_235046 ruankao::chapter::07 ruankao::domain::成本管理 ruankao::type::概念卡 ruankao::importance::B ruankao::difficulty::3 ruankao::review::keep ruankao::topic_qa ruankao::topic::T-COST-001,sha256:1ac7770b19b09d5c701074ce
软考::系统集成项目管理工程师::08_质量管理::专题问答卡::T-QUAL-001_质量保证_质量控制与质量审计,RuankaoTopicCard,质量 vs 等级的核心区别是什么？,质量是满足要求的程度；等级是用途相同但技术特性不同的分类。,<div>理解：本卡只围绕“质量 vs 等级”做判断，避免把整个专题压成目录卡。</div><div>题干信号：质量 vs 等级</div><div>来源：T-QUAL-001 / 质量 vs 等级</div>,topic_qa,辨析卡,,,A,2,上午选择,质量管理,08,质量管理,T-QUAL-001,质量保证、质量控制与质量审计,SRC-T-QUAL-001-001,topic_learning_packages/topics/08_质量管理/T-QUAL-001_专题学习包_质量保证质量控制与质量审计.md,质量 vs 等级,,,keep,Front 聚焦“质量 vs 等级”，Back 短句给出可判分答案，Extra 提供本卡专属题干信号。,ruankao ruankao::build::20260520_235046 ruankao::chapter::08 ruankao::domain::质量管理 ruankao::type::辨析卡 ruankao::importance::A ruankao::difficulty::2 ruankao::review::keep ruankao::topic_qa ruankao::topic::T-QUAL-001,sha256:a14eda3736fcaf2176e8b661
软考::系统集成项目管理工程师::08_质量管理::专题问答卡::T-QUAL-001_质量保证_质量控制与质量审计,RuankaoTopicCard,QA vs QC 的核心区别是什么？,QA 关注过程和预防；QC 关注成果检查和缺陷发现。,<div>理解：本卡只围绕“QA QC”做判断，避免把整个专题压成目录卡。</div><div>题干信号：QA QC</div><div>来源：T-QUAL-001 / QA QC</div>,topic_qa,辨析卡,,,A,2,跨域辨析,质量管理,08,质量管理,T-QUAL-001,质量保证、质量控制与质量审计,SRC-T-QUAL-001-002,topic_learning_packages/topics/08_质量管理/T-QUAL-001_专题学习包_质量保证质量控制与质量审计.md,QA QC,,,keep,Front 聚焦“QA QC”，Back 短句给出可判分答案，Extra 提供本卡专属题干信号。,ruankao ruankao::build::20260520_235046 ruankao::chapter::08 ruankao::domain::质量管理 ruankao::type::辨析卡 ruankao::importance::A ruankao::difficulty::2 ruankao::review::keep ruankao::topic_qa ruankao::topic::T-QUAL-001,sha256:0290c475c171e26fb89c8aa8
软考::系统集成项目管理工程师::08_质量管理::专题问答卡::T-QUAL-001_质量保证_质量控制与质量审计,RuankaoTopicCard,质量审计为什么通常属于质量保证工具？,因为它审查过程是否符合政策、程序和组织标准。,<div>理解：本卡只围绕“质量审计”做判断，避免把整个专题压成目录卡。</div><div>题干信号：质量审计</div><div>来源：T-QUAL-001 / 质量审计</div>,topic_qa,概念卡,,,A,2,上午选择,质量管理,08,质量管理,T-QUAL-001,质量保证、质量控制与质量审计,SRC-T-QUAL-001-003,topic_learning_packages/topics/08_质量管理/T-QUAL-001_专题学习包_质量保证质量控制与质量审计.md,质量审计,,,keep,Front 聚焦“质量审计”，Back 短句给出可判分答案，Extra 提供本卡专属题干信号。,ruankao ruankao::build::20260520_235046 ruankao::chapter::08 ruankao::domain::质量管理 ruankao::type::概念卡 ruankao::importance::A ruankao::difficulty::2 ruankao::review::keep ruankao::topic_qa ruankao::topic::T-QUAL-001,sha256:9b2ab909c4aa1be83a686a30
软考::系统集成项目管理工程师::08_质量管理::专题问答卡::T-QUAL-001_质量保证_质量控制与质量审计,RuankaoTopicCard,题干出现“测试、检查、缺陷记录”应想到 QA 还是 QC？,应优先想到质量控制 QC。,<div>理解：本卡只围绕“QC信号”做判断，避免把整个专题压成目录卡。</div><div>题干信号：QC信号</div><div>来源：T-QUAL-001 / QC信号</div>,topic_qa,关键词识别卡,,,A,2,上午选择,质量管理,08,质量管理,T-QUAL-001,质量保证、质量控制与质量审计,SRC-T-QUAL-001-004,topic_learning_packages/topics/08_质量管理/T-QUAL-001_专题学习包_质量保证质量控制与质量审计.md,QC信号,,,keep,Front 聚焦“QC信号”，Back 短句给出可判分答案，Extra 提供本卡专属题干信号。,ruankao ruankao::build::20260520_235046 ruankao::chapter::08 ruankao::domain::质量管理 ruankao::type::关键词识别卡 ruankao::importance::A ruankao::difficulty::2 ruankao::review::keep ruankao::topic_qa ruankao::topic::T-QUAL-001,sha256:2677ba0237d63488758705e1
软考::系统集成项目管理工程师::08_质量管理::专题问答卡::T-QUAL-001_质量保证_质量控制与质量审计,RuankaoTopicCard,题干出现“过程改进、审计、预防缺陷”应想到 QA 还是 QC？,应优先想到质量保证 QA。,<div>理解：本卡只围绕“QA信号”做判断，避免把整个专题压成目录卡。</div><div>题干信号：QA信号</div><div>来源：T-QUAL-001 / QA信号</div>,topic_qa,关键词识别卡,,,A,2,上午选择,质量管理,08,质量管理,T-QUAL-001,质量保证、质量控制与质量审计,SRC-T-QUAL-001-005,topic_learning_packages/topics/08_质量管理/T-QUAL-001_专题学习包_质量保证质量控制与质量审计.md,QA信号,,,keep,Front 聚焦“QA信号”，Back 短句给出可判分答案，Extra 提供本卡专属题干信号。,ruankao ruankao::build::20260520_235046 ruankao::chapter::08 ruankao::domain::质量管理 ruankao::type::关键词识别卡 ruankao::importance::A ruankao::difficulty::2 ruankao::review::keep ruankao::topic_qa ruankao::topic::T-QUAL-001,sha256:be6daebb04d15cbfb6f5bae6
软考::系统集成项目管理工程师::08_质量管理::专题问答卡::T-QUAL-001_质量保证_质量控制与质量审计,RuankaoTopicCard,为什么“等级低”不一定是质量差？,只要产品满足其既定要求，低等级产品也可以是高质量。,<div>理解：本卡只围绕“等级陷阱”做判断，避免把整个专题压成目录卡。</div><div>题干信号：等级陷阱</div><div>来源：T-QUAL-001 / 等级陷阱</div>,topic_qa,陷阱卡,,,A,2,上午选择,质量管理,08,质量管理,T-QUAL-001,质量保证、质量控制与质量审计,SRC-T-QUAL-001-006,topic_learning_packages/topics/08_质量管理/T-QUAL-001_专题学习包_质量保证质量控制与质量审计.md,等级陷阱,,,keep,Front 聚焦“等级陷阱”，Back 短句给出可判分答案，Extra 提供本卡专属题干信号。,ruankao ruankao::build::20260520_235046 ruankao::chapter::08 ruankao::domain::质量管理 ruankao::type::陷阱卡 ruankao::importance::A ruankao::difficulty::2 ruankao::review::keep ruankao::topic_qa ruankao::topic::T-QUAL-001,sha256:06b7e566d35a02ba9d156c33
软考::系统集成项目管理工程师::08_质量管理::专题问答卡::T-QUAL-002_质量管理七工具_新七工具与质量问题分析,RuankaoTopicCard,因果图适合解决什么问题？,适合系统分析质量问题的可能原因。,<div>理解：本卡只围绕“因果图”做判断，避免把整个专题压成目录卡。</div><div>题干信号：因果图</div><div>来源：T-QUAL-002 / 因果图</div>,topic_qa,关键词识别卡,,,A,2,上午选择,质量管理,08,质量管理,T-QUAL-002,质量管理七工具、新七工具与质量问题分析,SRC-T-QUAL-002-001,topic_learning_packages/topics/08_质量管理/T-QUAL-002_专题学习包_质量管理七工具新七工具与质量问题分析.md,因果图,,,keep,Front 聚焦“因果图”，Back 短句给出可判分答案，Extra 提供本卡专属题干信号。,ruankao ruankao::build::20260520_235046 ruankao::chapter::08 ruankao::domain::质量管理 ruankao::type::关键词识别卡 ruankao::importance::A ruankao::difficulty::2 ruankao::review::keep ruankao::topic_qa ruankao::topic::T-QUAL-002,sha256:c051082bf1f75fe5fd27f19d
软考::系统集成项目管理工程师::08_质量管理::专题问答卡::T-QUAL-002_质量管理七工具_新七工具与质量问题分析,RuankaoTopicCard,帕累托图适合解决什么问题？,适合识别造成多数问题的少数关键原因。,<div>理解：本卡只围绕“帕累托”做判断，避免把整个专题压成目录卡。</div><div>题干信号：帕累托</div><div>来源：T-QUAL-002 / 帕累托</div>,topic_qa,关键词识别卡,,,A,2,上午选择,质量管理,08,质量管理,T-QUAL-002,质量管理七工具、新七工具与质量问题分析,SRC-T-QUAL-002-002,topic_learning_packages/topics/08_质量管理/T-QUAL-002_专题学习包_质量管理七工具新七工具与质量问题分析.md,帕累托,,,keep,Front 聚焦“帕累托”，Back 短句给出可判分答案，Extra 提供本卡专属题干信号。,ruankao ruankao::build::20260520_235046 ruankao::chapter::08 ruankao::domain::质量管理 ruankao::type::关键词识别卡 ruankao::importance::A ruankao::difficulty::2 ruankao::review::keep ruankao::topic_qa ruankao::topic::T-QUAL-002,sha256:8d4281163ae3d2882f34876c
软考::系统集成项目管理工程师::08_质量管理::专题问答卡::T-QUAL-002_质量管理七工具_新七工具与质量问题分析,RuankaoTopicCard,控制图适合解决什么问题？,适合判断过程是否稳定、是否存在异常原因。,<div>理解：本卡只围绕“控制图”做判断，避免把整个专题压成目录卡。</div><div>题干信号：控制图</div><div>来源：T-QUAL-002 / 控制图</div>,topic_qa,关键词识别卡,,,A,2,上午选择,质量管理,08,质量管理,T-QUAL-002,质量管理七工具、新七工具与质量问题分析,SRC-T-QUAL-002-003,topic_learning_packages/topics/08_质量管理/T-QUAL-002_专题学习包_质量管理七工具新七工具与质量问题分析.md,控制图,,,keep,Front 聚焦“控制图”，Back 短句给出可判分答案，Extra 提供本卡专属题干信号。,ruankao ruankao::build::20260520_235046 ruankao::chapter::08 ruankao::domain::质量管理 ruankao::type::关键词识别卡 ruankao::importance::A ruankao::difficulty::2 ruankao::review::keep ruankao::topic_qa ruankao::topic::T-QUAL-002,sha256:35d108b244a1281716553633
软考::系统集成项目管理工程师::08_质量管理::专题问答卡::T-QUAL-002_质量管理七工具_新七工具与质量问题分析,RuankaoTopicCard,直方图和散点图区别是什么？,直方图看数据分布形态；散点图看两个变量间的相关关系。,<div>理解：本卡只围绕“质量工具辨析”做判断，避免把整个专题压成目录卡。</div><div>题干信号：质量工具辨析</div><div>来源：T-QUAL-002 / 质量工具辨析</div>,topic_qa,辨析卡,,,B,3,上午选择,质量管理,08,质量管理,T-QUAL-002,质量管理七工具、新七工具与质量问题分析,SRC-T-QUAL-002-004,topic_learning_packages/topics/08_质量管理/T-QUAL-002_专题学习包_质量管理七工具新七工具与质量问题分析.md,质量工具辨析,,,keep,Front 聚焦“质量工具辨析”，Back 短句给出可判分答案，Extra 提供本卡专属题干信号。,ruankao ruankao::build::20260520_235046 ruankao::chapter::08 ruankao::domain::质量管理 ruankao::type::辨析卡 ruankao::importance::B ruankao::difficulty::3 ruankao::review::keep ruankao::topic_qa ruankao::topic::T-QUAL-002,sha256:886a96b0dee99981b36ebfff
软考::系统集成项目管理工程师::08_质量管理::专题问答卡::T-QUAL-002_质量管理七工具_新七工具与质量问题分析,RuankaoTopicCard,检查表和核对单为什么容易混淆？,检查表偏收集和记录数据；核对单偏按清单确认步骤或事项。,<div>理解：本卡只围绕“检查表”做判断，避免把整个专题压成目录卡。</div><div>题干信号：检查表</div><div>来源：T-QUAL-002 / 检查表</div>,topic_qa,辨析卡,,,B,3,上午选择,质量管理,08,质量管理,T-QUAL-002,质量管理七工具、新七工具与质量问题分析,SRC-T-QUAL-002-005,topic_learning_packages/topics/08_质量管理/T-QUAL-002_专题学习包_质量管理七工具新七工具与质量问题分析.md,检查表,,,keep,Front 聚焦“检查表”，Back 短句给出可判分答案，Extra 提供本卡专属题干信号。,ruankao ruankao::build::20260520_235046 ruankao::chapter::08 ruankao::domain::质量管理 ruankao::type::辨析卡 ruankao::importance::B ruankao::difficulty::3 ruankao::review::keep ruankao::topic_qa ruankao::topic::T-QUAL-002,sha256:0e88272d623b193e92483604
软考::系统集成项目管理工程师::08_质量管理::专题问答卡::T-QUAL-002_质量管理七工具_新七工具与质量问题分析,RuankaoTopicCard,质量工具题的审题顺序是什么？,先看题干想解决“原因、重点、分布、趋势、相关、流程、数据收集”中的哪类问题。,<div>理解：本卡只围绕“工具选择”做判断，避免把整个专题压成目录卡。</div><div>题干信号：工具选择</div><div>来源：T-QUAL-002 / 工具选择</div>,topic_qa,流程卡,,,A,2,上午选择,质量管理,08,质量管理,T-QUAL-002,质量管理七工具、新七工具与质量问题分析,SRC-T-QUAL-002-006,topic_learning_packages/topics/08_质量管理/T-QUAL-002_专题学习包_质量管理七工具新七工具与质量问题分析.md,工具选择,,,keep,Front 聚焦“工具选择”，Back 短句给出可判分答案，Extra 提供本卡专属题干信号。,ruankao ruankao::build::20260520_235046 ruankao::chapter::08 ruankao::domain::质量管理 ruankao::type::流程卡 ruankao::importance::A ruankao::difficulty::2 ruankao::review::keep ruankao::topic_qa ruankao::topic::T-QUAL-002,sha256:520b80ac2983d66921b4357b
软考::系统集成项目管理工程师::08_质量管理::专题问答卡::T-QUAL-003_质量问题案例模板_缺陷_测试_验收与纠偏,RuankaoTopicCard,质量问题案例通常先从哪三类事实定位？,缺陷表现、测试/验收过程、纠偏和预防动作是否到位。,<div>理解：本卡只围绕“质量案例”做判断，避免把整个专题压成目录卡。</div><div>题干信号：质量案例</div><div>来源：T-QUAL-003 / 质量案例</div>,topic_qa,案例模板卡,,,A,2,案例分析,质量管理,08,质量管理,T-QUAL-003,质量问题案例模板：缺陷、测试、验收与纠偏,SRC-T-QUAL-003-001,topic_learning_packages/topics/08_质量管理/T-QUAL-003_专题学习包_质量问题案例模板缺陷测试验收与纠偏.md,质量案例,,,keep,Front 聚焦“质量案例”，Back 短句给出可判分答案，Extra 提供本卡专属题干信号。,ruankao ruankao::build::20260520_235046 ruankao::chapter::08 ruankao::domain::质量管理 ruankao::type::案例模板卡 ruankao::importance::A ruankao::difficulty::2 ruankao::review::keep ruankao::topic_qa ruankao::topic::T-QUAL-003,sha256:e89ed978b4d11e2818aea420
软考::系统集成项目管理工程师::08_质量管理::专题问答卡::T-QUAL-003_质量问题案例模板_缺陷_测试_验收与纠偏,RuankaoTopicCard,发现大量缺陷后，只安排加班修改为什么不够？,还应分析根因、完善质量保证和质量控制措施，防止重复缺陷。,<div>理解：本卡只围绕“缺陷处理”做判断，避免把整个专题压成目录卡。</div><div>题干信号：缺陷处理</div><div>来源：T-QUAL-003 / 缺陷处理</div>,topic_qa,陷阱卡,,,A,2,案例分析,质量管理,08,质量管理,T-QUAL-003,质量问题案例模板：缺陷、测试、验收与纠偏,SRC-T-QUAL-003-002,topic_learning_packages/topics/08_质量管理/T-QUAL-003_专题学习包_质量问题案例模板缺陷测试验收与纠偏.md,缺陷处理,,,keep,Front 聚焦“缺陷处理”，Back 短句给出可判分答案，Extra 提供本卡专属题干信号。,ruankao ruankao::build::20260520_235046 ruankao::chapter::08 ruankao::domain::质量管理 ruankao::type::陷阱卡 ruankao::importance::A ruankao::difficulty::2 ruankao::review::keep ruankao::topic_qa ruankao::topic::T-QUAL-003,sha256:1c79411bed687c3d3e77cb6a
软考::系统集成项目管理工程师::08_质量管理::专题问答卡::T-QUAL-003_质量问题案例模板_缺陷_测试_验收与纠偏,RuankaoTopicCard,测试通过是否等于客户已经确认范围？,不等于。测试偏质量控制，客户正式接受才偏确认范围。,<div>理解：本卡只围绕“测试 vs 验收”做判断，避免把整个专题压成目录卡。</div><div>题干信号：测试 vs 验收</div><div>来源：T-QUAL-003 / 测试 vs 验收</div>,topic_qa,辨析卡,,,A,2,跨域辨析,质量管理,08,质量管理,T-QUAL-003,质量问题案例模板：缺陷、测试、验收与纠偏,SRC-T-QUAL-003-003,topic_learning_packages/topics/08_质量管理/T-QUAL-003_专题学习包_质量问题案例模板缺陷测试验收与纠偏.md,测试 vs 验收,,,keep,Front 聚焦“测试 vs 验收”，Back 短句给出可判分答案，Extra 提供本卡专属题干信号。,ruankao ruankao::build::20260520_235046 ruankao::chapter::08 ruankao::domain::质量管理 ruankao::type::辨析卡 ruankao::importance::A ruankao::difficulty::2 ruankao::review::keep ruankao::topic_qa ruankao::topic::T-QUAL-003,sha256:48345ada1a8e3fc8b8c51dd0
软考::系统集成项目管理工程师::08_质量管理::专题问答卡::T-QUAL-003_质量问题案例模板_缺陷_测试_验收与纠偏,RuankaoTopicCard,质量案例中 QA 不足通常有哪些表现？,缺少质量计划、过程审查、规范培训、质量审计或预防机制。,<div>理解：本卡只围绕“QA不足”做判断，避免把整个专题压成目录卡。</div><div>题干信号：QA不足</div><div>来源：T-QUAL-003 / QA不足</div>,topic_qa,案例模板卡,,,A,2,案例分析,质量管理,08,质量管理,T-QUAL-003,质量问题案例模板：缺陷、测试、验收与纠偏,SRC-T-QUAL-003-004,topic_learning_packages/topics/08_质量管理/T-QUAL-003_专题学习包_质量问题案例模板缺陷测试验收与纠偏.md,QA不足,,,keep,Front 聚焦“QA不足”，Back 短句给出可判分答案，Extra 提供本卡专属题干信号。,ruankao ruankao::build::20260520_235046 ruankao::chapter::08 ruankao::domain::质量管理 ruankao::type::案例模板卡 ruankao::importance::A ruankao::difficulty::2 ruankao::review::keep ruankao::topic_qa ruankao::topic::T-QUAL-003,sha256:4c52256c6ba2aae8ad036c39
软考::系统集成项目管理工程师::08_质量管理::专题问答卡::T-QUAL-003_质量问题案例模板_缺陷_测试_验收与纠偏,RuankaoTopicCard,质量案例中 QC 不足通常有哪些表现？,测试不充分、检查周期不合理、缺陷记录和回归验证不足。,<div>理解：本卡只围绕“QC不足”做判断，避免把整个专题压成目录卡。</div><div>题干信号：QC不足</div><div>来源：T-QUAL-003 / QC不足</div>,topic_qa,案例模板卡,,,A,2,案例分析,质量管理,08,质量管理,T-QUAL-003,质量问题案例模板：缺陷、测试、验收与纠偏,SRC-T-QUAL-003-005,topic_learning_packages/topics/08_质量管理/T-QUAL-003_专题学习包_质量问题案例模板缺陷测试验收与纠偏.md,QC不足,,,keep,Front 聚焦“QC不足”，Back 短句给出可判分答案，Extra 提供本卡专属题干信号。,ruankao ruankao::build::20260520_235046 ruankao::chapter::08 ruankao::domain::质量管理 ruankao::type::案例模板卡 ruankao::importance::A ruankao::difficulty::2 ruankao::review::keep ruankao::topic_qa ruankao::topic::T-QUAL-003,sha256:e3579168f1ac7cfdca91b2db
软考::系统集成项目管理工程师::08_质量管理::专题问答卡::T-QUAL-003_质量问题案例模板_缺陷_测试_验收与纠偏,RuankaoTopicCard,质量纠偏措施应如何写得具体？,写清补测试、查根因、修流程、培训、审计、回归验证和更新经验库。,<div>理解：本卡只围绕“纠偏表达”做判断，避免把整个专题压成目录卡。</div><div>题干信号：纠偏表达</div><div>来源：T-QUAL-003 / 纠偏表达</div>,topic_qa,流程卡,,,B,3,案例分析,质量管理,08,质量管理,T-QUAL-003,质量问题案例模板：缺陷、测试、验收与纠偏,SRC-T-QUAL-003-006,topic_learning_packages/topics/08_质量管理/T-QUAL-003_专题学习包_质量问题案例模板缺陷测试验收与纠偏.md,纠偏表达,,,keep,Front 聚焦“纠偏表达”，Back 短句给出可判分答案，Extra 提供本卡专属题干信号。,ruankao ruankao::build::20260520_235046 ruankao::chapter::08 ruankao::domain::质量管理 ruankao::type::流程卡 ruankao::importance::B ruankao::difficulty::3 ruankao::review::keep ruankao::topic_qa ruankao::topic::T-QUAL-003,sha256:cccc4a89575aad5d1f6d1cbf
软考::系统集成项目管理工程师::09_人力资源与沟通管理::专题问答卡::T-COM-001_沟通渠道计算与干系人参与管理,RuankaoTopicCard,沟通渠道数公式是什么？,n 个成员的潜在沟通渠道数为 n(n-1)/2。,<div>理解：本卡只围绕“沟通渠道”做判断，避免把整个专题压成目录卡。</div><div>题干信号：沟通渠道</div><div>来源：T-COM-001 / 沟通渠道</div>,topic_qa,公式卡,,,A,2,计算题,人力资源与沟通管理,09,人力资源与沟通管理,T-COM-001,沟通渠道计算与干系人参与管理,SRC-T-COM-001-001,topic_learning_packages/topics/09_人力资源与沟通管理/T-COM-001_专题学习包_沟通渠道计算与干系人参与管理.md,沟通渠道,,,keep,Front 聚焦“沟通渠道”，Back 短句给出可判分答案，Extra 提供本卡专属题干信号。,ruankao ruankao::build::20260520_235046 ruankao::chapter::09 ruankao::domain::人力资源与沟通管理 ruankao::type::公式卡 ruankao::importance::A ruankao::difficulty::2 ruankao::review::keep ruankao::topic_qa ruankao::topic::T-COM-001,sha256:a2dec4ce8e265b6f76e63d28
软考::系统集成项目管理工程师::09_人力资源与沟通管理::专题问答卡::T-COM-001_沟通渠道计算与干系人参与管理,RuankaoTopicCard,新增 1 人为什么会显著增加沟通复杂度？,因为新增成员会与原有 n 人分别形成新沟通渠道。,<div>理解：本卡只围绕“新增成员”做判断，避免把整个专题压成目录卡。</div><div>题干信号：新增成员</div><div>来源：T-COM-001 / 新增成员</div>,topic_qa,陷阱卡,,,A,2,计算题,人力资源与沟通管理,09,人力资源与沟通管理,T-COM-001,沟通渠道计算与干系人参与管理,SRC-T-COM-001-002,topic_learning_packages/topics/09_人力资源与沟通管理/T-COM-001_专题学习包_沟通渠道计算与干系人参与管理.md,新增成员,,,keep,Front 聚焦“新增成员”，Back 短句给出可判分答案，Extra 提供本卡专属题干信号。,ruankao ruankao::build::20260520_235046 ruankao::chapter::09 ruankao::domain::人力资源与沟通管理 ruankao::type::陷阱卡 ruankao::importance::A ruankao::difficulty::2 ruankao::review::keep ruankao::topic_qa ruankao::topic::T-COM-001,sha256:fda22466404f3c2d54aa00d8
软考::系统集成项目管理工程师::09_人力资源与沟通管理::专题问答卡::T-COM-001_沟通渠道计算与干系人参与管理,RuankaoTopicCard,推式、拉式、交互式沟通如何区分？,推式发送给指定对象，拉式让对象按需获取，交互式双方实时交换。,<div>理解：本卡只围绕“沟通方式”做判断，避免把整个专题压成目录卡。</div><div>题干信号：沟通方式</div><div>来源：T-COM-001 / 沟通方式</div>,topic_qa,辨析卡,,,A,2,上午选择,人力资源与沟通管理,09,人力资源与沟通管理,T-COM-001,沟通渠道计算与干系人参与管理,SRC-T-COM-001-003,topic_learning_packages/topics/09_人力资源与沟通管理/T-COM-001_专题学习包_沟通渠道计算与干系人参与管理.md,沟通方式,,,keep,Front 聚焦“沟通方式”，Back 短句给出可判分答案，Extra 提供本卡专属题干信号。,ruankao ruankao::build::20260520_235046 ruankao::chapter::09 ruankao::domain::人力资源与沟通管理 ruankao::type::辨析卡 ruankao::importance::A ruankao::difficulty::2 ruankao::review::keep ruankao::topic_qa ruankao::topic::T-COM-001,sha256:a903620caa0cd1da46a03e16
软考::系统集成项目管理工程师::09_人力资源与沟通管理::专题问答卡::T-COM-001_沟通渠道计算与干系人参与管理,RuankaoTopicCard,沟通模型中“发送了”为什么不等于“沟通成功”？,还要经过编码、渠道、解码、反馈，并受噪声影响。,<div>理解：本卡只围绕“沟通模型”做判断，避免把整个专题压成目录卡。</div><div>题干信号：沟通模型</div><div>来源：T-COM-001 / 沟通模型</div>,topic_qa,陷阱卡,,,A,2,上午选择,人力资源与沟通管理,09,人力资源与沟通管理,T-COM-001,沟通渠道计算与干系人参与管理,SRC-T-COM-001-004,topic_learning_packages/topics/09_人力资源与沟通管理/T-COM-001_专题学习包_沟通渠道计算与干系人参与管理.md,沟通模型,,,keep,Front 聚焦“沟通模型”，Back 短句给出可判分答案，Extra 提供本卡专属题干信号。,ruankao ruankao::build::20260520_235046 ruankao::chapter::09 ruankao::domain::人力资源与沟通管理 ruankao::type::陷阱卡 ruankao::importance::A ruankao::difficulty::2 ruankao::review::keep ruankao::topic_qa ruankao::topic::T-COM-001,sha256:c1af8df383958d14a0d3ddfe
软考::系统集成项目管理工程师::09_人力资源与沟通管理::专题问答卡::T-COM-001_沟通渠道计算与干系人参与管理,RuankaoTopicCard,干系人参与度评估矩阵解决什么问题？,比较当前参与程度与期望参与程度，帮助制定参与策略。,<div>理解：本卡只围绕“参与度”做判断，避免把整个专题压成目录卡。</div><div>题干信号：参与度</div><div>来源：T-COM-001 / 参与度</div>,topic_qa,概念卡,,,B,3,上午选择,人力资源与沟通管理,09,人力资源与沟通管理,T-COM-001,沟通渠道计算与干系人参与管理,SRC-T-COM-001-005,topic_learning_packages/topics/09_人力资源与沟通管理/T-COM-001_专题学习包_沟通渠道计算与干系人参与管理.md,参与度,,,keep,Front 聚焦“参与度”，Back 短句给出可判分答案，Extra 提供本卡专属题干信号。,ruankao ruankao::build::20260520_235046 ruankao::chapter::09 ruankao::domain::人力资源与沟通管理 ruankao::type::概念卡 ruankao::importance::B ruankao::difficulty::3 ruankao::review::keep ruankao::topic_qa ruankao::topic::T-COM-001,sha256:af53ef4441a6e95e78d13421
软考::系统集成项目管理工程师::09_人力资源与沟通管理::专题问答卡::T-COM-001_沟通渠道计算与干系人参与管理,RuankaoTopicCard,题干出现“误解、未通知、反馈缺失”应想到什么？,应想到沟通管理问题，而不只是个人态度问题。,<div>理解：本卡只围绕“沟通信号”做判断，避免把整个专题压成目录卡。</div><div>题干信号：沟通信号</div><div>来源：T-COM-001 / 沟通信号</div>,topic_qa,关键词识别卡,,,A,2,案例分析,人力资源与沟通管理,09,人力资源与沟通管理,T-COM-001,沟通渠道计算与干系人参与管理,SRC-T-COM-001-006,topic_learning_packages/topics/09_人力资源与沟通管理/T-COM-001_专题学习包_沟通渠道计算与干系人参与管理.md,沟通信号,,,keep,Front 聚焦“沟通信号”，Back 短句给出可判分答案，Extra 提供本卡专属题干信号。,ruankao ruankao::build::20260520_235046 ruankao::chapter::09 ruankao::domain::人力资源与沟通管理 ruankao::type::关键词识别卡 ruankao::importance::A ruankao::difficulty::2 ruankao::review::keep ruankao::topic_qa ruankao::topic::T-COM-001,sha256:6c7973ca1edbe07709076a88
软考::系统集成项目管理工程师::09_人力资源与沟通管理::专题问答卡::T-HR-001_项目人力资源管理_组织计划_团队建设与团队管理,RuankaoTopicCard,RAM/RACI 解决什么问题？,把工作或成果与具体角色责任对应起来，减少职责不清。,<div>理解：本卡只围绕“RAM”做判断，避免把整个专题压成目录卡。</div><div>题干信号：RAM</div><div>来源：T-HR-001 / RAM</div>,topic_qa,概念卡,,,A,2,上午选择,人力资源与沟通管理,09,人力资源与沟通管理,T-HR-001,项目人力资源管理：组织计划、团队建设与团队管理,SRC-T-HR-001-001,topic_learning_packages/topics/09_人力资源与沟通管理/T-HR-001_专题学习包_项目人力资源管理组织计划团队建设与团队管理.md,RAM,,,keep,Front 聚焦“RAM”，Back 短句给出可判分答案，Extra 提供本卡专属题干信号。,ruankao ruankao::build::20260520_235046 ruankao::chapter::09 ruankao::domain::人力资源与沟通管理 ruankao::type::概念卡 ruankao::importance::A ruankao::difficulty::2 ruankao::review::keep ruankao::topic_qa ruankao::topic::T-HR-001,sha256:3b4120327617a1dbf521ae84
软考::系统集成项目管理工程师::09_人力资源与沟通管理::专题问答卡::T-HR-001_项目人力资源管理_组织计划_团队建设与团队管理,RuankaoTopicCard,WBS、OBS、RAM 的关系怎么理解？,WBS 看成果分解，OBS 看组织分解，RAM 把成果与责任人连接起来。,<div>理解：本卡只围绕“WBS OBS RAM”做判断，避免把整个专题压成目录卡。</div><div>题干信号：WBS OBS RAM</div><div>来源：T-HR-001 / WBS OBS RAM</div>,topic_qa,辨析卡,,,A,2,跨域辨析,人力资源与沟通管理,09,人力资源与沟通管理,T-HR-001,项目人力资源管理：组织计划、团队建设与团队管理,SRC-T-HR-001-002,topic_learning_packages/topics/09_人力资源与沟通管理/T-HR-001_专题学习包_项目人力资源管理组织计划团队建设与团队管理.md,WBS OBS RAM,,,keep,Front 聚焦“WBS OBS RAM”，Back 短句给出可判分答案，Extra 提供本卡专属题干信号。,ruankao ruankao::build::20260520_235046 ruankao::chapter::09 ruankao::domain::人力资源与沟通管理 ruankao::type::辨析卡 ruankao::importance::A ruankao::difficulty::2 ruankao::review::keep ruankao::topic_qa ruankao::topic::T-HR-001,sha256:13387c33e5c9fca597dc214a
软考::系统集成项目管理工程师::09_人力资源与沟通管理::专题问答卡::T-HR-001_项目人力资源管理_组织计划_团队建设与团队管理,RuankaoTopicCard,塔克曼模型中震荡阶段的典型表现是什么？,成员开始暴露分歧、冲突和角色磨合问题。,<div>理解：本卡只围绕“塔克曼”做判断，避免把整个专题压成目录卡。</div><div>题干信号：塔克曼</div><div>来源：T-HR-001 / 塔克曼</div>,topic_qa,概念卡,,,B,3,上午选择,人力资源与沟通管理,09,人力资源与沟通管理,T-HR-001,项目人力资源管理：组织计划、团队建设与团队管理,SRC-T-HR-001-003,topic_learning_packages/topics/09_人力资源与沟通管理/T-HR-001_专题学习包_项目人力资源管理组织计划团队建设与团队管理.md,塔克曼,,,keep,Front 聚焦“塔克曼”，Back 短句给出可判分答案，Extra 提供本卡专属题干信号。,ruankao ruankao::build::20260520_235046 ruankao::chapter::09 ruankao::domain::人力资源与沟通管理 ruankao::type::概念卡 ruankao::importance::B ruankao::difficulty::3 ruankao::review::keep ruankao::topic_qa ruankao::topic::T-HR-001,sha256:0cbde900bfe3868d122b5699
软考::系统集成项目管理工程师::09_人力资源与沟通管理::专题问答卡::T-HR-001_项目人力资源管理_组织计划_团队建设与团队管理,RuankaoTopicCard,冲突管理中最积极的解决方式通常是什么？,合作/解决问题，通过共同分析根因寻找双赢方案。,<div>理解：本卡只围绕“冲突管理”做判断，避免把整个专题压成目录卡。</div><div>题干信号：冲突管理</div><div>来源：T-HR-001 / 冲突管理</div>,topic_qa,概念卡,,,A,2,上午选择,人力资源与沟通管理,09,人力资源与沟通管理,T-HR-001,项目人力资源管理：组织计划、团队建设与团队管理,SRC-T-HR-001-004,topic_learning_packages/topics/09_人力资源与沟通管理/T-HR-001_专题学习包_项目人力资源管理组织计划团队建设与团队管理.md,冲突管理,,,keep,Front 聚焦“冲突管理”，Back 短句给出可判分答案，Extra 提供本卡专属题干信号。,ruankao ruankao::build::20260520_235046 ruankao::chapter::09 ruankao::domain::人力资源与沟通管理 ruankao::type::概念卡 ruankao::importance::A ruankao::difficulty::2 ruankao::review::keep ruankao::topic_qa ruankao::topic::T-HR-001,sha256:0984a3a489d97b6fb633e60a
软考::系统集成项目管理工程师::09_人力资源与沟通管理::专题问答卡::T-HR-001_项目人力资源管理_组织计划_团队建设与团队管理,RuankaoTopicCard,为什么奖励所有加班未必有利于团队建设？,若加班源于计划不周或效率低，奖励会强化错误行为并损害公平。,<div>理解：本卡只围绕“团队建设”做判断，避免把整个专题压成目录卡。</div><div>题干信号：团队建设</div><div>来源：T-HR-001 / 团队建设</div>,topic_qa,陷阱卡,,,B,3,上午选择,人力资源与沟通管理,09,人力资源与沟通管理,T-HR-001,项目人力资源管理：组织计划、团队建设与团队管理,SRC-T-HR-001-005,topic_learning_packages/topics/09_人力资源与沟通管理/T-HR-001_专题学习包_项目人力资源管理组织计划团队建设与团队管理.md,团队建设,,,keep,Front 聚焦“团队建设”，Back 短句给出可判分答案，Extra 提供本卡专属题干信号。,ruankao ruankao::build::20260520_235046 ruankao::chapter::09 ruankao::domain::人力资源与沟通管理 ruankao::type::陷阱卡 ruankao::importance::B ruankao::difficulty::3 ruankao::review::keep ruankao::topic_qa ruankao::topic::T-HR-001,sha256:47de37736f7f87ac0f099d92
软考::系统集成项目管理工程师::09_人力资源与沟通管理::专题问答卡::T-HR-001_项目人力资源管理_组织计划_团队建设与团队管理,RuankaoTopicCard,团队建设案例应从哪些角度答？,角色职责、规则、沟通、培训、激励、冲突处理和绩效反馈。,<div>理解：本卡只围绕“团队建设”做判断，避免把整个专题压成目录卡。</div><div>题干信号：团队建设</div><div>来源：T-HR-001 / 团队建设</div>,topic_qa,案例模板卡,,,A,2,案例分析,人力资源与沟通管理,09,人力资源与沟通管理,T-HR-001,项目人力资源管理：组织计划、团队建设与团队管理,SRC-T-HR-001-006,topic_learning_packages/topics/09_人力资源与沟通管理/T-HR-001_专题学习包_项目人力资源管理组织计划团队建设与团队管理.md,团队建设,,,keep,Front 聚焦“团队建设”，Back 短句给出可判分答案，Extra 提供本卡专属题干信号。,ruankao ruankao::build::20260520_235046 ruankao::chapter::09 ruankao::domain::人力资源与沟通管理 ruankao::type::案例模板卡 ruankao::importance::A ruankao::difficulty::2 ruankao::review::keep ruankao::topic_qa ruankao::topic::T-HR-001,sha256:4024f078e31fa05f22b19ccd
软考::系统集成项目管理工程师::10_干系人与风险管理::专题问答卡::T-RISK-001_风险识别_风险登记册与风险应对策略,RuankaoTopicCard,风险和问题的核心区别是什么？,风险是不确定且尚未发生的事件；问题是已经发生并需要处理的事实。,<div>理解：本卡只围绕“风险 vs 问题”做判断，避免把整个专题压成目录卡。</div><div>题干信号：风险 vs 问题</div><div>来源：T-RISK-001 / 风险 vs 问题</div>,topic_qa,辨析卡,,,A,2,跨域辨析,干系人与风险管理,10,干系人与风险管理,T-RISK-001,风险识别、风险登记册与风险应对策略,SRC-T-RISK-001-001,topic_learning_packages/topics/10_干系人与风险管理/T-RISK-001_专题学习包_风险识别风险登记册与风险应对策略.md,风险 vs 问题,,,keep,Front 聚焦“风险 vs 问题”，Back 短句给出可判分答案，Extra 提供本卡专属题干信号。,ruankao ruankao::build::20260520_235046 ruankao::chapter::10 ruankao::domain::干系人与风险管理 ruankao::type::辨析卡 ruankao::importance::A ruankao::difficulty::2 ruankao::review::keep ruankao::topic_qa ruankao::topic::T-RISK-001,sha256:c0eef1e6abf51b9b0085183f
软考::系统集成项目管理工程师::10_干系人与风险管理::专题问答卡::T-RISK-001_风险识别_风险登记册与风险应对策略,RuankaoTopicCard,风险登记册通常记录哪些内容？,风险描述、原因、影响、概率、责任人、应对措施和状态。,<div>理解：本卡只围绕“风险登记册”做判断，避免把整个专题压成目录卡。</div><div>题干信号：风险登记册</div><div>来源：T-RISK-001 / 风险登记册</div>,topic_qa,概念卡,,,A,2,上午选择,干系人与风险管理,10,干系人与风险管理,T-RISK-001,风险识别、风险登记册与风险应对策略,SRC-T-RISK-001-002,topic_learning_packages/topics/10_干系人与风险管理/T-RISK-001_专题学习包_风险识别风险登记册与风险应对策略.md,风险登记册,,,keep,Front 聚焦“风险登记册”，Back 短句给出可判分答案，Extra 提供本卡专属题干信号。,ruankao ruankao::build::20260520_235046 ruankao::chapter::10 ruankao::domain::干系人与风险管理 ruankao::type::概念卡 ruankao::importance::A ruankao::difficulty::2 ruankao::review::keep ruankao::topic_qa ruankao::topic::T-RISK-001,sha256:432fd6040e4e99df426e8f1d
软考::系统集成项目管理工程师::10_干系人与风险管理::专题问答卡::T-RISK-001_风险识别_风险登记册与风险应对策略,RuankaoTopicCard,规避、转移、减轻、接受如何区分？,规避消除威胁或条件，转移让第三方承担，减轻降低概率或影响，接受保留风险。,<div>理解：本卡只围绕“威胁应对”做判断，避免把整个专题压成目录卡。</div><div>题干信号：威胁应对</div><div>来源：T-RISK-001 / 威胁应对</div>,topic_qa,辨析卡,,,A,2,上午选择,干系人与风险管理,10,干系人与风险管理,T-RISK-001,风险识别、风险登记册与风险应对策略,SRC-T-RISK-001-003,topic_learning_packages/topics/10_干系人与风险管理/T-RISK-001_专题学习包_风险识别风险登记册与风险应对策略.md,威胁应对,,,keep,Front 聚焦“威胁应对”，Back 短句给出可判分答案，Extra 提供本卡专属题干信号。,ruankao ruankao::build::20260520_235046 ruankao::chapter::10 ruankao::domain::干系人与风险管理 ruankao::type::辨析卡 ruankao::importance::A ruankao::difficulty::2 ruankao::review::keep ruankao::topic_qa ruankao::topic::T-RISK-001,sha256:fb552b92d3149659a681f1d1
软考::系统集成项目管理工程师::10_干系人与风险管理::专题问答卡::T-RISK-001_风险识别_风险登记册与风险应对策略,RuankaoTopicCard,正面风险的开拓、分享、提高、接受怎么理解？,开拓确保机会发生，分享与第三方合作，提高增大概率或影响，接受不主动追求。,<div>理解：本卡只围绕“机会应对”做判断，避免把整个专题压成目录卡。</div><div>题干信号：机会应对</div><div>来源：T-RISK-001 / 机会应对</div>,topic_qa,辨析卡,,,B,3,上午选择,干系人与风险管理,10,干系人与风险管理,T-RISK-001,风险识别、风险登记册与风险应对策略,SRC-T-RISK-001-004,topic_learning_packages/topics/10_干系人与风险管理/T-RISK-001_专题学习包_风险识别风险登记册与风险应对策略.md,机会应对,,,keep,Front 聚焦“机会应对”，Back 短句给出可判分答案，Extra 提供本卡专属题干信号。,ruankao ruankao::build::20260520_235046 ruankao::chapter::10 ruankao::domain::干系人与风险管理 ruankao::type::辨析卡 ruankao::importance::B ruankao::difficulty::3 ruankao::review::keep ruankao::topic_qa ruankao::topic::T-RISK-001,sha256:5cbb0ae8951afd3024488024
软考::系统集成项目管理工程师::10_干系人与风险管理::专题问答卡::T-RISK-001_风险识别_风险登记册与风险应对策略,RuankaoTopicCard,残余风险和二次风险怎么区分？,残余风险是应对后仍剩的风险；二次风险是应对措施引出的新风险。,<div>理解：本卡只围绕“残余二次”做判断，避免把整个专题压成目录卡。</div><div>题干信号：残余二次</div><div>来源：T-RISK-001 / 残余二次</div>,topic_qa,辨析卡,,,A,2,跨域辨析,干系人与风险管理,10,干系人与风险管理,T-RISK-001,风险识别、风险登记册与风险应对策略,SRC-T-RISK-001-005,topic_learning_packages/topics/10_干系人与风险管理/T-RISK-001_专题学习包_风险识别风险登记册与风险应对策略.md,残余二次,,,keep,Front 聚焦“残余二次”，Back 短句给出可判分答案，Extra 提供本卡专属题干信号。,ruankao ruankao::build::20260520_235046 ruankao::chapter::10 ruankao::domain::干系人与风险管理 ruankao::type::辨析卡 ruankao::importance::A ruankao::difficulty::2 ruankao::review::keep ruankao::topic_qa ruankao::topic::T-RISK-001,sha256:cce861bc2381daca732c0dbc
软考::系统集成项目管理工程师::10_干系人与风险管理::专题问答卡::T-RISK-001_风险识别_风险登记册与风险应对策略,RuankaoTopicCard,题干出现“风险已经发生”时，答题重点应转向什么？,应转向问题处理、应急措施或变更控制，而不是继续当作未发生风险识别。,<div>理解：本卡只围绕“风险已发生”做判断，避免把整个专题压成目录卡。</div><div>题干信号：风险已发生</div><div>来源：T-RISK-001 / 风险已发生</div>,topic_qa,陷阱卡,,,A,2,案例分析,干系人与风险管理,10,干系人与风险管理,T-RISK-001,风险识别、风险登记册与风险应对策略,SRC-T-RISK-001-006,topic_learning_packages/topics/10_干系人与风险管理/T-RISK-001_专题学习包_风险识别风险登记册与风险应对策略.md,风险已发生,,,keep,Front 聚焦“风险已发生”，Back 短句给出可判分答案，Extra 提供本卡专属题干信号。,ruankao ruankao::build::20260520_235046 ruankao::chapter::10 ruankao::domain::干系人与风险管理 ruankao::type::陷阱卡 ruankao::importance::A ruankao::difficulty::2 ruankao::review::keep ruankao::topic_qa ruankao::topic::T-RISK-001,sha256:29e6376a1b3db6cd69910042
软考::系统集成项目管理工程师::10_干系人与风险管理::专题问答卡::T-RISK-002_定性_定量风险分析_EMV与决策树,RuankaoTopicCard,定性风险分析和定量风险分析的区别是什么？,定性分析排序优先级；定量分析用数值评估风险对目标的影响。,<div>理解：本卡只围绕“定性定量”做判断，避免把整个专题压成目录卡。</div><div>题干信号：定性定量</div><div>来源：T-RISK-002 / 定性定量</div>,topic_qa,辨析卡,,,A,2,上午选择,干系人与风险管理,10,干系人与风险管理,T-RISK-002,定性/定量风险分析、EMV 与决策树,SRC-T-RISK-002-001,topic_learning_packages/topics/10_干系人与风险管理/T-RISK-002_专题学习包_定性定量风险分析EMV与决策树.md,定性定量,,,keep,Front 聚焦“定性定量”，Back 短句给出可判分答案，Extra 提供本卡专属题干信号。,ruankao ruankao::build::20260520_235046 ruankao::chapter::10 ruankao::domain::干系人与风险管理 ruankao::type::辨析卡 ruankao::importance::A ruankao::difficulty::2 ruankao::review::keep ruankao::topic_qa ruankao::topic::T-RISK-002,sha256:7ba169fc84b3220263273ddc
软考::系统集成项目管理工程师::10_干系人与风险管理::专题问答卡::T-RISK-002_定性_定量风险分析_EMV与决策树,RuankaoTopicCard,概率影响矩阵主要解决什么问题？,根据风险概率和影响对风险进行优先级排序。,<div>理解：本卡只围绕“概率影响矩阵”做判断，避免把整个专题压成目录卡。</div><div>题干信号：概率影响矩阵</div><div>来源：T-RISK-002 / 概率影响矩阵</div>,topic_qa,概念卡,,,A,2,上午选择,干系人与风险管理,10,干系人与风险管理,T-RISK-002,定性/定量风险分析、EMV 与决策树,SRC-T-RISK-002-002,topic_learning_packages/topics/10_干系人与风险管理/T-RISK-002_专题学习包_定性定量风险分析EMV与决策树.md,概率影响矩阵,,,keep,Front 聚焦“概率影响矩阵”，Back 短句给出可判分答案，Extra 提供本卡专属题干信号。,ruankao ruankao::build::20260520_235046 ruankao::chapter::10 ruankao::domain::干系人与风险管理 ruankao::type::概念卡 ruankao::importance::A ruankao::difficulty::2 ruankao::review::keep ruankao::topic_qa ruankao::topic::T-RISK-002,sha256:13d74037c6185e3421517201
软考::系统集成项目管理工程师::10_干系人与风险管理::专题问答卡::T-RISK-002_定性_定量风险分析_EMV与决策树,RuankaoTopicCard,EMV 的计算公式是什么？,EMV = 概率 × 影响值，多个结果则求各分支 EMV 之和。,<div>理解：本卡只围绕“EMV”做判断，避免把整个专题压成目录卡。</div><div>题干信号：EMV</div><div>来源：T-RISK-002 / EMV</div>,topic_qa,公式卡,,,A,2,计算题,干系人与风险管理,10,干系人与风险管理,T-RISK-002,定性/定量风险分析、EMV 与决策树,SRC-T-RISK-002-003,topic_learning_packages/topics/10_干系人与风险管理/T-RISK-002_专题学习包_定性定量风险分析EMV与决策树.md,EMV,,,keep,Front 聚焦“EMV”，Back 短句给出可判分答案，Extra 提供本卡专属题干信号。,ruankao ruankao::build::20260520_235046 ruankao::chapter::10 ruankao::domain::干系人与风险管理 ruankao::type::公式卡 ruankao::importance::A ruankao::difficulty::2 ruankao::review::keep ruankao::topic_qa ruankao::topic::T-RISK-002,sha256:486fc627267d7db54f88dacb
软考::系统集成项目管理工程师::10_干系人与风险管理::专题问答卡::T-RISK-002_定性_定量风险分析_EMV与决策树,RuankaoTopicCard,决策树题的计算顺序是什么？,从末端分支开始计算 EMV，再向前折算到决策节点比较方案。,<div>理解：本卡只围绕“决策树”做判断，避免把整个专题压成目录卡。</div><div>题干信号：决策树</div><div>来源：T-RISK-002 / 决策树</div>,topic_qa,流程卡,,,A,2,计算题,干系人与风险管理,10,干系人与风险管理,T-RISK-002,定性/定量风险分析、EMV 与决策树,SRC-T-RISK-002-004,topic_learning_packages/topics/10_干系人与风险管理/T-RISK-002_专题学习包_定性定量风险分析EMV与决策树.md,决策树,,,keep,Front 聚焦“决策树”，Back 短句给出可判分答案，Extra 提供本卡专属题干信号。,ruankao ruankao::build::20260520_235046 ruankao::chapter::10 ruankao::domain::干系人与风险管理 ruankao::type::流程卡 ruankao::importance::A ruankao::difficulty::2 ruankao::review::keep ruankao::topic_qa ruankao::topic::T-RISK-002,sha256:17dc6bdd99bd212aeaf0dd9e
软考::系统集成项目管理工程师::10_干系人与风险管理::专题问答卡::T-RISK-002_定性_定量风险分析_EMV与决策树,RuankaoTopicCard,EMV 题中机会和威胁如何处理符号？,机会收益通常取正值，威胁损失通常取负值或作为成本扣减。,<div>理解：本卡只围绕“EMV符号”做判断，避免把整个专题压成目录卡。</div><div>题干信号：EMV符号</div><div>来源：T-RISK-002 / EMV符号</div>,topic_qa,陷阱卡,,,A,2,计算题,干系人与风险管理,10,干系人与风险管理,T-RISK-002,定性/定量风险分析、EMV 与决策树,SRC-T-RISK-002-005,topic_learning_packages/topics/10_干系人与风险管理/T-RISK-002_专题学习包_定性定量风险分析EMV与决策树.md,EMV符号,,,keep,Front 聚焦“EMV符号”，Back 短句给出可判分答案，Extra 提供本卡专属题干信号。,ruankao ruankao::build::20260520_235046 ruankao::chapter::10 ruankao::domain::干系人与风险管理 ruankao::type::陷阱卡 ruankao::importance::A ruankao::difficulty::2 ruankao::review::keep ruankao::topic_qa ruankao::topic::T-RISK-002,sha256:737478a0d034844b664e33b7
软考::系统集成项目管理工程师::10_干系人与风险管理::专题问答卡::T-RISK-002_定性_定量风险分析_EMV与决策树,RuankaoTopicCard,敏感性分析通常回答什么问题？,识别哪些不确定因素对项目目标影响最大。,<div>理解：本卡只围绕“敏感性分析”做判断，避免把整个专题压成目录卡。</div><div>题干信号：敏感性分析</div><div>来源：T-RISK-002 / 敏感性分析</div>,topic_qa,概念卡,,,B,3,上午选择,干系人与风险管理,10,干系人与风险管理,T-RISK-002,定性/定量风险分析、EMV 与决策树,SRC-T-RISK-002-006,topic_learning_packages/topics/10_干系人与风险管理/T-RISK-002_专题学习包_定性定量风险分析EMV与决策树.md,敏感性分析,,,keep,Front 聚焦“敏感性分析”，Back 短句给出可判分答案，Extra 提供本卡专属题干信号。,ruankao ruankao::build::20260520_235046 ruankao::chapter::10 ruankao::domain::干系人与风险管理 ruankao::type::概念卡 ruankao::importance::B ruankao::difficulty::3 ruankao::review::keep ruankao::topic_qa ruankao::topic::T-RISK-002,sha256:16b6c8f66e75590456bf2d79
软考::系统集成项目管理工程师::11_采购与合同管理::专题问答卡::T-PROC-001_合同类型_风险分配与采购决策,RuankaoTopicCard,固定总价、成本补偿、工料合同的风险分配怎么记？,固定总价卖方成本风险高；成本补偿买方风险高；工料合同居中。,<div>理解：本卡只围绕“合同风险”做判断，避免把整个专题压成目录卡。</div><div>题干信号：合同风险</div><div>来源：T-PROC-001 / 合同风险</div>,topic_qa,辨析卡,,,A,2,上午选择,采购与合同管理,11,采购与合同管理,T-PROC-001,合同类型、风险分配与采购决策,SRC-T-PROC-001-001,topic_learning_packages/topics/11_采购与合同管理/T-PROC-001_专题学习包_合同类型选择与风险分配.md,合同风险,,,keep,Front 聚焦“合同风险”，Back 短句给出可判分答案，Extra 提供本卡专属题干信号。,ruankao ruankao::build::20260520_235046 ruankao::chapter::11 ruankao::domain::采购与合同管理 ruankao::type::辨析卡 ruankao::importance::A ruankao::difficulty::2 ruankao::review::keep ruankao::topic_qa ruankao::topic::T-PROC-001,sha256:19f608c064149cecd444ab3f
软考::系统集成项目管理工程师::11_采购与合同管理::专题问答卡::T-PROC-001_合同类型_风险分配与采购决策,RuankaoTopicCard,需求明确、范围稳定时通常适合哪类合同？,通常适合固定总价合同。,<div>理解：本卡只围绕“固定总价”做判断，避免把整个专题压成目录卡。</div><div>题干信号：固定总价</div><div>来源：T-PROC-001 / 固定总价</div>,topic_qa,关键词识别卡,,,A,2,上午选择,采购与合同管理,11,采购与合同管理,T-PROC-001,合同类型、风险分配与采购决策,SRC-T-PROC-001-002,topic_learning_packages/topics/11_采购与合同管理/T-PROC-001_专题学习包_合同类型选择与风险分配.md,固定总价,,,keep,Front 聚焦“固定总价”，Back 短句给出可判分答案，Extra 提供本卡专属题干信号。,ruankao ruankao::build::20260520_235046 ruankao::chapter::11 ruankao::domain::采购与合同管理 ruankao::type::关键词识别卡 ruankao::importance::A ruankao::difficulty::2 ruankao::review::keep ruankao::topic_qa ruankao::topic::T-PROC-001,sha256:de8ebe871ad1391170d08ce7
软考::系统集成项目管理工程师::11_采购与合同管理::专题问答卡::T-PROC-001_合同类型_风险分配与采购决策,RuankaoTopicCard,需求不清、研发探索性强时通常适合哪类合同？,更可能适合成本补偿类合同，但买方需加强成本控制。,<div>理解：本卡只围绕“成本补偿”做判断，避免把整个专题压成目录卡。</div><div>题干信号：成本补偿</div><div>来源：T-PROC-001 / 成本补偿</div>,topic_qa,关键词识别卡,,,A,2,上午选择,采购与合同管理,11,采购与合同管理,T-PROC-001,合同类型、风险分配与采购决策,SRC-T-PROC-001-003,topic_learning_packages/topics/11_采购与合同管理/T-PROC-001_专题学习包_合同类型选择与风险分配.md,成本补偿,,,keep,Front 聚焦“成本补偿”，Back 短句给出可判分答案，Extra 提供本卡专属题干信号。,ruankao ruankao::build::20260520_235046 ruankao::chapter::11 ruankao::domain::采购与合同管理 ruankao::type::关键词识别卡 ruankao::importance::A ruankao::difficulty::2 ruankao::review::keep ruankao::topic_qa ruankao::topic::T-PROC-001,sha256:4041945c9efb50d618355062
软考::系统集成项目管理工程师::11_采购与合同管理::专题问答卡::T-PROC-001_合同类型_风险分配与采购决策,RuankaoTopicCard,自制外购分析应考虑哪些因素？,成本、能力、资源、风险、保密性、进度和战略控制。,<div>理解：本卡只围绕“自制外购”做判断，避免把整个专题压成目录卡。</div><div>题干信号：自制外购</div><div>来源：T-PROC-001 / 自制外购</div>,topic_qa,概念卡,,,A,2,上午选择,采购与合同管理,11,采购与合同管理,T-PROC-001,合同类型、风险分配与采购决策,SRC-T-PROC-001-004,topic_learning_packages/topics/11_采购与合同管理/T-PROC-001_专题学习包_合同类型选择与风险分配.md,自制外购,,,keep,Front 聚焦“自制外购”，Back 短句给出可判分答案，Extra 提供本卡专属题干信号。,ruankao ruankao::build::20260520_235046 ruankao::chapter::11 ruankao::domain::采购与合同管理 ruankao::type::概念卡 ruankao::importance::A ruankao::difficulty::2 ruankao::review::keep ruankao::topic_qa ruankao::topic::T-PROC-001,sha256:fba0dd6eecdc93350c2f12f8
软考::系统集成项目管理工程师::11_采购与合同管理::专题问答卡::T-PROC-001_合同类型_风险分配与采购决策,RuankaoTopicCard,为什么最低报价不一定是最佳采购选择？,还要考虑技术能力、质量、风险、合同条件和全生命周期成本。,<div>理解：本卡只围绕“采购决策”做判断，避免把整个专题压成目录卡。</div><div>题干信号：采购决策</div><div>来源：T-PROC-001 / 采购决策</div>,topic_qa,陷阱卡,,,A,2,案例分析,采购与合同管理,11,采购与合同管理,T-PROC-001,合同类型、风险分配与采购决策,SRC-T-PROC-001-005,topic_learning_packages/topics/11_采购与合同管理/T-PROC-001_专题学习包_合同类型选择与风险分配.md,采购决策,,,keep,Front 聚焦“采购决策”，Back 短句给出可判分答案，Extra 提供本卡专属题干信号。,ruankao ruankao::build::20260520_235046 ruankao::chapter::11 ruankao::domain::采购与合同管理 ruankao::type::陷阱卡 ruankao::importance::A ruankao::difficulty::2 ruankao::review::keep ruankao::topic_qa ruankao::topic::T-PROC-001,sha256:3a2e95099f4e3698b25f5e50
软考::系统集成项目管理工程师::11_采购与合同管理::专题问答卡::T-PROC-001_合同类型_风险分配与采购决策,RuankaoTopicCard,合同类型题的题干信号怎么抓？,看范围是否清楚、成本风险由谁承担、是否按成本报销或按工时材料结算。,<div>理解：本卡只围绕“合同信号”做判断，避免把整个专题压成目录卡。</div><div>题干信号：合同信号</div><div>来源：T-PROC-001 / 合同信号</div>,topic_qa,关键词识别卡,,,A,2,上午选择,采购与合同管理,11,采购与合同管理,T-PROC-001,合同类型、风险分配与采购决策,SRC-T-PROC-001-006,topic_learning_packages/topics/11_采购与合同管理/T-PROC-001_专题学习包_合同类型选择与风险分配.md,合同信号,,,keep,Front 聚焦“合同信号”，Back 短句给出可判分答案，Extra 提供本卡专属题干信号。,ruankao ruankao::build::20260520_235046 ruankao::chapter::11 ruankao::domain::采购与合同管理 ruankao::type::关键词识别卡 ruankao::importance::A ruankao::difficulty::2 ruankao::review::keep ruankao::topic_qa ruankao::topic::T-PROC-001,sha256:149bd13bf0fc34e4cd856a21
软考::系统集成项目管理工程师::11_采购与合同管理::专题问答卡::T-PROC-002_招投标_政府采购与采购流程管理,RuankaoTopicCard,公开招标和邀请招标的核心区别是什么？,公开招标面向不特定供应商发布公告；邀请招标向特定供应商发出邀请。,<div>理解：本卡只围绕“招标方式”做判断，避免把整个专题压成目录卡。</div><div>题干信号：招标方式</div><div>来源：T-PROC-002 / 招标方式</div>,topic_qa,辨析卡,,,A,2,上午选择,采购与合同管理,11,采购与合同管理,T-PROC-002,招投标、政府采购与采购流程管理,SRC-T-PROC-002-001,topic_learning_packages/topics/11_采购与合同管理/T-PROC-002_专题学习包_招投标政府采购与采购流程管理.md,招标方式,,,keep,Front 聚焦“招标方式”，Back 短句给出可判分答案，Extra 提供本卡专属题干信号。,ruankao ruankao::build::20260520_235046 ruankao::chapter::11 ruankao::domain::采购与合同管理 ruankao::type::辨析卡 ruankao::importance::A ruankao::difficulty::2 ruankao::review::keep ruankao::topic_qa ruankao::topic::T-PROC-002,sha256:b98f028c3b664380ba501a8b
软考::系统集成项目管理工程师::待核验与复查,RuankaoTopicCard,政府采购方式中单一来源为什么要谨慎制卡？,它涉及法规条件和比例口径，具体数字必须核验现行法规和教材。,<div>理解：本卡只围绕“单一来源”做判断，避免把整个专题压成目录卡。</div><div>题干信号：单一来源</div><div>来源：T-PROC-002 / 单一来源</div>,topic_qa,待核验卡,,,C,3,待核验,采购与合同管理,11,采购与合同管理,T-PROC-002,招投标、政府采购与采购流程管理,SRC-T-PROC-002-002,topic_learning_packages/topics/11_采购与合同管理/T-PROC-002_专题学习包_招投标政府采购与采购流程管理.md,单一来源,,,needs_human_review,涉及法规数字或教材口径，不能进入主复习；保留为人工核验提醒。,ruankao ruankao::build::20260520_235046 ruankao::chapter::11 ruankao::domain::采购与合同管理 ruankao::type::待核验卡 ruankao::importance::C ruankao::difficulty::3 ruankao::review::needs_human_review ruankao::topic_qa ruankao::topic::T-PROC-002 ruankao::needs_review ruankao::not_for_main_review,sha256:c8626e445e24d2baadfb0079
软考::系统集成项目管理工程师::11_采购与合同管理::专题问答卡::T-PROC-002_招投标_政府采购与采购流程管理,RuankaoTopicCard,招投标流程题通常抓哪些节点？,招标、投标、开标、评标、中标和签订合同。,<div>理解：本卡只围绕“招投标流程”做判断，避免把整个专题压成目录卡。</div><div>题干信号：招投标流程</div><div>来源：T-PROC-002 / 招投标流程</div>,topic_qa,流程卡,,,A,2,上午选择,采购与合同管理,11,采购与合同管理,T-PROC-002,招投标、政府采购与采购流程管理,SRC-T-PROC-002-003,topic_learning_packages/topics/11_采购与合同管理/T-PROC-002_专题学习包_招投标政府采购与采购流程管理.md,招投标流程,,,keep,Front 聚焦“招投标流程”，Back 短句给出可判分答案，Extra 提供本卡专属题干信号。,ruankao ruankao::build::20260520_235046 ruankao::chapter::11 ruankao::domain::采购与合同管理 ruankao::type::流程卡 ruankao::importance::A ruankao::difficulty::2 ruankao::review::keep ruankao::topic_qa ruankao::topic::T-PROC-002,sha256:3c18d5f2d47999b9d7486a04
软考::系统集成项目管理工程师::11_采购与合同管理::专题问答卡::T-PROC-002_招投标_政府采购与采购流程管理,RuankaoTopicCard,否决投标和废标为什么不能混用？,否决投标针对具体投标文件不合格；废标通常影响本次采购或招标整体结果。,<div>理解：本卡只围绕“否决废标”做判断，避免把整个专题压成目录卡。</div><div>题干信号：否决废标</div><div>来源：T-PROC-002 / 否决废标</div>,topic_qa,辨析卡,,,B,3,上午选择,采购与合同管理,11,采购与合同管理,T-PROC-002,招投标、政府采购与采购流程管理,SRC-T-PROC-002-004,topic_learning_packages/topics/11_采购与合同管理/T-PROC-002_专题学习包_招投标政府采购与采购流程管理.md,否决废标,,,keep,Front 聚焦“否决废标”，Back 短句给出可判分答案，Extra 提供本卡专属题干信号。,ruankao ruankao::build::20260520_235046 ruankao::chapter::11 ruankao::domain::采购与合同管理 ruankao::type::辨析卡 ruankao::importance::B ruankao::difficulty::3 ruankao::review::keep ruankao::topic_qa ruankao::topic::T-PROC-002,sha256:dc20b7020f6621f6a61df7ac
软考::系统集成项目管理工程师::11_采购与合同管理::专题问答卡::T-PROC-002_招投标_政府采购与采购流程管理,RuankaoTopicCard,中标通知书发出后为什么不能随意反悔？,它会触发招标人与中标人后续签约义务，随意反悔可能承担法律责任。,<div>理解：本卡只围绕“中标通知书”做判断，避免把整个专题压成目录卡。</div><div>题干信号：中标通知书</div><div>来源：T-PROC-002 / 中标通知书</div>,topic_qa,陷阱卡,,,B,3,上午选择,采购与合同管理,11,采购与合同管理,T-PROC-002,招投标、政府采购与采购流程管理,SRC-T-PROC-002-005,topic_learning_packages/topics/11_采购与合同管理/T-PROC-002_专题学习包_招投标政府采购与采购流程管理.md,中标通知书,,,keep,Front 聚焦“中标通知书”，Back 短句给出可判分答案，Extra 提供本卡专属题干信号。,ruankao ruankao::build::20260520_235046 ruankao::chapter::11 ruankao::domain::采购与合同管理 ruankao::type::陷阱卡 ruankao::importance::B ruankao::difficulty::3 ruankao::review::keep ruankao::topic_qa ruankao::topic::T-PROC-002,sha256:05522f59e232dd1066f1020b
软考::系统集成项目管理工程师::11_采购与合同管理::专题问答卡::T-PROC-002_招投标_政府采购与采购流程管理,RuankaoTopicCard,法规数字类招投标卡如何处理？,进入待核验与复查，不进主复习，避免背错版本数字。,<div>理解：本卡只围绕“法规数字”做判断，避免把整个专题压成目录卡。</div><div>题干信号：法规数字</div><div>来源：T-PROC-002 / 法规数字</div>,topic_qa,流程卡,,,C,3,待核验,采购与合同管理,11,采购与合同管理,T-PROC-002,招投标、政府采购与采购流程管理,SRC-T-PROC-002-006,topic_learning_packages/topics/11_采购与合同管理/T-PROC-002_专题学习包_招投标政府采购与采购流程管理.md,法规数字,,,keep,Front 聚焦“法规数字”，Back 短句给出可判分答案，Extra 提供本卡专属题干信号。,ruankao ruankao::build::20260520_235046 ruankao::chapter::11 ruankao::domain::采购与合同管理 ruankao::type::流程卡 ruankao::importance::C ruankao::difficulty::3 ruankao::review::keep ruankao::topic_qa ruankao::topic::T-PROC-002,sha256:5faf47b831a74b0d18c47481
软考::系统集成项目管理工程师::12_配置变更知识产权与法律法规::专题问答卡::T-CFG-001_配置管理_配置项_基线_配置库与版本控制,RuankaoTopicCard,配置项和基线的核心区别是什么？,配置项是受控对象；基线是经过批准的一组配置项，作为后续变更依据。,<div>理解：本卡只围绕“配置项 vs 基线”做判断，避免把整个专题压成目录卡。</div><div>题干信号：配置项 vs 基线</div><div>来源：T-CFG-001 / 配置项 vs 基线</div>,topic_qa,辨析卡,,,A,2,上午选择,配置变更知识产权与法律法规,12,配置变更知识产权与法律法规,T-CFG-001,配置管理：配置项、基线、配置库与版本控制,SRC-T-CFG-001-001,topic_learning_packages/topics/12_配置变更知识产权与法律法规/T-CFG-001_专题学习包_配置管理配置项基线配置库与版本控制.md,配置项 vs 基线,,,keep,Front 聚焦“配置项 vs 基线”，Back 短句给出可判分答案，Extra 提供本卡专属题干信号。,ruankao ruankao::build::20260520_235046 ruankao::chapter::12 ruankao::domain::配置变更知识产权与法律法规 ruankao::type::辨析卡 ruankao::importance::A ruankao::difficulty::2 ruankao::review::keep ruankao::topic_qa ruankao::topic::T-CFG-001,sha256:0d855e0278be0ac2712cbe51
软考::系统集成项目管理工程师::12_配置变更知识产权与法律法规::专题问答卡::T-CFG-001_配置管理_配置项_基线_配置库与版本控制,RuankaoTopicCard,开发库、受控库、产品库如何区分？,开发库供开发修改，受控库存放评审后受控版本，产品库存放发布交付版本。,<div>理解：本卡只围绕“配置库”做判断，避免把整个专题压成目录卡。</div><div>题干信号：配置库</div><div>来源：T-CFG-001 / 配置库</div>,topic_qa,辨析卡,,,A,2,上午选择,配置变更知识产权与法律法规,12,配置变更知识产权与法律法规,T-CFG-001,配置管理：配置项、基线、配置库与版本控制,SRC-T-CFG-001-002,topic_learning_packages/topics/12_配置变更知识产权与法律法规/T-CFG-001_专题学习包_配置管理配置项基线配置库与版本控制.md,配置库,,,keep,Front 聚焦“配置库”，Back 短句给出可判分答案，Extra 提供本卡专属题干信号。,ruankao ruankao::build::20260520_235046 ruankao::chapter::12 ruankao::domain::配置变更知识产权与法律法规 ruankao::type::辨析卡 ruankao::importance::A ruankao::difficulty::2 ruankao::review::keep ruankao::topic_qa ruankao::topic::T-CFG-001,sha256:b1fe5b2919f62aab4fbcdebb
软考::系统集成项目管理工程师::12_配置变更知识产权与法律法规::专题问答卡::T-CFG-001_配置管理_配置项_基线_配置库与版本控制,RuankaoTopicCard,配置管理和变更管理的核心区别是什么？,配置管理管版本和状态，变更管理管修改请求的审批与实施流程。,<div>理解：本卡只围绕“配置 vs 变更”做判断，避免把整个专题压成目录卡。</div><div>题干信号：配置 vs 变更</div><div>来源：T-CFG-001 / 配置 vs 变更</div>,topic_qa,辨析卡,,,A,2,跨域辨析,配置变更知识产权与法律法规,12,配置变更知识产权与法律法规,T-CFG-001,配置管理：配置项、基线、配置库与版本控制,SRC-T-CFG-001-003,topic_learning_packages/topics/12_配置变更知识产权与法律法规/T-CFG-001_专题学习包_配置管理配置项基线配置库与版本控制.md,配置 vs 变更,,,keep,Front 聚焦“配置 vs 变更”，Back 短句给出可判分答案，Extra 提供本卡专属题干信号。,ruankao ruankao::build::20260520_235046 ruankao::chapter::12 ruankao::domain::配置变更知识产权与法律法规 ruankao::type::辨析卡 ruankao::importance::A ruankao::difficulty::2 ruankao::review::keep ruankao::topic_qa ruankao::topic::T-CFG-001,sha256:4098fe0b24fd38e4f8376d87
软考::系统集成项目管理工程师::12_配置变更知识产权与法律法规::专题问答卡::T-CFG-001_配置管理_配置项_基线_配置库与版本控制,RuankaoTopicCard,为什么建立基线后不能随意修改配置项？,基线是后续开发、测试、交付和变更控制的稳定参照。,<div>理解：本卡只围绕“基线”做判断，避免把整个专题压成目录卡。</div><div>题干信号：基线</div><div>来源：T-CFG-001 / 基线</div>,topic_qa,陷阱卡,,,A,2,上午选择,配置变更知识产权与法律法规,12,配置变更知识产权与法律法规,T-CFG-001,配置管理：配置项、基线、配置库与版本控制,SRC-T-CFG-001-004,topic_learning_packages/topics/12_配置变更知识产权与法律法规/T-CFG-001_专题学习包_配置管理配置项基线配置库与版本控制.md,基线,,,keep,Front 聚焦“基线”，Back 短句给出可判分答案，Extra 提供本卡专属题干信号。,ruankao ruankao::build::20260520_235046 ruankao::chapter::12 ruankao::domain::配置变更知识产权与法律法规 ruankao::type::陷阱卡 ruankao::importance::A ruankao::difficulty::2 ruankao::review::keep ruankao::topic_qa ruankao::topic::T-CFG-001,sha256:5e29ea639050fcfd76670c01
软考::系统集成项目管理工程师::12_配置变更知识产权与法律法规::专题问答卡::T-CFG-001_配置管理_配置项_基线_配置库与版本控制,RuankaoTopicCard,配置审计关注什么？,关注配置项的完整性、一致性和是否符合配置管理要求。,<div>理解：本卡只围绕“配置审计”做判断，避免把整个专题压成目录卡。</div><div>题干信号：配置审计</div><div>来源：T-CFG-001 / 配置审计</div>,topic_qa,概念卡,,,B,3,上午选择,配置变更知识产权与法律法规,12,配置变更知识产权与法律法规,T-CFG-001,配置管理：配置项、基线、配置库与版本控制,SRC-T-CFG-001-005,topic_learning_packages/topics/12_配置变更知识产权与法律法规/T-CFG-001_专题学习包_配置管理配置项基线配置库与版本控制.md,配置审计,,,keep,Front 聚焦“配置审计”，Back 短句给出可判分答案，Extra 提供本卡专属题干信号。,ruankao ruankao::build::20260520_235046 ruankao::chapter::12 ruankao::domain::配置变更知识产权与法律法规 ruankao::type::概念卡 ruankao::importance::B ruankao::difficulty::3 ruankao::review::keep ruankao::topic_qa ruankao::topic::T-CFG-001,sha256:69e15704d2da8c36e4c3b016
软考::系统集成项目管理工程师::12_配置变更知识产权与法律法规::专题问答卡::T-CFG-001_配置管理_配置项_基线_配置库与版本控制,RuankaoTopicCard,题干出现“版本混乱、发布包不一致”应想到什么？,应想到配置管理不足，尤其是配置库、基线和版本控制问题。,<div>理解：本卡只围绕“配置问题”做判断，避免把整个专题压成目录卡。</div><div>题干信号：配置问题</div><div>来源：T-CFG-001 / 配置问题</div>,topic_qa,关键词识别卡,,,A,2,案例分析,配置变更知识产权与法律法规,12,配置变更知识产权与法律法规,T-CFG-001,配置管理：配置项、基线、配置库与版本控制,SRC-T-CFG-001-006,topic_learning_packages/topics/12_配置变更知识产权与法律法规/T-CFG-001_专题学习包_配置管理配置项基线配置库与版本控制.md,配置问题,,,keep,Front 聚焦“配置问题”，Back 短句给出可判分答案，Extra 提供本卡专属题干信号。,ruankao ruankao::build::20260520_235046 ruankao::chapter::12 ruankao::domain::配置变更知识产权与法律法规 ruankao::type::关键词识别卡 ruankao::importance::A ruankao::difficulty::2 ruankao::review::keep ruankao::topic_qa ruankao::topic::T-CFG-001,sha256:aa249ba4c1c362f811e49ad2
软考::系统集成项目管理工程师::12_配置变更知识产权与法律法规::专题问答卡::T-LAW-001_法律法规基础_合同法_招投标法与政府采购法考点,RuankaoTopicCard,要约和承诺的核心区别是什么？,要约是希望订立合同的具体意思表示；承诺是受要约人同意要约。,<div>理解：本卡只围绕“要约承诺”做判断，避免把整个专题压成目录卡。</div><div>题干信号：要约承诺</div><div>来源：T-LAW-001 / 要约承诺</div>,topic_qa,辨析卡,,,B,3,上午选择,配置变更知识产权与法律法规,12,配置变更知识产权与法律法规,T-LAW-001,法律法规基础、合同法、招投标法与政府采购法考点,SRC-T-LAW-001-001,topic_learning_packages/topics/12_配置变更知识产权与法律法规/T-LAW-001_专题学习包_法律法规基础合同法招投标法与政府采购法考点.md,要约承诺,,,keep,Front 聚焦“要约承诺”，Back 短句给出可判分答案，Extra 提供本卡专属题干信号。,ruankao ruankao::build::20260520_235046 ruankao::chapter::12 ruankao::domain::配置变更知识产权与法律法规 ruankao::type::辨析卡 ruankao::importance::B ruankao::difficulty::3 ruankao::review::keep ruankao::topic_qa ruankao::topic::T-LAW-001,sha256:928456920f47fe6b8463aef9
软考::系统集成项目管理工程师::12_配置变更知识产权与法律法规::专题问答卡::T-LAW-001_法律法规基础_合同法_招投标法与政府采购法考点,RuankaoTopicCard,合同无效题通常关注哪些信号？,违法、恶意串通、损害公共利益、无民事行为能力或虚假意思表示等。,<div>理解：本卡只围绕“合同无效”做判断，避免把整个专题压成目录卡。</div><div>题干信号：合同无效</div><div>来源：T-LAW-001 / 合同无效</div>,topic_qa,关键词识别卡,,,B,3,上午选择,配置变更知识产权与法律法规,12,配置变更知识产权与法律法规,T-LAW-001,法律法规基础、合同法、招投标法与政府采购法考点,SRC-T-LAW-001-002,topic_learning_packages/topics/12_配置变更知识产权与法律法规/T-LAW-001_专题学习包_法律法规基础合同法招投标法与政府采购法考点.md,合同无效,,,keep,Front 聚焦“合同无效”，Back 短句给出可判分答案，Extra 提供本卡专属题干信号。,ruankao ruankao::build::20260520_235046 ruankao::chapter::12 ruankao::domain::配置变更知识产权与法律法规 ruankao::type::关键词识别卡 ruankao::importance::B ruankao::difficulty::3 ruankao::review::keep ruankao::topic_qa ruankao::topic::T-LAW-001,sha256:55fa42185e409667bb0ed015
软考::系统集成项目管理工程师::12_配置变更知识产权与法律法规::专题问答卡::T-LAW-001_法律法规基础_合同法_招投标法与政府采购法考点,RuankaoTopicCard,著作权和专利权的核心区别是什么？,著作权保护表达成果，专利权保护技术方案。,<div>理解：本卡只围绕“知识产权”做判断，避免把整个专题压成目录卡。</div><div>题干信号：知识产权</div><div>来源：T-LAW-001 / 知识产权</div>,topic_qa,辨析卡,,,A,2,上午选择,配置变更知识产权与法律法规,12,配置变更知识产权与法律法规,T-LAW-001,法律法规基础、合同法、招投标法与政府采购法考点,SRC-T-LAW-001-003,topic_learning_packages/topics/12_配置变更知识产权与法律法规/T-LAW-001_专题学习包_法律法规基础合同法招投标法与政府采购法考点.md,知识产权,,,keep,Front 聚焦“知识产权”，Back 短句给出可判分答案，Extra 提供本卡专属题干信号。,ruankao ruankao::build::20260520_235046 ruankao::chapter::12 ruankao::domain::配置变更知识产权与法律法规 ruankao::type::辨析卡 ruankao::importance::A ruankao::difficulty::2 ruankao::review::keep ruankao::topic_qa ruankao::topic::T-LAW-001,sha256:c62a545fd52837192fdd0ba5
软考::系统集成项目管理工程师::待核验与复查,RuankaoTopicCard,标准代号类内容为什么多数需要待核验？,标准编号、版本和法规口径可能变化，背错会直接影响选择题答案。,<div>理解：本卡只围绕“标准代号”做判断，避免把整个专题压成目录卡。</div><div>题干信号：标准代号</div><div>来源：T-LAW-001 / 标准代号</div>,topic_qa,待核验卡,,,C,3,待核验,配置变更知识产权与法律法规,12,配置变更知识产权与法律法规,T-LAW-001,法律法规基础、合同法、招投标法与政府采购法考点,SRC-T-LAW-001-004,topic_learning_packages/topics/12_配置变更知识产权与法律法规/T-LAW-001_专题学习包_法律法规基础合同法招投标法与政府采购法考点.md,标准代号,,,needs_human_review,涉及法规数字或教材口径，不能进入主复习；保留为人工核验提醒。,ruankao ruankao::build::20260520_235046 ruankao::chapter::12 ruankao::domain::配置变更知识产权与法律法规 ruankao::type::待核验卡 ruankao::importance::C ruankao::difficulty::3 ruankao::review::needs_human_review ruankao::topic_qa ruankao::topic::T-LAW-001 ruankao::needs_review ruankao::not_for_main_review,sha256:60b42b2eb489d1d787db990d
软考::系统集成项目管理工程师::12_配置变更知识产权与法律法规::专题问答卡::T-LAW-001_法律法规基础_合同法_招投标法与政府采购法考点,RuankaoTopicCard,违约责任题应优先从什么角度判断？,先看合同约定、违约事实、损失和责任承担方式。,<div>理解：本卡只围绕“违约责任”做判断，避免把整个专题压成目录卡。</div><div>题干信号：违约责任</div><div>来源：T-LAW-001 / 违约责任</div>,topic_qa,关键词识别卡,,,B,3,上午选择,配置变更知识产权与法律法规,12,配置变更知识产权与法律法规,T-LAW-001,法律法规基础、合同法、招投标法与政府采购法考点,SRC-T-LAW-001-005,topic_learning_packages/topics/12_配置变更知识产权与法律法规/T-LAW-001_专题学习包_法律法规基础合同法招投标法与政府采购法考点.md,违约责任,,,keep,Front 聚焦“违约责任”，Back 短句给出可判分答案，Extra 提供本卡专属题干信号。,ruankao ruankao::build::20260520_235046 ruankao::chapter::12 ruankao::domain::配置变更知识产权与法律法规 ruankao::type::关键词识别卡 ruankao::importance::B ruankao::difficulty::3 ruankao::review::keep ruankao::topic_qa ruankao::topic::T-LAW-001,sha256:88d5a8b253380a0d5bab1b32
软考::系统集成项目管理工程师::12_配置变更知识产权与法律法规::专题问答卡::T-LAW-001_法律法规基础_合同法_招投标法与政府采购法考点,RuankaoTopicCard,法律法规卡为什么不能大段背条文？,软考更常考识别和适用边界，具体条号和数字应以现行法规核验。,<div>理解：本卡只围绕“法律学习”做判断，避免把整个专题压成目录卡。</div><div>题干信号：法律学习</div><div>来源：T-LAW-001 / 法律学习</div>,topic_qa,陷阱卡,,,B,3,上午选择,配置变更知识产权与法律法规,12,配置变更知识产权与法律法规,T-LAW-001,法律法规基础、合同法、招投标法与政府采购法考点,SRC-T-LAW-001-006,topic_learning_packages/topics/12_配置变更知识产权与法律法规/T-LAW-001_专题学习包_法律法规基础合同法招投标法与政府采购法考点.md,法律学习,,,keep,Front 聚焦“法律学习”，Back 短句给出可判分答案，Extra 提供本卡专属题干信号。,ruankao ruankao::build::20260520_235046 ruankao::chapter::12 ruankao::domain::配置变更知识产权与法律法规 ruankao::type::陷阱卡 ruankao::importance::B ruankao::difficulty::3 ruankao::review::keep ruankao::topic_qa ruankao::topic::T-LAW-001,sha256:da39f306631dc4c438ada100
软考::系统集成项目管理工程师::13_信息系统技术基础::专题问答卡::T-INFO-002_企业信息化系统_ERP_CRM_SCM_BI_EAI辨析,RuankaoTopicCard,ERP、CRM、SCM、BI、EAI 的快速区分线是什么？,ERP 管内部资源，CRM 管客户，SCM 管供应链，BI 做分析决策，EAI 做应用集成。,<div>理解：本卡只围绕“五系统辨析”做判断，避免把整个专题压成目录卡。</div><div>题干信号：五系统辨析</div><div>来源：T-INFO-002 / 五系统辨析</div>,topic_qa,辨析卡,,,A,2,上午选择,信息系统技术基础,13,信息系统技术基础,T-INFO-002,企业信息化系统：ERP、CRM、SCM、BI、EAI 辨析,SRC-T-INFO-002-001,topic_learning_packages/topics/13_信息系统技术基础/T-INFO-002_专题学习包_企业信息化系统ERP_CRM_SCM_BI_EAI辨析.md,五系统辨析,,,keep,Front 聚焦“五系统辨析”，Back 短句给出可判分答案，Extra 提供本卡专属题干信号。,ruankao ruankao::build::20260520_235046 ruankao::chapter::13 ruankao::domain::信息系统技术基础 ruankao::type::辨析卡 ruankao::importance::A ruankao::difficulty::2 ruankao::review::keep ruankao::topic_qa ruankao::topic::T-INFO-002,sha256:8f8d5bdb53c25d9fa8e945d5
软考::系统集成项目管理工程师::13_信息系统技术基础::专题问答卡::T-INFO-002_企业信息化系统_ERP_CRM_SCM_BI_EAI辨析,RuankaoTopicCard,题干出现“客户满意度、销售、营销、服务”应想到什么？,应想到 CRM。,<div>理解：本卡只围绕“CRM信号”做判断，避免把整个专题压成目录卡。</div><div>题干信号：CRM信号</div><div>来源：T-INFO-002 / CRM信号</div>,topic_qa,关键词识别卡,,,A,2,上午选择,信息系统技术基础,13,信息系统技术基础,T-INFO-002,企业信息化系统：ERP、CRM、SCM、BI、EAI 辨析,SRC-T-INFO-002-002,topic_learning_packages/topics/13_信息系统技术基础/T-INFO-002_专题学习包_企业信息化系统ERP_CRM_SCM_BI_EAI辨析.md,CRM信号,,,keep,Front 聚焦“CRM信号”，Back 短句给出可判分答案，Extra 提供本卡专属题干信号。,ruankao ruankao::build::20260520_235046 ruankao::chapter::13 ruankao::domain::信息系统技术基础 ruankao::type::关键词识别卡 ruankao::importance::A ruankao::difficulty::2 ruankao::review::keep ruankao::topic_qa ruankao::topic::T-INFO-002,sha256:e5c12fd59c0764c91cd7329b
软考::系统集成项目管理工程师::13_信息系统技术基础::专题问答卡::T-INFO-002_企业信息化系统_ERP_CRM_SCM_BI_EAI辨析,RuankaoTopicCard,题干出现“商业信息搜集、管理和分析、洞察决策”应想到什么？,应想到 BI。,<div>理解：本卡只围绕“BI信号”做判断，避免把整个专题压成目录卡。</div><div>题干信号：BI信号</div><div>来源：T-INFO-002 / BI信号</div>,topic_qa,关键词识别卡,,,A,2,上午选择,信息系统技术基础,13,信息系统技术基础,T-INFO-002,企业信息化系统：ERP、CRM、SCM、BI、EAI 辨析,SRC-T-INFO-002-003,topic_learning_packages/topics/13_信息系统技术基础/T-INFO-002_专题学习包_企业信息化系统ERP_CRM_SCM_BI_EAI辨析.md,BI信号,,,keep,Front 聚焦“BI信号”，Back 短句给出可判分答案，Extra 提供本卡专属题干信号。,ruankao ruankao::build::20260520_235046 ruankao::chapter::13 ruankao::domain::信息系统技术基础 ruankao::type::关键词识别卡 ruankao::importance::A ruankao::difficulty::2 ruankao::review::keep ruankao::topic_qa ruankao::topic::T-INFO-002,sha256:5e5e64191c8612a6234174d2
软考::系统集成项目管理工程师::13_信息系统技术基础::专题问答卡::T-INFO-002_企业信息化系统_ERP_CRM_SCM_BI_EAI辨析,RuankaoTopicCard,题干出现“上下游供应商协同、库存和物流”应想到什么？,应想到 SCM。,<div>理解：本卡只围绕“SCM信号”做判断，避免把整个专题压成目录卡。</div><div>题干信号：SCM信号</div><div>来源：T-INFO-002 / SCM信号</div>,topic_qa,关键词识别卡,,,A,2,上午选择,信息系统技术基础,13,信息系统技术基础,T-INFO-002,企业信息化系统：ERP、CRM、SCM、BI、EAI 辨析,SRC-T-INFO-002-004,topic_learning_packages/topics/13_信息系统技术基础/T-INFO-002_专题学习包_企业信息化系统ERP_CRM_SCM_BI_EAI辨析.md,SCM信号,,,keep,Front 聚焦“SCM信号”，Back 短句给出可判分答案，Extra 提供本卡专属题干信号。,ruankao ruankao::build::20260520_235046 ruankao::chapter::13 ruankao::domain::信息系统技术基础 ruankao::type::关键词识别卡 ruankao::importance::A ruankao::difficulty::2 ruankao::review::keep ruankao::topic_qa ruankao::topic::T-INFO-002,sha256:0d3d709c1bc407e79959d34d
软考::系统集成项目管理工程师::13_信息系统技术基础::专题问答卡::T-INFO-002_企业信息化系统_ERP_CRM_SCM_BI_EAI辨析,RuankaoTopicCard,EAI 和 ERP 为什么不能混淆？,EAI 关注应用系统之间集成；ERP 关注企业内部资源计划和业务流程一体化。,<div>理解：本卡只围绕“EAI vs ERP”做判断，避免把整个专题压成目录卡。</div><div>题干信号：EAI vs ERP</div><div>来源：T-INFO-002 / EAI vs ERP</div>,topic_qa,辨析卡,,,A,2,上午选择,信息系统技术基础,13,信息系统技术基础,T-INFO-002,企业信息化系统：ERP、CRM、SCM、BI、EAI 辨析,SRC-T-INFO-002-005,topic_learning_packages/topics/13_信息系统技术基础/T-INFO-002_专题学习包_企业信息化系统ERP_CRM_SCM_BI_EAI辨析.md,EAI vs ERP,,,keep,Front 聚焦“EAI vs ERP”，Back 短句给出可判分答案，Extra 提供本卡专属题干信号。,ruankao ruankao::build::20260520_235046 ruankao::chapter::13 ruankao::domain::信息系统技术基础 ruankao::type::辨析卡 ruankao::importance::A ruankao::difficulty::2 ruankao::review::keep ruankao::topic_qa ruankao::topic::T-INFO-002,sha256:821ee8ea60fb7af0e4f8e639
软考::系统集成项目管理工程师::13_信息系统技术基础::专题问答卡::T-INFO-002_企业信息化系统_ERP_CRM_SCM_BI_EAI辨析,RuankaoTopicCard,企业信息化系统题的排除法怎么用？,先找题干对象：客户选 CRM，供应链选 SCM，内部资源选 ERP，分析决策选 BI，系统互通选 EAI。,<div>理解：本卡只围绕“系统排除法”做判断，避免把整个专题压成目录卡。</div><div>题干信号：系统排除法</div><div>来源：T-INFO-002 / 系统排除法</div>,topic_qa,流程卡,,,A,2,上午选择,信息系统技术基础,13,信息系统技术基础,T-INFO-002,企业信息化系统：ERP、CRM、SCM、BI、EAI 辨析,SRC-T-INFO-002-006,topic_learning_packages/topics/13_信息系统技术基础/T-INFO-002_专题学习包_企业信息化系统ERP_CRM_SCM_BI_EAI辨析.md,系统排除法,,,keep,Front 聚焦“系统排除法”，Back 短句给出可判分答案，Extra 提供本卡专属题干信号。,ruankao ruankao::build::20260520_235046 ruankao::chapter::13 ruankao::domain::信息系统技术基础 ruankao::type::流程卡 ruankao::importance::A ruankao::difficulty::2 ruankao::review::keep ruankao::topic_qa ruankao::topic::T-INFO-002,sha256:dd59a7ebb776cce20399e6b0
软考::系统集成项目管理工程师::14_案例分析专题::专题问答卡::T-CASE-001_下午案例题通用审题与答题方法,RuankaoTopicCard,下午案例审题第一步应抓什么？,先抓角色、时间、数字、异常事件和题目问法。,<div>理解：本卡只围绕“审题第一步”做判断，避免把整个专题压成目录卡。</div><div>题干信号：审题第一步</div><div>来源：T-CASE-001 / 审题第一步</div>,topic_qa,流程卡,,,A,2,案例分析,案例分析专题,14,案例分析专题,T-CASE-001,下午案例题通用审题与答题方法,SRC-T-CASE-001-001,topic_learning_packages/topics/14_案例分析专题/T-CASE-001_专题学习包_下午案例题通用审题与答题方法.md,审题第一步,,,keep,Front 聚焦“审题第一步”，Back 短句给出可判分答案，Extra 提供本卡专属题干信号。,ruankao ruankao::build::20260520_235046 ruankao::chapter::14 ruankao::domain::案例分析专题 ruankao::type::流程卡 ruankao::importance::A ruankao::difficulty::2 ruankao::review::keep ruankao::topic_qa ruankao::topic::T-CASE-001,sha256:9c6974c636625ea7ca3dd61c
软考::系统集成项目管理工程师::14_案例分析专题::专题问答卡::T-CASE-001_下午案例题通用审题与答题方法,RuankaoTopicCard,案例题为什么不能只背模板？,得分点来自案例事实与知识域动作的匹配，空泛模板很难得分。,<div>理解：本卡只围绕“模板陷阱”做判断，避免把整个专题压成目录卡。</div><div>题干信号：模板陷阱</div><div>来源：T-CASE-001 / 模板陷阱</div>,topic_qa,陷阱卡,,,A,2,案例分析,案例分析专题,14,案例分析专题,T-CASE-001,下午案例题通用审题与答题方法,SRC-T-CASE-001-002,topic_learning_packages/topics/14_案例分析专题/T-CASE-001_专题学习包_下午案例题通用审题与答题方法.md,模板陷阱,,,keep,Front 聚焦“模板陷阱”，Back 短句给出可判分答案，Extra 提供本卡专属题干信号。,ruankao ruankao::build::20260520_235046 ruankao::chapter::14 ruankao::domain::案例分析专题 ruankao::type::陷阱卡 ruankao::importance::A ruankao::difficulty::2 ruankao::review::keep ruankao::topic_qa ruankao::topic::T-CASE-001,sha256:fc1bb7d385a6924a588c606e
软考::系统集成项目管理工程师::14_案例分析专题::专题问答卡::T-CASE-001_下午案例题通用审题与答题方法,RuankaoTopicCard,找问题题应如何组织答案？,按案例事实逐条指出不妥做法，并对应到知识域或管理过程。,<div>理解：本卡只围绕“找问题”做判断，避免把整个专题压成目录卡。</div><div>题干信号：找问题</div><div>来源：T-CASE-001 / 找问题</div>,topic_qa,案例模板卡,,,A,2,案例分析,案例分析专题,14,案例分析专题,T-CASE-001,下午案例题通用审题与答题方法,SRC-T-CASE-001-003,topic_learning_packages/topics/14_案例分析专题/T-CASE-001_专题学习包_下午案例题通用审题与答题方法.md,找问题,,,keep,Front 聚焦“找问题”，Back 短句给出可判分答案，Extra 提供本卡专属题干信号。,ruankao ruankao::build::20260520_235046 ruankao::chapter::14 ruankao::domain::案例分析专题 ruankao::type::案例模板卡 ruankao::importance::A ruankao::difficulty::2 ruankao::review::keep ruankao::topic_qa ruankao::topic::T-CASE-001,sha256:29b5e3d0ff6e6695ffa1fb38
软考::系统集成项目管理工程师::14_案例分析专题::专题问答卡::T-CASE-001_下午案例题通用审题与答题方法,RuankaoTopicCard,原因分析题应如何组织答案？,从计划、过程、人员、沟通、风险、变更和质量等角度解释问题形成原因。,<div>理解：本卡只围绕“原因分析”做判断，避免把整个专题压成目录卡。</div><div>题干信号：原因分析</div><div>来源：T-CASE-001 / 原因分析</div>,topic_qa,案例模板卡,,,A,2,案例分析,案例分析专题,14,案例分析专题,T-CASE-001,下午案例题通用审题与答题方法,SRC-T-CASE-001-004,topic_learning_packages/topics/14_案例分析专题/T-CASE-001_专题学习包_下午案例题通用审题与答题方法.md,原因分析,,,keep,Front 聚焦“原因分析”，Back 短句给出可判分答案，Extra 提供本卡专属题干信号。,ruankao ruankao::build::20260520_235046 ruankao::chapter::14 ruankao::domain::案例分析专题 ruankao::type::案例模板卡 ruankao::importance::A ruankao::difficulty::2 ruankao::review::keep ruankao::topic_qa ruankao::topic::T-CASE-001,sha256:c1dd6df0888616e4e0fad4e6
软考::系统集成项目管理工程师::14_案例分析专题::专题问答卡::T-CASE-001_下午案例题通用审题与答题方法,RuankaoTopicCard,措施建议题应如何写得可得分？,措施要和原因对应，写成具体管理动作，而不是“加强管理”。,<div>理解：本卡只围绕“措施建议”做判断，避免把整个专题压成目录卡。</div><div>题干信号：措施建议</div><div>来源：T-CASE-001 / 措施建议</div>,topic_qa,案例模板卡,,,A,2,案例分析,案例分析专题,14,案例分析专题,T-CASE-001,下午案例题通用审题与答题方法,SRC-T-CASE-001-005,topic_learning_packages/topics/14_案例分析专题/T-CASE-001_专题学习包_下午案例题通用审题与答题方法.md,措施建议,,,keep,Front 聚焦“措施建议”，Back 短句给出可判分答案，Extra 提供本卡专属题干信号。,ruankao ruankao::build::20260520_235046 ruankao::chapter::14 ruankao::domain::案例分析专题 ruankao::type::案例模板卡 ruankao::importance::A ruankao::difficulty::2 ruankao::review::keep ruankao::topic_qa ruankao::topic::T-CASE-001,sha256:784f819e640b640c697fb7a3
软考::系统集成项目管理工程师::14_案例分析专题::专题问答卡::T-CASE-001_下午案例题通用审题与答题方法,RuankaoTopicCard,数字异常在案例题中有什么作用？,数字常提示进度、成本、资源、质量或风险问题，需要先算再解释。,<div>理解：本卡只围绕“数字异常”做判断，避免把整个专题压成目录卡。</div><div>题干信号：数字异常</div><div>来源：T-CASE-001 / 数字异常</div>,topic_qa,关键词识别卡,,,A,2,案例分析,案例分析专题,14,案例分析专题,T-CASE-001,下午案例题通用审题与答题方法,SRC-T-CASE-001-006,topic_learning_packages/topics/14_案例分析专题/T-CASE-001_专题学习包_下午案例题通用审题与答题方法.md,数字异常,,,keep,Front 聚焦“数字异常”，Back 短句给出可判分答案，Extra 提供本卡专属题干信号。,ruankao ruankao::build::20260520_235046 ruankao::chapter::14 ruankao::domain::案例分析专题 ruankao::type::关键词识别卡 ruankao::importance::A ruankao::difficulty::2 ruankao::review::keep ruankao::topic_qa ruankao::topic::T-CASE-001,sha256:15f6afbc5402342567e084ab
软考::系统集成项目管理工程师::14_案例分析专题::专题问答卡::T-CASE-002_进度延误与成本超支案例专项模板,RuankaoTopicCard,进度延误案例的诊断框架是什么？,查计划是否合理、关键路径是否延误、资源是否冲突、变更是否受控、风险是否应对。,<div>理解：本卡只围绕“进度延误”做判断，避免把整个专题压成目录卡。</div><div>题干信号：进度延误</div><div>来源：T-CASE-002 / 进度延误</div>,topic_qa,案例模板卡,,,A,2,案例分析,案例分析专题,14,案例分析专题,T-CASE-002,进度延误与成本超支案例专项模板,SRC-T-CASE-002-001,topic_learning_packages/topics/14_案例分析专题/T-CASE-002_专题学习包_进度延误与成本超支案例专项模板.md,进度延误,,,keep,Front 聚焦“进度延误”，Back 短句给出可判分答案，Extra 提供本卡专属题干信号。,ruankao ruankao::build::20260520_235046 ruankao::chapter::14 ruankao::domain::案例分析专题 ruankao::type::案例模板卡 ruankao::importance::A ruankao::difficulty::2 ruankao::review::keep ruankao::topic_qa ruankao::topic::T-CASE-002,sha256:012134454fa166ea0ce0da53
软考::系统集成项目管理工程师::14_案例分析专题::专题问答卡::T-CASE-002_进度延误与成本超支案例专项模板,RuankaoTopicCard,成本超支案例的诊断框架是什么？,查估算预算、范围变更、返工质量、采购成本、资源效率和成本控制。,<div>理解：本卡只围绕“成本超支”做判断，避免把整个专题压成目录卡。</div><div>题干信号：成本超支</div><div>来源：T-CASE-002 / 成本超支</div>,topic_qa,案例模板卡,,,A,2,案例分析,案例分析专题,14,案例分析专题,T-CASE-002,进度延误与成本超支案例专项模板,SRC-T-CASE-002-002,topic_learning_packages/topics/14_案例分析专题/T-CASE-002_专题学习包_进度延误与成本超支案例专项模板.md,成本超支,,,keep,Front 聚焦“成本超支”，Back 短句给出可判分答案，Extra 提供本卡专属题干信号。,ruankao ruankao::build::20260520_235046 ruankao::chapter::14 ruankao::domain::案例分析专题 ruankao::type::案例模板卡 ruankao::importance::A ruankao::difficulty::2 ruankao::review::keep ruankao::topic_qa ruankao::topic::T-CASE-002,sha256:2fb5827263fa6cdea3040198
软考::系统集成项目管理工程师::14_案例分析专题::专题问答卡::T-CASE-002_进度延误与成本超支案例专项模板,RuankaoTopicCard,进度延误措施题常写哪些动作？,重排计划、分析关键路径、资源优化、赶工或快速跟进、控制变更、加强监控。,<div>理解：本卡只围绕“进度措施”做判断，避免把整个专题压成目录卡。</div><div>题干信号：进度措施</div><div>来源：T-CASE-002 / 进度措施</div>,topic_qa,案例模板卡,,,A,2,案例分析,案例分析专题,14,案例分析专题,T-CASE-002,进度延误与成本超支案例专项模板,SRC-T-CASE-002-003,topic_learning_packages/topics/14_案例分析专题/T-CASE-002_专题学习包_进度延误与成本超支案例专项模板.md,进度措施,,,keep,Front 聚焦“进度措施”，Back 短句给出可判分答案，Extra 提供本卡专属题干信号。,ruankao ruankao::build::20260520_235046 ruankao::chapter::14 ruankao::domain::案例分析专题 ruankao::type::案例模板卡 ruankao::importance::A ruankao::difficulty::2 ruankao::review::keep ruankao::topic_qa ruankao::topic::T-CASE-002,sha256:d0244a5680c91774a106353f
软考::系统集成项目管理工程师::14_案例分析专题::专题问答卡::T-CASE-002_进度延误与成本超支案例专项模板,RuankaoTopicCard,成本超支措施题常写哪些动作？,复核估算、控制范围变更、减少返工、优化采购、跟踪 EVM 指标并采取纠偏。,<div>理解：本卡只围绕“成本措施”做判断，避免把整个专题压成目录卡。</div><div>题干信号：成本措施</div><div>来源：T-CASE-002 / 成本措施</div>,topic_qa,案例模板卡,,,A,2,案例分析,案例分析专题,14,案例分析专题,T-CASE-002,进度延误与成本超支案例专项模板,SRC-T-CASE-002-004,topic_learning_packages/topics/14_案例分析专题/T-CASE-002_专题学习包_进度延误与成本超支案例专项模板.md,成本措施,,,keep,Front 聚焦“成本措施”，Back 短句给出可判分答案，Extra 提供本卡专属题干信号。,ruankao ruankao::build::20260520_235046 ruankao::chapter::14 ruankao::domain::案例分析专题 ruankao::type::案例模板卡 ruankao::importance::A ruankao::difficulty::2 ruankao::review::keep ruankao::topic_qa ruankao::topic::T-CASE-002,sha256:6e98ba0ad0f09bbe330fa2f7
软考::系统集成项目管理工程师::14_案例分析专题::专题问答卡::T-CASE-002_进度延误与成本超支案例专项模板,RuankaoTopicCard,赶工和快速跟进在案例中如何选择？,资源可投入且可接受成本增加时考虑赶工；可并行且可接受返工风险时考虑快速跟进。,<div>理解：本卡只围绕“压缩选择”做判断，避免把整个专题压成目录卡。</div><div>题干信号：压缩选择</div><div>来源：T-CASE-002 / 压缩选择</div>,topic_qa,辨析卡,,,A,2,案例分析,案例分析专题,14,案例分析专题,T-CASE-002,进度延误与成本超支案例专项模板,SRC-T-CASE-002-005,topic_learning_packages/topics/14_案例分析专题/T-CASE-002_专题学习包_进度延误与成本超支案例专项模板.md,压缩选择,,,keep,Front 聚焦“压缩选择”，Back 短句给出可判分答案，Extra 提供本卡专属题干信号。,ruankao ruankao::build::20260520_235046 ruankao::chapter::14 ruankao::domain::案例分析专题 ruankao::type::辨析卡 ruankao::importance::A ruankao::difficulty::2 ruankao::review::keep ruankao::topic_qa ruankao::topic::T-CASE-002,sha256:666d4adb80b54bfb35e7218d
软考::系统集成项目管理工程师::14_案例分析专题::专题问答卡::T-CASE-002_进度延误与成本超支案例专项模板,RuankaoTopicCard,只说“加快进度”为什么不够？,没有说明压缩关键路径、资源安排、风险和成本影响，难以形成得分点。,<div>理解：本卡只围绕“空泛措施”做判断，避免把整个专题压成目录卡。</div><div>题干信号：空泛措施</div><div>来源：T-CASE-002 / 空泛措施</div>,topic_qa,陷阱卡,,,B,3,案例分析,案例分析专题,14,案例分析专题,T-CASE-002,进度延误与成本超支案例专项模板,SRC-T-CASE-002-006,topic_learning_packages/topics/14_案例分析专题/T-CASE-002_专题学习包_进度延误与成本超支案例专项模板.md,空泛措施,,,keep,Front 聚焦“空泛措施”，Back 短句给出可判分答案，Extra 提供本卡专属题干信号。,ruankao ruankao::build::20260520_235046 ruankao::chapter::14 ruankao::domain::案例分析专题 ruankao::type::陷阱卡 ruankao::importance::B ruankao::difficulty::3 ruankao::review::keep ruankao::topic_qa ruankao::topic::T-CASE-002,sha256:8361f5c9c1551d63954d0b39
软考::系统集成项目管理工程师::14_案例分析专题::专题问答卡::T-CASE-003_范围蔓延_变更失控与合同纠纷案例模板,RuankaoTopicCard,范围蔓延案例的典型表现是什么？,未经批准增加需求、口头承诺、验收标准不清、基准未更新。,<div>理解：本卡只围绕“范围蔓延”做判断，避免把整个专题压成目录卡。</div><div>题干信号：范围蔓延</div><div>来源：T-CASE-003 / 范围蔓延</div>,topic_qa,案例模板卡,,,A,2,案例分析,案例分析专题,14,案例分析专题,T-CASE-003,范围蔓延、变更失控与合同纠纷案例模板,SRC-T-CASE-003-001,topic_learning_packages/topics/14_案例分析专题/T-CASE-003_专题学习包_范围蔓延变更失控与合同纠纷案例模板.md,范围蔓延,,,keep,Front 聚焦“范围蔓延”，Back 短句给出可判分答案，Extra 提供本卡专属题干信号。,ruankao ruankao::build::20260520_235046 ruankao::chapter::14 ruankao::domain::案例分析专题 ruankao::type::案例模板卡 ruankao::importance::A ruankao::difficulty::2 ruankao::review::keep ruankao::topic_qa ruankao::topic::T-CASE-003,sha256:0890d96bd12548e9f139dc9f
软考::系统集成项目管理工程师::14_案例分析专题::专题问答卡::T-CASE-003_范围蔓延_变更失控与合同纠纷案例模板,RuankaoTopicCard,变更失控案例应按什么链条答？,记录变更请求、分析影响、提交审批、批准后更新基准、通知干系人并跟踪。,<div>理解：本卡只围绕“变更链条”做判断，避免把整个专题压成目录卡。</div><div>题干信号：变更链条</div><div>来源：T-CASE-003 / 变更链条</div>,topic_qa,流程卡,,,A,2,案例分析,案例分析专题,14,案例分析专题,T-CASE-003,范围蔓延、变更失控与合同纠纷案例模板,SRC-T-CASE-003-002,topic_learning_packages/topics/14_案例分析专题/T-CASE-003_专题学习包_范围蔓延变更失控与合同纠纷案例模板.md,变更链条,,,keep,Front 聚焦“变更链条”，Back 短句给出可判分答案，Extra 提供本卡专属题干信号。,ruankao ruankao::build::20260520_235046 ruankao::chapter::14 ruankao::domain::案例分析专题 ruankao::type::流程卡 ruankao::importance::A ruankao::difficulty::2 ruankao::review::keep ruankao::topic_qa ruankao::topic::T-CASE-003,sha256:c940c8170bc9a21beab4713b
软考::系统集成项目管理工程师::14_案例分析专题::专题问答卡::T-CASE-003_范围蔓延_变更失控与合同纠纷案例模板,RuankaoTopicCard,合同纠纷案例的诊断框架是什么？,查合同范围、验收标准、变更记录、交付证据、付款和索赔依据。,<div>理解：本卡只围绕“合同纠纷”做判断，避免把整个专题压成目录卡。</div><div>题干信号：合同纠纷</div><div>来源：T-CASE-003 / 合同纠纷</div>,topic_qa,案例模板卡,,,A,2,案例分析,案例分析专题,14,案例分析专题,T-CASE-003,范围蔓延、变更失控与合同纠纷案例模板,SRC-T-CASE-003-003,topic_learning_packages/topics/14_案例分析专题/T-CASE-003_专题学习包_范围蔓延变更失控与合同纠纷案例模板.md,合同纠纷,,,keep,Front 聚焦“合同纠纷”，Back 短句给出可判分答案，Extra 提供本卡专属题干信号。,ruankao ruankao::build::20260520_235046 ruankao::chapter::14 ruankao::domain::案例分析专题 ruankao::type::案例模板卡 ruankao::importance::A ruankao::difficulty::2 ruankao::review::keep ruankao::topic_qa ruankao::topic::T-CASE-003,sha256:0e06e4a04d82fae6a70b5882
软考::系统集成项目管理工程师::14_案例分析专题::专题问答卡::T-CASE-003_范围蔓延_变更失控与合同纠纷案例模板,RuankaoTopicCard,客户口头要求增加功能时项目经理应怎么处理？,不能直接答应，应引导形成变更请求并评估影响。,<div>理解：本卡只围绕“口头需求”做判断，避免把整个专题压成目录卡。</div><div>题干信号：口头需求</div><div>来源：T-CASE-003 / 口头需求</div>,topic_qa,陷阱卡,,,A,2,案例分析,案例分析专题,14,案例分析专题,T-CASE-003,范围蔓延、变更失控与合同纠纷案例模板,SRC-T-CASE-003-004,topic_learning_packages/topics/14_案例分析专题/T-CASE-003_专题学习包_范围蔓延变更失控与合同纠纷案例模板.md,口头需求,,,keep,Front 聚焦“口头需求”，Back 短句给出可判分答案，Extra 提供本卡专属题干信号。,ruankao ruankao::build::20260520_235046 ruankao::chapter::14 ruankao::domain::案例分析专题 ruankao::type::陷阱卡 ruankao::importance::A ruankao::difficulty::2 ruankao::review::keep ruankao::topic_qa ruankao::topic::T-CASE-003,sha256:cfc451e11f4135e0003ba546
软考::系统集成项目管理工程师::14_案例分析专题::专题问答卡::T-CASE-003_范围蔓延_变更失控与合同纠纷案例模板,RuankaoTopicCard,范围确认和最终验收在案例中如何区分？,范围确认可针对阶段或可交付成果正式接受；最终验收更偏项目或合同交付结束。,<div>理解：本卡只围绕“确认 vs 终验”做判断，避免把整个专题压成目录卡。</div><div>题干信号：确认 vs 终验</div><div>来源：T-CASE-003 / 确认 vs 终验</div>,topic_qa,辨析卡,,,B,3,案例分析,案例分析专题,14,案例分析专题,T-CASE-003,范围蔓延、变更失控与合同纠纷案例模板,SRC-T-CASE-003-005,topic_learning_packages/topics/14_案例分析专题/T-CASE-003_专题学习包_范围蔓延变更失控与合同纠纷案例模板.md,确认 vs 终验,,,keep,Front 聚焦“确认 vs 终验”，Back 短句给出可判分答案，Extra 提供本卡专属题干信号。,ruankao ruankao::build::20260520_235046 ruankao::chapter::14 ruankao::domain::案例分析专题 ruankao::type::辨析卡 ruankao::importance::B ruankao::difficulty::3 ruankao::review::keep ruankao::topic_qa ruankao::topic::T-CASE-003,sha256:40bdf6b23b425ff7418d9ed2
软考::系统集成项目管理工程师::14_案例分析专题::专题问答卡::T-CASE-003_范围蔓延_变更失控与合同纠纷案例模板,RuankaoTopicCard,合同纠纷措施题为什么要强调证据链？,合同、变更单、会议纪要、验收记录和测试报告决定责任判断。,<div>理解：本卡只围绕“证据链”做判断，避免把整个专题压成目录卡。</div><div>题干信号：证据链</div><div>来源：T-CASE-003 / 证据链</div>,topic_qa,关键词识别卡,,,B,3,案例分析,案例分析专题,14,案例分析专题,T-CASE-003,范围蔓延、变更失控与合同纠纷案例模板,SRC-T-CASE-003-006,topic_learning_packages/topics/14_案例分析专题/T-CASE-003_专题学习包_范围蔓延变更失控与合同纠纷案例模板.md,证据链,,,keep,Front 聚焦“证据链”，Back 短句给出可判分答案，Extra 提供本卡专属题干信号。,ruankao ruankao::build::20260520_235046 ruankao::chapter::14 ruankao::domain::案例分析专题 ruankao::type::关键词识别卡 ruankao::importance::B ruankao::difficulty::3 ruankao::review::keep ruankao::topic_qa ruankao::topic::T-CASE-003,sha256:1ddc0b3a116d89613a4688ae
软考::系统集成项目管理工程师::14_案例分析专题::专题问答卡::T-COM-002_沟通管理与干系人冲突案例模板,RuankaoTopicCard,干系人冲突案例通常从哪三问诊断？,谁受影响、期望差在哪里、沟通和参与机制是否到位。,<div>理解：本卡只围绕“冲突诊断”做判断，避免把整个专题压成目录卡。</div><div>题干信号：冲突诊断</div><div>来源：T-COM-002 / 冲突诊断</div>,topic_qa,案例模板卡,,,A,2,案例分析,案例分析专题,14,案例分析专题,T-COM-002,沟通管理与干系人冲突案例模板,SRC-T-COM-002-001,topic_learning_packages/topics/14_案例分析专题/T-COM-002_专题学习包_沟通管理与干系人冲突案例模板.md,冲突诊断,,,keep,Front 聚焦“冲突诊断”，Back 短句给出可判分答案，Extra 提供本卡专属题干信号。,ruankao ruankao::build::20260520_235046 ruankao::chapter::14 ruankao::domain::案例分析专题 ruankao::type::案例模板卡 ruankao::importance::A ruankao::difficulty::2 ruankao::review::keep ruankao::topic_qa ruankao::topic::T-COM-002,sha256:97b09440063beba860914876
软考::系统集成项目管理工程师::14_案例分析专题::专题问答卡::T-COM-002_沟通管理与干系人冲突案例模板,RuankaoTopicCard,沟通管理不足常见表现有哪些？,未识别关键干系人、沟通频率和方式不当、反馈缺失、信息不透明。,<div>理解：本卡只围绕“沟通不足”做判断，避免把整个专题压成目录卡。</div><div>题干信号：沟通不足</div><div>来源：T-COM-002 / 沟通不足</div>,topic_qa,案例模板卡,,,A,2,案例分析,案例分析专题,14,案例分析专题,T-COM-002,沟通管理与干系人冲突案例模板,SRC-T-COM-002-002,topic_learning_packages/topics/14_案例分析专题/T-COM-002_专题学习包_沟通管理与干系人冲突案例模板.md,沟通不足,,,keep,Front 聚焦“沟通不足”，Back 短句给出可判分答案，Extra 提供本卡专属题干信号。,ruankao ruankao::build::20260520_235046 ruankao::chapter::14 ruankao::domain::案例分析专题 ruankao::type::案例模板卡 ruankao::importance::A ruankao::difficulty::2 ruankao::review::keep ruankao::topic_qa ruankao::topic::T-COM-002,sha256:e8b4fa09aab6778921199b61
软考::系统集成项目管理工程师::14_案例分析专题::专题问答卡::T-COM-002_沟通管理与干系人冲突案例模板,RuankaoTopicCard,干系人参与策略应基于什么制定？,基于干系人的权力、利益、态度、影响和当前/期望参与差距。,<div>理解：本卡只围绕“参与策略”做判断，避免把整个专题压成目录卡。</div><div>题干信号：参与策略</div><div>来源：T-COM-002 / 参与策略</div>,topic_qa,概念卡,,,A,2,案例分析,案例分析专题,14,案例分析专题,T-COM-002,沟通管理与干系人冲突案例模板,SRC-T-COM-002-003,topic_learning_packages/topics/14_案例分析专题/T-COM-002_专题学习包_沟通管理与干系人冲突案例模板.md,参与策略,,,keep,Front 聚焦“参与策略”，Back 短句给出可判分答案，Extra 提供本卡专属题干信号。,ruankao ruankao::build::20260520_235046 ruankao::chapter::14 ruankao::domain::案例分析专题 ruankao::type::概念卡 ruankao::importance::A ruankao::difficulty::2 ruankao::review::keep ruankao::topic_qa ruankao::topic::T-COM-002,sha256:4d64abb6ff6309188d7b0577
软考::系统集成项目管理工程师::14_案例分析专题::专题问答卡::T-COM-002_沟通管理与干系人冲突案例模板,RuankaoTopicCard,冲突出现后项目经理是否应回避？,通常不应回避，应及时沟通、澄清事实并寻求合作解决。,<div>理解：本卡只围绕“冲突处理”做判断，避免把整个专题压成目录卡。</div><div>题干信号：冲突处理</div><div>来源：T-COM-002 / 冲突处理</div>,topic_qa,陷阱卡,,,B,3,案例分析,案例分析专题,14,案例分析专题,T-COM-002,沟通管理与干系人冲突案例模板,SRC-T-COM-002-004,topic_learning_packages/topics/14_案例分析专题/T-COM-002_专题学习包_沟通管理与干系人冲突案例模板.md,冲突处理,,,keep,Front 聚焦“冲突处理”，Back 短句给出可判分答案，Extra 提供本卡专属题干信号。,ruankao ruankao::build::20260520_235046 ruankao::chapter::14 ruankao::domain::案例分析专题 ruankao::type::陷阱卡 ruankao::importance::B ruankao::difficulty::3 ruankao::review::keep ruankao::topic_qa ruankao::topic::T-COM-002,sha256:ea8c0b16dcd245dbd09e602a
软考::系统集成项目管理工程师::14_案例分析专题::专题问答卡::T-COM-002_沟通管理与干系人冲突案例模板,RuankaoTopicCard,题干出现“用户部门不配合、期望不一致”应想到什么？,应想到干系人识别和参与管理不足。,<div>理解：本卡只围绕“干系人信号”做判断，避免把整个专题压成目录卡。</div><div>题干信号：干系人信号</div><div>来源：T-COM-002 / 干系人信号</div>,topic_qa,关键词识别卡,,,A,2,案例分析,案例分析专题,14,案例分析专题,T-COM-002,沟通管理与干系人冲突案例模板,SRC-T-COM-002-005,topic_learning_packages/topics/14_案例分析专题/T-COM-002_专题学习包_沟通管理与干系人冲突案例模板.md,干系人信号,,,keep,Front 聚焦“干系人信号”，Back 短句给出可判分答案，Extra 提供本卡专属题干信号。,ruankao ruankao::build::20260520_235046 ruankao::chapter::14 ruankao::domain::案例分析专题 ruankao::type::关键词识别卡 ruankao::importance::A ruankao::difficulty::2 ruankao::review::keep ruankao::topic_qa ruankao::topic::T-COM-002,sha256:af30b4a09fecdbe4b550466e
软考::系统集成项目管理工程师::14_案例分析专题::专题问答卡::T-COM-002_沟通管理与干系人冲突案例模板,RuankaoTopicCard,沟通冲突措施题怎么写？,识别干系人、更新沟通计划、明确责任与期望、建立反馈机制并持续跟踪。,<div>理解：本卡只围绕“沟通措施”做判断，避免把整个专题压成目录卡。</div><div>题干信号：沟通措施</div><div>来源：T-COM-002 / 沟通措施</div>,topic_qa,流程卡,,,A,2,案例分析,案例分析专题,14,案例分析专题,T-COM-002,沟通管理与干系人冲突案例模板,SRC-T-COM-002-006,topic_learning_packages/topics/14_案例分析专题/T-COM-002_专题学习包_沟通管理与干系人冲突案例模板.md,沟通措施,,,keep,Front 聚焦“沟通措施”，Back 短句给出可判分答案，Extra 提供本卡专属题干信号。,ruankao ruankao::build::20260520_235046 ruankao::chapter::14 ruankao::domain::案例分析专题 ruankao::type::流程卡 ruankao::importance::A ruankao::difficulty::2 ruankao::review::keep ruankao::topic_qa ruankao::topic::T-COM-002,sha256:8fc9912faf437c04d2f10eec
软考::系统集成项目管理工程师::99_综合专题与跨域辨析::专题问答卡::T-CROSS-001_高频跨域概念辨析与易错点,RuankaoTopicCard,项目章程 vs 项目管理计划的选择题信号是什么？,授权、批准项目选章程；子计划、基准、执行控制选项目管理计划。,<div>理解：本卡只围绕“章程计划”做判断，避免把整个专题压成目录卡。</div><div>题干信号：章程计划</div><div>来源：T-CROSS-001 / 章程计划</div>,topic_qa,关键词识别卡,,,A,2,跨域辨析,综合专题与跨域辨析,99,综合专题与跨域辨析,T-CROSS-001,高频跨域概念辨析与易错点,SRC-T-CROSS-001-001,topic_learning_packages/topics/99_综合专题与跨域辨析/T-CROSS-001_专题学习包_高频跨域概念辨析与易错点.md,章程计划,,,keep,Front 聚焦“章程计划”，Back 短句给出可判分答案，Extra 提供本卡专属题干信号。,ruankao ruankao::build::20260520_235046 ruankao::chapter::99 ruankao::domain::综合专题与跨域辨析 ruankao::type::关键词识别卡 ruankao::importance::A ruankao::difficulty::2 ruankao::review::keep ruankao::topic_qa ruankao::topic::T-CROSS-001,sha256:c64f0ad46078a8161ac1a5ab
软考::系统集成项目管理工程师::99_综合专题与跨域辨析::专题问答卡::T-CROSS-001_高频跨域概念辨析与易错点,RuankaoTopicCard,确认范围 vs 控制质量的选择题信号是什么？,验收、签字、接受选确认范围；测试、检查、缺陷选控制质量。,<div>理解：本卡只围绕“确认范围QC”做判断，避免把整个专题压成目录卡。</div><div>题干信号：确认范围QC</div><div>来源：T-CROSS-001 / 确认范围QC</div>,topic_qa,关键词识别卡,,,A,2,跨域辨析,综合专题与跨域辨析,99,综合专题与跨域辨析,T-CROSS-001,高频跨域概念辨析与易错点,SRC-T-CROSS-001-002,topic_learning_packages/topics/99_综合专题与跨域辨析/T-CROSS-001_专题学习包_高频跨域概念辨析与易错点.md,确认范围QC,,,keep,Front 聚焦“确认范围QC”，Back 短句给出可判分答案，Extra 提供本卡专属题干信号。,ruankao ruankao::build::20260520_235046 ruankao::chapter::99 ruankao::domain::综合专题与跨域辨析 ruankao::type::关键词识别卡 ruankao::importance::A ruankao::difficulty::2 ruankao::review::keep ruankao::topic_qa ruankao::topic::T-CROSS-001,sha256:2a02457f1aaf33c5c2b2d371
软考::系统集成项目管理工程师::99_综合专题与跨域辨析::专题问答卡::T-CROSS-001_高频跨域概念辨析与易错点,RuankaoTopicCard,纠正措施 vs 预防措施 vs 缺陷补救怎么分？,纠正已发生偏差，预防未来偏差，缺陷补救修复不合格产品。,<div>理解：本卡只围绕“措施类型”做判断，避免把整个专题压成目录卡。</div><div>题干信号：措施类型</div><div>来源：T-CROSS-001 / 措施类型</div>,topic_qa,辨析卡,,,A,2,跨域辨析,综合专题与跨域辨析,99,综合专题与跨域辨析,T-CROSS-001,高频跨域概念辨析与易错点,SRC-T-CROSS-001-003,topic_learning_packages/topics/99_综合专题与跨域辨析/T-CROSS-001_专题学习包_高频跨域概念辨析与易错点.md,措施类型,,,keep,Front 聚焦“措施类型”，Back 短句给出可判分答案，Extra 提供本卡专属题干信号。,ruankao ruankao::build::20260520_235046 ruankao::chapter::99 ruankao::domain::综合专题与跨域辨析 ruankao::type::辨析卡 ruankao::importance::A ruankao::difficulty::2 ruankao::review::keep ruankao::topic_qa ruankao::topic::T-CROSS-001,sha256:ce5ebacc4bb328f40c76f107
软考::系统集成项目管理工程师::99_综合专题与跨域辨析::专题问答卡::T-CROSS-001_高频跨域概念辨析与易错点,RuankaoTopicCard,风险登记册 vs 问题日志怎么分？,风险登记册记录未发生不确定事件；问题日志记录已经发生的问题和处理状态。,<div>理解：本卡只围绕“风险问题”做判断，避免把整个专题压成目录卡。</div><div>题干信号：风险问题</div><div>来源：T-CROSS-001 / 风险问题</div>,topic_qa,辨析卡,,,A,2,跨域辨析,综合专题与跨域辨析,99,综合专题与跨域辨析,T-CROSS-001,高频跨域概念辨析与易错点,SRC-T-CROSS-001-004,topic_learning_packages/topics/99_综合专题与跨域辨析/T-CROSS-001_专题学习包_高频跨域概念辨析与易错点.md,风险问题,,,keep,Front 聚焦“风险问题”，Back 短句给出可判分答案，Extra 提供本卡专属题干信号。,ruankao ruankao::build::20260520_235046 ruankao::chapter::99 ruankao::domain::综合专题与跨域辨析 ruankao::type::辨析卡 ruankao::importance::A ruankao::difficulty::2 ruankao::review::keep ruankao::topic_qa ruankao::topic::T-CROSS-001,sha256:3ed09557dc53f6e13022f290
软考::系统集成项目管理工程师::99_综合专题与跨域辨析::专题问答卡::T-CROSS-001_高频跨域概念辨析与易错点,RuankaoTopicCard,工作绩效数据、信息、报告怎么分？,数据是原始测量，信息是分析结果，报告是传递给干系人的呈现。,<div>理解：本卡只围绕“绩效三层”做判断，避免把整个专题压成目录卡。</div><div>题干信号：绩效三层</div><div>来源：T-CROSS-001 / 绩效三层</div>,topic_qa,辨析卡,,,B,3,跨域辨析,综合专题与跨域辨析,99,综合专题与跨域辨析,T-CROSS-001,高频跨域概念辨析与易错点,SRC-T-CROSS-001-005,topic_learning_packages/topics/99_综合专题与跨域辨析/T-CROSS-001_专题学习包_高频跨域概念辨析与易错点.md,绩效三层,,,keep,Front 聚焦“绩效三层”，Back 短句给出可判分答案，Extra 提供本卡专属题干信号。,ruankao ruankao::build::20260520_235046 ruankao::chapter::99 ruankao::domain::综合专题与跨域辨析 ruankao::type::辨析卡 ruankao::importance::B ruankao::difficulty::3 ruankao::review::keep ruankao::topic_qa ruankao::topic::T-CROSS-001,sha256:7f1689304a48788a367c72bc
软考::系统集成项目管理工程师::99_综合专题与跨域辨析::专题问答卡::T-CROSS-001_高频跨域概念辨析与易错点,RuankaoTopicCard,管理收尾 vs 合同收尾怎么快速判断？,项目/阶段结束和经验教训偏管理收尾；供应商、尾款、索赔偏合同收尾。,<div>理解：本卡只围绕“收尾边界”做判断，避免把整个专题压成目录卡。</div><div>题干信号：收尾边界</div><div>来源：T-CROSS-001 / 收尾边界</div>,topic_qa,关键词识别卡,,,A,2,跨域辨析,综合专题与跨域辨析,99,综合专题与跨域辨析,T-CROSS-001,高频跨域概念辨析与易错点,SRC-T-CROSS-001-006,topic_learning_packages/topics/99_综合专题与跨域辨析/T-CROSS-001_专题学习包_高频跨域概念辨析与易错点.md,收尾边界,,,keep,Front 聚焦“收尾边界”，Back 短句给出可判分答案，Extra 提供本卡专属题干信号。,ruankao ruankao::build::20260520_235046 ruankao::chapter::99 ruankao::domain::综合专题与跨域辨析 ruankao::type::关键词识别卡 ruankao::importance::A ruankao::difficulty::2 ruankao::review::keep ruankao::topic_qa ruankao::topic::T-CROSS-001,sha256:319fd8658a00a17cb4c04d29
软考::系统集成项目管理工程师::99_综合专题与跨域辨析::专题问答卡::T-ORG-001_组织结构_项目经理权限与PMO,RuankaoTopicCard,职能型、矩阵型、项目型组织中项目经理权限如何变化？,职能型最弱，矩阵型居中并随弱/平衡/强矩阵增强，项目型最强。,<div>理解：本卡只围绕“组织权限”做判断，避免把整个专题压成目录卡。</div><div>题干信号：组织权限</div><div>来源：T-ORG-001 / 组织权限</div>,topic_qa,辨析卡,,,A,2,上午选择,综合专题与跨域辨析,99,综合专题与跨域辨析,T-ORG-001,组织结构、项目经理权限与 PMO,SRC-T-ORG-001-001,topic_learning_packages/topics/99_综合专题与跨域辨析/T-ORG-001_专题学习包_组织结构项目经理权限与PMO.md,组织权限,,,keep,Front 聚焦“组织权限”，Back 短句给出可判分答案，Extra 提供本卡专属题干信号。,ruankao ruankao::build::20260520_235046 ruankao::chapter::99 ruankao::domain::综合专题与跨域辨析 ruankao::type::辨析卡 ruankao::importance::A ruankao::difficulty::2 ruankao::review::keep ruankao::topic_qa ruankao::topic::T-ORG-001,sha256:320919d136a336f3c144f043
软考::系统集成项目管理工程师::99_综合专题与跨域辨析::专题问答卡::T-ORG-001_组织结构_项目经理权限与PMO,RuankaoTopicCard,弱矩阵和强矩阵的核心区别是什么？,弱矩阵更接近职能型，项目经理权限弱；强矩阵更接近项目型，项目经理权限强。,<div>理解：本卡只围绕“矩阵”做判断，避免把整个专题压成目录卡。</div><div>题干信号：矩阵</div><div>来源：T-ORG-001 / 矩阵</div>,topic_qa,辨析卡,,,A,2,上午选择,综合专题与跨域辨析,99,综合专题与跨域辨析,T-ORG-001,组织结构、项目经理权限与 PMO,SRC-T-ORG-001-002,topic_learning_packages/topics/99_综合专题与跨域辨析/T-ORG-001_专题学习包_组织结构项目经理权限与PMO.md,矩阵,,,keep,Front 聚焦“矩阵”，Back 短句给出可判分答案，Extra 提供本卡专属题干信号。,ruankao ruankao::build::20260520_235046 ruankao::chapter::99 ruankao::domain::综合专题与跨域辨析 ruankao::type::辨析卡 ruankao::importance::A ruankao::difficulty::2 ruankao::review::keep ruankao::topic_qa ruankao::topic::T-ORG-001,sha256:262226279bda70de5a546be2
软考::系统集成项目管理工程师::99_综合专题与跨域辨析::专题问答卡::T-ORG-001_组织结构_项目经理权限与PMO,RuankaoTopicCard,职能型组织中是否可以有项目？,可以，项目通常在职能部门内部运作，项目经理权限较弱。,<div>理解：本卡只围绕“职能型”做判断，避免把整个专题压成目录卡。</div><div>题干信号：职能型</div><div>来源：T-ORG-001 / 职能型</div>,topic_qa,陷阱卡,,,A,2,上午选择,综合专题与跨域辨析,99,综合专题与跨域辨析,T-ORG-001,组织结构、项目经理权限与 PMO,SRC-T-ORG-001-003,topic_learning_packages/topics/99_综合专题与跨域辨析/T-ORG-001_专题学习包_组织结构项目经理权限与PMO.md,职能型,,,keep,Front 聚焦“职能型”，Back 短句给出可判分答案，Extra 提供本卡专属题干信号。,ruankao ruankao::build::20260520_235046 ruankao::chapter::99 ruankao::domain::综合专题与跨域辨析 ruankao::type::陷阱卡 ruankao::importance::A ruankao::difficulty::2 ruankao::review::keep ruankao::topic_qa ruankao::topic::T-ORG-001,sha256:7ef99f7b7e32d85e5c868d24
软考::系统集成项目管理工程师::99_综合专题与跨域辨析::专题问答卡::T-ORG-001_组织结构_项目经理权限与PMO,RuankaoTopicCard,PMO 三种类型如何区分？,支持型提供模板和咨询，控制型要求遵循方法，指令型直接管理项目。,<div>理解：本卡只围绕“PMO类型”做判断，避免把整个专题压成目录卡。</div><div>题干信号：PMO类型</div><div>来源：T-ORG-001 / PMO类型</div>,topic_qa,辨析卡,,,B,3,上午选择,综合专题与跨域辨析,99,综合专题与跨域辨析,T-ORG-001,组织结构、项目经理权限与 PMO,SRC-T-ORG-001-004,topic_learning_packages/topics/99_综合专题与跨域辨析/T-ORG-001_专题学习包_组织结构项目经理权限与PMO.md,PMO类型,,,keep,Front 聚焦“PMO类型”，Back 短句给出可判分答案，Extra 提供本卡专属题干信号。,ruankao ruankao::build::20260520_235046 ruankao::chapter::99 ruankao::domain::综合专题与跨域辨析 ruankao::type::辨析卡 ruankao::importance::B ruankao::difficulty::3 ruankao::review::keep ruankao::topic_qa ruankao::topic::T-ORG-001,sha256:f5f728f97f38f6de63aeb246
软考::系统集成项目管理工程师::99_综合专题与跨域辨析::专题问答卡::T-ORG-001_组织结构_项目经理权限与PMO,RuankaoTopicCard,题干出现“项目经理几乎无权调配资源”应想到什么组织？,更可能是职能型或弱矩阵组织。,<div>理解：本卡只围绕“权限信号”做判断，避免把整个专题压成目录卡。</div><div>题干信号：权限信号</div><div>来源：T-ORG-001 / 权限信号</div>,topic_qa,关键词识别卡,,,A,2,上午选择,综合专题与跨域辨析,99,综合专题与跨域辨析,T-ORG-001,组织结构、项目经理权限与 PMO,SRC-T-ORG-001-005,topic_learning_packages/topics/99_综合专题与跨域辨析/T-ORG-001_专题学习包_组织结构项目经理权限与PMO.md,权限信号,,,keep,Front 聚焦“权限信号”，Back 短句给出可判分答案，Extra 提供本卡专属题干信号。,ruankao ruankao::build::20260520_235046 ruankao::chapter::99 ruankao::domain::综合专题与跨域辨析 ruankao::type::关键词识别卡 ruankao::importance::A ruankao::difficulty::2 ruankao::review::keep ruankao::topic_qa ruankao::topic::T-ORG-001,sha256:877ab266e53d1eb854f8350e
软考::系统集成项目管理工程师::99_综合专题与跨域辨析::专题问答卡::T-ORG-001_组织结构_项目经理权限与PMO,RuankaoTopicCard,组织结构题为什么要同时看资源和汇报关系？,项目经理权限往往体现在资源控制、预算控制和成员汇报对象上。,<div>理解：本卡只围绕“组织判断”做判断，避免把整个专题压成目录卡。</div><div>题干信号：组织判断</div><div>来源：T-ORG-001 / 组织判断</div>,topic_qa,流程卡,,,B,3,上午选择,综合专题与跨域辨析,99,综合专题与跨域辨析,T-ORG-001,组织结构、项目经理权限与 PMO,SRC-T-ORG-001-006,topic_learning_packages/topics/99_综合专题与跨域辨析/T-ORG-001_专题学习包_组织结构项目经理权限与PMO.md,组织判断,,,keep,Front 聚焦“组织判断”，Back 短句给出可判分答案，Extra 提供本卡专属题干信号。,ruankao ruankao::build::20260520_235046 ruankao::chapter::99 ruankao::domain::综合专题与跨域辨析 ruankao::type::流程卡 ruankao::importance::B ruankao::difficulty::3 ruankao::review::keep ruankao::topic_qa ruankao::topic::T-ORG-001,sha256:58a0aabd3eb97aa3c66a8916
软考::系统集成项目管理工程师::99_综合专题与跨域辨析::专题问答卡::T-RISK-003_风险_问题_变更与应急措施的跨域辨析,RuankaoTopicCard,风险、问题、变更三者怎么连起来理解？,风险未发生，发生后成为问题；问题处理若影响基准或范围，可能形成变更请求。,<div>理解：本卡只围绕“风险问题变更”做判断，避免把整个专题压成目录卡。</div><div>题干信号：风险问题变更</div><div>来源：T-RISK-003 / 风险问题变更</div>,topic_qa,辨析卡,,,A,2,跨域辨析,综合专题与跨域辨析,99,综合专题与跨域辨析,T-RISK-003,风险、问题、变更与应急措施的跨域辨析,SRC-T-RISK-003-001,topic_learning_packages/topics/99_综合专题与跨域辨析/T-RISK-003_专题学习包_风险问题变更与应急措施跨域辨析.md,风险问题变更,,,keep,Front 聚焦“风险问题变更”，Back 短句给出可判分答案，Extra 提供本卡专属题干信号。,ruankao ruankao::build::20260520_235046 ruankao::chapter::99 ruankao::domain::综合专题与跨域辨析 ruankao::type::辨析卡 ruankao::importance::A ruankao::difficulty::2 ruankao::review::keep ruankao::topic_qa ruankao::topic::T-RISK-003,sha256:bdd9e677fa4c639a19e2b7e1
软考::系统集成项目管理工程师::99_综合专题与跨域辨析::专题问答卡::T-RISK-003_风险_问题_变更与应急措施的跨域辨析,RuankaoTopicCard,应急措施和权变措施如何区分？,应急措施通常针对已规划的风险应对；权变措施针对未计划或突发情况的临时响应。,<div>理解：本卡只围绕“应急权变”做判断，避免把整个专题压成目录卡。</div><div>题干信号：应急权变</div><div>来源：T-RISK-003 / 应急权变</div>,topic_qa,辨析卡,,,B,3,跨域辨析,综合专题与跨域辨析,99,综合专题与跨域辨析,T-RISK-003,风险、问题、变更与应急措施的跨域辨析,SRC-T-RISK-003-002,topic_learning_packages/topics/99_综合专题与跨域辨析/T-RISK-003_专题学习包_风险问题变更与应急措施跨域辨析.md,应急权变,,,keep,Front 聚焦“应急权变”，Back 短句给出可判分答案，Extra 提供本卡专属题干信号。,ruankao ruankao::build::20260520_235046 ruankao::chapter::99 ruankao::domain::综合专题与跨域辨析 ruankao::type::辨析卡 ruankao::importance::B ruankao::difficulty::3 ruankao::review::keep ruankao::topic_qa ruankao::topic::T-RISK-003,sha256:b1e5f6e310d6d02d362a82c7
软考::系统集成项目管理工程师::99_综合专题与跨域辨析::专题问答卡::T-RISK-003_风险_问题_变更与应急措施的跨域辨析,RuankaoTopicCard,问题是否一定要提交变更请求？,不一定；只有解决问题需要改变基准、范围、计划或正式文件时才形成变更请求。,<div>理解：本卡只围绕“问题变更”做判断，避免把整个专题压成目录卡。</div><div>题干信号：问题变更</div><div>来源：T-RISK-003 / 问题变更</div>,topic_qa,陷阱卡,,,A,2,跨域辨析,综合专题与跨域辨析,99,综合专题与跨域辨析,T-RISK-003,风险、问题、变更与应急措施的跨域辨析,SRC-T-RISK-003-003,topic_learning_packages/topics/99_综合专题与跨域辨析/T-RISK-003_专题学习包_风险问题变更与应急措施跨域辨析.md,问题变更,,,keep,Front 聚焦“问题变更”，Back 短句给出可判分答案，Extra 提供本卡专属题干信号。,ruankao ruankao::build::20260520_235046 ruankao::chapter::99 ruankao::domain::综合专题与跨域辨析 ruankao::type::陷阱卡 ruankao::importance::A ruankao::difficulty::2 ruankao::review::keep ruankao::topic_qa ruankao::topic::T-RISK-003,sha256:8fc1d9b1c3372d8a3dfc081d
软考::系统集成项目管理工程师::99_综合专题与跨域辨析::专题问答卡::T-RISK-003_风险_问题_变更与应急措施的跨域辨析,RuankaoTopicCard,已发生风险应如何记录和跟踪？,作为问题进入问题日志，同时根据影响决定是否触发变更或风险应对。,<div>理解：本卡只围绕“风险发生”做判断，避免把整个专题压成目录卡。</div><div>题干信号：风险发生</div><div>来源：T-RISK-003 / 风险发生</div>,topic_qa,流程卡,,,A,2,案例分析,综合专题与跨域辨析,99,综合专题与跨域辨析,T-RISK-003,风险、问题、变更与应急措施的跨域辨析,SRC-T-RISK-003-004,topic_learning_packages/topics/99_综合专题与跨域辨析/T-RISK-003_专题学习包_风险问题变更与应急措施跨域辨析.md,风险发生,,,keep,Front 聚焦“风险发生”，Back 短句给出可判分答案，Extra 提供本卡专属题干信号。,ruankao ruankao::build::20260520_235046 ruankao::chapter::99 ruankao::domain::综合专题与跨域辨析 ruankao::type::流程卡 ruankao::importance::A ruankao::difficulty::2 ruankao::review::keep ruankao::topic_qa ruankao::topic::T-RISK-003,sha256:a82aef9ed8f22875054b802b
软考::系统集成项目管理工程师::99_综合专题与跨域辨析::专题问答卡::T-RISK-003_风险_问题_变更与应急措施的跨域辨析,RuankaoTopicCard,题干出现“未预见事件突然发生”应想到什么？,应想到权变措施或问题处理，而不是照搬原风险应对计划。,<div>理解：本卡只围绕“突发事件”做判断，避免把整个专题压成目录卡。</div><div>题干信号：突发事件</div><div>来源：T-RISK-003 / 突发事件</div>,topic_qa,关键词识别卡,,,B,3,案例分析,综合专题与跨域辨析,99,综合专题与跨域辨析,T-RISK-003,风险、问题、变更与应急措施的跨域辨析,SRC-T-RISK-003-005,topic_learning_packages/topics/99_综合专题与跨域辨析/T-RISK-003_专题学习包_风险问题变更与应急措施跨域辨析.md,突发事件,,,keep,Front 聚焦“突发事件”，Back 短句给出可判分答案，Extra 提供本卡专属题干信号。,ruankao ruankao::build::20260520_235046 ruankao::chapter::99 ruankao::domain::综合专题与跨域辨析 ruankao::type::关键词识别卡 ruankao::importance::B ruankao::difficulty::3 ruankao::review::keep ruankao::topic_qa ruankao::topic::T-RISK-003,sha256:862b2231256edf1c86091231
软考::系统集成项目管理工程师::99_综合专题与跨域辨析::专题问答卡::T-RISK-003_风险_问题_变更与应急措施的跨域辨析,RuankaoTopicCard,风险应对措施带来新风险时应叫什么？,二次风险。,<div>理解：本卡只围绕“二次风险”做判断，避免把整个专题压成目录卡。</div><div>题干信号：二次风险</div><div>来源：T-RISK-003 / 二次风险</div>,topic_qa,概念卡,,,A,2,上午选择,综合专题与跨域辨析,99,综合专题与跨域辨析,T-RISK-003,风险、问题、变更与应急措施的跨域辨析,SRC-T-RISK-003-006,topic_learning_packages/topics/99_综合专题与跨域辨析/T-RISK-003_专题学习包_风险问题变更与应急措施跨域辨析.md,二次风险,,,keep,Front 聚焦“二次风险”，Back 短句给出可判分答案，Extra 提供本卡专属题干信号。,ruankao ruankao::build::20260520_235046 ruankao::chapter::99 ruankao::domain::综合专题与跨域辨析 ruankao::type::概念卡 ruankao::importance::A ruankao::difficulty::2 ruankao::review::keep ruankao::topic_qa ruankao::topic::T-RISK-003,sha256:7c86ab95adc7376afb80872a
软考::系统集成项目管理工程师::99_综合专题与跨域辨析::专题问答卡::T-SCOPE-003_范围确认_质量控制_验收与测试的边界辨析,RuankaoTopicCard,确认范围、质量控制、验收、测试四者的核心区别是什么？,测试找缺陷，质量控制判质量，确认范围求正式接受，验收多用于交付接受场景。,<div>理解：本卡只围绕“四者边界”做判断，避免把整个专题压成目录卡。</div><div>题干信号：四者边界</div><div>来源：T-SCOPE-003 / 四者边界</div>,topic_qa,辨析卡,,,A,2,跨域辨析,综合专题与跨域辨析,99,综合专题与跨域辨析,T-SCOPE-003,范围确认、质量控制、验收与测试的边界辨析,SRC-T-SCOPE-003-001,topic_learning_packages/topics/99_综合专题与跨域辨析/T-SCOPE-003_专题学习包_范围确认质量控制验收与测试边界辨析.md,四者边界,,,keep,Front 聚焦“四者边界”，Back 短句给出可判分答案，Extra 提供本卡专属题干信号。,ruankao ruankao::build::20260520_235046 ruankao::chapter::99 ruankao::domain::综合专题与跨域辨析 ruankao::type::辨析卡 ruankao::importance::A ruankao::difficulty::2 ruankao::review::keep ruankao::topic_qa ruankao::topic::T-SCOPE-003,sha256:7c4881d0f629d8b3c666ce17
软考::系统集成项目管理工程师::99_综合专题与跨域辨析::专题问答卡::T-SCOPE-003_范围确认_质量控制_验收与测试的边界辨析,RuankaoTopicCard,测试通过是否等于确认范围完成？,不等于。测试通过说明质量检查较好，确认范围还需要客户或发起人正式接受。,<div>理解：本卡只围绕“测试确认”做判断，避免把整个专题压成目录卡。</div><div>题干信号：测试确认</div><div>来源：T-SCOPE-003 / 测试确认</div>,topic_qa,陷阱卡,,,A,2,跨域辨析,综合专题与跨域辨析,99,综合专题与跨域辨析,T-SCOPE-003,范围确认、质量控制、验收与测试的边界辨析,SRC-T-SCOPE-003-002,topic_learning_packages/topics/99_综合专题与跨域辨析/T-SCOPE-003_专题学习包_范围确认质量控制验收与测试边界辨析.md,测试确认,,,keep,Front 聚焦“测试确认”，Back 短句给出可判分答案，Extra 提供本卡专属题干信号。,ruankao ruankao::build::20260520_235046 ruankao::chapter::99 ruankao::domain::综合专题与跨域辨析 ruankao::type::陷阱卡 ruankao::importance::A ruankao::difficulty::2 ruankao::review::keep ruankao::topic_qa ruankao::topic::T-SCOPE-003,sha256:7b681b73e48a6619d040fd14
软考::系统集成项目管理工程师::99_综合专题与跨域辨析::专题问答卡::T-SCOPE-003_范围确认_质量控制_验收与测试的边界辨析,RuankaoTopicCard,确认范围和控制范围怎么分？,确认范围关注接受已完成成果；控制范围关注监督范围状态和管理范围变更。,<div>理解：本卡只围绕“确认控制范围”做判断，避免把整个专题压成目录卡。</div><div>题干信号：确认控制范围</div><div>来源：T-SCOPE-003 / 确认控制范围</div>,topic_qa,辨析卡,,,A,2,上午选择,综合专题与跨域辨析,99,综合专题与跨域辨析,T-SCOPE-003,范围确认、质量控制、验收与测试的边界辨析,SRC-T-SCOPE-003-003,topic_learning_packages/topics/99_综合专题与跨域辨析/T-SCOPE-003_专题学习包_范围确认质量控制验收与测试边界辨析.md,确认控制范围,,,keep,Front 聚焦“确认控制范围”，Back 短句给出可判分答案，Extra 提供本卡专属题干信号。,ruankao ruankao::build::20260520_235046 ruankao::chapter::99 ruankao::domain::综合专题与跨域辨析 ruankao::type::辨析卡 ruankao::importance::A ruankao::difficulty::2 ruankao::review::keep ruankao::topic_qa ruankao::topic::T-SCOPE-003,sha256:a2be53a5b2cc0f107a3d354b
软考::系统集成项目管理工程师::99_综合专题与跨域辨析::专题问答卡::T-SCOPE-003_范围确认_质量控制_验收与测试的边界辨析,RuankaoTopicCard,题干出现“验收标准不一致、客户不认可”应想到什么？,应想到范围确认、验收标准和需求跟踪问题。,<div>理解：本卡只围绕“验收争议”做判断，避免把整个专题压成目录卡。</div><div>题干信号：验收争议</div><div>来源：T-SCOPE-003 / 验收争议</div>,topic_qa,关键词识别卡,,,A,2,案例分析,综合专题与跨域辨析,99,综合专题与跨域辨析,T-SCOPE-003,范围确认、质量控制、验收与测试的边界辨析,SRC-T-SCOPE-003-004,topic_learning_packages/topics/99_综合专题与跨域辨析/T-SCOPE-003_专题学习包_范围确认质量控制验收与测试边界辨析.md,验收争议,,,keep,Front 聚焦“验收争议”，Back 短句给出可判分答案，Extra 提供本卡专属题干信号。,ruankao ruankao::build::20260520_235046 ruankao::chapter::99 ruankao::domain::综合专题与跨域辨析 ruankao::type::关键词识别卡 ruankao::importance::A ruankao::difficulty::2 ruankao::review::keep ruankao::topic_qa ruankao::topic::T-SCOPE-003,sha256:de563daff1b39105ce54d0f1
软考::系统集成项目管理工程师::99_综合专题与跨域辨析::专题问答卡::T-SCOPE-003_范围确认_质量控制_验收与测试的边界辨析,RuankaoTopicCard,题干出现“检查发现缺陷、返工、测试不通过”应想到什么？,应想到质量控制或测试活动。,<div>理解：本卡只围绕“缺陷信号”做判断，避免把整个专题压成目录卡。</div><div>题干信号：缺陷信号</div><div>来源：T-SCOPE-003 / 缺陷信号</div>,topic_qa,关键词识别卡,,,A,2,案例分析,综合专题与跨域辨析,99,综合专题与跨域辨析,T-SCOPE-003,范围确认、质量控制、验收与测试的边界辨析,SRC-T-SCOPE-003-005,topic_learning_packages/topics/99_综合专题与跨域辨析/T-SCOPE-003_专题学习包_范围确认质量控制验收与测试边界辨析.md,缺陷信号,,,keep,Front 聚焦“缺陷信号”，Back 短句给出可判分答案，Extra 提供本卡专属题干信号。,ruankao ruankao::build::20260520_235046 ruankao::chapter::99 ruankao::domain::综合专题与跨域辨析 ruankao::type::关键词识别卡 ruankao::importance::A ruankao::difficulty::2 ruankao::review::keep ruankao::topic_qa ruankao::topic::T-SCOPE-003,sha256:f75a2c6510514ab2a55da2c4
软考::系统集成项目管理工程师::99_综合专题与跨域辨析::专题问答卡::T-SCOPE-003_范围确认_质量控制_验收与测试的边界辨析,RuankaoTopicCard,为什么范围确认常发生在控制质量之后？,通常先确认成果符合质量要求，再提交客户或发起人正式接受。,<div>理解：本卡只围绕“QC后确认”做判断，避免把整个专题压成目录卡。</div><div>题干信号：QC后确认</div><div>来源：T-SCOPE-003 / QC后确认</div>,topic_qa,流程卡,,,B,3,上午选择,综合专题与跨域辨析,99,综合专题与跨域辨析,T-SCOPE-003,范围确认、质量控制、验收与测试的边界辨析,SRC-T-SCOPE-003-006,topic_learning_packages/topics/99_综合专题与跨域辨析/T-SCOPE-003_专题学习包_范围确认质量控制验收与测试边界辨析.md,QC后确认,,,keep,Front 聚焦“QC后确认”，Back 短句给出可判分答案，Extra 提供本卡专属题干信号。,ruankao ruankao::build::20260520_235046 ruankao::chapter::99 ruankao::domain::综合专题与跨域辨析 ruankao::type::流程卡 ruankao::importance::B ruankao::difficulty::3 ruankao::review::keep ruankao::topic_qa ruankao::topic::T-SCOPE-003,sha256:a3e86bf274541b4cd2ae5e8f
软考::系统集成项目管理工程师::07_成本管理::专题问答卡::T-COST-002_挣值管理与成本绩效分析,RuankaoTopicCard,挣值管理 EVM 试图同时回答哪三个问题？,按计划应该完成多少、实际完成了多少、实际花了多少钱。,<div>理解：对应三个基础量：PV、EV、AC。EVM 的价值是把范围、进度、成本放到同一货币口径下比较。</div><div>来源：T-COST-002 试制黄金样例 / 挣值管理专题</div>,topic_qa,概念卡,,,B,2,上午选择,成本管理,07,成本管理,T-COST-002,挣值管理与成本绩效分析,SRC-T-COST-002-PILOT-001,anki_pilot/T-COST-002/cards.csv,T-COST-002 黄金样例,,,keep,沿用 EVM 黄金样例，Front 短、Back 可判分，Extra 指向该公式或陷阱的具体理解。,ruankao ruankao::build::20260520_235046 ruankao::chapter::07 ruankao::domain::成本管理 ruankao::type::概念卡 ruankao::importance::B ruankao::difficulty::2 ruankao::review::keep ruankao::topic_qa ruankao::topic::T-COST-002,sha256:2c753f8048e4dd8c21d0be70
软考::系统集成项目管理工程师::07_成本管理::专题问答卡::T-COST-002_挣值管理与成本绩效分析,RuankaoTopicCard,PV（Planned Value）是什么？,计划价值：到某一时点，按计划应该完成工作的预算价值。,<div>理解：关键词是“计划应该”。PV 不看实际完成情况。项目完工时 PV 总额等于 BAC。</div><div>来源：T-COST-002 试制黄金样例 / 挣值管理专题</div>,topic_qa,概念卡,,,B,2,上午选择,成本管理,07,成本管理,T-COST-002,挣值管理与成本绩效分析,SRC-T-COST-002-PILOT-002,anki_pilot/T-COST-002/cards.csv,T-COST-002 黄金样例,,,keep,沿用 EVM 黄金样例，Front 短、Back 可判分，Extra 指向该公式或陷阱的具体理解。,ruankao ruankao::build::20260520_235046 ruankao::chapter::07 ruankao::domain::成本管理 ruankao::type::概念卡 ruankao::importance::B ruankao::difficulty::2 ruankao::review::keep ruankao::topic_qa ruankao::topic::T-COST-002,sha256:90c1df4c499b5ec0259ec5a1
软考::系统集成项目管理工程师::07_成本管理::专题问答卡::T-COST-002_挣值管理与成本绩效分析,RuankaoTopicCard,EV（Earned Value）是什么？,挣值：实际完成工作的预算价值。,<div>理解：EV 不是实际花费，而是“已完成产出按预算值多少钱”。它是 EVM 中最关键也最容易混的量。</div><div>来源：T-COST-002 试制黄金样例 / 挣值管理专题</div>,topic_qa,概念卡,,,B,2,上午选择,成本管理,07,成本管理,T-COST-002,挣值管理与成本绩效分析,SRC-T-COST-002-PILOT-003,anki_pilot/T-COST-002/cards.csv,T-COST-002 黄金样例,,,keep,沿用 EVM 黄金样例，Front 短、Back 可判分，Extra 指向该公式或陷阱的具体理解。,ruankao ruankao::build::20260520_235046 ruankao::chapter::07 ruankao::domain::成本管理 ruankao::type::概念卡 ruankao::importance::B ruankao::difficulty::2 ruankao::review::keep ruankao::topic_qa ruankao::topic::T-COST-002,sha256:2fe76865e7a2e77d696c844f
软考::系统集成项目管理工程师::07_成本管理::专题问答卡::T-COST-002_挣值管理与成本绩效分析,RuankaoTopicCard,AC（Actual Cost）是什么？,实际成本：完成与 EV 对应工作实际发生的成本。,<div>理解：AC 来自实际花费，但口径要和 PV/EV 保持一致，比如是否包含间接成本。</div><div>来源：T-COST-002 试制黄金样例 / 挣值管理专题</div>,topic_qa,概念卡,,,B,2,上午选择,成本管理,07,成本管理,T-COST-002,挣值管理与成本绩效分析,SRC-T-COST-002-PILOT-004,anki_pilot/T-COST-002/cards.csv,T-COST-002 黄金样例,,,keep,沿用 EVM 黄金样例，Front 短、Back 可判分，Extra 指向该公式或陷阱的具体理解。,ruankao ruankao::build::20260520_235046 ruankao::chapter::07 ruankao::domain::成本管理 ruankao::type::概念卡 ruankao::importance::B ruankao::difficulty::2 ruankao::review::keep ruankao::topic_qa ruankao::topic::T-COST-002,sha256:c30c03afdaf622579b96ed7c
软考::系统集成项目管理工程师::07_成本管理::专题问答卡::T-COST-002_挣值管理与成本绩效分析,RuankaoTopicCard,BAC 在挣值管理中表示什么？,完工预算，即项目全部计划工作的总预算。,<div>理解：BAC 是预测 EAC、VAC、TCPI 的基准。</div><div>来源：T-COST-002 试制黄金样例 / 挣值管理专题</div>,topic_qa,概念卡,,,B,2,上午选择,成本管理,07,成本管理,T-COST-002,挣值管理与成本绩效分析,SRC-T-COST-002-PILOT-005,anki_pilot/T-COST-002/cards.csv,T-COST-002 黄金样例,,,keep,沿用 EVM 黄金样例，Front 短、Back 可判分，Extra 指向该公式或陷阱的具体理解。,ruankao ruankao::build::20260520_235046 ruankao::chapter::07 ruankao::domain::成本管理 ruankao::type::概念卡 ruankao::importance::B ruankao::difficulty::2 ruankao::review::keep ruankao::topic_qa ruankao::topic::T-COST-002,sha256:71119eea4c3172d04740e2d1
软考::系统集成项目管理工程师::07_成本管理::专题问答卡::T-COST-002_挣值管理与成本绩效分析,RuankaoTopicCard,为什么说 EV 是 EVM 的核心？,因为 EV 把实际完成量转换成预算价值，使进度和成本都能用同一口径比较。,<div>理解：进度比较 EV 与 PV；成本比较 EV 与 AC。没有 EV，很多绩效判断不能成立。</div><div>来源：T-COST-002 试制黄金样例 / 挣值管理专题</div>,topic_qa,概念卡,,,B,3,上午选择,成本管理,07,成本管理,T-COST-002,挣值管理与成本绩效分析,SRC-T-COST-002-PILOT-006,anki_pilot/T-COST-002/cards.csv,T-COST-002 黄金样例,,,keep,沿用 EVM 黄金样例，Front 短、Back 可判分，Extra 指向该公式或陷阱的具体理解。,ruankao ruankao::build::20260520_235046 ruankao::chapter::07 ruankao::domain::成本管理 ruankao::type::概念卡 ruankao::importance::B ruankao::difficulty::3 ruankao::review::keep ruankao::topic_qa ruankao::topic::T-COST-002,sha256:179d407b32927fba0f3bc693
软考::系统集成项目管理工程师::07_成本管理::专题问答卡::T-COST-002_挣值管理与成本绩效分析,RuankaoTopicCard,SV 和 CV 的单位是什么？,货币单位，如元、万元。,<div>理解：SV/CV 是差值，不是天数或百分比。SPI/CPI 才是无量纲指数。</div><div>来源：T-COST-002 试制黄金样例 / 挣值管理专题</div>,topic_qa,概念卡,,,B,2,上午选择,成本管理,07,成本管理,T-COST-002,挣值管理与成本绩效分析,SRC-T-COST-002-PILOT-007,anki_pilot/T-COST-002/cards.csv,T-COST-002 黄金样例,,,keep,沿用 EVM 黄金样例，Front 短、Back 可判分，Extra 指向该公式或陷阱的具体理解。,ruankao ruankao::build::20260520_235046 ruankao::chapter::07 ruankao::domain::成本管理 ruankao::type::概念卡 ruankao::importance::B ruankao::difficulty::2 ruankao::review::keep ruankao::topic_qa ruankao::topic::T-COST-002,sha256:8d00b300459029a0920d2465
软考::系统集成项目管理工程师::07_成本管理::专题问答卡::T-COST-002_挣值管理与成本绩效分析,RuankaoTopicCard,SPI 和 CPI 的判断阈值是什么？,大于 1 通常表示好，等于 1 符合计划，小于 1 表示差。,<div>理解：SPI < 1 是进度效率低于计划；CPI < 1 是成本效率低于计划。</div><div>来源：T-COST-002 试制黄金样例 / 挣值管理专题</div>,topic_qa,概念卡,,,B,2,上午选择,成本管理,07,成本管理,T-COST-002,挣值管理与成本绩效分析,SRC-T-COST-002-PILOT-008,anki_pilot/T-COST-002/cards.csv,T-COST-002 黄金样例,,,keep,沿用 EVM 黄金样例，Front 短、Back 可判分，Extra 指向该公式或陷阱的具体理解。,ruankao ruankao::build::20260520_235046 ruankao::chapter::07 ruankao::domain::成本管理 ruankao::type::概念卡 ruankao::importance::B ruankao::difficulty::2 ruankao::review::keep ruankao::topic_qa ruankao::topic::T-COST-002,sha256:866e4cefcfb40464303b0f39
软考::系统集成项目管理工程师::07_成本管理::专题问答卡::T-COST-002_挣值管理与成本绩效分析,RuankaoTopicCard,EAC 表示什么？,完工估算：根据当前绩效和假设预测项目完工总成本。,<div>理解：EAC 不是固定公式，公式取决于题干对未来绩效的假设。</div><div>来源：T-COST-002 试制黄金样例 / 挣值管理专题</div>,topic_qa,概念卡,,,B,3,上午选择,成本管理,07,成本管理,T-COST-002,挣值管理与成本绩效分析,SRC-T-COST-002-PILOT-009,anki_pilot/T-COST-002/cards.csv,T-COST-002 黄金样例,,,keep,沿用 EVM 黄金样例，Front 短、Back 可判分，Extra 指向该公式或陷阱的具体理解。,ruankao ruankao::build::20260520_235046 ruankao::chapter::07 ruankao::domain::成本管理 ruankao::type::概念卡 ruankao::importance::B ruankao::difficulty::3 ruankao::review::keep ruankao::topic_qa ruankao::topic::T-COST-002,sha256:f039d536caed7ee24ce78268
软考::系统集成项目管理工程师::07_成本管理::专题问答卡::T-COST-002_挣值管理与成本绩效分析,RuankaoTopicCard,ETC 表示什么？,完工尚需估算：从当前到完工还需要的成本。,<div>理解：常用关系：ETC = EAC - AC。</div><div>来源：T-COST-002 试制黄金样例 / 挣值管理专题</div>,topic_qa,概念卡,,,B,2,上午选择,成本管理,07,成本管理,T-COST-002,挣值管理与成本绩效分析,SRC-T-COST-002-PILOT-010,anki_pilot/T-COST-002/cards.csv,T-COST-002 黄金样例,,,keep,沿用 EVM 黄金样例，Front 短、Back 可判分，Extra 指向该公式或陷阱的具体理解。,ruankao ruankao::build::20260520_235046 ruankao::chapter::07 ruankao::domain::成本管理 ruankao::type::概念卡 ruankao::importance::B ruankao::difficulty::2 ruankao::review::keep ruankao::topic_qa ruankao::topic::T-COST-002,sha256:3156f29595eada31b643da3c
软考::系统集成项目管理工程师::07_成本管理::专题问答卡::T-COST-002_挣值管理与成本绩效分析,RuankaoTopicCard,VAC 表示什么？,完工偏差：预算 BAC 与完工估算 EAC 的差异。,<div>理解：VAC = BAC - EAC。VAC < 0 表示预计超预算。</div><div>来源：T-COST-002 试制黄金样例 / 挣值管理专题</div>,topic_qa,概念卡,,,B,2,上午选择,成本管理,07,成本管理,T-COST-002,挣值管理与成本绩效分析,SRC-T-COST-002-PILOT-011,anki_pilot/T-COST-002/cards.csv,T-COST-002 黄金样例,,,keep,沿用 EVM 黄金样例，Front 短、Back 可判分，Extra 指向该公式或陷阱的具体理解。,ruankao ruankao::build::20260520_235046 ruankao::chapter::07 ruankao::domain::成本管理 ruankao::type::概念卡 ruankao::importance::B ruankao::difficulty::2 ruankao::review::keep ruankao::topic_qa ruankao::topic::T-COST-002,sha256:37d7b5225fb7fec17fc03727
软考::系统集成项目管理工程师::07_成本管理::专题问答卡::T-COST-002_挣值管理与成本绩效分析,RuankaoTopicCard,TCPI 是回顾性指标还是前瞻性指标？,前瞻性指标。,<div>理解：TCPI 表示为了实现 BAC 或 EAC，剩余工作必须达到的成本绩效水平。</div><div>来源：T-COST-002 试制黄金样例 / 挣值管理专题</div>,topic_qa,概念卡,,,B,3,上午选择,成本管理,07,成本管理,T-COST-002,挣值管理与成本绩效分析,SRC-T-COST-002-PILOT-012,anki_pilot/T-COST-002/cards.csv,T-COST-002 黄金样例,,,keep,沿用 EVM 黄金样例，Front 短、Back 可判分，Extra 指向该公式或陷阱的具体理解。,ruankao ruankao::build::20260520_235046 ruankao::chapter::07 ruankao::domain::成本管理 ruankao::type::概念卡 ruankao::importance::B ruankao::difficulty::3 ruankao::review::keep ruankao::topic_qa ruankao::topic::T-COST-002,sha256:2db853a990241776f9fa0d42
软考::系统集成项目管理工程师::07_成本管理::专题问答卡::T-COST-002_挣值管理与成本绩效分析,RuankaoTopicCard,SV 的公式、含义和判断规则是什么？,SV = EV - PV。SV > 0 进度提前；SV = 0 符合计划；SV < 0 进度滞后。,<div>理解：例：EV=90，PV=100，则 SV=-10，进度滞后。</div><div>来源：T-COST-002 试制黄金样例 / 挣值管理专题</div>,topic_qa,公式卡,,,A,2,计算题,成本管理,07,成本管理,T-COST-002,挣值管理与成本绩效分析,SRC-T-COST-002-PILOT-013,anki_pilot/T-COST-002/cards.csv,T-COST-002 黄金样例,,,keep,沿用 EVM 黄金样例，Front 短、Back 可判分，Extra 指向该公式或陷阱的具体理解。,ruankao ruankao::build::20260520_235046 ruankao::chapter::07 ruankao::domain::成本管理 ruankao::type::公式卡 ruankao::importance::A ruankao::difficulty::2 ruankao::review::keep ruankao::topic_qa ruankao::topic::T-COST-002 ruankao::formula,sha256:4fb8c4d784e672ea81bbe67e
软考::系统集成项目管理工程师::07_成本管理::专题问答卡::T-COST-002_挣值管理与成本绩效分析,RuankaoTopicCard,CV 的公式、含义和判断规则是什么？,CV = EV - AC。CV > 0 成本节约；CV = 0 符合预算；CV < 0 成本超支。,<div>理解：例：EV=90，AC=110，则 CV=-20，成本超支。</div><div>来源：T-COST-002 试制黄金样例 / 挣值管理专题</div>,topic_qa,公式卡,,,A,2,计算题,成本管理,07,成本管理,T-COST-002,挣值管理与成本绩效分析,SRC-T-COST-002-PILOT-014,anki_pilot/T-COST-002/cards.csv,T-COST-002 黄金样例,,,keep,沿用 EVM 黄金样例，Front 短、Back 可判分，Extra 指向该公式或陷阱的具体理解。,ruankao ruankao::build::20260520_235046 ruankao::chapter::07 ruankao::domain::成本管理 ruankao::type::公式卡 ruankao::importance::A ruankao::difficulty::2 ruankao::review::keep ruankao::topic_qa ruankao::topic::T-COST-002 ruankao::formula,sha256:72432e5e95f4db06fb01f4a6
软考::系统集成项目管理工程师::07_成本管理::专题问答卡::T-COST-002_挣值管理与成本绩效分析,RuankaoTopicCard,SPI 的公式、含义和判断规则是什么？,SPI = EV / PV。SPI > 1 进度效率高于计划；SPI < 1 进度效率低于计划。,<div>理解：例：EV=80，PV=100，则 SPI=0.8，进度滞后。</div><div>来源：T-COST-002 试制黄金样例 / 挣值管理专题</div>,topic_qa,公式卡,,,A,2,计算题,成本管理,07,成本管理,T-COST-002,挣值管理与成本绩效分析,SRC-T-COST-002-PILOT-015,anki_pilot/T-COST-002/cards.csv,T-COST-002 黄金样例,,,keep,沿用 EVM 黄金样例，Front 短、Back 可判分，Extra 指向该公式或陷阱的具体理解。,ruankao ruankao::build::20260520_235046 ruankao::chapter::07 ruankao::domain::成本管理 ruankao::type::公式卡 ruankao::importance::A ruankao::difficulty::2 ruankao::review::keep ruankao::topic_qa ruankao::topic::T-COST-002 ruankao::formula,sha256:1b04cf478a9f9ce6bfc61783
软考::系统集成项目管理工程师::07_成本管理::专题问答卡::T-COST-002_挣值管理与成本绩效分析,RuankaoTopicCard,CPI 的公式、含义和判断规则是什么？,CPI = EV / AC。CPI > 1 成本效率高；CPI < 1 成本效率低，成本超支。,<div>理解：例：EV=80，AC=100，则 CPI=0.8，每花 1 元只挣得 0.8 元预算价值。</div><div>来源：T-COST-002 试制黄金样例 / 挣值管理专题</div>,topic_qa,公式卡,,,A,2,计算题,成本管理,07,成本管理,T-COST-002,挣值管理与成本绩效分析,SRC-T-COST-002-PILOT-016,anki_pilot/T-COST-002/cards.csv,T-COST-002 黄金样例,,,keep,沿用 EVM 黄金样例，Front 短、Back 可判分，Extra 指向该公式或陷阱的具体理解。,ruankao ruankao::build::20260520_235046 ruankao::chapter::07 ruankao::domain::成本管理 ruankao::type::公式卡 ruankao::importance::A ruankao::difficulty::2 ruankao::review::keep ruankao::topic_qa ruankao::topic::T-COST-002 ruankao::formula,sha256:75b898180b71498b02615a75
软考::系统集成项目管理工程师::07_成本管理::专题问答卡::T-COST-002_挣值管理与成本绩效分析,RuankaoTopicCard,非典型偏差下 EAC 怎么算？,EAC = AC + (BAC - EV)。,<div>理解：题干信号：一次性、偶然、不会再出现、已纠正。例：AC=200，BAC=500，EV=180，则 EAC=520。</div><div>来源：T-COST-002 试制黄金样例 / 挣值管理专题</div>,topic_qa,公式卡,,,A,3,计算题,成本管理,07,成本管理,T-COST-002,挣值管理与成本绩效分析,SRC-T-COST-002-PILOT-017,anki_pilot/T-COST-002/cards.csv,T-COST-002 黄金样例,,,keep,沿用 EVM 黄金样例，Front 短、Back 可判分，Extra 指向该公式或陷阱的具体理解。,ruankao ruankao::build::20260520_235046 ruankao::chapter::07 ruankao::domain::成本管理 ruankao::type::公式卡 ruankao::importance::A ruankao::difficulty::3 ruankao::review::keep ruankao::topic_qa ruankao::topic::T-COST-002 ruankao::formula,sha256:204856c127bcf814691a0a20
软考::系统集成项目管理工程师::07_成本管理::专题问答卡::T-COST-002_挣值管理与成本绩效分析,RuankaoTopicCard,典型偏差会延续时 EAC 怎么算？,EAC = BAC / CPI。,<div>理解：题干信号：当前绩效将持续、按目前趋势、没有改善迹象。例：BAC=1000，CPI=0.8，则 EAC=1250。</div><div>来源：T-COST-002 试制黄金样例 / 挣值管理专题</div>,topic_qa,公式卡,,,A,3,计算题,成本管理,07,成本管理,T-COST-002,挣值管理与成本绩效分析,SRC-T-COST-002-PILOT-018,anki_pilot/T-COST-002/cards.csv,T-COST-002 黄金样例,,,keep,沿用 EVM 黄金样例，Front 短、Back 可判分，Extra 指向该公式或陷阱的具体理解。,ruankao ruankao::build::20260520_235046 ruankao::chapter::07 ruankao::domain::成本管理 ruankao::type::公式卡 ruankao::importance::A ruankao::difficulty::3 ruankao::review::keep ruankao::topic_qa ruankao::topic::T-COST-002 ruankao::formula,sha256:9cfb1872e65a8bb0596b5f0d
软考::系统集成项目管理工程师::07_成本管理::专题问答卡::T-COST-002_挣值管理与成本绩效分析,RuankaoTopicCard,重新估算剩余工作时 EAC 怎么算？,EAC = AC + 自下而上重新估算的 ETC。,<div>理解：适用：原估算假设严重失效，需要重新估算剩余工作。</div><div>来源：T-COST-002 试制黄金样例 / 挣值管理专题</div>,topic_qa,公式卡,,,A,3,计算题,成本管理,07,成本管理,T-COST-002,挣值管理与成本绩效分析,SRC-T-COST-002-PILOT-019,anki_pilot/T-COST-002/cards.csv,T-COST-002 黄金样例,,,keep,沿用 EVM 黄金样例，Front 短、Back 可判分，Extra 指向该公式或陷阱的具体理解。,ruankao ruankao::build::20260520_235046 ruankao::chapter::07 ruankao::domain::成本管理 ruankao::type::公式卡 ruankao::importance::A ruankao::difficulty::3 ruankao::review::keep ruankao::topic_qa ruankao::topic::T-COST-002 ruankao::formula,sha256:bdb85b9bbe1d71f35ec202e8
软考::系统集成项目管理工程师::待核验与复查,RuankaoTopicCard,同时考虑 CPI 和 SPI 的 EAC 扩展公式是什么？,EAC = AC + (BAC - EV) / (CPI × SPI)。,<div>理解：用于题干明确要求同时考虑成本和进度影响。本专题将该口径列为需回查教材的待核验项，制卡时应保留提醒。</div><div>来源：T-COST-002 试制黄金样例 / 挣值管理专题</div>,topic_qa,公式卡,,,A,4,计算题,成本管理,07,成本管理,T-COST-002,挣值管理与成本绩效分析,SRC-T-COST-002-PILOT-020,anki_pilot/T-COST-002/cards.csv,T-COST-002 黄金样例,,,needs_human_review,涉及教材口径待核验的扩展公式，隔离给人工确认。,ruankao ruankao::build::20260520_235046 ruankao::chapter::07 ruankao::domain::成本管理 ruankao::type::公式卡 ruankao::importance::A ruankao::difficulty::4 ruankao::review::needs_human_review ruankao::topic_qa ruankao::topic::T-COST-002 ruankao::needs_review ruankao::not_for_main_review ruankao::formula,sha256:cb011494d483d47f60c60735
软考::系统集成项目管理工程师::07_成本管理::专题问答卡::T-COST-002_挣值管理与成本绩效分析,RuankaoTopicCard,ETC 的常用公式是什么？,ETC = EAC - AC。,<div>理解：例：EAC=950，AC=380，则 ETC=570。</div><div>来源：T-COST-002 试制黄金样例 / 挣值管理专题</div>,topic_qa,公式卡,,,A,2,计算题,成本管理,07,成本管理,T-COST-002,挣值管理与成本绩效分析,SRC-T-COST-002-PILOT-021,anki_pilot/T-COST-002/cards.csv,T-COST-002 黄金样例,,,keep,沿用 EVM 黄金样例，Front 短、Back 可判分，Extra 指向该公式或陷阱的具体理解。,ruankao ruankao::build::20260520_235046 ruankao::chapter::07 ruankao::domain::成本管理 ruankao::type::公式卡 ruankao::importance::A ruankao::difficulty::2 ruankao::review::keep ruankao::topic_qa ruankao::topic::T-COST-002 ruankao::formula,sha256:423325c2845bac9d4455537b
软考::系统集成项目管理工程师::07_成本管理::专题问答卡::T-COST-002_挣值管理与成本绩效分析,RuankaoTopicCard,VAC 的公式和判断规则是什么？,VAC = BAC - EAC。VAC > 0 预计结余；VAC < 0 预计超预算。,<div>理解：例：BAC=800，EAC=950，则 VAC=-150，预计超预算 150。</div><div>来源：T-COST-002 试制黄金样例 / 挣值管理专题</div>,topic_qa,公式卡,,,A,2,计算题,成本管理,07,成本管理,T-COST-002,挣值管理与成本绩效分析,SRC-T-COST-002-PILOT-022,anki_pilot/T-COST-002/cards.csv,T-COST-002 黄金样例,,,keep,沿用 EVM 黄金样例，Front 短、Back 可判分，Extra 指向该公式或陷阱的具体理解。,ruankao ruankao::build::20260520_235046 ruankao::chapter::07 ruankao::domain::成本管理 ruankao::type::公式卡 ruankao::importance::A ruankao::difficulty::2 ruankao::review::keep ruankao::topic_qa ruankao::topic::T-COST-002 ruankao::formula,sha256:373647cf59640ab698c403cd
软考::系统集成项目管理工程师::07_成本管理::专题问答卡::T-COST-002_挣值管理与成本绩效分析,RuankaoTopicCard,以 BAC 为目标的 TCPI 怎么算？,TCPI = (BAC - EV) / (BAC - AC)。,<div>理解：例：BAC=800，EV=300，AC=360，则 TCPI=500/440≈1.14。</div><div>来源：T-COST-002 试制黄金样例 / 挣值管理专题</div>,topic_qa,公式卡,,,A,4,计算题,成本管理,07,成本管理,T-COST-002,挣值管理与成本绩效分析,SRC-T-COST-002-PILOT-023,anki_pilot/T-COST-002/cards.csv,T-COST-002 黄金样例,,,keep,沿用 EVM 黄金样例，Front 短、Back 可判分，Extra 指向该公式或陷阱的具体理解。,ruankao ruankao::build::20260520_235046 ruankao::chapter::07 ruankao::domain::成本管理 ruankao::type::公式卡 ruankao::importance::A ruankao::difficulty::4 ruankao::review::keep ruankao::topic_qa ruankao::topic::T-COST-002 ruankao::formula,sha256:866bcff281aef8b75eef8156
软考::系统集成项目管理工程师::07_成本管理::专题问答卡::T-COST-002_挣值管理与成本绩效分析,RuankaoTopicCard,PV=100，EV=90，AC=110。计算 SV 和 CV，并判断状态。,SV=90-100=-10；CV=90-110=-20。进度滞后，成本超支。,<div>理解：常见错法：把 PV 或 AC 当被减数。记住 EV 永远在前：SV=EV-PV，CV=EV-AC。</div><div>来源：T-COST-002 试制黄金样例 / 挣值管理专题</div>,calculation,计算卡,,,A,2,计算题,成本管理,07,成本管理,T-COST-002,挣值管理与成本绩效分析,SRC-T-COST-002-PILOT-024,anki_pilot/T-COST-002/cards.csv,T-COST-002 黄金样例,,,keep,沿用 EVM 黄金样例，Front 短、Back 可判分，Extra 指向该公式或陷阱的具体理解。,ruankao ruankao::build::20260520_235046 ruankao::chapter::07 ruankao::domain::成本管理 ruankao::type::计算卡 ruankao::importance::A ruankao::difficulty::2 ruankao::review::keep ruankao::calculation ruankao::topic::T-COST-002,sha256:61473dffc1de6d7a1b22087e
软考::系统集成项目管理工程师::07_成本管理::专题问答卡::T-COST-002_挣值管理与成本绩效分析,RuankaoTopicCard,PV=200，EV=240，AC=220。计算 SPI、CPI，并判断状态。,SPI=240/200=1.2，进度提前；CPI=240/220≈1.09，成本节约。,<div>理解：指数大于 1 通常是好。</div><div>来源：T-COST-002 试制黄金样例 / 挣值管理专题</div>,calculation,计算卡,,,A,2,计算题,成本管理,07,成本管理,T-COST-002,挣值管理与成本绩效分析,SRC-T-COST-002-PILOT-025,anki_pilot/T-COST-002/cards.csv,T-COST-002 黄金样例,,,keep,沿用 EVM 黄金样例，Front 短、Back 可判分，Extra 指向该公式或陷阱的具体理解。,ruankao ruankao::build::20260520_235046 ruankao::chapter::07 ruankao::domain::成本管理 ruankao::type::计算卡 ruankao::importance::A ruankao::difficulty::2 ruankao::review::keep ruankao::calculation ruankao::topic::T-COST-002,sha256:e143cb6114de9ff98b3a56ee
软考::系统集成项目管理工程师::07_成本管理::专题问答卡::T-COST-002_挣值管理与成本绩效分析,RuankaoTopicCard,SPI=0.8，CPI=1.2。如何判断项目状态？,进度滞后，成本节约。,<div>理解：SPI 管进度，CPI 管成本。两者可以一好一坏。</div><div>来源：T-COST-002 试制黄金样例 / 挣值管理专题</div>,calculation,计算卡,,,A,2,计算题,成本管理,07,成本管理,T-COST-002,挣值管理与成本绩效分析,SRC-T-COST-002-PILOT-026,anki_pilot/T-COST-002/cards.csv,T-COST-002 黄金样例,,,keep,沿用 EVM 黄金样例，Front 短、Back 可判分，Extra 指向该公式或陷阱的具体理解。,ruankao ruankao::build::20260520_235046 ruankao::chapter::07 ruankao::domain::成本管理 ruankao::type::计算卡 ruankao::importance::A ruankao::difficulty::2 ruankao::review::keep ruankao::calculation ruankao::topic::T-COST-002,sha256:d59cdfe265c0c06022ebacc5
软考::系统集成项目管理工程师::07_成本管理::专题问答卡::T-COST-002_挣值管理与成本绩效分析,RuankaoTopicCard,BAC=500，AC=200，EV=180，偏差为一次性且不会再出现。EAC 是多少？,EAC=AC+(BAC-EV)=200+(500-180)=520。,<div>理解：题干“不会再出现”触发非典型偏差公式。</div><div>来源：T-COST-002 试制黄金样例 / 挣值管理专题</div>,calculation,计算卡,,,A,3,计算题,成本管理,07,成本管理,T-COST-002,挣值管理与成本绩效分析,SRC-T-COST-002-PILOT-027,anki_pilot/T-COST-002/cards.csv,T-COST-002 黄金样例,,,keep,沿用 EVM 黄金样例，Front 短、Back 可判分，Extra 指向该公式或陷阱的具体理解。,ruankao ruankao::build::20260520_235046 ruankao::chapter::07 ruankao::domain::成本管理 ruankao::type::计算卡 ruankao::importance::A ruankao::difficulty::3 ruankao::review::keep ruankao::calculation ruankao::topic::T-COST-002,sha256:909f221f4567e79a7848f96d
软考::系统集成项目管理工程师::07_成本管理::专题问答卡::T-COST-002_挣值管理与成本绩效分析,RuankaoTopicCard,BAC=1000，EV=400，AC=500，当前成本绩效将持续。EAC 是多少？,CPI=400/500=0.8；EAC=BAC/CPI=1000/0.8=1250。,<div>理解：题干“将持续”触发典型偏差公式。</div><div>来源：T-COST-002 试制黄金样例 / 挣值管理专题</div>,calculation,计算卡,,,A,3,计算题,成本管理,07,成本管理,T-COST-002,挣值管理与成本绩效分析,SRC-T-COST-002-PILOT-028,anki_pilot/T-COST-002/cards.csv,T-COST-002 黄金样例,,,keep,沿用 EVM 黄金样例，Front 短、Back 可判分，Extra 指向该公式或陷阱的具体理解。,ruankao ruankao::build::20260520_235046 ruankao::chapter::07 ruankao::domain::成本管理 ruankao::type::计算卡 ruankao::importance::A ruankao::difficulty::3 ruankao::review::keep ruankao::calculation ruankao::topic::T-COST-002,sha256:c2e6bf8d07c03f5aa49e3da1
软考::系统集成项目管理工程师::07_成本管理::专题问答卡::T-COST-002_挣值管理与成本绩效分析,RuankaoTopicCard,BAC=800，EV=300，AC=360。若仍要按 BAC 完工，TCPI 是多少？,TCPI=(800-300)/(800-360)=500/440≈1.14。,<div>理解：TCPI > 1 表示剩余工作必须比预算效率更高。</div><div>来源：T-COST-002 试制黄金样例 / 挣值管理专题</div>,calculation,计算卡,,,A,4,计算题,成本管理,07,成本管理,T-COST-002,挣值管理与成本绩效分析,SRC-T-COST-002-PILOT-029,anki_pilot/T-COST-002/cards.csv,T-COST-002 黄金样例,,,keep,沿用 EVM 黄金样例，Front 短、Back 可判分，Extra 指向该公式或陷阱的具体理解。,ruankao ruankao::build::20260520_235046 ruankao::chapter::07 ruankao::domain::成本管理 ruankao::type::计算卡 ruankao::importance::A ruankao::difficulty::4 ruankao::review::keep ruankao::calculation ruankao::topic::T-COST-002,sha256:030844bcb000ff566dd618c3
软考::系统集成项目管理工程师::07_成本管理::专题问答卡::T-COST-002_挣值管理与成本绩效分析,RuankaoTopicCard,PV=600，EV=540，AC=630，BAC=1200。计算 SPI/CPI 并判断状态。,SPI=540/600=0.9，进度滞后；CPI=540/630≈0.857，成本超支。,<div>理解：如果按当前 CPI 持续，EAC≈1200/0.857≈1400，预计超预算。</div><div>来源：T-COST-002 试制黄金样例 / 挣值管理专题</div>,calculation,计算卡,,,A,4,计算题,成本管理,07,成本管理,T-COST-002,挣值管理与成本绩效分析,SRC-T-COST-002-PILOT-030,anki_pilot/T-COST-002/cards.csv,T-COST-002 黄金样例,,,keep,沿用 EVM 黄金样例，Front 短、Back 可判分，Extra 指向该公式或陷阱的具体理解。,ruankao ruankao::build::20260520_235046 ruankao::chapter::07 ruankao::domain::成本管理 ruankao::type::计算卡 ruankao::importance::A ruankao::difficulty::4 ruankao::review::keep ruankao::calculation ruankao::topic::T-COST-002,sha256:7edc45cdf03c234c04b76b18
软考::系统集成项目管理工程师::07_成本管理::专题问答卡::T-COST-002_挣值管理与成本绩效分析,RuankaoTopicCard,PV=400，EV=320，AC=380。计算 SV、CV、SPI、CPI。,SV=-80；CV=-60；SPI=0.8；CPI≈0.842。,<div>理解：下午案例中还要写文字结论：进度滞后且成本超支。</div><div>来源：T-COST-002 试制黄金样例 / 挣值管理专题</div>,calculation,计算卡,,,A,3,计算题,成本管理,07,成本管理,T-COST-002,挣值管理与成本绩效分析,SRC-T-COST-002-PILOT-031,anki_pilot/T-COST-002/cards.csv,T-COST-002 黄金样例,,,keep,沿用 EVM 黄金样例，Front 短、Back 可判分，Extra 指向该公式或陷阱的具体理解。,ruankao ruankao::build::20260520_235046 ruankao::chapter::07 ruankao::domain::成本管理 ruankao::type::计算卡 ruankao::importance::A ruankao::difficulty::3 ruankao::review::keep ruankao::calculation ruankao::topic::T-COST-002,sha256:a2e5f072cf3c67ad959d8e5c
软考::系统集成项目管理工程师::07_成本管理::专题问答卡::T-COST-002_挣值管理与成本绩效分析,RuankaoTopicCard,只给 PV=25 万、AC=28 万，没有 EV。能否判断成本超支？,不能。信息不足。,<div>理解：成本偏差 CV=EV-AC，缺 EV 就不知道完成工作的预算价值。</div><div>来源：T-COST-002 试制黄金样例 / 挣值管理专题</div>,calculation,计算卡,,,A,3,计算题,成本管理,07,成本管理,T-COST-002,挣值管理与成本绩效分析,SRC-T-COST-002-PILOT-032,anki_pilot/T-COST-002/cards.csv,T-COST-002 黄金样例,,,keep,沿用 EVM 黄金样例，Front 短、Back 可判分，Extra 指向该公式或陷阱的具体理解。,ruankao ruankao::build::20260520_235046 ruankao::chapter::07 ruankao::domain::成本管理 ruankao::type::计算卡 ruankao::importance::A ruankao::difficulty::3 ruankao::review::keep ruankao::calculation ruankao::topic::T-COST-002,sha256:91221697bf23b39f8cd6d03f
软考::系统集成项目管理工程师::07_成本管理::专题问答卡::T-COST-002_挣值管理与成本绩效分析,RuankaoTopicCard,BAC=800，EAC=950。VAC 是多少？含义是什么？,VAC=800-950=-150，表示预计超预算 150。,<div>理解：VAC 是预测偏差，不是当前偏差。</div><div>来源：T-COST-002 试制黄金样例 / 挣值管理专题</div>,calculation,计算卡,,,A,2,计算题,成本管理,07,成本管理,T-COST-002,挣值管理与成本绩效分析,SRC-T-COST-002-PILOT-033,anki_pilot/T-COST-002/cards.csv,T-COST-002 黄金样例,,,keep,沿用 EVM 黄金样例，Front 短、Back 可判分，Extra 指向该公式或陷阱的具体理解。,ruankao ruankao::build::20260520_235046 ruankao::chapter::07 ruankao::domain::成本管理 ruankao::type::计算卡 ruankao::importance::A ruankao::difficulty::2 ruankao::review::keep ruankao::calculation ruankao::topic::T-COST-002,sha256:d96d6094171f912590fc7ef1
软考::系统集成项目管理工程师::07_成本管理::专题问答卡::T-COST-002_挣值管理与成本绩效分析,RuankaoTopicCard,CV 和 SV 的核心区别是什么？,CV 比较 EV 与 AC，判断成本；SV 比较 EV 与 PV，判断进度。,<div>理解：两者都是 EV 在前。CV 的对手是实际花费，SV 的对手是计划价值。</div><div>来源：T-COST-002 试制黄金样例 / 挣值管理专题</div>,topic_qa,辨析卡,,,A,2,上午选择,成本管理,07,成本管理,T-COST-002,挣值管理与成本绩效分析,SRC-T-COST-002-PILOT-034,anki_pilot/T-COST-002/cards.csv,T-COST-002 黄金样例,,,keep,沿用 EVM 黄金样例，Front 短、Back 可判分，Extra 指向该公式或陷阱的具体理解。,ruankao ruankao::build::20260520_235046 ruankao::chapter::07 ruankao::domain::成本管理 ruankao::type::辨析卡 ruankao::importance::A ruankao::difficulty::2 ruankao::review::keep ruankao::topic_qa ruankao::topic::T-COST-002,sha256:37cf5ee31e537c92a0114a01
软考::系统集成项目管理工程师::07_成本管理::专题问答卡::T-COST-002_挣值管理与成本绩效分析,RuankaoTopicCard,CPI 和 SPI 的核心区别是什么？,CPI=EV/AC 判断成本效率；SPI=EV/PV 判断进度效率。,<div>理解：CPI 看花钱效率，SPI 看完成计划效率。</div><div>来源：T-COST-002 试制黄金样例 / 挣值管理专题</div>,topic_qa,辨析卡,,,A,2,上午选择,成本管理,07,成本管理,T-COST-002,挣值管理与成本绩效分析,SRC-T-COST-002-PILOT-035,anki_pilot/T-COST-002/cards.csv,T-COST-002 黄金样例,,,keep,沿用 EVM 黄金样例，Front 短、Back 可判分，Extra 指向该公式或陷阱的具体理解。,ruankao ruankao::build::20260520_235046 ruankao::chapter::07 ruankao::domain::成本管理 ruankao::type::辨析卡 ruankao::importance::A ruankao::difficulty::2 ruankao::review::keep ruankao::topic_qa ruankao::topic::T-COST-002,sha256:ec6a99eb6afeedf282717cb4
软考::系统集成项目管理工程师::07_成本管理::专题问答卡::T-COST-002_挣值管理与成本绩效分析,RuankaoTopicCard,PV、EV、AC 三者分别回答什么问题？,PV：按计划应完成值多少；EV：实际完成值多少；AC：实际花了多少。,<div>理解：不要把 EV 当 AC。EV 是产出价值，AC 是投入成本。</div><div>来源：T-COST-002 试制黄金样例 / 挣值管理专题</div>,topic_qa,辨析卡,,,A,2,上午选择,成本管理,07,成本管理,T-COST-002,挣值管理与成本绩效分析,SRC-T-COST-002-PILOT-036,anki_pilot/T-COST-002/cards.csv,T-COST-002 黄金样例,,,keep,沿用 EVM 黄金样例，Front 短、Back 可判分，Extra 指向该公式或陷阱的具体理解。,ruankao ruankao::build::20260520_235046 ruankao::chapter::07 ruankao::domain::成本管理 ruankao::type::辨析卡 ruankao::importance::A ruankao::difficulty::2 ruankao::review::keep ruankao::topic_qa ruankao::topic::T-COST-002,sha256:e73b5d95deebd554edd7fe21
软考::系统集成项目管理工程师::07_成本管理::专题问答卡::T-COST-002_挣值管理与成本绩效分析,RuankaoTopicCard,成本超支和进度落后一定同时出现吗？,不一定。,<div>理解：可能进度落后但成本节约，也可能进度超前但成本超支。要分别看 CPI/CV 和 SPI/SV。</div><div>来源：T-COST-002 试制黄金样例 / 挣值管理专题</div>,topic_qa,辨析卡,,,A,2,上午选择,成本管理,07,成本管理,T-COST-002,挣值管理与成本绩效分析,SRC-T-COST-002-PILOT-037,anki_pilot/T-COST-002/cards.csv,T-COST-002 黄金样例,,,keep,沿用 EVM 黄金样例，Front 短、Back 可判分，Extra 指向该公式或陷阱的具体理解。,ruankao ruankao::build::20260520_235046 ruankao::chapter::07 ruankao::domain::成本管理 ruankao::type::辨析卡 ruankao::importance::A ruankao::difficulty::2 ruankao::review::keep ruankao::topic_qa ruankao::topic::T-COST-002,sha256:9c449655f46d1b4dd55a0ecc
软考::系统集成项目管理工程师::07_成本管理::专题问答卡::T-COST-002_挣值管理与成本绩效分析,RuankaoTopicCard,SV < 0 是否表示项目延误了具体多少天？,不是。SV 的单位是货币，表示完成的预算价值低于计划值。,<div>理解：要判断关键路径和具体工期，还需结合进度网络。</div><div>来源：T-COST-002 试制黄金样例 / 挣值管理专题</div>,topic_qa,辨析卡,,,A,3,上午选择,成本管理,07,成本管理,T-COST-002,挣值管理与成本绩效分析,SRC-T-COST-002-PILOT-038,anki_pilot/T-COST-002/cards.csv,T-COST-002 黄金样例,,,keep,沿用 EVM 黄金样例，Front 短、Back 可判分，Extra 指向该公式或陷阱的具体理解。,ruankao ruankao::build::20260520_235046 ruankao::chapter::07 ruankao::domain::成本管理 ruankao::type::辨析卡 ruankao::importance::A ruankao::difficulty::3 ruankao::review::keep ruankao::topic_qa ruankao::topic::T-COST-002,sha256:0536ef9c80022bda05e582ec
软考::系统集成项目管理工程师::07_成本管理::专题问答卡::T-COST-002_挣值管理与成本绩效分析,RuankaoTopicCard,SPI > 1 是否保证项目一定按期或提前完工？,不保证。,<div>理解：SPI 是总体工作量效率，不专门测关键路径。关键路径活动仍可能延误。</div><div>来源：T-COST-002 试制黄金样例 / 挣值管理专题</div>,topic_qa,辨析卡,,,A,4,上午选择,成本管理,07,成本管理,T-COST-002,挣值管理与成本绩效分析,SRC-T-COST-002-PILOT-039,anki_pilot/T-COST-002/cards.csv,T-COST-002 黄金样例,,,keep,沿用 EVM 黄金样例，Front 短、Back 可判分，Extra 指向该公式或陷阱的具体理解。,ruankao ruankao::build::20260520_235046 ruankao::chapter::07 ruankao::domain::成本管理 ruankao::type::辨析卡 ruankao::importance::A ruankao::difficulty::4 ruankao::review::keep ruankao::topic_qa ruankao::topic::T-COST-002,sha256:e85468cc5dc55960e2959cab
软考::系统集成项目管理工程师::07_成本管理::专题问答卡::T-COST-002_挣值管理与成本绩效分析,RuankaoTopicCard,典型偏差和非典型偏差如何区分？,典型偏差会持续影响后续；非典型偏差是一次性、偶然、已解决。,<div>理解：典型常用 EAC=BAC/CPI；非典型常用 EAC=AC+(BAC-EV)。</div><div>来源：T-COST-002 试制黄金样例 / 挣值管理专题</div>,topic_qa,辨析卡,,,A,3,上午选择,成本管理,07,成本管理,T-COST-002,挣值管理与成本绩效分析,SRC-T-COST-002-PILOT-040,anki_pilot/T-COST-002/cards.csv,T-COST-002 黄金样例,,,keep,沿用 EVM 黄金样例，Front 短、Back 可判分，Extra 指向该公式或陷阱的具体理解。,ruankao ruankao::build::20260520_235046 ruankao::chapter::07 ruankao::domain::成本管理 ruankao::type::辨析卡 ruankao::importance::A ruankao::difficulty::3 ruankao::review::keep ruankao::topic_qa ruankao::topic::T-COST-002,sha256:76f57c3e48803564e28529ab
软考::系统集成项目管理工程师::07_成本管理::专题问答卡::T-COST-002_挣值管理与成本绩效分析,RuankaoTopicCard,EAC 和 ETC 的区别是什么？,EAC 是预计完工总成本；ETC 是从现在到完工还需要的成本。,<div>理解：ETC=EAC-AC。</div><div>来源：T-COST-002 试制黄金样例 / 挣值管理专题</div>,topic_qa,辨析卡,,,A,2,上午选择,成本管理,07,成本管理,T-COST-002,挣值管理与成本绩效分析,SRC-T-COST-002-PILOT-041,anki_pilot/T-COST-002/cards.csv,T-COST-002 黄金样例,,,keep,沿用 EVM 黄金样例，Front 短、Back 可判分，Extra 指向该公式或陷阱的具体理解。,ruankao ruankao::build::20260520_235046 ruankao::chapter::07 ruankao::domain::成本管理 ruankao::type::辨析卡 ruankao::importance::A ruankao::difficulty::2 ruankao::review::keep ruankao::topic_qa ruankao::topic::T-COST-002,sha256:dd50b5f57db802e08f03ae58
软考::系统集成项目管理工程师::07_成本管理::专题问答卡::T-COST-002_挣值管理与成本绩效分析,RuankaoTopicCard,VAC 和 CV 的区别是什么？,CV 是当前成本偏差；VAC 是完工时预计偏差。,<div>理解：CV=EV-AC，VAC=BAC-EAC。一个看当前，一个看预测。</div><div>来源：T-COST-002 试制黄金样例 / 挣值管理专题</div>,topic_qa,辨析卡,,,A,3,上午选择,成本管理,07,成本管理,T-COST-002,挣值管理与成本绩效分析,SRC-T-COST-002-PILOT-042,anki_pilot/T-COST-002/cards.csv,T-COST-002 黄金样例,,,keep,沿用 EVM 黄金样例，Front 短、Back 可判分，Extra 指向该公式或陷阱的具体理解。,ruankao ruankao::build::20260520_235046 ruankao::chapter::07 ruankao::domain::成本管理 ruankao::type::辨析卡 ruankao::importance::A ruankao::difficulty::3 ruankao::review::keep ruankao::topic_qa ruankao::topic::T-COST-002,sha256:88f2632b5e1f94e58b0e2ace
软考::系统集成项目管理工程师::07_成本管理::专题问答卡::T-COST-002_挣值管理与成本绩效分析,RuankaoTopicCard,为什么只有 PV 和 AC 不能判断绩效？,因为缺少 EV，不知道实际完成工作的预算价值。,<div>理解：没有 EV，就无法计算 SV、CV、SPI、CPI。</div><div>来源：T-COST-002 试制黄金样例 / 挣值管理专题</div>,topic_qa,辨析卡,,,A,3,上午选择,成本管理,07,成本管理,T-COST-002,挣值管理与成本绩效分析,SRC-T-COST-002-PILOT-043,anki_pilot/T-COST-002/cards.csv,T-COST-002 黄金样例,,,keep,沿用 EVM 黄金样例，Front 短、Back 可判分，Extra 指向该公式或陷阱的具体理解。,ruankao ruankao::build::20260520_235046 ruankao::chapter::07 ruankao::domain::成本管理 ruankao::type::辨析卡 ruankao::importance::A ruankao::difficulty::3 ruankao::review::keep ruankao::topic_qa ruankao::topic::T-COST-002,sha256:828557d4db4594d8f7707ae3
软考::系统集成项目管理工程师::07_成本管理::专题问答卡::T-COST-002_挣值管理与成本绩效分析,RuankaoTopicCard,下午案例中给出 PV、EV、AC，答题第一步写什么？,先列公式并计算 SV、CV、SPI、CPI。,<div>理解：然后用文字判断：进度提前/滞后、成本节约/超支。不要只写数字。</div><div>来源：T-COST-002 试制黄金样例 / 挣值管理专题</div>,topic_qa,案例模板卡,,,B,3,上午选择,成本管理,07,成本管理,T-COST-002,挣值管理与成本绩效分析,SRC-T-COST-002-PILOT-044,anki_pilot/T-COST-002/cards.csv,T-COST-002 黄金样例,,,keep,沿用 EVM 黄金样例，Front 短、Back 可判分，Extra 指向该公式或陷阱的具体理解。,ruankao ruankao::build::20260520_235046 ruankao::chapter::07 ruankao::domain::成本管理 ruankao::type::案例模板卡 ruankao::importance::B ruankao::difficulty::3 ruankao::review::keep ruankao::topic_qa ruankao::topic::T-COST-002,sha256:c45a31159206e69f249fb941
软考::系统集成项目管理工程师::07_成本管理::专题问答卡::T-COST-002_挣值管理与成本绩效分析,RuankaoTopicCard,案例题中如何判断“成本超支”？,优先看 CV<0 或 CPI<1。,<div>理解：表达模板：CV 为负、CPI 小于 1，说明实际花费超过已完成工作的预算价值，项目成本超支。</div><div>来源：T-COST-002 试制黄金样例 / 挣值管理专题</div>,topic_qa,案例模板卡,,,B,3,上午选择,成本管理,07,成本管理,T-COST-002,挣值管理与成本绩效分析,SRC-T-COST-002-PILOT-045,anki_pilot/T-COST-002/cards.csv,T-COST-002 黄金样例,,,keep,沿用 EVM 黄金样例，Front 短、Back 可判分，Extra 指向该公式或陷阱的具体理解。,ruankao ruankao::build::20260520_235046 ruankao::chapter::07 ruankao::domain::成本管理 ruankao::type::案例模板卡 ruankao::importance::B ruankao::difficulty::3 ruankao::review::keep ruankao::topic_qa ruankao::topic::T-COST-002,sha256:6a6b17b39c45d9292ac22a55
软考::系统集成项目管理工程师::07_成本管理::专题问答卡::T-COST-002_挣值管理与成本绩效分析,RuankaoTopicCard,案例题中如何判断“进度落后”？,优先看 SV<0 或 SPI<1。,<div>理解：表达模板：SV 为负、SPI 小于 1，说明实际完成工作的预算价值低于计划值，项目进度落后。</div><div>来源：T-COST-002 试制黄金样例 / 挣值管理专题</div>,topic_qa,案例模板卡,,,B,3,上午选择,成本管理,07,成本管理,T-COST-002,挣值管理与成本绩效分析,SRC-T-COST-002-PILOT-046,anki_pilot/T-COST-002/cards.csv,T-COST-002 黄金样例,,,keep,沿用 EVM 黄金样例，Front 短、Back 可判分，Extra 指向该公式或陷阱的具体理解。,ruankao ruankao::build::20260520_235046 ruankao::chapter::07 ruankao::domain::成本管理 ruankao::type::案例模板卡 ruankao::importance::B ruankao::difficulty::3 ruankao::review::keep ruankao::topic_qa ruankao::topic::T-COST-002,sha256:e76ab7fbc32d09319fadb26e
软考::系统集成项目管理工程师::07_成本管理::专题问答卡::T-COST-002_挣值管理与成本绩效分析,RuankaoTopicCard,挣值案例题的完整答题链是什么？,计算指标 → 判断状态 → 预测 EAC/ETC/VAC → 分析原因 → 提出措施。,<div>理解：措施要对应原因，例如范围蔓延走变更控制，效率低做资源优化，关键路径延误考虑赶工/快速跟进。</div><div>来源：T-COST-002 试制黄金样例 / 挣值管理专题</div>,topic_qa,案例模板卡,,,B,4,上午选择,成本管理,07,成本管理,T-COST-002,挣值管理与成本绩效分析,SRC-T-COST-002-PILOT-047,anki_pilot/T-COST-002/cards.csv,T-COST-002 黄金样例,,,keep,沿用 EVM 黄金样例，Front 短、Back 可判分，Extra 指向该公式或陷阱的具体理解。,ruankao ruankao::build::20260520_235046 ruankao::chapter::07 ruankao::domain::成本管理 ruankao::type::案例模板卡 ruankao::importance::B ruankao::difficulty::4 ruankao::review::keep ruankao::topic_qa ruankao::topic::T-COST-002,sha256:5dbf1bcc0cbb02878a0311c7
软考::系统集成项目管理工程师::07_成本管理::专题问答卡::T-COST-002_挣值管理与成本绩效分析,RuankaoTopicCard,成本控制措施题应从哪些方面组织答案？,影响成本基准变更因素、确保变更获批、监督绩效、记录偏差、防止未批准变更、通知干系人、采取纠偏措施。,<div>理解：用自己的话写也可以，但要具体，避免只写“加强成本管理”。</div><div>来源：T-COST-002 试制黄金样例 / 挣值管理专题</div>,topic_qa,案例模板卡,,,B,4,上午选择,成本管理,07,成本管理,T-COST-002,挣值管理与成本绩效分析,SRC-T-COST-002-PILOT-048,anki_pilot/T-COST-002/cards.csv,T-COST-002 黄金样例,,,keep,沿用 EVM 黄金样例，Front 短、Back 可判分，Extra 指向该公式或陷阱的具体理解。,ruankao ruankao::build::20260520_235046 ruankao::chapter::07 ruankao::domain::成本管理 ruankao::type::案例模板卡 ruankao::importance::B ruankao::difficulty::4 ruankao::review::keep ruankao::topic_qa ruankao::topic::T-COST-002,sha256:c10321377a70ad39d338b8a6
软考::系统集成项目管理工程师::07_成本管理::专题问答卡::T-COST-002_挣值管理与成本绩效分析,RuankaoTopicCard,EVM 指标如何回到管理动作？,先判断偏差方向，再追根因，最后选择进度、成本、范围、变更和沟通措施。,<div>理解：例：SPI<1 可查关键路径和资源效率；CPI<1 可查返工、采购成本、范围蔓延。</div><div>来源：T-COST-002 试制黄金样例 / 挣值管理专题</div>,topic_qa,案例模板卡,,,B,4,上午选择,成本管理,07,成本管理,T-COST-002,挣值管理与成本绩效分析,SRC-T-COST-002-PILOT-049,anki_pilot/T-COST-002/cards.csv,T-COST-002 黄金样例,,,keep,沿用 EVM 黄金样例，Front 短、Back 可判分，Extra 指向该公式或陷阱的具体理解。,ruankao ruankao::build::20260520_235046 ruankao::chapter::07 ruankao::domain::成本管理 ruankao::type::案例模板卡 ruankao::importance::B ruankao::difficulty::4 ruankao::review::keep ruankao::topic_qa ruankao::topic::T-COST-002,sha256:bfeafe739ceb0e107e20de13
软考::系统集成项目管理工程师::07_成本管理::专题问答卡::T-COST-002_挣值管理与成本绩效分析,RuankaoTopicCard,陷阱：AC 大于 PV 是否一定成本超支？,不一定。,<div>理解：成本是否超支看 EV 与 AC，不是 PV 与 AC。缺 EV 时无法判断。</div><div>来源：T-COST-002 试制黄金样例 / 挣值管理专题</div>,topic_qa,陷阱卡,,,B,3,上午选择,成本管理,07,成本管理,T-COST-002,挣值管理与成本绩效分析,SRC-T-COST-002-PILOT-050,anki_pilot/T-COST-002/cards.csv,T-COST-002 黄金样例,,,keep,沿用 EVM 黄金样例，Front 短、Back 可判分，Extra 指向该公式或陷阱的具体理解。,ruankao ruankao::build::20260520_235046 ruankao::chapter::07 ruankao::domain::成本管理 ruankao::type::陷阱卡 ruankao::importance::B ruankao::difficulty::3 ruankao::review::keep ruankao::topic_qa ruankao::topic::T-COST-002,sha256:068e833e9d59173cb203b516
软考::系统集成项目管理工程师::07_成本管理::专题问答卡::T-COST-002_挣值管理与成本绩效分析,RuankaoTopicCard,陷阱：CPI < 1 的含义是什么？,成本超支或成本效率低。,<div>理解：不要理解成“完成了 1%”。CPI 是 EV/AC。</div><div>来源：T-COST-002 试制黄金样例 / 挣值管理专题</div>,topic_qa,陷阱卡,,,B,2,上午选择,成本管理,07,成本管理,T-COST-002,挣值管理与成本绩效分析,SRC-T-COST-002-PILOT-051,anki_pilot/T-COST-002/cards.csv,T-COST-002 黄金样例,,,keep,沿用 EVM 黄金样例，Front 短、Back 可判分，Extra 指向该公式或陷阱的具体理解。,ruankao ruankao::build::20260520_235046 ruankao::chapter::07 ruankao::domain::成本管理 ruankao::type::陷阱卡 ruankao::importance::B ruankao::difficulty::2 ruankao::review::keep ruankao::topic_qa ruankao::topic::T-COST-002,sha256:2aae381140149ac1494c3169
软考::系统集成项目管理工程师::07_成本管理::专题问答卡::T-COST-002_挣值管理与成本绩效分析,RuankaoTopicCard,陷阱：SPI < 1 的含义是什么？,进度滞后或进度效率低。,<div>理解：SPI 是 EV/PV，不是实际工期/计划工期。</div><div>来源：T-COST-002 试制黄金样例 / 挣值管理专题</div>,topic_qa,陷阱卡,,,B,2,上午选择,成本管理,07,成本管理,T-COST-002,挣值管理与成本绩效分析,SRC-T-COST-002-PILOT-052,anki_pilot/T-COST-002/cards.csv,T-COST-002 黄金样例,,,keep,沿用 EVM 黄金样例，Front 短、Back 可判分，Extra 指向该公式或陷阱的具体理解。,ruankao ruankao::build::20260520_235046 ruankao::chapter::07 ruankao::domain::成本管理 ruankao::type::陷阱卡 ruankao::importance::B ruankao::difficulty::2 ruankao::review::keep ruankao::topic_qa ruankao::topic::T-COST-002,sha256:d190d3a255ce54712fda5ccb
软考::系统集成项目管理工程师::07_成本管理::专题问答卡::T-COST-002_挣值管理与成本绩效分析,RuankaoTopicCard,陷阱：CV/SV 和 CPI/SPI 的量纲有什么不同？,CV/SV 是货币差值；CPI/SPI 是无量纲指数。,<div>理解：差值看绝对偏差，指数看效率比例。</div><div>来源：T-COST-002 试制黄金样例 / 挣值管理专题</div>,topic_qa,陷阱卡,,,B,2,上午选择,成本管理,07,成本管理,T-COST-002,挣值管理与成本绩效分析,SRC-T-COST-002-PILOT-053,anki_pilot/T-COST-002/cards.csv,T-COST-002 黄金样例,,,keep,沿用 EVM 黄金样例，Front 短、Back 可判分，Extra 指向该公式或陷阱的具体理解。,ruankao ruankao::build::20260520_235046 ruankao::chapter::07 ruankao::domain::成本管理 ruankao::type::陷阱卡 ruankao::importance::B ruankao::difficulty::2 ruankao::review::keep ruankao::topic_qa ruankao::topic::T-COST-002,sha256:32b7f7d00f8ea671447522c2
软考::系统集成项目管理工程师::07_成本管理::专题问答卡::T-COST-002_挣值管理与成本绩效分析,RuankaoTopicCard,陷阱：EV 是否等于实际成本？,不等于。EV 是实际完成工作的预算价值；AC 才是实际成本。,<div>理解：这是挣值题最常见坑。</div><div>来源：T-COST-002 试制黄金样例 / 挣值管理专题</div>,topic_qa,陷阱卡,,,B,2,上午选择,成本管理,07,成本管理,T-COST-002,挣值管理与成本绩效分析,SRC-T-COST-002-PILOT-054,anki_pilot/T-COST-002/cards.csv,T-COST-002 黄金样例,,,keep,沿用 EVM 黄金样例，Front 短、Back 可判分，Extra 指向该公式或陷阱的具体理解。,ruankao ruankao::build::20260520_235046 ruankao::chapter::07 ruankao::domain::成本管理 ruankao::type::陷阱卡 ruankao::importance::B ruankao::difficulty::2 ruankao::review::keep ruankao::topic_qa ruankao::topic::T-COST-002,sha256:50d3e46dc76d1aec6b3272fa
软考::系统集成项目管理工程师::07_成本管理::专题问答卡::T-COST-002_挣值管理与成本绩效分析,RuankaoTopicCard,陷阱：EAC 公式是不是固定只有一个？,不是。,<div>理解：EAC 取决于未来绩效假设：非典型、典型、重新估算、同时考虑进度成本等。</div><div>来源：T-COST-002 试制黄金样例 / 挣值管理专题</div>,topic_qa,陷阱卡,,,B,3,上午选择,成本管理,07,成本管理,T-COST-002,挣值管理与成本绩效分析,SRC-T-COST-002-PILOT-055,anki_pilot/T-COST-002/cards.csv,T-COST-002 黄金样例,,,keep,沿用 EVM 黄金样例，Front 短、Back 可判分，Extra 指向该公式或陷阱的具体理解。,ruankao ruankao::build::20260520_235046 ruankao::chapter::07 ruankao::domain::成本管理 ruankao::type::陷阱卡 ruankao::importance::B ruankao::difficulty::3 ruankao::review::keep ruankao::topic_qa ruankao::topic::T-COST-002,sha256:0c4d2efb6637864b7d3080bc
软考::系统集成项目管理工程师::07_成本管理::专题问答卡::T-COST-002_挣值管理与成本绩效分析,RuankaoTopicCard,陷阱：计算完 EVM 指标，案例题是否就答完了？,没有。,<div>理解：下午案例还要写状态判断、原因分析、预测和管理措施。只写公式通常不够。</div><div>来源：T-COST-002 试制黄金样例 / 挣值管理专题</div>,topic_qa,陷阱卡,,,B,3,上午选择,成本管理,07,成本管理,T-COST-002,挣值管理与成本绩效分析,SRC-T-COST-002-PILOT-056,anki_pilot/T-COST-002/cards.csv,T-COST-002 黄金样例,,,keep,沿用 EVM 黄金样例，Front 短、Back 可判分，Extra 指向该公式或陷阱的具体理解。,ruankao ruankao::build::20260520_235046 ruankao::chapter::07 ruankao::domain::成本管理 ruankao::type::陷阱卡 ruankao::importance::B ruankao::difficulty::3 ruankao::review::keep ruankao::topic_qa ruankao::topic::T-COST-002,sha256:8689b61762fbec51c6b39f5b
