deck,note_type,front,back,extra,card_family,card_type,concept_name,concept_aliases,importance,difficulty,exam_use,knowledge_domain,chapter_id,chapter_name,source_topic_ids,source_topic_names,source_ids,source_file,source_heading,related_question_ids,related_topic_ids,manual_review_status,manual_review_note,tags,checksum
软考::系统集成项目管理工程师::01_信息化与信息系统::章节概念卡::01_信息化与信息系统_概念卡,RuankaoTopicCard,信息是什么？,信息是经过加工、具有意义并能支持决策的数据。,<div>理解：数据偏事实记录，信息偏可理解和可用于决策的内容。</div><div>题干信号：数据、加工、意义、决策</div><div>来源：01_信息化与信息系统 专题包 / topic_build_full 相关小节</div>,chapter_concept,概念卡,信息,,A,2,章节概念,信息化与信息系统,01,信息化与信息系统,T-INFO-001,信息化、信息系统生命周期与系统集成基础,SRC-CH-01-001,topic_learning_packages/topics/01_信息化与信息系统/T-INFO-001_专题学习包_信息化信息系统生命周期与系统集成基础.md,信息,,,keep,Front 聚焦“信息”这一章内概念，Back 一句话定边界，Extra 给出本概念的题干信号。,ruankao ruankao::build::20260520_235046 ruankao::chapter::01 ruankao::domain::信息化与信息系统 ruankao::type::概念卡 ruankao::importance::A ruankao::difficulty::2 ruankao::review::keep ruankao::chapter_concept,sha256:ec33098ead580813c2dedb26
软考::系统集成项目管理工程师::01_信息化与信息系统::章节概念卡::01_信息化与信息系统_概念卡,RuankaoTopicCard,信息化是什么？,信息化是利用信息技术开发和利用信息资源，推动业务、组织和社会运行方式改变的过程。,<div>理解：它不是单纯买设备，而是技术、数据、流程和管理共同变化。</div><div>题干信号：信息技术应用、信息资源、业务改造</div><div>来源：01_信息化与信息系统 专题包 / topic_build_full 相关小节</div>,chapter_concept,概念卡,信息化,,A,2,章节概念,信息化与信息系统,01,信息化与信息系统,T-INFO-001,信息化、信息系统生命周期与系统集成基础,SRC-CH-01-002,topic_learning_packages/topics/01_信息化与信息系统/T-INFO-001_专题学习包_信息化信息系统生命周期与系统集成基础.md,信息化,,,keep,Front 聚焦“信息化”这一章内概念，Back 一句话定边界，Extra 给出本概念的题干信号。,ruankao ruankao::build::20260520_235046 ruankao::chapter::01 ruankao::domain::信息化与信息系统 ruankao::type::概念卡 ruankao::importance::A ruankao::difficulty::2 ruankao::review::keep ruankao::chapter_concept,sha256:cf1fba79c9c3f8905e4d91be
软考::系统集成项目管理工程师::01_信息化与信息系统::章节概念卡::01_信息化与信息系统_概念卡,RuankaoTopicCard,国家信息化体系是什么？,国家信息化体系通常从信息资源、网络、技术应用、产业、人才、政策法规和标准等要素理解。,<div>理解：具体要素表述有教材口径风险，涉及完整枚举时应核验。</div><div>题干信号：六要素、政策法规、信息化人才</div><div>来源：01_信息化与信息系统 专题包 / topic_build_full 相关小节</div>,chapter_concept,概念卡,国家信息化体系,,B,3,章节概念,信息化与信息系统,01,信息化与信息系统,T-INFO-001,信息化、信息系统生命周期与系统集成基础,SRC-CH-01-003,topic_learning_packages/topics/01_信息化与信息系统/T-INFO-001_专题学习包_信息化信息系统生命周期与系统集成基础.md,国家信息化体系,,,keep,Front 聚焦“国家信息化体系”这一章内概念，Back 一句话定边界，Extra 给出本概念的题干信号。,ruankao ruankao::build::20260520_235046 ruankao::chapter::01 ruankao::domain::信息化与信息系统 ruankao::type::概念卡 ruankao::importance::B ruankao::difficulty::3 ruankao::review::keep ruankao::chapter_concept,sha256:e177d3dfeda457cd6f49733c
软考::系统集成项目管理工程师::01_信息化与信息系统::章节概念卡::01_信息化与信息系统_概念卡,RuankaoTopicCard,信息系统是什么？,信息系统是由人、硬件、软件、网络、数据和规程组成，用于处理信息并支持组织活动的系统。,<div>理解：不要把信息系统等同于软件；系统集成题常强调软硬件、网络和管理的整体。</div><div>题干信号：人机系统、数据处理、组织支持</div><div>来源：01_信息化与信息系统 专题包 / topic_build_full 相关小节</div>,chapter_concept,概念卡,信息系统,,A,2,章节概念,信息化与信息系统,01,信息化与信息系统,T-INFO-001,信息化、信息系统生命周期与系统集成基础,SRC-CH-01-004,topic_learning_packages/topics/01_信息化与信息系统/T-INFO-001_专题学习包_信息化信息系统生命周期与系统集成基础.md,信息系统,,,keep,Front 聚焦“信息系统”这一章内概念，Back 一句话定边界，Extra 给出本概念的题干信号。,ruankao ruankao::build::20260520_235046 ruankao::chapter::01 ruankao::domain::信息化与信息系统 ruankao::type::概念卡 ruankao::importance::A ruankao::difficulty::2 ruankao::review::keep ruankao::chapter_concept,sha256:c876c8b54cd6a3c37a634e6c
软考::系统集成项目管理工程师::01_信息化与信息系统::章节概念卡::01_信息化与信息系统_概念卡,RuankaoTopicCard,信息系统生命周期是什么？,信息系统生命周期描述系统从规划、开发、运行维护到更新或退役的全过程。,<div>理解：它比单个项目生命周期更长，系统上线后仍进入运维和演化。</div><div>题干信号：规划、开发、运维、退役</div><div>来源：01_信息化与信息系统 专题包 / topic_build_full 相关小节</div>,chapter_concept,概念卡,信息系统生命周期,,A,2,章节概念,信息化与信息系统,01,信息化与信息系统,T-INFO-001,信息化、信息系统生命周期与系统集成基础,SRC-CH-01-005,topic_learning_packages/topics/01_信息化与信息系统/T-INFO-001_专题学习包_信息化信息系统生命周期与系统集成基础.md,信息系统生命周期,,,keep,Front 聚焦“信息系统生命周期”这一章内概念，Back 一句话定边界，Extra 给出本概念的题干信号。,ruankao ruankao::build::20260520_235046 ruankao::chapter::01 ruankao::domain::信息化与信息系统 ruankao::type::概念卡 ruankao::importance::A ruankao::difficulty::2 ruankao::review::keep ruankao::chapter_concept,sha256:a8d5ee394d703621cfdd6df6
软考::系统集成项目管理工程师::01_信息化与信息系统::章节概念卡::01_信息化与信息系统_概念卡,RuankaoTopicCard,系统集成是什么？,系统集成是把硬件、软件、网络、数据和业务流程组合成满足用户需求的信息系统。,<div>理解：核心不是拼设备，而是满足用户需求并形成可运行整体。</div><div>题干信号：软硬件网络集成、满足需求</div><div>来源：01_信息化与信息系统 专题包 / topic_build_full 相关小节</div>,chapter_concept,概念卡,系统集成,,A,2,章节概念,信息化与信息系统,01,信息化与信息系统,T-INFO-001,信息化、信息系统生命周期与系统集成基础,SRC-CH-01-006,topic_learning_packages/topics/01_信息化与信息系统/T-INFO-001_专题学习包_信息化信息系统生命周期与系统集成基础.md,系统集成,,,keep,Front 聚焦“系统集成”这一章内概念，Back 一句话定边界，Extra 给出本概念的题干信号。,ruankao ruankao::build::20260520_235046 ruankao::chapter::01 ruankao::domain::信息化与信息系统 ruankao::type::概念卡 ruankao::importance::A ruankao::difficulty::2 ruankao::review::keep ruankao::chapter_concept,sha256:e2f884cd62aeba97325359c2
软考::系统集成项目管理工程师::01_信息化与信息系统::章节概念卡::01_信息化与信息系统_概念卡,RuankaoTopicCard,需求分析是什么？,需求分析明确待建系统必须做什么以及应具备哪些功能和性能。,<div>理解：需求分析问 What to do，设计阶段才问 How to do。</div><div>题干信号：目标、范围、用户需求、What</div><div>来源：01_信息化与信息系统 专题包 / topic_build_full 相关小节</div>,chapter_concept,概念卡,需求分析,,A,2,章节概念,信息化与信息系统,01,信息化与信息系统,T-INFO-001,信息化、信息系统生命周期与系统集成基础,SRC-CH-01-007,topic_learning_packages/topics/01_信息化与信息系统/T-INFO-001_专题学习包_信息化信息系统生命周期与系统集成基础.md,需求分析,,,keep,Front 聚焦“需求分析”这一章内概念，Back 一句话定边界，Extra 给出本概念的题干信号。,ruankao ruankao::build::20260520_235046 ruankao::chapter::01 ruankao::domain::信息化与信息系统 ruankao::type::概念卡 ruankao::importance::A ruankao::difficulty::2 ruankao::review::keep ruankao::chapter_concept,sha256:e9c003cb2abed414904e8fc3
软考::系统集成项目管理工程师::01_信息化与信息系统::章节概念卡::01_信息化与信息系统_概念卡,RuankaoTopicCard,瀑布模型是什么？,瀑布模型按需求、设计、编码、测试等阶段顺序推进，适合需求较稳定的项目。,<div>理解：需求不清或风险高时，瀑布模型容易在后期暴露问题。</div><div>题干信号：阶段顺序、需求稳定</div><div>来源：01_信息化与信息系统 专题包 / topic_build_full 相关小节</div>,chapter_concept,概念卡,瀑布模型,,B,3,章节概念,信息化与信息系统,01,信息化与信息系统,T-INFO-001,信息化、信息系统生命周期与系统集成基础,SRC-CH-01-008,topic_learning_packages/topics/01_信息化与信息系统/T-INFO-001_专题学习包_信息化信息系统生命周期与系统集成基础.md,瀑布模型,,,keep,Front 聚焦“瀑布模型”这一章内概念，Back 一句话定边界，Extra 给出本概念的题干信号。,ruankao ruankao::build::20260520_235046 ruankao::chapter::01 ruankao::domain::信息化与信息系统 ruankao::type::概念卡 ruankao::importance::B ruankao::difficulty::3 ruankao::review::keep ruankao::chapter_concept,sha256:dba7e7ea4a3910f781deb176
软考::系统集成项目管理工程师::01_信息化与信息系统::章节概念卡::01_信息化与信息系统_概念卡,RuankaoTopicCard,V 模型是什么？,V 模型强调开发阶段与测试阶段的对应关系，突出验证和确认。,<div>理解：看到需求、设计与验收测试、系统测试配对时，要想到 V 模型。</div><div>题干信号：测试对应、验证确认</div><div>来源：01_信息化与信息系统 专题包 / topic_build_full 相关小节</div>,chapter_concept,概念卡,V 模型,,B,3,章节概念,信息化与信息系统,01,信息化与信息系统,T-INFO-001,信息化、信息系统生命周期与系统集成基础,SRC-CH-01-009,topic_learning_packages/topics/01_信息化与信息系统/T-INFO-001_专题学习包_信息化信息系统生命周期与系统集成基础.md,V 模型,,,keep,Front 聚焦“V 模型”这一章内概念，Back 一句话定边界，Extra 给出本概念的题干信号。,ruankao ruankao::build::20260520_235046 ruankao::chapter::01 ruankao::domain::信息化与信息系统 ruankao::type::概念卡 ruankao::importance::B ruankao::difficulty::3 ruankao::review::keep ruankao::chapter_concept,sha256:dada2e87a59a3cc0ec098d40
软考::系统集成项目管理工程师::01_信息化与信息系统::章节概念卡::01_信息化与信息系统_概念卡,RuankaoTopicCard,UML是什么？,UML 是面向对象分析与设计的可视化建模语言，不是程序设计语言。,<div>理解：题干说“可视化程序设计语言”通常是陷阱。</div><div>题干信号：建模语言、类图、用例图</div><div>来源：01_信息化与信息系统 专题包 / topic_build_full 相关小节</div>,chapter_concept,概念卡,UML,,B,3,章节概念,信息化与信息系统,01,信息化与信息系统,T-INFO-001,信息化、信息系统生命周期与系统集成基础,SRC-CH-01-010,topic_learning_packages/topics/01_信息化与信息系统/T-INFO-001_专题学习包_信息化信息系统生命周期与系统集成基础.md,UML,,,keep,Front 聚焦“UML”这一章内概念，Back 一句话定边界，Extra 给出本概念的题干信号。,ruankao ruankao::build::20260520_235046 ruankao::chapter::01 ruankao::domain::信息化与信息系统 ruankao::type::概念卡 ruankao::importance::B ruankao::difficulty::3 ruankao::review::keep ruankao::chapter_concept,sha256:62a4cb9f171c1ded2e3096eb
软考::系统集成项目管理工程师::待核验与复查,RuankaoTopicCard,信息化与信息系统中哪些概念不应直接按数字或版本背诵？,涉及法规数字、标准编号、过程名称版本差异或教材译名的内容，应先核验教材或现行法规。,<div>理解：这类卡只提醒隔离风险，不把不稳定数字塞进主复习。</div><div>来源：pending_verification_register.md</div>,chapter_concept,待核验卡,教材口径待核验项,,C,3,待核验,信息化与信息系统,01,信息化与信息系统,T-INFO-001,信息化、信息系统生命周期与系统集成基础,SRC-PV-01,topic_learning_packages/reports/pending_verification_register.md,相关 PV 条目,,,needs_human_review,涉及法规、标准或教材口径差异，方向可复习但具体数字和版本必须人工核验。,ruankao ruankao::build::20260520_235046 ruankao::chapter::01 ruankao::domain::信息化与信息系统 ruankao::type::待核验卡 ruankao::importance::C ruankao::difficulty::3 ruankao::review::needs_human_review ruankao::chapter_concept ruankao::needs_review ruankao::not_for_main_review,sha256:ca81654770918f1ea8f0f67e
软考::系统集成项目管理工程师::02_项目管理基础::章节概念卡::02_项目管理基础_概念卡,RuankaoTopicCard,项目是什么？,项目是为创造独特产品、服务或成果而进行的临时性工作。,<div>理解：临时性不等于时间短，独特性不等于完全没有历史经验。</div><div>题干信号：临时性、独特性、成果</div><div>来源：02_项目管理基础 专题包 / topic_build_full 相关小节</div>,chapter_concept,概念卡,项目,,A,2,章节概念,项目管理基础,02,项目管理基础,T-PM-002,五大过程组、十大知识域与 PDCA,SRC-CH-02-001,topic_learning_packages/topics/02_项目管理基础/T-PM-002_专题学习包_五大过程组十大知识域与PDCA.md,项目,,,keep,Front 聚焦“项目”这一章内概念，Back 一句话定边界，Extra 给出本概念的题干信号。,ruankao ruankao::build::20260520_235046 ruankao::chapter::02 ruankao::domain::项目管理基础 ruankao::type::概念卡 ruankao::importance::A ruankao::difficulty::2 ruankao::review::keep ruankao::chapter_concept,sha256:64e7e7a0aab72b87063b9696
软考::系统集成项目管理工程师::02_项目管理基础::章节概念卡::02_项目管理基础_概念卡,RuankaoTopicCard,项目目标约束是什么？,项目通常要在范围、时间、成本、质量、资源和风险等约束下达成目标。,<div>理解：案例题常考“只压工期导致成本或质量受影响”。</div><div>题干信号：多目标权衡、三重约束</div><div>来源：02_项目管理基础 专题包 / topic_build_full 相关小节</div>,chapter_concept,概念卡,项目目标约束,,A,2,章节概念,项目管理基础,02,项目管理基础,T-PM-002,五大过程组、十大知识域与 PDCA,SRC-CH-02-002,topic_learning_packages/topics/02_项目管理基础/T-PM-002_专题学习包_五大过程组十大知识域与PDCA.md,项目目标约束,,,keep,Front 聚焦“项目目标约束”这一章内概念，Back 一句话定边界，Extra 给出本概念的题干信号。,ruankao ruankao::build::20260520_235046 ruankao::chapter::02 ruankao::domain::项目管理基础 ruankao::type::概念卡 ruankao::importance::A ruankao::difficulty::2 ruankao::review::keep ruankao::chapter_concept,sha256:a6c3c6f900ace05be1337a3a
软考::系统集成项目管理工程师::02_项目管理基础::章节概念卡::02_项目管理基础_概念卡,RuankaoTopicCard,项目生命周期是什么？,项目生命周期是项目从启动到收尾经历的一系列阶段。,<div>理解：它与产品生命周期、信息系统生命周期不同，项目结束后产品或系统仍可继续存在。</div><div>题干信号：启动、阶段、收尾</div><div>来源：02_项目管理基础 专题包 / topic_build_full 相关小节</div>,chapter_concept,概念卡,项目生命周期,,A,2,章节概念,项目管理基础,02,项目管理基础,T-PM-002,五大过程组、十大知识域与 PDCA,SRC-CH-02-003,topic_learning_packages/topics/02_项目管理基础/T-PM-002_专题学习包_五大过程组十大知识域与PDCA.md,项目生命周期,,,keep,Front 聚焦“项目生命周期”这一章内概念，Back 一句话定边界，Extra 给出本概念的题干信号。,ruankao ruankao::build::20260520_235046 ruankao::chapter::02 ruankao::domain::项目管理基础 ruankao::type::概念卡 ruankao::importance::A ruankao::difficulty::2 ruankao::review::keep ruankao::chapter_concept,sha256:93be6ac8921794dfc4c35f30
软考::系统集成项目管理工程师::02_项目管理基础::章节概念卡::02_项目管理基础_概念卡,RuankaoTopicCard,阶段门是什么？,阶段门是在阶段结束处进行评审和决策的控制点。,<div>理解：题干出现“是否进入下一阶段、评审通过后继续”，优先想到阶段门。</div><div>题干信号：阶段评审、继续/终止</div><div>来源：02_项目管理基础 专题包 / topic_build_full 相关小节</div>,chapter_concept,概念卡,阶段门,,B,3,章节概念,项目管理基础,02,项目管理基础,T-PM-002,五大过程组、十大知识域与 PDCA,SRC-CH-02-004,topic_learning_packages/topics/02_项目管理基础/T-PM-002_专题学习包_五大过程组十大知识域与PDCA.md,阶段门,,,keep,Front 聚焦“阶段门”这一章内概念，Back 一句话定边界，Extra 给出本概念的题干信号。,ruankao ruankao::build::20260520_235046 ruankao::chapter::02 ruankao::domain::项目管理基础 ruankao::type::概念卡 ruankao::importance::B ruankao::difficulty::3 ruankao::review::keep ruankao::chapter_concept,sha256:d1178a85f72075c02646e98c
软考::系统集成项目管理工程师::02_项目管理基础::章节概念卡::02_项目管理基础_概念卡,RuankaoTopicCard,五大过程组是什么？,五大过程组是启动、规划、执行、监控、收尾，描述项目管理活动的时间逻辑。,<div>理解：过程组不是项目生命周期阶段，但常与阶段交织出现。</div><div>题干信号：启动规划执行监控收尾</div><div>来源：02_项目管理基础 专题包 / topic_build_full 相关小节</div>,chapter_concept,概念卡,五大过程组,,A,2,章节概念,项目管理基础,02,项目管理基础,T-PM-002,五大过程组、十大知识域与 PDCA,SRC-CH-02-005,topic_learning_packages/topics/02_项目管理基础/T-PM-002_专题学习包_五大过程组十大知识域与PDCA.md,五大过程组,,,keep,Front 聚焦“五大过程组”这一章内概念，Back 一句话定边界，Extra 给出本概念的题干信号。,ruankao ruankao::build::20260520_235046 ruankao::chapter::02 ruankao::domain::项目管理基础 ruankao::type::概念卡 ruankao::importance::A ruankao::difficulty::2 ruankao::review::keep ruankao::chapter_concept,sha256:01f69ff3e1a1dc50c05d1633
软考::系统集成项目管理工程师::02_项目管理基础::章节概念卡::02_项目管理基础_概念卡,RuankaoTopicCard,十大知识域是什么？,十大知识域按管理内容划分项目管理工作，如范围、进度、成本、质量、风险等。,<div>理解：知识域回答管什么，过程组回答什么时候管。</div><div>题干信号：范围、进度、成本、质量</div><div>来源：02_项目管理基础 专题包 / topic_build_full 相关小节</div>,chapter_concept,概念卡,十大知识域,,A,2,章节概念,项目管理基础,02,项目管理基础,T-PM-002,五大过程组、十大知识域与 PDCA,SRC-CH-02-006,topic_learning_packages/topics/02_项目管理基础/T-PM-002_专题学习包_五大过程组十大知识域与PDCA.md,十大知识域,,,keep,Front 聚焦“十大知识域”这一章内概念，Back 一句话定边界，Extra 给出本概念的题干信号。,ruankao ruankao::build::20260520_235046 ruankao::chapter::02 ruankao::domain::项目管理基础 ruankao::type::概念卡 ruankao::importance::A ruankao::difficulty::2 ruankao::review::keep ruankao::chapter_concept,sha256:2d7e0c23a1b7612dae1641aa
软考::系统集成项目管理工程师::02_项目管理基础::章节概念卡::02_项目管理基础_概念卡,RuankaoTopicCard,PDCA是什么？,PDCA 是计划、执行、检查、处理的持续改进循环。,<div>理解：软考常把 PDCA 与规划、执行、监控和纠偏联系起来。</div><div>题干信号：计划执行检查处理</div><div>来源：02_项目管理基础 专题包 / topic_build_full 相关小节</div>,chapter_concept,概念卡,PDCA,,B,3,章节概念,项目管理基础,02,项目管理基础,T-PM-002,五大过程组、十大知识域与 PDCA,SRC-CH-02-007,topic_learning_packages/topics/02_项目管理基础/T-PM-002_专题学习包_五大过程组十大知识域与PDCA.md,PDCA,,,keep,Front 聚焦“PDCA”这一章内概念，Back 一句话定边界，Extra 给出本概念的题干信号。,ruankao ruankao::build::20260520_235046 ruankao::chapter::02 ruankao::domain::项目管理基础 ruankao::type::概念卡 ruankao::importance::B ruankao::difficulty::3 ruankao::review::keep ruankao::chapter_concept,sha256:70ceb7929baa1a42bfc65b70
软考::系统集成项目管理工程师::02_项目管理基础::章节概念卡::02_项目管理基础_概念卡,RuankaoTopicCard,项目经理是什么？,项目经理负责整合项目资源并对项目目标实现承担管理责任。,<div>理解：项目经理不是万能批准者，权限受组织结构和章程授权影响。</div><div>题干信号：整合、授权、责任</div><div>来源：02_项目管理基础 专题包 / topic_build_full 相关小节</div>,chapter_concept,概念卡,项目经理,,A,2,章节概念,项目管理基础,02,项目管理基础,T-PM-002,五大过程组、十大知识域与 PDCA,SRC-CH-02-008,topic_learning_packages/topics/02_项目管理基础/T-PM-002_专题学习包_五大过程组十大知识域与PDCA.md,项目经理,,,keep,Front 聚焦“项目经理”这一章内概念，Back 一句话定边界，Extra 给出本概念的题干信号。,ruankao ruankao::build::20260520_235046 ruankao::chapter::02 ruankao::domain::项目管理基础 ruankao::type::概念卡 ruankao::importance::A ruankao::difficulty::2 ruankao::review::keep ruankao::chapter_concept,sha256:b8c8b0c5917ccb954c7499c4
软考::系统集成项目管理工程师::02_项目管理基础::章节概念卡::02_项目管理基础_概念卡,RuankaoTopicCard,PMO是什么？,PMO 是对项目、项目集或项目组合提供支持、控制或指令的组织单元。,<div>理解：支持型、控制型、指令型 PMO 的权力逐渐增强。</div><div>题干信号：支持、控制、指令</div><div>来源：02_项目管理基础 专题包 / topic_build_full 相关小节</div>,chapter_concept,概念卡,PMO,,B,3,章节概念,项目管理基础,02,项目管理基础,T-PM-002,五大过程组、十大知识域与 PDCA,SRC-CH-02-009,topic_learning_packages/topics/02_项目管理基础/T-PM-002_专题学习包_五大过程组十大知识域与PDCA.md,PMO,,,keep,Front 聚焦“PMO”这一章内概念，Back 一句话定边界，Extra 给出本概念的题干信号。,ruankao ruankao::build::20260520_235046 ruankao::chapter::02 ruankao::domain::项目管理基础 ruankao::type::概念卡 ruankao::importance::B ruankao::difficulty::3 ruankao::review::keep ruankao::chapter_concept,sha256:c59df25cb1752d607135ddda
软考::系统集成项目管理工程师::待核验与复查,RuankaoTopicCard,项目管理基础中哪些概念不应直接按数字或版本背诵？,涉及法规数字、标准编号、过程名称版本差异或教材译名的内容，应先核验教材或现行法规。,<div>理解：这类卡只提醒隔离风险，不把不稳定数字塞进主复习。</div><div>来源：pending_verification_register.md</div>,chapter_concept,待核验卡,教材口径待核验项,,C,3,待核验,项目管理基础,02,项目管理基础,T-PM-002,五大过程组、十大知识域与 PDCA,SRC-PV-02,topic_learning_packages/reports/pending_verification_register.md,相关 PV 条目,,,needs_human_review,涉及法规、标准或教材口径差异，方向可复习但具体数字和版本必须人工核验。,ruankao ruankao::build::20260520_235046 ruankao::chapter::02 ruankao::domain::项目管理基础 ruankao::type::待核验卡 ruankao::importance::C ruankao::difficulty::3 ruankao::review::needs_human_review ruankao::chapter_concept ruankao::needs_review ruankao::not_for_main_review,sha256:edbf0d51b1060ff6beadfecb
软考::系统集成项目管理工程师::03_立项管理::章节概念卡::03_立项管理_概念卡,RuankaoTopicCard,项目建议书是什么？,项目建议书是立项前提出拟建项目总体设想和立项申请的文件，为项目选择和后续可行性研究提供依据。,<div>理解：它回答“为什么提出这个项目、大致要做什么”，还不是正式授权项目执行。</div><div>易错点：不要和项目章程混淆。</div><div>来源：tutorial 5.1.1。</div>,chapter_concept,概念卡,项目建议书,立项申请,A,2,章节概念,立项管理,03,立项管理,T-FEA-001,立项管理：项目建议书、可行性研究与项目论证,SRC-FEA-TUTOR-001,tutorial.full.clean.md,5.1.1 项目建议书,,T-INT-002,keep,概念定义清楚，Back 一句话，Extra 给出项目章程边界。,ruankao ruankao::build::20260520_235046 ruankao::family::chapter_concept ruankao::chapter::03 ruankao::domain::立项管理 ruankao::type::概念卡 ruankao::concept::项目建议书 ruankao::review::keep,sha256:c2823e147cc4c2df8638a96d
软考::系统集成项目管理工程师::03_立项管理::章节概念卡::03_立项管理_概念卡,RuankaoTopicCard,项目建议书主要服务于什么决策？,主要服务于项目选择和后续是否开展可行性研究的前期决策。,<div>记忆线索：建议书先让主管部门判断“这个项目值不值得继续研究”。</div><div>来源：tutorial 5.1.1。</div>,chapter_concept,概念卡,项目建议书,立项申请,A,2,章节概念,立项管理,03,立项管理,T-FEA-001,立项管理：项目建议书、可行性研究与项目论证,SRC-FEA-TUTOR-001,tutorial.full.clean.md,5.1.1 项目建议书,,,keep,与定义卡合理冗余，强调决策用途而不是重复定义。,ruankao ruankao::build::20260520_235046 ruankao::family::chapter_concept ruankao::chapter::03 ruankao::domain::立项管理 ruankao::type::概念卡 ruankao::concept::项目建议书 ruankao::review::keep,sha256:d807587e7781052d4fb43a63
软考::系统集成项目管理工程师::03_立项管理::章节概念卡::03_立项管理_概念卡,RuankaoTopicCard,项目建议书批复是什么？,项目建议书批复是审批部门对项目建议书的审核批准结果，是后续可研和建设工作的依据之一。,<div>易错点：后续可研内容若相对批复发生重大变更，不能只在可研中自行调整。</div><div>来源：tutorial 5.1.2 / 5.3。</div>,chapter_concept,概念卡,项目建议书批复,建议书批复,A,2,章节概念,立项管理,03,立项管理,T-FEA-001,立项管理：项目建议书、可行性研究与项目论证,SRC-FEA-TUTOR-002;SRC-FEA-TUTOR-007,tutorial.full.clean.md,5.1.2 项目建议书的编写、申报和审批;5.3 项目审批,,,keep,概念和用途都稳定，支持后续重大变更卡。,ruankao ruankao::build::20260520_235046 ruankao::family::chapter_concept ruankao::chapter::03 ruankao::domain::立项管理 ruankao::type::概念卡 ruankao::concept::项目建议书批复 ruankao::review::keep,sha256:313efe13e15762f9076d8443
软考::系统集成项目管理工程师::03_立项管理::章节概念卡::03_立项管理_概念卡,RuankaoTopicCard,需求分析报告在项目建议书阶段起什么作用？,它为项目建议书编制和审批咨询意见提供参考。,<div>理解：这是立项前的需求依据收集，不等于后续完整需求规格说明。</div><div>来源：tutorial 5.1.2。</div>,chapter_concept,概念卡,需求分析报告,,B,2,章节概念,立项管理,03,立项管理,T-FEA-001,立项管理：项目建议书、可行性研究与项目论证,SRC-FEA-TUTOR-002,tutorial.full.clean.md,5.1.2 项目建议书的编写、申报和审批,,T-SCOPE-002,keep,Front 明确，能解释立项阶段为什么出现需求分析。,ruankao ruankao::build::20260520_235046 ruankao::family::chapter_concept ruankao::chapter::03 ruankao::domain::立项管理 ruankao::type::概念卡 ruankao::concept::需求分析报告 ruankao::review::keep,sha256:901f8bfd69a725a7d6eb999c
软考::系统集成项目管理工程师::03_立项管理::章节概念卡::03_立项管理_概念卡,RuankaoTopicCard,项目章程在本章概念边界中指什么？,项目章程是正式批准项目存在并授权项目经理的启动文件，不是立项前的项目建议书。,<div>关联：章节概念卡纳入它，是为了和项目建议书划清边界。</div><div>来源：tutorial 4/6 章交叉；T-FEA 手工样例。</div>,chapter_concept,辨析卡,项目章程,,A,2,跨域辨析,立项管理,03,立项管理,T-FEA-001,立项管理：项目建议书、可行性研究与项目论证,SRC-FEA-TUTOR-001;SRC-FEA-IDX-001,tutorial.full.clean.md,5.1.1 项目建议书,,T-INT-002,keep,虽然属于相邻专题，但作为立项章节边界概念很必要。,ruankao ruankao::build::20260520_235046 ruankao::family::chapter_concept ruankao::chapter::03 ruankao::domain::立项管理 ruankao::type::辨析卡 ruankao::concept::项目章程 ruankao::review::keep,sha256:a2a2a982c65148197b4ae15f
软考::系统集成项目管理工程师::03_立项管理::章节概念卡::03_立项管理_概念卡,RuankaoTopicCard,可行性研究是什么？,可行性研究是对拟建项目的必要性、可行性、合理性和风险进行系统分析，为立项或投资决策提供依据。,<div>题干信号：是否值得投资、技术经济分析、方案比较、风险对策。</div><div>来源：tutorial 5.2.1。</div>,chapter_concept,概念卡,可行性研究,可研,A,2,章节概念,立项管理,03,立项管理,T-FEA-001,立项管理：项目建议书、可行性研究与项目论证,SRC-FEA-TUTOR-003,tutorial.full.clean.md,5.2.1 项目可行性研究内容,,,keep,章节核心概念，Back 短且稳定。,ruankao ruankao::build::20260520_235046 ruankao::family::chapter_concept ruankao::chapter::03 ruankao::domain::立项管理 ruankao::type::概念卡 ruankao::concept::可行性研究 ruankao::review::keep,sha256:910660f41d84d7c918be0368
软考::系统集成项目管理工程师::03_立项管理::章节概念卡::03_立项管理_概念卡,RuankaoTopicCard,投资必要性是什么？,投资必要性是根据市场调查、预测结果和产业政策等，论证项目为什么有必要建设。,<div>记忆线索：先问“该不该投、为什么要投”。</div><div>来源：tutorial 5.2.1。</div>,chapter_concept,概念卡,投资必要性,,A,2,章节概念,立项管理,03,立项管理,T-FEA-001,立项管理：项目建议书、可行性研究与项目论证,SRC-FEA-TUTOR-003,tutorial.full.clean.md,5.2.1 投资必要性,,,keep,定义明确，能和其他可研维度分开。,ruankao ruankao::build::20260520_235046 ruankao::family::chapter_concept ruankao::chapter::03 ruankao::domain::立项管理 ruankao::type::概念卡 ruankao::concept::投资必要性 ruankao::review::keep,sha256:4357a694b4d7ab64568ec33a
软考::系统集成项目管理工程师::03_立项管理::章节概念卡::03_立项管理_概念卡,RuankaoTopicCard,技术可行性是什么？,技术可行性是从项目实施技术角度设计、比较、选择和评价技术方案是否可行。,<div>题干信号：新技术、技术成熟度、团队技术能力、性能或兼容性风险。</div><div>来源：tutorial 5.2.1。</div>,chapter_concept,概念卡,技术可行性,,A,2,章节概念,立项管理,03,立项管理,T-FEA-001,立项管理：项目建议书、可行性研究与项目论证,SRC-FEA-TUTOR-003,tutorial.full.clean.md,5.2.1 技术可行性,,,keep,Back 贴合教程，Extra 给做题信号。,ruankao ruankao::build::20260520_235046 ruankao::family::chapter_concept ruankao::chapter::03 ruankao::domain::立项管理 ruankao::type::概念卡 ruankao::concept::技术可行性 ruankao::review::keep,sha256:cf69d9b4885fe1d93aa893f8
软考::系统集成项目管理工程师::03_立项管理::章节概念卡::03_立项管理_概念卡,RuankaoTopicCard,财务可行性是什么？,财务可行性是从项目和投资者角度评价盈利能力、现金流、偿债能力和投资收益。,<div>易错点：财务可行性偏项目或投资者账本，不等于社会经济价值。</div><div>来源：tutorial 5.2.1。</div>,chapter_concept,概念卡,财务可行性,,A,2,章节概念,立项管理,03,立项管理,T-FEA-001,立项管理：项目建议书、可行性研究与项目论证,SRC-FEA-TUTOR-003,tutorial.full.clean.md,5.2.1 财务可行性,,,keep,定义短，和经济可行性形成合理辨析。,ruankao ruankao::build::20260520_235046 ruankao::family::chapter_concept ruankao::chapter::03 ruankao::domain::立项管理 ruankao::type::概念卡 ruankao::concept::财务可行性 ruankao::review::keep,sha256:37cc1227a1e6e8a5b2508afb
软考::系统集成项目管理工程师::03_立项管理::章节概念卡::03_立项管理_概念卡,RuankaoTopicCard,组织可行性是什么？,组织可行性是判断组织机构、人员经验、协作关系、进度安排和培训计划是否能支撑项目实施。,<div>题干信号：职责不清、人员经验不足、培训缺失、协作机制弱。</div><div>来源：tutorial 5.2.1。</div>,chapter_concept,概念卡,组织可行性,,A,2,章节概念,立项管理,03,立项管理,T-FEA-001,立项管理：项目建议书、可行性研究与项目论证,SRC-FEA-TUTOR-003,tutorial.full.clean.md,5.2.1 组织可行性,,,keep,概念独立，Extra 针对本卡。,ruankao ruankao::build::20260520_235046 ruankao::family::chapter_concept ruankao::chapter::03 ruankao::domain::立项管理 ruankao::type::概念卡 ruankao::concept::组织可行性 ruankao::review::keep,sha256:d30415213bff8f52ea92af97
软考::系统集成项目管理工程师::03_立项管理::章节概念卡::03_立项管理_概念卡,RuankaoTopicCard,经济可行性是什么？,经济可行性是从资源配置角度评价项目对区域经济、就业、环境改善和生活水平等方面的效益。,<div>易错点：它不只看企业自己的现金流，更关注资源投入产生的经济社会价值。</div><div>来源：tutorial 5.2.1。</div>,chapter_concept,概念卡,经济可行性,,A,3,章节概念,立项管理,03,立项管理,T-FEA-001,立项管理：项目建议书、可行性研究与项目论证,SRC-FEA-TUTOR-003,tutorial.full.clean.md,5.2.1 经济可行性,,,keep,与财务可行性边界明确。,ruankao ruankao::build::20260520_235046 ruankao::family::chapter_concept ruankao::chapter::03 ruankao::domain::立项管理 ruankao::type::概念卡 ruankao::concept::经济可行性 ruankao::review::keep,sha256:7fb0d73602337c1cc4093317
软考::系统集成项目管理工程师::03_立项管理::章节概念卡::03_立项管理_概念卡,RuankaoTopicCard,社会可行性是什么？,社会可行性是分析项目对政治、政策、法律道德、民族宗教和社会稳定等社会条件的影响。,<div>题干信号：政策许可、法律合规、社会稳定、伦理道德。</div><div>来源：tutorial 5.2.1。</div>,chapter_concept,概念卡,社会可行性,,A,2,章节概念,立项管理,03,立项管理,T-FEA-001,立项管理：项目建议书、可行性研究与项目论证,SRC-FEA-TUTOR-003,tutorial.full.clean.md,5.2.1 社会可行性,,,keep,能支撑无线频段许可类案例判断。,ruankao ruankao::build::20260520_235046 ruankao::family::chapter_concept ruankao::chapter::03 ruankao::domain::立项管理 ruankao::type::概念卡 ruankao::concept::社会可行性 ruankao::review::keep,sha256:0155f63834b6d17d71441a0f
软考::系统集成项目管理工程师::03_立项管理::章节概念卡::03_立项管理_概念卡,RuankaoTopicCard,风险因素及对策在可研中指什么？,它是在立项前识别市场、技术、财务、组织、法律、经济和社会等风险，并提出规避对策。,<div>理解：可研里的风险分析是前期可行性判断，不替代执行阶段的完整风险管理。</div><div>来源：tutorial 5.2.1。</div>,chapter_concept,概念卡,风险因素及对策,风险对策,A,2,章节概念,立项管理,03,立项管理,T-FEA-001,立项管理：项目建议书、可行性研究与项目论证,SRC-FEA-TUTOR-003,tutorial.full.clean.md,5.2.1 风险因素及对策,,T-RISK-001,keep,概念稳定，已避开项目建议书核心内容冲突。,ruankao ruankao::build::20260520_235046 ruankao::family::chapter_concept ruankao::chapter::03 ruankao::domain::立项管理 ruankao::type::概念卡 ruankao::concept::风险因素及对策 ruankao::review::keep,sha256:9188e120ad36553b3a48cf86
软考::系统集成项目管理工程师::03_立项管理::章节概念卡::03_立项管理_概念卡,RuankaoTopicCard,可行性研究报告是什么？,可行性研究报告是把项目可行性分析结论、建设方案、投资估算、效益评价和风险管理等内容形成的立项决策材料。,<div>易错点：它服务立项和审批，不是批准后执行项目的项目管理计划。</div><div>来源：tutorial 5.2.1。</div>,chapter_concept,概念卡,可行性研究报告,可研报告,A,2,章节概念,立项管理,03,立项管理,T-FEA-001,立项管理：项目建议书、可行性研究与项目论证,SRC-FEA-TUTOR-004,tutorial.full.clean.md,5.2.1 可研报告提纲,,T-INT-002,keep,Back 概括报告作用，没有塞提纲全文。,ruankao ruankao::build::20260520_235046 ruankao::family::chapter_concept ruankao::chapter::03 ruankao::domain::立项管理 ruankao::type::概念卡 ruankao::concept::可行性研究报告 ruankao::review::keep,sha256:f33266e804b8dae105ab15eb
软考::系统集成项目管理工程师::03_立项管理::章节概念卡::03_立项管理_概念卡,RuankaoTopicCard,可研报告中的“相对项目建议书批复的调整情况”是什么？,它说明可研方案与已批复项目建议书相比发生了哪些调整。,<div>理解：这项内容帮助审批方判断后续方案是否偏离原批准依据。</div><div>来源：tutorial 5.2.1。</div>,chapter_concept,概念卡,相对项目建议书批复的调整情况,建设方案调整说明,B,3,章节概念,立项管理,03,立项管理,T-FEA-001,立项管理：项目建议书、可行性研究与项目论证,SRC-FEA-TUTOR-004,tutorial.full.clean.md,5.2.1 可研报告提纲,,,keep,小概念但能支撑重大变更规则。,ruankao ruankao::build::20260520_235046 ruankao::family::chapter_concept ruankao::chapter::03 ruankao::domain::立项管理 ruankao::type::概念卡 ruankao::concept::相对项目建议书批复的调整情况 ruankao::review::keep,sha256:452b33f6610aa960b64c8dbe
软考::系统集成项目管理工程师::03_立项管理::章节概念卡::03_立项管理_概念卡,RuankaoTopicCard,机会研究是什么？,机会研究是对投资项目或投资方向提出建议，寻找值得进一步研究的投资机会。,<div>记忆线索：机会研究问“有没有机会”，不是“方案能不能最终批准”。</div><div>来源：tutorial 5.2.2。</div>,chapter_concept,概念卡,机会研究,机会可行性研究,A,1,章节概念,立项管理,03,立项管理,T-FEA-001,立项管理：项目建议书、可行性研究与项目论证,SRC-FEA-TUTOR-005,tutorial.full.clean.md,5.2.2 机会可行性研究,,,keep,短定义，接近黄金样例风格。,ruankao ruankao::build::20260520_235046 ruankao::family::chapter_concept ruankao::chapter::03 ruankao::domain::立项管理 ruankao::type::概念卡 ruankao::concept::机会研究 ruankao::review::keep,sha256:2316ae2615a2490bd8a2b3db
软考::系统集成项目管理工程师::03_立项管理::章节概念卡::03_立项管理_概念卡,RuankaoTopicCard,初步可行性研究是什么？,初步可行性研究是在项目意向确定后进行的初步估计，用来判断是否继续深入研究或做出初步取舍。,<div>易错点：初步可研不是最完整的最终论证。</div><div>来源：tutorial 5.2.2。</div>,chapter_concept,概念卡,初步可行性研究,初步可研,A,1,章节概念,立项管理,03,立项管理,T-FEA-001,立项管理：项目建议书、可行性研究与项目论证,SRC-FEA-TUTOR-005,tutorial.full.clean.md,5.2.2 初步可行性研究,,,keep,定义和阶段位置清楚。,ruankao ruankao::build::20260520_235046 ruankao::family::chapter_concept ruankao::chapter::03 ruankao::domain::立项管理 ruankao::type::概念卡 ruankao::concept::初步可行性研究 ruankao::review::keep,sha256:e21da1460a922623aa23450d
软考::系统集成项目管理工程师::03_立项管理::章节概念卡::03_立项管理_概念卡,RuankaoTopicCard,详细可行性研究是什么？,详细可行性研究是在项目基本可行基础上全面搜集和分析资料，为立项决策提供确切依据。,<div>题干信号：全面分析、多方案综合评判、绩效预测、确切决策依据。</div><div>来源：tutorial 5.2.2。</div>,chapter_concept,概念卡,详细可行性研究,详细可研,A,1,章节概念,立项管理,03,立项管理,T-FEA-001,立项管理：项目建议书、可行性研究与项目论证,SRC-FEA-TUTOR-005,tutorial.full.clean.md,5.2.2 详细可行性研究,,,keep,Back 稳定，和机会/初步可研可区分。,ruankao ruankao::build::20260520_235046 ruankao::family::chapter_concept ruankao::chapter::03 ruankao::domain::立项管理 ruankao::type::概念卡 ruankao::concept::详细可行性研究 ruankao::review::keep,sha256:312c9fed39290b1caaaa50de
软考::系统集成项目管理工程师::03_立项管理::章节概念卡::03_立项管理_概念卡,RuankaoTopicCard,初步可研报告是什么？,初步可研报告是初步可行性研究形成的正式文献，可供决策参考，也可能用于形成项目建议书。,<div>易错点：它比详细可研粗略，但不是随手记录。</div><div>来源：tutorial 5.2.2。</div>,chapter_concept,概念卡,初步可研报告,初步可行性研究报告,B,2,章节概念,立项管理,03,立项管理,T-FEA-001,立项管理：项目建议书、可行性研究与项目论证,SRC-FEA-TUTOR-005,tutorial.full.clean.md,5.2.2 初步可行性研究,,,keep,独立文档概念，Back 不长。,ruankao ruankao::build::20260520_235046 ruankao::family::chapter_concept ruankao::chapter::03 ruankao::domain::立项管理 ruankao::type::概念卡 ruankao::concept::初步可研报告 ruankao::review::keep,sha256:0ce813360e7904138303c8e3
软考::系统集成项目管理工程师::03_立项管理::章节概念卡::03_立项管理_概念卡,RuankaoTopicCard,项目综合论证在可研步骤中起什么作用？,项目综合论证用于把前期研究结论综合起来，论证项目方案是否具备可行性。,<div>来源：questions WiMAX 案例答案。</div><div>人工提示：教程本段对“项目综合论证”展开较少，后续可结合教材细化。</div>,chapter_concept,概念卡,项目综合论证,综合论证,B,3,章节概念,立项管理,03,立项管理,T-FEA-001,立项管理：项目建议书、可行性研究与项目论证,SRC-FEA-Q-CASE-001,questions.full.clean.md,WiMAX 案例问题2,,,keep,来自案例答案，定义适度保守。,ruankao ruankao::build::20260520_235046 ruankao::family::chapter_concept ruankao::chapter::03 ruankao::domain::立项管理 ruankao::type::概念卡 ruankao::concept::项目综合论证 ruankao::review::keep,sha256:48b02c0700757309b05eefba
软考::系统集成项目管理工程师::03_立项管理::章节概念卡::03_立项管理_概念卡,RuankaoTopicCard,项目论证是什么？,项目论证是围绕市场需求、技术、财务经济等方面证明项目方案是否可行的分析活动。,<div>易错点：论证偏“证明方案可行”，评估偏“外部审查把关”。</div><div>来源：topic_build_full 03-04。</div>,chapter_concept,概念卡,项目论证,,A,2,章节概念,立项管理,03,立项管理,T-FEA-001,立项管理：项目建议书、可行性研究与项目论证,SRC-FEA-TOPIC-005;SRC-FEA-IDX-001,topic_build_full/topics/03_立项管理/03-04_项目论证与项目评估.md,项目论证与项目评估,,,keep,来源支持足够，且与评估边界明确。,ruankao ruankao::build::20260520_235046 ruankao::family::chapter_concept ruankao::chapter::03 ruankao::domain::立项管理 ruankao::type::概念卡 ruankao::concept::项目论证 ruankao::review::keep,sha256:08a07b98258e00d6347ef5ba
软考::系统集成项目管理工程师::03_立项管理::章节概念卡::03_立项管理_概念卡,RuankaoTopicCard,项目评估是什么？,项目评估是在可研基础上，由第三方或有关机构审查项目是否可行，并为贷款或审批决策提供依据。,<div>题干信号：第三方、审查、可靠性、真实性、客观性、审批决策。</div><div>来源：tutorial 5.2.2。</div>,chapter_concept,概念卡,项目评估,,A,2,章节概念,立项管理,03,立项管理,T-FEA-001,立项管理：项目建议书、可行性研究与项目论证,SRC-FEA-TUTOR-006,tutorial.full.clean.md,5.2.2 项目评估,,,keep,Back 直接来自教程核心口径。,ruankao ruankao::build::20260520_235046 ruankao::family::chapter_concept ruankao::chapter::03 ruankao::domain::立项管理 ruankao::type::概念卡 ruankao::concept::项目评估 ruankao::review::keep,sha256:6e01e5bb5eb9f5ee27d86b04
软考::系统集成项目管理工程师::03_立项管理::章节概念卡::03_立项管理_概念卡,RuankaoTopicCard,咨询评估机构在立项管理中通常做什么？,受审批部门委托，对项目建议书或可研报告进行咨询评估，帮助审批部门审核批复。,<div>易错点：它不是建设单位自己，也不是项目经理团队。</div><div>来源：tutorial 5.1.2 / 5.2.2。</div>,chapter_concept,概念卡,咨询评估机构,有资格的咨询机构;工程咨询机构,B,2,章节概念,立项管理,03,立项管理,T-FEA-001,立项管理：项目建议书、可行性研究与项目论证,SRC-FEA-TUTOR-002;SRC-FEA-TUTOR-006,tutorial.full.clean.md,5.1.2;5.2.2,,,keep,角色概念清楚，支撑流程题。,ruankao ruankao::build::20260520_235046 ruankao::family::chapter_concept ruankao::chapter::03 ruankao::domain::立项管理 ruankao::type::概念卡 ruankao::concept::咨询评估机构 ruankao::review::keep,sha256:5238deb16c60d93416532ff7
软考::系统集成项目管理工程师::03_立项管理::章节概念卡::03_立项管理_概念卡,RuankaoTopicCard,项目审批部门在立项管理中承担什么角色？,项目审批部门接收项目建议书或可研报告，并组织评估、审核和批复。,<div>题干信号：报送、委托评估、审核批复、下达批复。</div><div>来源：tutorial 5.1.2 / 5.2.2。</div>,chapter_concept,概念卡,项目审批部门,审批部门,B,2,章节概念,立项管理,03,立项管理,T-FEA-001,立项管理：项目建议书、可行性研究与项目论证,SRC-FEA-TUTOR-002;SRC-FEA-TUTOR-006,tutorial.full.clean.md,5.1.2;5.2.2,,,keep,角色和动作清楚，适合概念卡。,ruankao ruankao::build::20260520_235046 ruankao::family::chapter_concept ruankao::chapter::03 ruankao::domain::立项管理 ruankao::type::概念卡 ruankao::concept::项目审批部门 ruankao::review::keep,sha256:7a7cc0588f386c3eb0541e3f
软考::系统集成项目管理工程师::03_立项管理::章节概念卡::03_立项管理_概念卡,RuankaoTopicCard,可研报告批复是什么？,可研报告批复是审批部门对可行性研究报告的审核批准结果，是后续初步设计和投资概算的重要依据。,<div>易错点：后续初步设计和投资概算不能随意突破已批复内容。</div><div>来源：tutorial 5.2.2 / 5.3。</div>,chapter_concept,概念卡,可研报告批复,可行性研究报告批复,A,2,章节概念,立项管理,03,立项管理,T-FEA-001,立项管理：项目建议书、可行性研究与项目论证,SRC-FEA-TUTOR-006;SRC-FEA-TUTOR-007,tutorial.full.clean.md,5.2.2;5.3 项目审批,,,keep,与项目建议书批复区分清楚。,ruankao ruankao::build::20260520_235046 ruankao::family::chapter_concept ruankao::chapter::03 ruankao::domain::立项管理 ruankao::type::概念卡 ruankao::concept::可研报告批复 ruankao::review::keep,sha256:3b37e293c9d6cc17751b89f1
软考::系统集成项目管理工程师::03_立项管理::章节概念卡::03_立项管理_概念卡,RuankaoTopicCard,初步设计在立项审批链中指什么？,初步设计是在可研报告批复后进一步形成的建设设计方案，通常与投资概算一起报送审批。,<div>理解：它比可研更接近建设方案细化，但仍受可研批复约束。</div><div>来源：tutorial 5.3。</div>,chapter_concept,概念卡,初步设计,初步设计方案,B,3,章节概念,立项管理,03,立项管理,T-FEA-001,立项管理：项目建议书、可行性研究与项目论证,SRC-FEA-TUTOR-007;SRC-FEA-Q-031,tutorial.full.clean.md;questions.full.clean.md,5.3 项目审批 / Q31,,,keep,概念来源稳定，未展开技术设计细节。,ruankao ruankao::build::20260520_235046 ruankao::family::chapter_concept ruankao::chapter::03 ruankao::domain::立项管理 ruankao::type::概念卡 ruankao::concept::初步设计 ruankao::review::keep,sha256:f69c5c771738729c89f91aff
软考::系统集成项目管理工程师::03_立项管理::章节概念卡::03_立项管理_概念卡,RuankaoTopicCard,投资概算是什么？,投资概算是在初步设计阶段对项目投资规模进行概括性测算和控制的文件。,<div>易错点：不要和前期投资估算完全等同；概算通常跟初步设计一起受批复约束。</div><div>来源：tutorial 5.3。</div>,chapter_concept,概念卡,投资概算,,B,3,章节概念,立项管理,03,立项管理,T-FEA-001,立项管理：项目建议书、可行性研究与项目论证,SRC-FEA-TUTOR-007;SRC-FEA-Q-031,tutorial.full.clean.md;questions.full.clean.md,5.3 项目审批 / Q31,,,keep,Back 短，边界清楚。,ruankao ruankao::build::20260520_235046 ruankao::family::chapter_concept ruankao::chapter::03 ruankao::domain::立项管理 ruankao::type::概念卡 ruankao::concept::投资概算 ruankao::review::keep,sha256:59ee41b3f97d4cce172e30f6
软考::系统集成项目管理工程师::03_立项管理::章节概念卡::03_立项管理_概念卡,RuankaoTopicCard,批复文件在项目建设中有什么作用？,项目建议书、可研报告、初步设计和投资概算等批复文件，是后续项目建设的主要依据。,<div>记忆线索：批复不是形式，它限定建设内容、规模、标准、总投资概算等控制指标。</div><div>来源：tutorial 5.3。</div>,chapter_concept,概念卡,批复文件,项目批复,A,2,章节概念,立项管理,03,立项管理,T-FEA-001,立项管理：项目建议书、可行性研究与项目论证,SRC-FEA-TUTOR-007,tutorial.full.clean.md,5.3 项目审批,,,keep,概念作用清楚，能解释重报规则。,ruankao ruankao::build::20260520_235046 ruankao::family::chapter_concept ruankao::chapter::03 ruankao::domain::立项管理 ruankao::type::概念卡 ruankao::concept::批复文件 ruankao::review::keep,sha256:55c3af75382976608ddbc1ad
软考::系统集成项目管理工程师::03_立项管理::章节概念卡::03_立项管理_概念卡,RuankaoTopicCard,重大变更重新报批是什么意思？,当后续文件相对已批复依据发生重大偏离时，应回到相应前置文件重新报批。,<div>例子：可研内容相对项目建议书批复重大变更时，应重新报批项目建议书。</div><div>来源：tutorial 5.3。</div>,chapter_concept,陷阱卡,重大变更重新报批,重新报批,A,3,章节概念,立项管理,03,立项管理,T-FEA-001,立项管理：项目建议书、可行性研究与项目论证,SRC-FEA-TUTOR-007,tutorial.full.clean.md,5.3 项目审批,,,keep,保留稳定规则，避开具体数字争议。,ruankao ruankao::build::20260520_235046 ruankao::family::chapter_concept ruankao::chapter::03 ruankao::domain::立项管理 ruankao::type::陷阱卡 ruankao::concept::重大变更重新报批 ruankao::review::keep,sha256:5d9dc3cfce6aa8ef1610ec58
软考::系统集成项目管理工程师::03_立项管理::章节概念卡::03_立项管理_概念卡,RuankaoTopicCard,立项不足是什么？,立项不足是指项目启动前没有充分完成必要性、可行性、评估和风险对策等前期论证，导致后续实施风险暴露。,<div>题干信号：新技术未验证、许可未办理、供应商支持不稳、用户数据基础不足。</div><div>来源：questions WiMAX 案例。</div>,chapter_concept,概念卡,立项不足,前期论证不足,A,2,案例分析,立项管理,03,立项管理,T-FEA-001,立项管理：项目建议书、可行性研究与项目论证,SRC-FEA-Q-CASE-001,questions.full.clean.md,WiMAX 无线网络案例,,,keep,面向案例归因，概念短且有信号。,ruankao ruankao::build::20260520_235046 ruankao::family::chapter_concept ruankao::chapter::03 ruankao::domain::立项管理 ruankao::type::概念卡 ruankao::concept::立项不足 ruankao::review::keep,sha256:8dd3d103ecf716d46f279be9
软考::系统集成项目管理工程师::03_立项管理::章节概念卡::03_立项管理_概念卡,RuankaoTopicCard,投资估算在立项管理中是什么？,投资估算是在项目前期对建设所需资金规模进行估计，用于判断资金需求和经济可行性。,<div>易错点：本章只做前期估算入口；复杂计算应另建经济评价或成本专题。</div><div>来源：tutorial 5.1.1 / 5.2.1。</div>,chapter_concept,概念卡,投资估算,,B,2,章节概念,立项管理,03,立项管理,T-FEA-001,立项管理：项目建议书、可行性研究与项目论证,SRC-FEA-TUTOR-001;SRC-FEA-TUTOR-004,tutorial.full.clean.md,5.1.1;5.2.1 可研报告提纲,,T-COST-001,keep,保留概念入口，不硬做计算卡。,ruankao ruankao::build::20260520_235046 ruankao::family::chapter_concept ruankao::chapter::03 ruankao::domain::立项管理 ruankao::type::概念卡 ruankao::concept::投资估算 ruankao::review::keep,sha256:77fb89a89137c143ef2a03f2
软考::系统集成项目管理工程师::03_立项管理::章节概念卡::03_立项管理_概念卡,RuankaoTopicCard,资金来源与落实情况是什么？,资金来源与落实情况说明项目资金从哪里来、是否已有落实安排，是建议书和可研报告中的资金条件信息。,<div>理解：它服务前期投资和财务可行性判断。</div><div>来源：tutorial 5.1.1 / 5.2.1。</div>,chapter_concept,概念卡,资金来源与落实情况,资金来源,C,2,章节概念,立项管理,03,立项管理,T-FEA-001,立项管理：项目建议书、可行性研究与项目论证,SRC-FEA-TUTOR-001;SRC-FEA-TUTOR-004,tutorial.full.clean.md,项目建议书/可研报告提纲,,,keep,较小但独立，能帮助理解报告字段。,ruankao ruankao::build::20260520_235046 ruankao::family::chapter_concept ruankao::chapter::03 ruankao::domain::立项管理 ruankao::type::概念卡 ruankao::concept::资金来源与落实情况 ruankao::review::keep,sha256:ecafc866db4bd8d5a77628c9
软考::系统集成项目管理工程师::03_立项管理::章节概念卡::03_立项管理_概念卡,RuankaoTopicCard,效益分析在立项材料中指什么？,效益分析是对项目可能产生的经济效益和社会效益进行说明和评价。,<div>易错点：效益分析不是只写收益口号，还要和投资必要性、经济/社会可行性呼应。</div><div>来源：tutorial 5.1.1 / 5.2.1。</div>,chapter_concept,概念卡,效益分析,经济效益分析;社会效益分析,B,2,章节概念,立项管理,03,立项管理,T-FEA-001,立项管理：项目建议书、可行性研究与项目论证,SRC-FEA-TUTOR-001;SRC-FEA-TUTOR-004,tutorial.full.clean.md,项目建议书/可研报告提纲,,,keep,概念稳定，Back 没有展开成长摘要。,ruankao ruankao::build::20260520_235046 ruankao::family::chapter_concept ruankao::chapter::03 ruankao::domain::立项管理 ruankao::type::概念卡 ruankao::concept::效益分析 ruankao::review::keep,sha256:cc52fdc1c16c791da6ae9703
软考::系统集成项目管理工程师::03_立项管理::章节概念卡::03_立项管理_概念卡,RuankaoTopicCard,贷款决策在项目评估语境中指什么？,贷款决策是银行等机构基于项目评估结果判断是否支持项目融资的决策。,<div>理解：项目评估不只服务行政审批，也可服务银行贷款决策。</div><div>来源：tutorial 5.2.2 项目评估。</div>,chapter_concept,概念卡,贷款决策,,C,2,章节概念,立项管理,03,立项管理,T-FEA-001,立项管理：项目建议书、可行性研究与项目论证,SRC-FEA-TUTOR-006,tutorial.full.clean.md,5.2.2 项目评估,,,keep,概念小但直接来自项目评估定义。,ruankao ruankao::build::20260520_235046 ruankao::family::chapter_concept ruankao::chapter::03 ruankao::domain::立项管理 ruankao::type::概念卡 ruankao::concept::贷款决策 ruankao::review::keep,sha256:56cb78dcd2bf8ad08e21ef36
软考::系统集成项目管理工程师::03_立项管理::章节概念卡::03_立项管理_概念卡,RuankaoTopicCard,行政审批决策在项目评估语境中指什么？,行政审批决策是主管或审批部门依据评估结果判断项目是否批准的决策。,<div>题干信号：审批部门、审核批复、下达批复。</div><div>来源：tutorial 5.2.2 项目评估。</div>,chapter_concept,概念卡,行政审批决策,审批决策,C,2,章节概念,立项管理,03,立项管理,T-FEA-001,立项管理：项目建议书、可行性研究与项目论证,SRC-FEA-TUTOR-006,tutorial.full.clean.md,5.2.2 项目评估,,,keep,与贷款决策并列，帮助理解评估用途。,ruankao ruankao::build::20260520_235046 ruankao::family::chapter_concept ruankao::chapter::03 ruankao::domain::立项管理 ruankao::type::概念卡 ruankao::concept::行政审批决策 ruankao::review::keep,sha256:f59c0d656e439193de16ebbb
软考::系统集成项目管理工程师::待核验与复查,RuankaoTopicCard,三级可研常见误差范围是什么？,needs_human_review：常见说法是机会研究、初步可研、详细可研的估算误差逐级变小。,<div>人工核验点：具体 ±30%、±20%、±10% 数字需核对教材版本。</div><div>来源：T-FEA-001 专题包；pending verification PV-014。</div>,chapter_concept,待核验卡,三级可研误差范围,可研误差范围,B,4,章节概念,立项管理,03,立项管理,T-FEA-001,立项管理：项目建议书、可行性研究与项目论证,SRC-FEA-TOPIC-004;SRC-FEA-PV-001,topic_learning_packages/topics/03_立项管理/T-FEA-001_专题学习包_立项管理项目建议书可行性研究与项目论证.md,机会研究、初步可研与详细可研,,,needs_human_review,方向稳定但数字待核验，必须隔离。,ruankao ruankao::build::20260520_235046 ruankao::family::chapter_concept ruankao::chapter::03 ruankao::domain::立项管理 ruankao::type::待核验卡 ruankao::concept::三级可研误差范围 ruankao::review::needs_human_review ruankao::needs_review ruankao::not_for_main_review,sha256:7a83ba36e9c6d94a12824483
软考::系统集成项目管理工程师::待核验与复查,RuankaoTopicCard,投资概算超出可研批复额度的重报数字是多少？,needs_human_review：教程 OCR 出现 10% 口径，但属于法规数字，导入主卡前需核对教材原文或现行规定。,<div>稳定方向：重大变更或超出已批复投资控制指标时，不能自行推进，应按规定重新报批。</div><div>来源：tutorial 5.3；Q31。</div>,chapter_concept,待核验卡,投资概算超额重报数字,10%重报规则,B,4,章节概念,立项管理,03,立项管理,T-FEA-001,立项管理：项目建议书、可行性研究与项目论证,SRC-FEA-TUTOR-007;SRC-FEA-Q-031,tutorial.full.clean.md;questions.full.clean.md,5.3 项目审批 / Q31,,,needs_human_review,涉及法规数字和 OCR，明确不进主复习。,ruankao ruankao::build::20260520_235046 ruankao::family::chapter_concept ruankao::chapter::03 ruankao::domain::立项管理 ruankao::type::待核验卡 ruankao::concept::投资概算超额重报数字 ruankao::review::needs_human_review ruankao::needs_review ruankao::not_for_main_review,sha256:87577c708101f86f1661206c
软考::系统集成项目管理工程师::待核验与复查,RuankaoTopicCard,项目建议书核心内容是否包含风险因素及对策？,needs_human_review：不能直接下结论；真题曾把它作为不属于核心内容的选项，但教程提纲又出现风险对策章节。,<div>人工核验点：可能是“核心内容”和“扩充提纲”的语境差异，需要回查原题和教材。</div><div>来源：Q32；tutorial 5.1.1。</div>,chapter_concept,待核验卡,项目建议书核心内容风险对策,项目建议书风险因素,B,4,章节概念,立项管理,03,立项管理,T-FEA-001,立项管理：项目建议书、可行性研究与项目论证,SRC-FEA-Q-032-CONFLICT;SRC-FEA-TUTOR-001,questions.full.clean.md;tutorial.full.clean.md,项目建议书核心内容题 / 5.1.1,,,needs_human_review,材料冲突，不能做成确定背诵卡。,ruankao ruankao::build::20260520_235046 ruankao::family::chapter_concept ruankao::chapter::03 ruankao::domain::立项管理 ruankao::type::待核验卡 ruankao::concept::项目建议书核心内容风险对策 ruankao::review::needs_human_review ruankao::needs_review ruankao::not_for_main_review,sha256:3cd7af526ad455210a4317d9
软考::系统集成项目管理工程师::04_整体管理::章节概念卡::04_整体管理_概念卡,RuankaoTopicCard,项目章程是什么？,项目章程是正式批准项目存在并授权项目经理使用组织资源的文件。,<div>理解：章程偏启动和授权，项目管理计划偏执行和控制。</div><div>题干信号：正式批准、授权项目经理</div><div>来源：04_整体管理 专题包 / topic_build_full 相关小节</div>,chapter_concept,概念卡,项目章程,,A,2,章节概念,整体管理,04,整体管理,T-CLOSE-001;T-INT-002;T-INT-004,项目收尾：管理收尾、合同收尾与验收;项目章程、SOW、项目管理计划与基准体系;整体变更控制与 CCB,SRC-CH-04-001,topic_learning_packages/topics/04_整体管理/T-CLOSE-001_专题学习包_项目收尾管理收尾合同收尾与验收.md;topic_learning_packages/topics/04_整体管理/T-INT-002_专题学习包_项目章程SOW项目管理计划与基准关系.md;topic_learning_packages/topics/04_整体管理/T-INT-004_专题学习包_整体变更控制与CCB.md,项目章程,,,keep,Front 聚焦“项目章程”这一章内概念，Back 一句话定边界，Extra 给出本概念的题干信号。,ruankao ruankao::build::20260520_235046 ruankao::chapter::04 ruankao::domain::整体管理 ruankao::type::概念卡 ruankao::importance::A ruankao::difficulty::2 ruankao::review::keep ruankao::chapter_concept,sha256:5a67bf73b14bac02d323ad85
软考::系统集成项目管理工程师::04_整体管理::章节概念卡::04_整体管理_概念卡,RuankaoTopicCard,SOW是什么？,工作说明书 SOW 描述项目需要提供的产品、服务或成果以及相关业务需求。,<div>理解：外部项目中 SOW 常是制定章程的重要输入。</div><div>题干信号：工作说明、业务需求</div><div>来源：04_整体管理 专题包 / topic_build_full 相关小节</div>,chapter_concept,概念卡,SOW,,B,3,章节概念,整体管理,04,整体管理,T-CLOSE-001;T-INT-002;T-INT-004,项目收尾：管理收尾、合同收尾与验收;项目章程、SOW、项目管理计划与基准体系;整体变更控制与 CCB,SRC-CH-04-002,topic_learning_packages/topics/04_整体管理/T-CLOSE-001_专题学习包_项目收尾管理收尾合同收尾与验收.md;topic_learning_packages/topics/04_整体管理/T-INT-002_专题学习包_项目章程SOW项目管理计划与基准关系.md;topic_learning_packages/topics/04_整体管理/T-INT-004_专题学习包_整体变更控制与CCB.md,SOW,,,keep,Front 聚焦“SOW”这一章内概念，Back 一句话定边界，Extra 给出本概念的题干信号。,ruankao ruankao::build::20260520_235046 ruankao::chapter::04 ruankao::domain::整体管理 ruankao::type::概念卡 ruankao::importance::B ruankao::difficulty::3 ruankao::review::keep ruankao::chapter_concept,sha256:92608ca3163730609139fc95
软考::系统集成项目管理工程师::04_整体管理::章节概念卡::04_整体管理_概念卡,RuankaoTopicCard,项目管理计划是什么？,项目管理计划整合各子计划和基准，指导项目执行、监控和收尾。,<div>理解：它不是单一进度表，而是各管理计划和基准的集合。</div><div>题干信号：子计划、基准、指导执行</div><div>来源：04_整体管理 专题包 / topic_build_full 相关小节</div>,chapter_concept,概念卡,项目管理计划,,A,2,章节概念,整体管理,04,整体管理,T-CLOSE-001;T-INT-002;T-INT-004,项目收尾：管理收尾、合同收尾与验收;项目章程、SOW、项目管理计划与基准体系;整体变更控制与 CCB,SRC-CH-04-003,topic_learning_packages/topics/04_整体管理/T-CLOSE-001_专题学习包_项目收尾管理收尾合同收尾与验收.md;topic_learning_packages/topics/04_整体管理/T-INT-002_专题学习包_项目章程SOW项目管理计划与基准关系.md;topic_learning_packages/topics/04_整体管理/T-INT-004_专题学习包_整体变更控制与CCB.md,项目管理计划,,,keep,Front 聚焦“项目管理计划”这一章内概念，Back 一句话定边界，Extra 给出本概念的题干信号。,ruankao ruankao::build::20260520_235046 ruankao::chapter::04 ruankao::domain::整体管理 ruankao::type::概念卡 ruankao::importance::A ruankao::difficulty::2 ruankao::review::keep ruankao::chapter_concept,sha256:7f9c1fe3e2d8317c2be9104c
软考::系统集成项目管理工程师::04_整体管理::章节概念卡::04_整体管理_概念卡,RuankaoTopicCard,整体管理中，范围基准为什么会成为变更控制对象？,范围基准通常由项目范围说明书、WBS 和 WBS 词典组成。,<div>理解：范围变化若影响基准，应走变更控制。</div><div>题干信号：范围说明书、WBS、WBS词典</div><div>来源：04_整体管理 专题包 / topic_build_full 相关小节</div>,chapter_concept,概念卡,范围基准,,A,2,章节概念,整体管理,04,整体管理,T-CLOSE-001;T-INT-002;T-INT-004,项目收尾：管理收尾、合同收尾与验收;项目章程、SOW、项目管理计划与基准体系;整体变更控制与 CCB,SRC-CH-04-004,topic_learning_packages/topics/04_整体管理/T-CLOSE-001_专题学习包_项目收尾管理收尾合同收尾与验收.md;topic_learning_packages/topics/04_整体管理/T-INT-002_专题学习包_项目章程SOW项目管理计划与基准关系.md;topic_learning_packages/topics/04_整体管理/T-INT-004_专题学习包_整体变更控制与CCB.md,范围基准,,,keep,Front 聚焦“范围基准”这一章内概念，Back 一句话定边界，Extra 给出本概念的题干信号。 已调整 Front，避免和其他章节/专题卡同义重复。,ruankao ruankao::build::20260520_235046 ruankao::chapter::04 ruankao::domain::整体管理 ruankao::type::概念卡 ruankao::importance::A ruankao::difficulty::2 ruankao::review::keep ruankao::chapter_concept,sha256:c8245daccd17e19f58229a4c
软考::系统集成项目管理工程师::04_整体管理::章节概念卡::04_整体管理_概念卡,RuankaoTopicCard,绩效测量基准是什么？,绩效测量基准通常整合范围、进度和成本基准，用于挣值等绩效评价。,<div>理解：质量基准通常不是 EVM 的三大基准之一。</div><div>题干信号：范围进度成本、EVM</div><div>来源：04_整体管理 专题包 / topic_build_full 相关小节</div>,chapter_concept,概念卡,绩效测量基准,,A,2,章节概念,整体管理,04,整体管理,T-CLOSE-001;T-INT-002;T-INT-004,项目收尾：管理收尾、合同收尾与验收;项目章程、SOW、项目管理计划与基准体系;整体变更控制与 CCB,SRC-CH-04-005,topic_learning_packages/topics/04_整体管理/T-CLOSE-001_专题学习包_项目收尾管理收尾合同收尾与验收.md;topic_learning_packages/topics/04_整体管理/T-INT-002_专题学习包_项目章程SOW项目管理计划与基准关系.md;topic_learning_packages/topics/04_整体管理/T-INT-004_专题学习包_整体变更控制与CCB.md,绩效测量基准,,,keep,Front 聚焦“绩效测量基准”这一章内概念，Back 一句话定边界，Extra 给出本概念的题干信号。,ruankao ruankao::build::20260520_235046 ruankao::chapter::04 ruankao::domain::整体管理 ruankao::type::概念卡 ruankao::importance::A ruankao::difficulty::2 ruankao::review::keep ruankao::chapter_concept,sha256:4360c2dea87a710795d08e90
软考::系统集成项目管理工程师::04_整体管理::章节概念卡::04_整体管理_概念卡,RuankaoTopicCard,变更请求是什么？,变更请求是对项目文件、可交付成果或基准提出修改的正式请求。,<div>理解：口头要求不等于已批准变更。</div><div>题干信号：修改、正式请求、基准</div><div>来源：04_整体管理 专题包 / topic_build_full 相关小节</div>,chapter_concept,概念卡,变更请求,,A,2,章节概念,整体管理,04,整体管理,T-CLOSE-001;T-INT-002;T-INT-004,项目收尾：管理收尾、合同收尾与验收;项目章程、SOW、项目管理计划与基准体系;整体变更控制与 CCB,SRC-CH-04-006,topic_learning_packages/topics/04_整体管理/T-CLOSE-001_专题学习包_项目收尾管理收尾合同收尾与验收.md;topic_learning_packages/topics/04_整体管理/T-INT-002_专题学习包_项目章程SOW项目管理计划与基准关系.md;topic_learning_packages/topics/04_整体管理/T-INT-004_专题学习包_整体变更控制与CCB.md,变更请求,,,keep,Front 聚焦“变更请求”这一章内概念，Back 一句话定边界，Extra 给出本概念的题干信号。,ruankao ruankao::build::20260520_235046 ruankao::chapter::04 ruankao::domain::整体管理 ruankao::type::概念卡 ruankao::importance::A ruankao::difficulty::2 ruankao::review::keep ruankao::chapter_concept,sha256:b5511000c5839997fe54b515
软考::系统集成项目管理工程师::04_整体管理::章节概念卡::04_整体管理_概念卡,RuankaoTopicCard,CCB是什么？,变更控制委员会负责审查、批准、否决或推迟变更请求。,<div>理解：CCB 不一定亲自实施变更，重点在决策和控制。</div><div>题干信号：批准/否决变更</div><div>来源：04_整体管理 专题包 / topic_build_full 相关小节</div>,chapter_concept,概念卡,CCB,,A,2,章节概念,整体管理,04,整体管理,T-CLOSE-001;T-INT-002;T-INT-004,项目收尾：管理收尾、合同收尾与验收;项目章程、SOW、项目管理计划与基准体系;整体变更控制与 CCB,SRC-CH-04-007,topic_learning_packages/topics/04_整体管理/T-CLOSE-001_专题学习包_项目收尾管理收尾合同收尾与验收.md;topic_learning_packages/topics/04_整体管理/T-INT-002_专题学习包_项目章程SOW项目管理计划与基准关系.md;topic_learning_packages/topics/04_整体管理/T-INT-004_专题学习包_整体变更控制与CCB.md,CCB,,,keep,Front 聚焦“CCB”这一章内概念，Back 一句话定边界，Extra 给出本概念的题干信号。,ruankao ruankao::build::20260520_235046 ruankao::chapter::04 ruankao::domain::整体管理 ruankao::type::概念卡 ruankao::importance::A ruankao::difficulty::2 ruankao::review::keep ruankao::chapter_concept,sha256:5a3969d1f138a81d9f7602a7
软考::系统集成项目管理工程师::04_整体管理::章节概念卡::04_整体管理_概念卡,RuankaoTopicCard,管理收尾是什么？,管理收尾是正式结束项目或阶段，归档经验、移交成果并释放资源。,<div>理解：不要和合同收尾混淆；合同收尾聚焦采购合同关系。</div><div>题干信号：结束项目、经验教训、释放资源</div><div>来源：04_整体管理 专题包 / topic_build_full 相关小节</div>,chapter_concept,概念卡,管理收尾,,A,2,章节概念,整体管理,04,整体管理,T-CLOSE-001;T-INT-002;T-INT-004,项目收尾：管理收尾、合同收尾与验收;项目章程、SOW、项目管理计划与基准体系;整体变更控制与 CCB,SRC-CH-04-008,topic_learning_packages/topics/04_整体管理/T-CLOSE-001_专题学习包_项目收尾管理收尾合同收尾与验收.md;topic_learning_packages/topics/04_整体管理/T-INT-002_专题学习包_项目章程SOW项目管理计划与基准关系.md;topic_learning_packages/topics/04_整体管理/T-INT-004_专题学习包_整体变更控制与CCB.md,管理收尾,,,keep,Front 聚焦“管理收尾”这一章内概念，Back 一句话定边界，Extra 给出本概念的题干信号。,ruankao ruankao::build::20260520_235046 ruankao::chapter::04 ruankao::domain::整体管理 ruankao::type::概念卡 ruankao::importance::A ruankao::difficulty::2 ruankao::review::keep ruankao::chapter_concept,sha256:a8ebb74d4b8db0dae9628b9b
软考::系统集成项目管理工程师::04_整体管理::章节概念卡::04_整体管理_概念卡,RuankaoTopicCard,整体管理中，合同收尾提醒项目经理关注什么？,合同收尾是完成和结清采购合同，确认供应商工作和合同义务。,<div>理解：题干出现供应商、索赔、合同款项，通常更接近合同收尾。</div><div>题干信号：合同、供应商、结清</div><div>来源：04_整体管理 专题包 / topic_build_full 相关小节</div>,chapter_concept,概念卡,合同收尾,,A,2,章节概念,整体管理,04,整体管理,T-CLOSE-001;T-INT-002;T-INT-004,项目收尾：管理收尾、合同收尾与验收;项目章程、SOW、项目管理计划与基准体系;整体变更控制与 CCB,SRC-CH-04-009,topic_learning_packages/topics/04_整体管理/T-CLOSE-001_专题学习包_项目收尾管理收尾合同收尾与验收.md;topic_learning_packages/topics/04_整体管理/T-INT-002_专题学习包_项目章程SOW项目管理计划与基准关系.md;topic_learning_packages/topics/04_整体管理/T-INT-004_专题学习包_整体变更控制与CCB.md,合同收尾,,,keep,Front 聚焦“合同收尾”这一章内概念，Back 一句话定边界，Extra 给出本概念的题干信号。 已调整 Front，避免和其他章节/专题卡同义重复。,ruankao ruankao::build::20260520_235046 ruankao::chapter::04 ruankao::domain::整体管理 ruankao::type::概念卡 ruankao::importance::A ruankao::difficulty::2 ruankao::review::keep ruankao::chapter_concept,sha256:f1e55a82904c1ae101bca6bf
软考::系统集成项目管理工程师::05_范围管理::章节概念卡::05_范围管理_概念卡,RuankaoTopicCard,范围管理计划是什么？,范围管理计划说明如何定义、确认和控制项目范围。,<div>理解：它是管理方法，不是具体范围内容。</div><div>题干信号：如何定义/确认/控制范围</div><div>来源：05_范围管理 专题包 / topic_build_full 相关小节</div>,chapter_concept,概念卡,范围管理计划,,A,2,章节概念,范围管理,05,范围管理,T-SCOPE-002,WBS、工作包、WBS 字典与范围基准,SRC-CH-05-001,topic_learning_packages/topics/05_范围管理/T-SCOPE-002_专题学习包_WBS工作包WBS字典与范围基准.md,范围管理计划,,,keep,Front 聚焦“范围管理计划”这一章内概念，Back 一句话定边界，Extra 给出本概念的题干信号。,ruankao ruankao::build::20260520_235046 ruankao::chapter::05 ruankao::domain::范围管理 ruankao::type::概念卡 ruankao::importance::A ruankao::difficulty::2 ruankao::review::keep ruankao::chapter_concept,sha256:e143f0479c906b468fa42685
软考::系统集成项目管理工程师::05_范围管理::章节概念卡::05_范围管理_概念卡,RuankaoTopicCard,需求管理计划是什么？,需求管理计划说明如何分析、记录和管理需求。,<div>理解：它管需求过程，需求跟踪矩阵才管需求到交付成果的追踪关系。</div><div>题干信号：需求收集、分析、跟踪</div><div>来源：05_范围管理 专题包 / topic_build_full 相关小节</div>,chapter_concept,概念卡,需求管理计划,,B,3,章节概念,范围管理,05,范围管理,T-SCOPE-002,WBS、工作包、WBS 字典与范围基准,SRC-CH-05-002,topic_learning_packages/topics/05_范围管理/T-SCOPE-002_专题学习包_WBS工作包WBS字典与范围基准.md,需求管理计划,,,keep,Front 聚焦“需求管理计划”这一章内概念，Back 一句话定边界，Extra 给出本概念的题干信号。,ruankao ruankao::build::20260520_235046 ruankao::chapter::05 ruankao::domain::范围管理 ruankao::type::概念卡 ruankao::importance::B ruankao::difficulty::3 ruankao::review::keep ruankao::chapter_concept,sha256:c5c2367a1ec1b63005f49cb4
软考::系统集成项目管理工程师::05_范围管理::章节概念卡::05_范围管理_概念卡,RuankaoTopicCard,需求跟踪矩阵是什么？,需求跟踪矩阵把需求与业务目标、可交付成果、测试和验收连接起来。,<div>理解：案例题中“需求丢失、验收争议”常可追到需求跟踪不足。</div><div>题干信号：需求到交付成果/测试</div><div>来源：05_范围管理 专题包 / topic_build_full 相关小节</div>,chapter_concept,概念卡,需求跟踪矩阵,,A,2,章节概念,范围管理,05,范围管理,T-SCOPE-002,WBS、工作包、WBS 字典与范围基准,SRC-CH-05-003,topic_learning_packages/topics/05_范围管理/T-SCOPE-002_专题学习包_WBS工作包WBS字典与范围基准.md,需求跟踪矩阵,,,keep,Front 聚焦“需求跟踪矩阵”这一章内概念，Back 一句话定边界，Extra 给出本概念的题干信号。,ruankao ruankao::build::20260520_235046 ruankao::chapter::05 ruankao::domain::范围管理 ruankao::type::概念卡 ruankao::importance::A ruankao::difficulty::2 ruankao::review::keep ruankao::chapter_concept,sha256:6bc4963cdb092e14498fc8b0
软考::系统集成项目管理工程师::05_范围管理::章节概念卡::05_范围管理_概念卡,RuankaoTopicCard,项目范围说明书是什么？,项目范围说明书描述项目范围、主要可交付成果、验收标准和除外责任。,<div>理解：它比章程更详细，是定义范围的重要输出。</div><div>题干信号：可交付成果、验收标准</div><div>来源：05_范围管理 专题包 / topic_build_full 相关小节</div>,chapter_concept,概念卡,项目范围说明书,,A,2,章节概念,范围管理,05,范围管理,T-SCOPE-002,WBS、工作包、WBS 字典与范围基准,SRC-CH-05-004,topic_learning_packages/topics/05_范围管理/T-SCOPE-002_专题学习包_WBS工作包WBS字典与范围基准.md,项目范围说明书,,,keep,Front 聚焦“项目范围说明书”这一章内概念，Back 一句话定边界，Extra 给出本概念的题干信号。,ruankao ruankao::build::20260520_235046 ruankao::chapter::05 ruankao::domain::范围管理 ruankao::type::概念卡 ruankao::importance::A ruankao::difficulty::2 ruankao::review::keep ruankao::chapter_concept,sha256:400cb6821d8857eb5ecdaa20
软考::系统集成项目管理工程师::05_范围管理::章节概念卡::05_范围管理_概念卡,RuankaoTopicCard,WBS是什么？,WBS 是以可交付成果为导向的层级分解结构。,<div>理解：WBS 分解的是成果，不是直接把活动排进进度表。</div><div>题干信号：可交付成果、层级分解</div><div>来源：05_范围管理 专题包 / topic_build_full 相关小节</div>,chapter_concept,概念卡,WBS,,A,2,章节概念,范围管理,05,范围管理,T-SCOPE-002,WBS、工作包、WBS 字典与范围基准,SRC-CH-05-005,topic_learning_packages/topics/05_范围管理/T-SCOPE-002_专题学习包_WBS工作包WBS字典与范围基准.md,WBS,,,keep,Front 聚焦“WBS”这一章内概念，Back 一句话定边界，Extra 给出本概念的题干信号。,ruankao ruankao::build::20260520_235046 ruankao::chapter::05 ruankao::domain::范围管理 ruankao::type::概念卡 ruankao::importance::A ruankao::difficulty::2 ruankao::review::keep ruankao::chapter_concept,sha256:47a394c8066c1adf93734150
软考::系统集成项目管理工程师::05_范围管理::章节概念卡::05_范围管理_概念卡,RuankaoTopicCard,工作包是什么？,工作包是 WBS 最底层、便于估算和分配责任的可管理单元。,<div>理解：工作包之后还要定义活动，不能直接等同于活动。</div><div>题干信号：WBS最低层、估算责任</div><div>来源：05_范围管理 专题包 / topic_build_full 相关小节</div>,chapter_concept,概念卡,工作包,,A,2,章节概念,范围管理,05,范围管理,T-SCOPE-002,WBS、工作包、WBS 字典与范围基准,SRC-CH-05-006,topic_learning_packages/topics/05_范围管理/T-SCOPE-002_专题学习包_WBS工作包WBS字典与范围基准.md,工作包,,,keep,Front 聚焦“工作包”这一章内概念，Back 一句话定边界，Extra 给出本概念的题干信号。,ruankao ruankao::build::20260520_235046 ruankao::chapter::05 ruankao::domain::范围管理 ruankao::type::概念卡 ruankao::importance::A ruankao::difficulty::2 ruankao::review::keep ruankao::chapter_concept,sha256:af59fe4b2e5301e3ddb9d264
软考::系统集成项目管理工程师::05_范围管理::章节概念卡::05_范围管理_概念卡,RuankaoTopicCard,WBS 词典是什么？,WBS 词典为 WBS 组件提供详细说明，如范围、责任、验收标准等。,<div>理解：它是 WBS 的说明书，能减少“只看名称”的误解。</div><div>题干信号：说明书、责任、验收</div><div>来源：05_范围管理 专题包 / topic_build_full 相关小节</div>,chapter_concept,概念卡,WBS 词典,,B,3,章节概念,范围管理,05,范围管理,T-SCOPE-002,WBS、工作包、WBS 字典与范围基准,SRC-CH-05-007,topic_learning_packages/topics/05_范围管理/T-SCOPE-002_专题学习包_WBS工作包WBS字典与范围基准.md,WBS 词典,,,keep,Front 聚焦“WBS 词典”这一章内概念，Back 一句话定边界，Extra 给出本概念的题干信号。,ruankao ruankao::build::20260520_235046 ruankao::chapter::05 ruankao::domain::范围管理 ruankao::type::概念卡 ruankao::importance::B ruankao::difficulty::3 ruankao::review::keep ruankao::chapter_concept,sha256:4e065b135103013287ebb3e3
软考::系统集成项目管理工程师::05_范围管理::章节概念卡::05_范围管理_概念卡,RuankaoTopicCard,范围基准是什么？,范围基准由范围说明书、WBS 和 WBS 词典组成，是范围控制的比较依据。,<div>理解：未经批准不能随意改范围基准。</div><div>题干信号：三件套、控制依据</div><div>来源：05_范围管理 专题包 / topic_build_full 相关小节</div>,chapter_concept,概念卡,范围基准,,A,2,章节概念,范围管理,05,范围管理,T-SCOPE-002,WBS、工作包、WBS 字典与范围基准,SRC-CH-05-008,topic_learning_packages/topics/05_范围管理/T-SCOPE-002_专题学习包_WBS工作包WBS字典与范围基准.md,范围基准,,,keep,Front 聚焦“范围基准”这一章内概念，Back 一句话定边界，Extra 给出本概念的题干信号。,ruankao ruankao::build::20260520_235046 ruankao::chapter::05 ruankao::domain::范围管理 ruankao::type::概念卡 ruankao::importance::A ruankao::difficulty::2 ruankao::review::keep ruankao::chapter_concept,sha256:bcab5aa4cd445527142354f4
软考::系统集成项目管理工程师::05_范围管理::章节概念卡::05_范围管理_概念卡,RuankaoTopicCard,确认范围是什么？,确认范围是由客户或发起人正式验收已完成可交付成果的过程。,<div>理解：验收/签字/接受是信号；检查缺陷更偏质量控制。</div><div>题干信号：正式验收、接受成果</div><div>来源：05_范围管理 专题包 / topic_build_full 相关小节</div>,chapter_concept,概念卡,确认范围,,A,2,章节概念,范围管理,05,范围管理,T-SCOPE-002,WBS、工作包、WBS 字典与范围基准,SRC-CH-05-009,topic_learning_packages/topics/05_范围管理/T-SCOPE-002_专题学习包_WBS工作包WBS字典与范围基准.md,确认范围,,,keep,Front 聚焦“确认范围”这一章内概念，Back 一句话定边界，Extra 给出本概念的题干信号。,ruankao ruankao::build::20260520_235046 ruankao::chapter::05 ruankao::domain::范围管理 ruankao::type::概念卡 ruankao::importance::A ruankao::difficulty::2 ruankao::review::keep ruankao::chapter_concept,sha256:ac4c42b8374e866ea1ce151a
软考::系统集成项目管理工程师::05_范围管理::章节概念卡::05_范围管理_概念卡,RuankaoTopicCard,控制范围是什么？,控制范围关注监督范围状态并管理范围基准变更。,<div>理解：题干出现范围蔓延、未经批准的需求增加，优先想到控制范围。</div><div>题干信号：范围蔓延、变更控制</div><div>来源：05_范围管理 专题包 / topic_build_full 相关小节</div>,chapter_concept,概念卡,控制范围,,A,2,章节概念,范围管理,05,范围管理,T-SCOPE-002,WBS、工作包、WBS 字典与范围基准,SRC-CH-05-010,topic_learning_packages/topics/05_范围管理/T-SCOPE-002_专题学习包_WBS工作包WBS字典与范围基准.md,控制范围,,,keep,Front 聚焦“控制范围”这一章内概念，Back 一句话定边界，Extra 给出本概念的题干信号。,ruankao ruankao::build::20260520_235046 ruankao::chapter::05 ruankao::domain::范围管理 ruankao::type::概念卡 ruankao::importance::A ruankao::difficulty::2 ruankao::review::keep ruankao::chapter_concept,sha256:54a3f22e477871f7ce737e92
软考::系统集成项目管理工程师::06_进度管理::章节概念卡::06_进度管理_概念卡,RuankaoTopicCard,活动清单是什么？,活动清单列出完成项目可交付成果所需的进度活动。,<div>理解：活动清单来自 WBS 的进一步分解。</div><div>题干信号：活动定义、进度活动</div><div>来源：06_进度管理 专题包 / topic_build_full 相关小节</div>,chapter_concept,概念卡,活动清单,,A,2,章节概念,进度管理,06,进度管理,T-SCH-002;T-SCH-003,活动排序、依赖关系、PDM/AOA 与提前滞后量;关键路径、总时差、自由时差与网络图判断,SRC-CH-06-001,topic_learning_packages/topics/06_进度管理/T-SCH-002_专题学习包_活动排序依赖关系PDM_AOA与提前滞后量.md;topic_learning_packages/topics/06_进度管理/T-SCH-003_专题学习包_关键路径总时差自由时差与网络图判断.md,活动清单,,,keep,Front 聚焦“活动清单”这一章内概念，Back 一句话定边界，Extra 给出本概念的题干信号。,ruankao ruankao::build::20260520_235046 ruankao::chapter::06 ruankao::domain::进度管理 ruankao::type::概念卡 ruankao::importance::A ruankao::difficulty::2 ruankao::review::keep ruankao::chapter_concept,sha256:958849312c5031a008ae04ac
软考::系统集成项目管理工程师::06_进度管理::章节概念卡::06_进度管理_概念卡,RuankaoTopicCard,里程碑是什么？,里程碑是项目中的重要时间点或事件，通常持续时间为零。,<div>理解：里程碑不是活动工期，而是阶段性节点。</div><div>题干信号：重要节点、零持续时间</div><div>来源：06_进度管理 专题包 / topic_build_full 相关小节</div>,chapter_concept,概念卡,里程碑,,B,3,章节概念,进度管理,06,进度管理,T-SCH-002;T-SCH-003,活动排序、依赖关系、PDM/AOA 与提前滞后量;关键路径、总时差、自由时差与网络图判断,SRC-CH-06-002,topic_learning_packages/topics/06_进度管理/T-SCH-002_专题学习包_活动排序依赖关系PDM_AOA与提前滞后量.md;topic_learning_packages/topics/06_进度管理/T-SCH-003_专题学习包_关键路径总时差自由时差与网络图判断.md,里程碑,,,keep,Front 聚焦“里程碑”这一章内概念，Back 一句话定边界，Extra 给出本概念的题干信号。,ruankao ruankao::build::20260520_235046 ruankao::chapter::06 ruankao::domain::进度管理 ruankao::type::概念卡 ruankao::importance::B ruankao::difficulty::3 ruankao::review::keep ruankao::chapter_concept,sha256:6f81a25bd60c55eb27f3d3f5
软考::系统集成项目管理工程师::06_进度管理::章节概念卡::06_进度管理_概念卡,RuankaoTopicCard,PDM是什么？,前导图法 PDM 用节点表示活动，用箭线表示逻辑关系。,<div>理解：看到节点是活动，多数是 PDM/AON。</div><div>题干信号：节点活动、箭线关系</div><div>来源：06_进度管理 专题包 / topic_build_full 相关小节</div>,chapter_concept,概念卡,PDM,,A,2,章节概念,进度管理,06,进度管理,T-SCH-002;T-SCH-003,活动排序、依赖关系、PDM/AOA 与提前滞后量;关键路径、总时差、自由时差与网络图判断,SRC-CH-06-003,topic_learning_packages/topics/06_进度管理/T-SCH-002_专题学习包_活动排序依赖关系PDM_AOA与提前滞后量.md;topic_learning_packages/topics/06_进度管理/T-SCH-003_专题学习包_关键路径总时差自由时差与网络图判断.md,PDM,,,keep,Front 聚焦“PDM”这一章内概念，Back 一句话定边界，Extra 给出本概念的题干信号。,ruankao ruankao::build::20260520_235046 ruankao::chapter::06 ruankao::domain::进度管理 ruankao::type::概念卡 ruankao::importance::A ruankao::difficulty::2 ruankao::review::keep ruankao::chapter_concept,sha256:0c3059fbba9051c29373aa81
软考::系统集成项目管理工程师::06_进度管理::章节概念卡::06_进度管理_概念卡,RuankaoTopicCard,ADM是什么？,箭线图法 ADM 用箭线表示活动，用节点表示事件。,<div>理解：看到虚活动和双代号网络图，多数是 ADM/AOA。</div><div>题干信号：箭线活动、虚活动</div><div>来源：06_进度管理 专题包 / topic_build_full 相关小节</div>,chapter_concept,概念卡,ADM,,B,3,章节概念,进度管理,06,进度管理,T-SCH-002;T-SCH-003,活动排序、依赖关系、PDM/AOA 与提前滞后量;关键路径、总时差、自由时差与网络图判断,SRC-CH-06-004,topic_learning_packages/topics/06_进度管理/T-SCH-002_专题学习包_活动排序依赖关系PDM_AOA与提前滞后量.md;topic_learning_packages/topics/06_进度管理/T-SCH-003_专题学习包_关键路径总时差自由时差与网络图判断.md,ADM,,,keep,Front 聚焦“ADM”这一章内概念，Back 一句话定边界，Extra 给出本概念的题干信号。,ruankao ruankao::build::20260520_235046 ruankao::chapter::06 ruankao::domain::进度管理 ruankao::type::概念卡 ruankao::importance::B ruankao::difficulty::3 ruankao::review::keep ruankao::chapter_concept,sha256:93caf083740bfa78553c6e66
软考::系统集成项目管理工程师::06_进度管理::章节概念卡::06_进度管理_概念卡,RuankaoTopicCard,完成-开始 FS是什么？,FS 表示紧前活动完成后，紧后活动才能开始，是最常见依赖关系。,<div>理解：题干“完成后才能开始”就是 FS。</div><div>题干信号：完成后开始</div><div>来源：06_进度管理 专题包 / topic_build_full 相关小节</div>,chapter_concept,概念卡,完成-开始 FS,,A,2,章节概念,进度管理,06,进度管理,T-SCH-002;T-SCH-003,活动排序、依赖关系、PDM/AOA 与提前滞后量;关键路径、总时差、自由时差与网络图判断,SRC-CH-06-005,topic_learning_packages/topics/06_进度管理/T-SCH-002_专题学习包_活动排序依赖关系PDM_AOA与提前滞后量.md;topic_learning_packages/topics/06_进度管理/T-SCH-003_专题学习包_关键路径总时差自由时差与网络图判断.md,完成-开始 FS,,,keep,Front 聚焦“完成-开始 FS”这一章内概念，Back 一句话定边界，Extra 给出本概念的题干信号。,ruankao ruankao::build::20260520_235046 ruankao::chapter::06 ruankao::domain::进度管理 ruankao::type::概念卡 ruankao::importance::A ruankao::difficulty::2 ruankao::review::keep ruankao::chapter_concept,sha256:ce5121e26322bcf0441fca70
软考::系统集成项目管理工程师::06_进度管理::章节概念卡::06_进度管理_概念卡,RuankaoTopicCard,提前量是什么？,提前量允许后续活动在前置活动完成前提前开始。,<div>理解：例如 FS-2 表示可提前 2 天开始，具体符号口径需按教材。</div><div>题干信号：提前开始、搭接</div><div>来源：06_进度管理 专题包 / topic_build_full 相关小节</div>,chapter_concept,概念卡,提前量,,B,3,章节概念,进度管理,06,进度管理,T-SCH-002;T-SCH-003,活动排序、依赖关系、PDM/AOA 与提前滞后量;关键路径、总时差、自由时差与网络图判断,SRC-CH-06-006,topic_learning_packages/topics/06_进度管理/T-SCH-002_专题学习包_活动排序依赖关系PDM_AOA与提前滞后量.md;topic_learning_packages/topics/06_进度管理/T-SCH-003_专题学习包_关键路径总时差自由时差与网络图判断.md,提前量,,,keep,Front 聚焦“提前量”这一章内概念，Back 一句话定边界，Extra 给出本概念的题干信号。,ruankao ruankao::build::20260520_235046 ruankao::chapter::06 ruankao::domain::进度管理 ruankao::type::概念卡 ruankao::importance::B ruankao::difficulty::3 ruankao::review::keep ruankao::chapter_concept,sha256:cd57afa4987f0de7e607479e
软考::系统集成项目管理工程师::06_进度管理::章节概念卡::06_进度管理_概念卡,RuankaoTopicCard,关键路径是什么？,关键路径是网络图中持续时间最长、决定项目最短工期的路径。,<div>理解：关键路径可能不止一条，多条时进度风险更高。</div><div>题干信号：最长路径、最短工期</div><div>来源：06_进度管理 专题包 / topic_build_full 相关小节</div>,chapter_concept,概念卡,关键路径,,A,2,章节概念,进度管理,06,进度管理,T-SCH-002;T-SCH-003,活动排序、依赖关系、PDM/AOA 与提前滞后量;关键路径、总时差、自由时差与网络图判断,SRC-CH-06-007,topic_learning_packages/topics/06_进度管理/T-SCH-002_专题学习包_活动排序依赖关系PDM_AOA与提前滞后量.md;topic_learning_packages/topics/06_进度管理/T-SCH-003_专题学习包_关键路径总时差自由时差与网络图判断.md,关键路径,,,keep,Front 聚焦“关键路径”这一章内概念，Back 一句话定边界，Extra 给出本概念的题干信号。,ruankao ruankao::build::20260520_235046 ruankao::chapter::06 ruankao::domain::进度管理 ruankao::type::概念卡 ruankao::importance::A ruankao::difficulty::2 ruankao::review::keep ruankao::chapter_concept,sha256:bc011c7335d28ab9941edc3c
软考::系统集成项目管理工程师::06_进度管理::章节概念卡::06_进度管理_概念卡,RuankaoTopicCard,总时差是什么？,总时差是在不延误项目完工日期前提下活动可推迟的时间。,<div>理解：题干问“不影响总工期”就是总时差。</div><div>题干信号：不影响总工期</div><div>来源：06_进度管理 专题包 / topic_build_full 相关小节</div>,chapter_concept,概念卡,总时差,,A,2,章节概念,进度管理,06,进度管理,T-SCH-002;T-SCH-003,活动排序、依赖关系、PDM/AOA 与提前滞后量;关键路径、总时差、自由时差与网络图判断,SRC-CH-06-008,topic_learning_packages/topics/06_进度管理/T-SCH-002_专题学习包_活动排序依赖关系PDM_AOA与提前滞后量.md;topic_learning_packages/topics/06_进度管理/T-SCH-003_专题学习包_关键路径总时差自由时差与网络图判断.md,总时差,,,keep,Front 聚焦“总时差”这一章内概念，Back 一句话定边界，Extra 给出本概念的题干信号。,ruankao ruankao::build::20260520_235046 ruankao::chapter::06 ruankao::domain::进度管理 ruankao::type::概念卡 ruankao::importance::A ruankao::difficulty::2 ruankao::review::keep ruankao::chapter_concept,sha256:86e24bf288ca110bf5cec7cf
软考::系统集成项目管理工程师::06_进度管理::章节概念卡::06_进度管理_概念卡,RuankaoTopicCard,自由时差是什么？,自由时差是在不延误紧后活动最早开始前提下活动可推迟的时间。,<div>理解：自由时差通常小于或等于总时差。</div><div>题干信号：不影响紧后活动</div><div>来源：06_进度管理 专题包 / topic_build_full 相关小节</div>,chapter_concept,概念卡,自由时差,,A,2,章节概念,进度管理,06,进度管理,T-SCH-002;T-SCH-003,活动排序、依赖关系、PDM/AOA 与提前滞后量;关键路径、总时差、自由时差与网络图判断,SRC-CH-06-009,topic_learning_packages/topics/06_进度管理/T-SCH-002_专题学习包_活动排序依赖关系PDM_AOA与提前滞后量.md;topic_learning_packages/topics/06_进度管理/T-SCH-003_专题学习包_关键路径总时差自由时差与网络图判断.md,自由时差,,,keep,Front 聚焦“自由时差”这一章内概念，Back 一句话定边界，Extra 给出本概念的题干信号。,ruankao ruankao::build::20260520_235046 ruankao::chapter::06 ruankao::domain::进度管理 ruankao::type::概念卡 ruankao::importance::A ruankao::difficulty::2 ruankao::review::keep ruankao::chapter_concept,sha256:b7835ce74f6d24e3705d2bad
软考::系统集成项目管理工程师::06_进度管理::章节概念卡::06_进度管理_概念卡,RuankaoTopicCard,赶工是什么？,赶工是通过增加资源缩短工期，通常增加成本。,<div>理解：题干出现加班、增加人员、额外资源，优先想到赶工。</div><div>题干信号：增加资源、成本上升</div><div>来源：06_进度管理 专题包 / topic_build_full 相关小节</div>,chapter_concept,概念卡,赶工,,A,2,章节概念,进度管理,06,进度管理,T-SCH-002;T-SCH-003,活动排序、依赖关系、PDM/AOA 与提前滞后量;关键路径、总时差、自由时差与网络图判断,SRC-CH-06-010,topic_learning_packages/topics/06_进度管理/T-SCH-002_专题学习包_活动排序依赖关系PDM_AOA与提前滞后量.md;topic_learning_packages/topics/06_进度管理/T-SCH-003_专题学习包_关键路径总时差自由时差与网络图判断.md,赶工,,,keep,Front 聚焦“赶工”这一章内概念，Back 一句话定边界，Extra 给出本概念的题干信号。,ruankao ruankao::build::20260520_235046 ruankao::chapter::06 ruankao::domain::进度管理 ruankao::type::概念卡 ruankao::importance::A ruankao::difficulty::2 ruankao::review::keep ruankao::chapter_concept,sha256:07110a10d706010f2584e269
软考::系统集成项目管理工程师::06_进度管理::章节概念卡::06_进度管理_概念卡,RuankaoTopicCard,快速跟进是什么？,快速跟进是调整逻辑关系，让原本顺序的活动并行，通常增加返工风险。,<div>理解：题干出现并行、重叠开展，优先想到快速跟进。</div><div>题干信号：并行、返工风险</div><div>来源：06_进度管理 专题包 / topic_build_full 相关小节</div>,chapter_concept,概念卡,快速跟进,,A,2,章节概念,进度管理,06,进度管理,T-SCH-002;T-SCH-003,活动排序、依赖关系、PDM/AOA 与提前滞后量;关键路径、总时差、自由时差与网络图判断,SRC-CH-06-011,topic_learning_packages/topics/06_进度管理/T-SCH-002_专题学习包_活动排序依赖关系PDM_AOA与提前滞后量.md;topic_learning_packages/topics/06_进度管理/T-SCH-003_专题学习包_关键路径总时差自由时差与网络图判断.md,快速跟进,,,keep,Front 聚焦“快速跟进”这一章内概念，Back 一句话定边界，Extra 给出本概念的题干信号。,ruankao ruankao::build::20260520_235046 ruankao::chapter::06 ruankao::domain::进度管理 ruankao::type::概念卡 ruankao::importance::A ruankao::difficulty::2 ruankao::review::keep ruankao::chapter_concept,sha256:c573461a5c2c139deea7e437
软考::系统集成项目管理工程师::待核验与复查,RuankaoTopicCard,进度管理中哪些概念不应直接按数字或版本背诵？,涉及法规数字、标准编号、过程名称版本差异或教材译名的内容，应先核验教材或现行法规。,<div>理解：这类卡只提醒隔离风险，不把不稳定数字塞进主复习。</div><div>来源：pending_verification_register.md</div>,chapter_concept,待核验卡,教材口径待核验项,,C,3,待核验,进度管理,06,进度管理,T-SCH-002;T-SCH-003,活动排序、依赖关系、PDM/AOA 与提前滞后量;关键路径、总时差、自由时差与网络图判断,SRC-PV-06,topic_learning_packages/reports/pending_verification_register.md,相关 PV 条目,,,needs_human_review,涉及法规、标准或教材口径差异，方向可复习但具体数字和版本必须人工核验。,ruankao ruankao::build::20260520_235046 ruankao::chapter::06 ruankao::domain::进度管理 ruankao::type::待核验卡 ruankao::importance::C ruankao::difficulty::3 ruankao::review::needs_human_review ruankao::chapter_concept ruankao::needs_review ruankao::not_for_main_review,sha256:6db1cfdb52305435fceaedea
软考::系统集成项目管理工程师::07_成本管理::章节概念卡::07_成本管理_概念卡,RuankaoTopicCard,成本估算是什么？,成本估算是对完成项目活动所需资金的近似估计。,<div>理解：估算随信息增加逐步精确，不等于预算批准。</div><div>题干信号：近似估计、逐步精确</div><div>来源：07_成本管理 专题包 / topic_build_full 相关小节</div>,chapter_concept,概念卡,成本估算,,A,2,章节概念,成本管理,07,成本管理,T-COST-001;T-COST-002,成本估算、成本预算、储备分析与成本基准;挣值管理与成本绩效分析,SRC-CH-07-001,topic_learning_packages/topics/07_成本管理/T-COST-001_专题学习包_成本估算预算储备分析与成本基准.md;topic_learning_packages/topics/07_成本管理/T-COST-002_专题学习包_挣值管理与成本绩效分析.md,成本估算,,,keep,Front 聚焦“成本估算”这一章内概念，Back 一句话定边界，Extra 给出本概念的题干信号。,ruankao ruankao::build::20260520_235046 ruankao::chapter::07 ruankao::domain::成本管理 ruankao::type::概念卡 ruankao::importance::A ruankao::difficulty::2 ruankao::review::keep ruankao::chapter_concept,sha256:096bd37283ade5d800bd86e4
软考::系统集成项目管理工程师::07_成本管理::章节概念卡::07_成本管理_概念卡,RuankaoTopicCard,类比估算是什么？,类比估算用以往类似项目的数据估算当前项目，速度快但准确性较低。,<div>理解：适合早期信息不足场景。</div><div>题干信号：历史类似项目、快速</div><div>来源：07_成本管理 专题包 / topic_build_full 相关小节</div>,chapter_concept,概念卡,类比估算,,B,3,章节概念,成本管理,07,成本管理,T-COST-001;T-COST-002,成本估算、成本预算、储备分析与成本基准;挣值管理与成本绩效分析,SRC-CH-07-002,topic_learning_packages/topics/07_成本管理/T-COST-001_专题学习包_成本估算预算储备分析与成本基准.md;topic_learning_packages/topics/07_成本管理/T-COST-002_专题学习包_挣值管理与成本绩效分析.md,类比估算,,,keep,Front 聚焦“类比估算”这一章内概念，Back 一句话定边界，Extra 给出本概念的题干信号。,ruankao ruankao::build::20260520_235046 ruankao::chapter::07 ruankao::domain::成本管理 ruankao::type::概念卡 ruankao::importance::B ruankao::difficulty::3 ruankao::review::keep ruankao::chapter_concept,sha256:0ab84b9eb22c537bf3266860
软考::系统集成项目管理工程师::07_成本管理::章节概念卡::07_成本管理_概念卡,RuankaoTopicCard,参数估算是什么？,参数估算用单位成本或生产率乘以数量进行估算。,<div>理解：题干出现每米、每人天、每模块成本，常是参数估算。</div><div>题干信号：单位成本、数量</div><div>来源：07_成本管理 专题包 / topic_build_full 相关小节</div>,chapter_concept,概念卡,参数估算,,A,2,章节概念,成本管理,07,成本管理,T-COST-001;T-COST-002,成本估算、成本预算、储备分析与成本基准;挣值管理与成本绩效分析,SRC-CH-07-003,topic_learning_packages/topics/07_成本管理/T-COST-001_专题学习包_成本估算预算储备分析与成本基准.md;topic_learning_packages/topics/07_成本管理/T-COST-002_专题学习包_挣值管理与成本绩效分析.md,参数估算,,,keep,Front 聚焦“参数估算”这一章内概念，Back 一句话定边界，Extra 给出本概念的题干信号。,ruankao ruankao::build::20260520_235046 ruankao::chapter::07 ruankao::domain::成本管理 ruankao::type::概念卡 ruankao::importance::A ruankao::difficulty::2 ruankao::review::keep ruankao::chapter_concept,sha256:ea2e6525edf4c43262290223
软考::系统集成项目管理工程师::07_成本管理::章节概念卡::07_成本管理_概念卡,RuankaoTopicCard,自下而上估算是什么？,自下而上估算从工作包或活动逐层汇总成本。,<div>理解：更详细但耗时，常在 WBS 明确后使用。</div><div>题干信号：工作包汇总</div><div>来源：07_成本管理 专题包 / topic_build_full 相关小节</div>,chapter_concept,概念卡,自下而上估算,,A,2,章节概念,成本管理,07,成本管理,T-COST-001;T-COST-002,成本估算、成本预算、储备分析与成本基准;挣值管理与成本绩效分析,SRC-CH-07-004,topic_learning_packages/topics/07_成本管理/T-COST-001_专题学习包_成本估算预算储备分析与成本基准.md;topic_learning_packages/topics/07_成本管理/T-COST-002_专题学习包_挣值管理与成本绩效分析.md,自下而上估算,,,keep,Front 聚焦“自下而上估算”这一章内概念，Back 一句话定边界，Extra 给出本概念的题干信号。,ruankao ruankao::build::20260520_235046 ruankao::chapter::07 ruankao::domain::成本管理 ruankao::type::概念卡 ruankao::importance::A ruankao::difficulty::2 ruankao::review::keep ruankao::chapter_concept,sha256:8d69dd6aced9c15eaaac4606
软考::系统集成项目管理工程师::07_成本管理::章节概念卡::07_成本管理_概念卡,RuankaoTopicCard,储备分析是什么？,储备分析用于应对成本或进度估算中的不确定性。,<div>理解：应急储备和管理储备口径要分清。</div><div>题干信号：不确定性、储备</div><div>来源：07_成本管理 专题包 / topic_build_full 相关小节</div>,chapter_concept,概念卡,储备分析,,A,2,章节概念,成本管理,07,成本管理,T-COST-001;T-COST-002,成本估算、成本预算、储备分析与成本基准;挣值管理与成本绩效分析,SRC-CH-07-005,topic_learning_packages/topics/07_成本管理/T-COST-001_专题学习包_成本估算预算储备分析与成本基准.md;topic_learning_packages/topics/07_成本管理/T-COST-002_专题学习包_挣值管理与成本绩效分析.md,储备分析,,,keep,Front 聚焦“储备分析”这一章内概念，Back 一句话定边界，Extra 给出本概念的题干信号。,ruankao ruankao::build::20260520_235046 ruankao::chapter::07 ruankao::domain::成本管理 ruankao::type::概念卡 ruankao::importance::A ruankao::difficulty::2 ruankao::review::keep ruankao::chapter_concept,sha256:54346f1c35a8246f70d6b773
软考::系统集成项目管理工程师::07_成本管理::章节概念卡::07_成本管理_概念卡,RuankaoTopicCard,应急储备是什么？,应急储备用于已识别风险，通常包含在成本基准中。,<div>理解：它不是项目经理随意花的钱，应与风险应对相关。</div><div>题干信号：已识别风险、成本基准</div><div>来源：07_成本管理 专题包 / topic_build_full 相关小节</div>,chapter_concept,概念卡,应急储备,,A,2,章节概念,成本管理,07,成本管理,T-COST-001;T-COST-002,成本估算、成本预算、储备分析与成本基准;挣值管理与成本绩效分析,SRC-CH-07-006,topic_learning_packages/topics/07_成本管理/T-COST-001_专题学习包_成本估算预算储备分析与成本基准.md;topic_learning_packages/topics/07_成本管理/T-COST-002_专题学习包_挣值管理与成本绩效分析.md,应急储备,,,keep,Front 聚焦“应急储备”这一章内概念，Back 一句话定边界，Extra 给出本概念的题干信号。,ruankao ruankao::build::20260520_235046 ruankao::chapter::07 ruankao::domain::成本管理 ruankao::type::概念卡 ruankao::importance::A ruankao::difficulty::2 ruankao::review::keep ruankao::chapter_concept,sha256:a01565aad2409379aa5ec290
软考::系统集成项目管理工程师::07_成本管理::章节概念卡::07_成本管理_概念卡,RuankaoTopicCard,管理储备是什么？,管理储备用于未知未知风险，通常不包含在成本基准中。,<div>理解：动用管理储备常需更高层批准。</div><div>题干信号：未知风险、高层批准</div><div>来源：07_成本管理 专题包 / topic_build_full 相关小节</div>,chapter_concept,概念卡,管理储备,,B,3,章节概念,成本管理,07,成本管理,T-COST-001;T-COST-002,成本估算、成本预算、储备分析与成本基准;挣值管理与成本绩效分析,SRC-CH-07-007,topic_learning_packages/topics/07_成本管理/T-COST-001_专题学习包_成本估算预算储备分析与成本基准.md;topic_learning_packages/topics/07_成本管理/T-COST-002_专题学习包_挣值管理与成本绩效分析.md,管理储备,,,keep,Front 聚焦“管理储备”这一章内概念，Back 一句话定边界，Extra 给出本概念的题干信号。,ruankao ruankao::build::20260520_235046 ruankao::chapter::07 ruankao::domain::成本管理 ruankao::type::概念卡 ruankao::importance::B ruankao::difficulty::3 ruankao::review::keep ruankao::chapter_concept,sha256:0de3ec7ecb53a948b88abaf3
软考::系统集成项目管理工程师::07_成本管理::章节概念卡::07_成本管理_概念卡,RuankaoTopicCard,成本基准是什么？,成本基准是经过批准的、按时间分布的项目预算。,<div>理解：它用于比较实际成本绩效和控制成本。</div><div>题干信号：批准预算、时间分布</div><div>来源：07_成本管理 专题包 / topic_build_full 相关小节</div>,chapter_concept,概念卡,成本基准,,A,2,章节概念,成本管理,07,成本管理,T-COST-001;T-COST-002,成本估算、成本预算、储备分析与成本基准;挣值管理与成本绩效分析,SRC-CH-07-008,topic_learning_packages/topics/07_成本管理/T-COST-001_专题学习包_成本估算预算储备分析与成本基准.md;topic_learning_packages/topics/07_成本管理/T-COST-002_专题学习包_挣值管理与成本绩效分析.md,成本基准,,,keep,Front 聚焦“成本基准”这一章内概念，Back 一句话定边界，Extra 给出本概念的题干信号。,ruankao ruankao::build::20260520_235046 ruankao::chapter::07 ruankao::domain::成本管理 ruankao::type::概念卡 ruankao::importance::A ruankao::difficulty::2 ruankao::review::keep ruankao::chapter_concept,sha256:3b3bd8593769dec7112653fa
软考::系统集成项目管理工程师::07_成本管理::章节概念卡::07_成本管理_概念卡,RuankaoTopicCard,挣值管理是什么？,挣值管理把范围、进度和成本基准整合，用 PV、EV、AC 判断绩效。,<div>理解：别把 EVM 学成公式表；核心是用统一货币口径比较。</div><div>题干信号：PV EV AC、绩效测量</div><div>来源：07_成本管理 专题包 / topic_build_full 相关小节</div>,chapter_concept,概念卡,挣值管理,,A,2,章节概念,成本管理,07,成本管理,T-COST-001;T-COST-002,成本估算、成本预算、储备分析与成本基准;挣值管理与成本绩效分析,SRC-CH-07-009,topic_learning_packages/topics/07_成本管理/T-COST-001_专题学习包_成本估算预算储备分析与成本基准.md;topic_learning_packages/topics/07_成本管理/T-COST-002_专题学习包_挣值管理与成本绩效分析.md,挣值管理,,,keep,Front 聚焦“挣值管理”这一章内概念，Back 一句话定边界，Extra 给出本概念的题干信号。,ruankao ruankao::build::20260520_235046 ruankao::chapter::07 ruankao::domain::成本管理 ruankao::type::概念卡 ruankao::importance::A ruankao::difficulty::2 ruankao::review::keep ruankao::chapter_concept,sha256:c294287001cc2874c1cfb8c3
软考::系统集成项目管理工程师::08_质量管理::章节概念卡::08_质量管理_概念卡,RuankaoTopicCard,质量是什么？,质量是满足要求和适用性的程度。,<div>理解：质量高不等于等级高，低等级产品也可以高质量。</div><div>题干信号：满足要求、适用性</div><div>来源：08_质量管理 专题包 / topic_build_full 相关小节</div>,chapter_concept,概念卡,质量,,A,2,章节概念,质量管理,08,质量管理,T-QUAL-001;T-QUAL-002;T-QUAL-003,质量保证、质量控制与质量审计;质量管理七工具、新七工具与质量问题分析;质量问题案例模板：缺陷、测试、验收与纠偏,SRC-CH-08-001,topic_learning_packages/topics/08_质量管理/T-QUAL-001_专题学习包_质量保证质量控制与质量审计.md;topic_learning_packages/topics/08_质量管理/T-QUAL-002_专题学习包_质量管理七工具新七工具与质量问题分析.md;topic_learning_packages/topics/08_质量管理/T-QUAL-003_专题学习包_质量问题案例模板缺陷测试验收与纠偏.md,质量,,,keep,Front 聚焦“质量”这一章内概念，Back 一句话定边界，Extra 给出本概念的题干信号。,ruankao ruankao::build::20260520_235046 ruankao::chapter::08 ruankao::domain::质量管理 ruankao::type::概念卡 ruankao::importance::A ruankao::difficulty::2 ruankao::review::keep ruankao::chapter_concept,sha256:be343fa2b08d750e2217317f
软考::系统集成项目管理工程师::08_质量管理::章节概念卡::08_质量管理_概念卡,RuankaoTopicCard,等级是什么？,等级是具有相同功能用途但技术特性不同的分类。,<div>理解：质量差是问题，等级低未必是问题。</div><div>题干信号：功能用途相同、技术特性不同</div><div>来源：08_质量管理 专题包 / topic_build_full 相关小节</div>,chapter_concept,概念卡,等级,,A,2,章节概念,质量管理,08,质量管理,T-QUAL-001;T-QUAL-002;T-QUAL-003,质量保证、质量控制与质量审计;质量管理七工具、新七工具与质量问题分析;质量问题案例模板：缺陷、测试、验收与纠偏,SRC-CH-08-002,topic_learning_packages/topics/08_质量管理/T-QUAL-001_专题学习包_质量保证质量控制与质量审计.md;topic_learning_packages/topics/08_质量管理/T-QUAL-002_专题学习包_质量管理七工具新七工具与质量问题分析.md;topic_learning_packages/topics/08_质量管理/T-QUAL-003_专题学习包_质量问题案例模板缺陷测试验收与纠偏.md,等级,,,keep,Front 聚焦“等级”这一章内概念，Back 一句话定边界，Extra 给出本概念的题干信号。,ruankao ruankao::build::20260520_235046 ruankao::chapter::08 ruankao::domain::质量管理 ruankao::type::概念卡 ruankao::importance::A ruankao::difficulty::2 ruankao::review::keep ruankao::chapter_concept,sha256:ae21c6c4d8fd472bfb606c5c
软考::系统集成项目管理工程师::08_质量管理::章节概念卡::08_质量管理_概念卡,RuankaoTopicCard,质量保证 QA是什么？,质量保证关注过程是否有效，强调预防和过程改进。,<div>理解：题干出现过程审查、质量审计，更接近 QA。</div><div>题干信号：过程、预防、审计</div><div>来源：08_质量管理 专题包 / topic_build_full 相关小节</div>,chapter_concept,概念卡,质量保证 QA,,A,2,章节概念,质量管理,08,质量管理,T-QUAL-001;T-QUAL-002;T-QUAL-003,质量保证、质量控制与质量审计;质量管理七工具、新七工具与质量问题分析;质量问题案例模板：缺陷、测试、验收与纠偏,SRC-CH-08-003,topic_learning_packages/topics/08_质量管理/T-QUAL-001_专题学习包_质量保证质量控制与质量审计.md;topic_learning_packages/topics/08_质量管理/T-QUAL-002_专题学习包_质量管理七工具新七工具与质量问题分析.md;topic_learning_packages/topics/08_质量管理/T-QUAL-003_专题学习包_质量问题案例模板缺陷测试验收与纠偏.md,质量保证 QA,,,keep,Front 聚焦“质量保证 QA”这一章内概念，Back 一句话定边界，Extra 给出本概念的题干信号。,ruankao ruankao::build::20260520_235046 ruankao::chapter::08 ruankao::domain::质量管理 ruankao::type::概念卡 ruankao::importance::A ruankao::difficulty::2 ruankao::review::keep ruankao::chapter_concept,sha256:c19f8cd547b2c5b7f0aba226
软考::系统集成项目管理工程师::08_质量管理::章节概念卡::08_质量管理_概念卡,RuankaoTopicCard,质量控制 QC是什么？,质量控制关注可交付成果是否符合质量要求，强调检查和缺陷发现。,<div>理解：题干出现测试、检查、缺陷，更接近 QC。</div><div>题干信号：结果、检查、缺陷</div><div>来源：08_质量管理 专题包 / topic_build_full 相关小节</div>,chapter_concept,概念卡,质量控制 QC,,A,2,章节概念,质量管理,08,质量管理,T-QUAL-001;T-QUAL-002;T-QUAL-003,质量保证、质量控制与质量审计;质量管理七工具、新七工具与质量问题分析;质量问题案例模板：缺陷、测试、验收与纠偏,SRC-CH-08-004,topic_learning_packages/topics/08_质量管理/T-QUAL-001_专题学习包_质量保证质量控制与质量审计.md;topic_learning_packages/topics/08_质量管理/T-QUAL-002_专题学习包_质量管理七工具新七工具与质量问题分析.md;topic_learning_packages/topics/08_质量管理/T-QUAL-003_专题学习包_质量问题案例模板缺陷测试验收与纠偏.md,质量控制 QC,,,keep,Front 聚焦“质量控制 QC”这一章内概念，Back 一句话定边界，Extra 给出本概念的题干信号。,ruankao ruankao::build::20260520_235046 ruankao::chapter::08 ruankao::domain::质量管理 ruankao::type::概念卡 ruankao::importance::A ruankao::difficulty::2 ruankao::review::keep ruankao::chapter_concept,sha256:3c10cd684ab5ca884dc0517d
软考::系统集成项目管理工程师::08_质量管理::章节概念卡::08_质量管理_概念卡,RuankaoTopicCard,质量审计是什么？,质量审计是结构化、独立的过程检查，用于确认质量活动是否符合政策和程序。,<div>理解：质量审计通常是 QA 的工具。</div><div>题干信号：独立审查、过程符合性</div><div>来源：08_质量管理 专题包 / topic_build_full 相关小节</div>,chapter_concept,概念卡,质量审计,,A,2,章节概念,质量管理,08,质量管理,T-QUAL-001;T-QUAL-002;T-QUAL-003,质量保证、质量控制与质量审计;质量管理七工具、新七工具与质量问题分析;质量问题案例模板：缺陷、测试、验收与纠偏,SRC-CH-08-005,topic_learning_packages/topics/08_质量管理/T-QUAL-001_专题学习包_质量保证质量控制与质量审计.md;topic_learning_packages/topics/08_质量管理/T-QUAL-002_专题学习包_质量管理七工具新七工具与质量问题分析.md;topic_learning_packages/topics/08_质量管理/T-QUAL-003_专题学习包_质量问题案例模板缺陷测试验收与纠偏.md,质量审计,,,keep,Front 聚焦“质量审计”这一章内概念，Back 一句话定边界，Extra 给出本概念的题干信号。,ruankao ruankao::build::20260520_235046 ruankao::chapter::08 ruankao::domain::质量管理 ruankao::type::概念卡 ruankao::importance::A ruankao::difficulty::2 ruankao::review::keep ruankao::chapter_concept,sha256:759fe2b882ad146dd5f83302
软考::系统集成项目管理工程师::08_质量管理::章节概念卡::08_质量管理_概念卡,RuankaoTopicCard,因果图是什么？,因果图用于分析问题可能原因，常按人机料法环等分类。,<div>理解：题干问“找原因、分析根因”，优先想到鱼骨图。</div><div>题干信号：原因分析、鱼骨图</div><div>来源：08_质量管理 专题包 / topic_build_full 相关小节</div>,chapter_concept,概念卡,因果图,,A,2,章节概念,质量管理,08,质量管理,T-QUAL-001;T-QUAL-002;T-QUAL-003,质量保证、质量控制与质量审计;质量管理七工具、新七工具与质量问题分析;质量问题案例模板：缺陷、测试、验收与纠偏,SRC-CH-08-006,topic_learning_packages/topics/08_质量管理/T-QUAL-001_专题学习包_质量保证质量控制与质量审计.md;topic_learning_packages/topics/08_质量管理/T-QUAL-002_专题学习包_质量管理七工具新七工具与质量问题分析.md;topic_learning_packages/topics/08_质量管理/T-QUAL-003_专题学习包_质量问题案例模板缺陷测试验收与纠偏.md,因果图,,,keep,Front 聚焦“因果图”这一章内概念，Back 一句话定边界，Extra 给出本概念的题干信号。,ruankao ruankao::build::20260520_235046 ruankao::chapter::08 ruankao::domain::质量管理 ruankao::type::概念卡 ruankao::importance::A ruankao::difficulty::2 ruankao::review::keep ruankao::chapter_concept,sha256:00bb6d571447d7ebfafb1b4c
软考::系统集成项目管理工程师::08_质量管理::章节概念卡::08_质量管理_概念卡,RuankaoTopicCard,帕累托图是什么？,帕累托图用于识别造成多数问题的少数关键原因。,<div>理解：题干出现 80/20、优先处理主要问题，想到帕累托。</div><div>题干信号：80/20、关键少数</div><div>来源：08_质量管理 专题包 / topic_build_full 相关小节</div>,chapter_concept,概念卡,帕累托图,,A,2,章节概念,质量管理,08,质量管理,T-QUAL-001;T-QUAL-002;T-QUAL-003,质量保证、质量控制与质量审计;质量管理七工具、新七工具与质量问题分析;质量问题案例模板：缺陷、测试、验收与纠偏,SRC-CH-08-007,topic_learning_packages/topics/08_质量管理/T-QUAL-001_专题学习包_质量保证质量控制与质量审计.md;topic_learning_packages/topics/08_质量管理/T-QUAL-002_专题学习包_质量管理七工具新七工具与质量问题分析.md;topic_learning_packages/topics/08_质量管理/T-QUAL-003_专题学习包_质量问题案例模板缺陷测试验收与纠偏.md,帕累托图,,,keep,Front 聚焦“帕累托图”这一章内概念，Back 一句话定边界，Extra 给出本概念的题干信号。,ruankao ruankao::build::20260520_235046 ruankao::chapter::08 ruankao::domain::质量管理 ruankao::type::概念卡 ruankao::importance::A ruankao::difficulty::2 ruankao::review::keep ruankao::chapter_concept,sha256:9d90308c5a314fec80ad402b
软考::系统集成项目管理工程师::08_质量管理::章节概念卡::08_质量管理_概念卡,RuankaoTopicCard,控制图是什么？,控制图用于判断过程是否稳定、是否受异常原因影响。,<div>理解：题干出现控制上限/下限、过程稳定性，想到控制图。</div><div>题干信号：UCL LCL、稳定性</div><div>来源：08_质量管理 专题包 / topic_build_full 相关小节</div>,chapter_concept,概念卡,控制图,,B,3,章节概念,质量管理,08,质量管理,T-QUAL-001;T-QUAL-002;T-QUAL-003,质量保证、质量控制与质量审计;质量管理七工具、新七工具与质量问题分析;质量问题案例模板：缺陷、测试、验收与纠偏,SRC-CH-08-008,topic_learning_packages/topics/08_质量管理/T-QUAL-001_专题学习包_质量保证质量控制与质量审计.md;topic_learning_packages/topics/08_质量管理/T-QUAL-002_专题学习包_质量管理七工具新七工具与质量问题分析.md;topic_learning_packages/topics/08_质量管理/T-QUAL-003_专题学习包_质量问题案例模板缺陷测试验收与纠偏.md,控制图,,,keep,Front 聚焦“控制图”这一章内概念，Back 一句话定边界，Extra 给出本概念的题干信号。,ruankao ruankao::build::20260520_235046 ruankao::chapter::08 ruankao::domain::质量管理 ruankao::type::概念卡 ruankao::importance::B ruankao::difficulty::3 ruankao::review::keep ruankao::chapter_concept,sha256:3d47c1e21bd6a708f8a91251
软考::系统集成项目管理工程师::08_质量管理::章节概念卡::08_质量管理_概念卡,RuankaoTopicCard,检查表是什么？,检查表用于结构化收集和记录数据。,<div>理解：它不是检查清单的同义词，但考试常考“收集缺陷数据”。</div><div>题干信号：记录数据、核查表</div><div>来源：08_质量管理 专题包 / topic_build_full 相关小节</div>,chapter_concept,概念卡,检查表,,B,3,章节概念,质量管理,08,质量管理,T-QUAL-001;T-QUAL-002;T-QUAL-003,质量保证、质量控制与质量审计;质量管理七工具、新七工具与质量问题分析;质量问题案例模板：缺陷、测试、验收与纠偏,SRC-CH-08-009,topic_learning_packages/topics/08_质量管理/T-QUAL-001_专题学习包_质量保证质量控制与质量审计.md;topic_learning_packages/topics/08_质量管理/T-QUAL-002_专题学习包_质量管理七工具新七工具与质量问题分析.md;topic_learning_packages/topics/08_质量管理/T-QUAL-003_专题学习包_质量问题案例模板缺陷测试验收与纠偏.md,检查表,,,keep,Front 聚焦“检查表”这一章内概念，Back 一句话定边界，Extra 给出本概念的题干信号。,ruankao ruankao::build::20260520_235046 ruankao::chapter::08 ruankao::domain::质量管理 ruankao::type::概念卡 ruankao::importance::B ruankao::difficulty::3 ruankao::review::keep ruankao::chapter_concept,sha256:db6f5616243d1b27b0b8d9eb
软考::系统集成项目管理工程师::08_质量管理::章节概念卡::08_质量管理_概念卡,RuankaoTopicCard,散点图是什么？,散点图用于观察两个变量之间是否存在相关关系。,<div>理解：题干出现两个变量关系，优先想到散点图。</div><div>题干信号：相关关系、两个变量</div><div>来源：08_质量管理 专题包 / topic_build_full 相关小节</div>,chapter_concept,概念卡,散点图,,B,3,章节概念,质量管理,08,质量管理,T-QUAL-001;T-QUAL-002;T-QUAL-003,质量保证、质量控制与质量审计;质量管理七工具、新七工具与质量问题分析;质量问题案例模板：缺陷、测试、验收与纠偏,SRC-CH-08-010,topic_learning_packages/topics/08_质量管理/T-QUAL-001_专题学习包_质量保证质量控制与质量审计.md;topic_learning_packages/topics/08_质量管理/T-QUAL-002_专题学习包_质量管理七工具新七工具与质量问题分析.md;topic_learning_packages/topics/08_质量管理/T-QUAL-003_专题学习包_质量问题案例模板缺陷测试验收与纠偏.md,散点图,,,keep,Front 聚焦“散点图”这一章内概念，Back 一句话定边界，Extra 给出本概念的题干信号。,ruankao ruankao::build::20260520_235046 ruankao::chapter::08 ruankao::domain::质量管理 ruankao::type::概念卡 ruankao::importance::B ruankao::difficulty::3 ruankao::review::keep ruankao::chapter_concept,sha256:9fbb08f01773ada433585133
软考::系统集成项目管理工程师::待核验与复查,RuankaoTopicCard,质量管理中哪些概念不应直接按数字或版本背诵？,涉及法规数字、标准编号、过程名称版本差异或教材译名的内容，应先核验教材或现行法规。,<div>理解：这类卡只提醒隔离风险，不把不稳定数字塞进主复习。</div><div>来源：pending_verification_register.md</div>,chapter_concept,待核验卡,教材口径待核验项,,C,3,待核验,质量管理,08,质量管理,T-QUAL-001;T-QUAL-002;T-QUAL-003,质量保证、质量控制与质量审计;质量管理七工具、新七工具与质量问题分析;质量问题案例模板：缺陷、测试、验收与纠偏,SRC-PV-08,topic_learning_packages/reports/pending_verification_register.md,相关 PV 条目,,,needs_human_review,涉及法规、标准或教材口径差异，方向可复习但具体数字和版本必须人工核验。,ruankao ruankao::build::20260520_235046 ruankao::chapter::08 ruankao::domain::质量管理 ruankao::type::待核验卡 ruankao::importance::C ruankao::difficulty::3 ruankao::review::needs_human_review ruankao::chapter_concept ruankao::needs_review ruankao::not_for_main_review,sha256:21b6d21785e7c18f9f1d2bf4
软考::系统集成项目管理工程师::09_人力资源与沟通管理::章节概念卡::09_人力资源与沟通管理_概念卡,RuankaoTopicCard,人力资源管理计划是什么？,人力资源管理计划说明角色、职责、汇报关系和人员管理安排。,<div>理解：它回答人怎么来、怎么管、何时释放。</div><div>题干信号：角色职责、人员安排</div><div>来源：09_人力资源与沟通管理 专题包 / topic_build_full 相关小节</div>,chapter_concept,概念卡,人力资源管理计划,,A,2,章节概念,人力资源与沟通管理,09,人力资源与沟通管理,T-COM-001;T-HR-001,沟通渠道计算与干系人参与管理;项目人力资源管理：组织计划、团队建设与团队管理,SRC-CH-09-001,topic_learning_packages/topics/09_人力资源与沟通管理/T-COM-001_专题学习包_沟通渠道计算与干系人参与管理.md;topic_learning_packages/topics/09_人力资源与沟通管理/T-HR-001_专题学习包_项目人力资源管理组织计划团队建设与团队管理.md,人力资源管理计划,,,keep,Front 聚焦“人力资源管理计划”这一章内概念，Back 一句话定边界，Extra 给出本概念的题干信号。,ruankao ruankao::build::20260520_235046 ruankao::chapter::09 ruankao::domain::人力资源与沟通管理 ruankao::type::概念卡 ruankao::importance::A ruankao::difficulty::2 ruankao::review::keep ruankao::chapter_concept,sha256:e9c69d50f2b2ae072e7be148
软考::系统集成项目管理工程师::09_人力资源与沟通管理::章节概念卡::09_人力资源与沟通管理_概念卡,RuankaoTopicCard,RAM是什么？,责任分配矩阵 RAM 把工作包与项目成员或组织单元对应起来。,<div>理解：用于看谁负责什么，RACI 是常见形式。</div><div>题干信号：工作包、责任</div><div>来源：09_人力资源与沟通管理 专题包 / topic_build_full 相关小节</div>,chapter_concept,概念卡,RAM,,A,2,章节概念,人力资源与沟通管理,09,人力资源与沟通管理,T-COM-001;T-HR-001,沟通渠道计算与干系人参与管理;项目人力资源管理：组织计划、团队建设与团队管理,SRC-CH-09-002,topic_learning_packages/topics/09_人力资源与沟通管理/T-COM-001_专题学习包_沟通渠道计算与干系人参与管理.md;topic_learning_packages/topics/09_人力资源与沟通管理/T-HR-001_专题学习包_项目人力资源管理组织计划团队建设与团队管理.md,RAM,,,keep,Front 聚焦“RAM”这一章内概念，Back 一句话定边界，Extra 给出本概念的题干信号。,ruankao ruankao::build::20260520_235046 ruankao::chapter::09 ruankao::domain::人力资源与沟通管理 ruankao::type::概念卡 ruankao::importance::A ruankao::difficulty::2 ruankao::review::keep ruankao::chapter_concept,sha256:aba647d5264b53fb0d3ef907
软考::系统集成项目管理工程师::09_人力资源与沟通管理::章节概念卡::09_人力资源与沟通管理_概念卡,RuankaoTopicCard,RACI是什么？,RACI 用负责、批准、咨询、知会表示责任角色。,<div>理解：一个活动最好有明确批准者，避免责任不清。</div><div>题干信号：负责批准咨询知会</div><div>来源：09_人力资源与沟通管理 专题包 / topic_build_full 相关小节</div>,chapter_concept,概念卡,RACI,,B,3,章节概念,人力资源与沟通管理,09,人力资源与沟通管理,T-COM-001;T-HR-001,沟通渠道计算与干系人参与管理;项目人力资源管理：组织计划、团队建设与团队管理,SRC-CH-09-003,topic_learning_packages/topics/09_人力资源与沟通管理/T-COM-001_专题学习包_沟通渠道计算与干系人参与管理.md;topic_learning_packages/topics/09_人力资源与沟通管理/T-HR-001_专题学习包_项目人力资源管理组织计划团队建设与团队管理.md,RACI,,,keep,Front 聚焦“RACI”这一章内概念，Back 一句话定边界，Extra 给出本概念的题干信号。,ruankao ruankao::build::20260520_235046 ruankao::chapter::09 ruankao::domain::人力资源与沟通管理 ruankao::type::概念卡 ruankao::importance::B ruankao::difficulty::3 ruankao::review::keep ruankao::chapter_concept,sha256:d3e91f7cf3745297a849f175
软考::系统集成项目管理工程师::09_人力资源与沟通管理::章节概念卡::09_人力资源与沟通管理_概念卡,RuankaoTopicCard,OBS是什么？,组织分解结构 OBS 按组织层级分解项目责任。,<div>理解：WBS 看成果，OBS 看组织。</div><div>题干信号：组织层级</div><div>来源：09_人力资源与沟通管理 专题包 / topic_build_full 相关小节</div>,chapter_concept,概念卡,OBS,,B,3,章节概念,人力资源与沟通管理,09,人力资源与沟通管理,T-COM-001;T-HR-001,沟通渠道计算与干系人参与管理;项目人力资源管理：组织计划、团队建设与团队管理,SRC-CH-09-004,topic_learning_packages/topics/09_人力资源与沟通管理/T-COM-001_专题学习包_沟通渠道计算与干系人参与管理.md;topic_learning_packages/topics/09_人力资源与沟通管理/T-HR-001_专题学习包_项目人力资源管理组织计划团队建设与团队管理.md,OBS,,,keep,Front 聚焦“OBS”这一章内概念，Back 一句话定边界，Extra 给出本概念的题干信号。,ruankao ruankao::build::20260520_235046 ruankao::chapter::09 ruankao::domain::人力资源与沟通管理 ruankao::type::概念卡 ruankao::importance::B ruankao::difficulty::3 ruankao::review::keep ruankao::chapter_concept,sha256:7cc70a2139c51632ffb6befb
软考::系统集成项目管理工程师::09_人力资源与沟通管理::章节概念卡::09_人力资源与沟通管理_概念卡,RuankaoTopicCard,团队建设是什么？,团队建设通过培训、规则、激励和协作提升团队绩效。,<div>理解：奖励加班不一定利于团队建设，尤其当加班源于计划不当。</div><div>题干信号：协作、绩效、规则</div><div>来源：09_人力资源与沟通管理 专题包 / topic_build_full 相关小节</div>,chapter_concept,概念卡,团队建设,,A,2,章节概念,人力资源与沟通管理,09,人力资源与沟通管理,T-COM-001;T-HR-001,沟通渠道计算与干系人参与管理;项目人力资源管理：组织计划、团队建设与团队管理,SRC-CH-09-005,topic_learning_packages/topics/09_人力资源与沟通管理/T-COM-001_专题学习包_沟通渠道计算与干系人参与管理.md;topic_learning_packages/topics/09_人力资源与沟通管理/T-HR-001_专题学习包_项目人力资源管理组织计划团队建设与团队管理.md,团队建设,,,keep,Front 聚焦“团队建设”这一章内概念，Back 一句话定边界，Extra 给出本概念的题干信号。,ruankao ruankao::build::20260520_235046 ruankao::chapter::09 ruankao::domain::人力资源与沟通管理 ruankao::type::概念卡 ruankao::importance::A ruankao::difficulty::2 ruankao::review::keep ruankao::chapter_concept,sha256:6a76771d78b64038516c4fcc
软考::系统集成项目管理工程师::09_人力资源与沟通管理::章节概念卡::09_人力资源与沟通管理_概念卡,RuankaoTopicCard,塔克曼模型是什么？,塔克曼模型描述团队形成、震荡、规范、成熟和解散的发展阶段。,<div>理解：译名有教材口径风险，完整背诵需核验。</div><div>题干信号：形成震荡规范成熟</div><div>来源：09_人力资源与沟通管理 专题包 / topic_build_full 相关小节</div>,chapter_concept,概念卡,塔克曼模型,,B,3,章节概念,人力资源与沟通管理,09,人力资源与沟通管理,T-COM-001;T-HR-001,沟通渠道计算与干系人参与管理;项目人力资源管理：组织计划、团队建设与团队管理,SRC-CH-09-006,topic_learning_packages/topics/09_人力资源与沟通管理/T-COM-001_专题学习包_沟通渠道计算与干系人参与管理.md;topic_learning_packages/topics/09_人力资源与沟通管理/T-HR-001_专题学习包_项目人力资源管理组织计划团队建设与团队管理.md,塔克曼模型,,,keep,Front 聚焦“塔克曼模型”这一章内概念，Back 一句话定边界，Extra 给出本概念的题干信号。,ruankao ruankao::build::20260520_235046 ruankao::chapter::09 ruankao::domain::人力资源与沟通管理 ruankao::type::概念卡 ruankao::importance::B ruankao::difficulty::3 ruankao::review::keep ruankao::chapter_concept,sha256:5c2c4dc8b3facb2f1484ec8a
软考::系统集成项目管理工程师::09_人力资源与沟通管理::章节概念卡::09_人力资源与沟通管理_概念卡,RuankaoTopicCard,冲突管理是什么？,冲突管理通过合作、妥协、缓和、强制、撤退等方式处理分歧。,<div>理解：问题解决/合作通常是更积极的方式。</div><div>题干信号：合作、妥协、撤退</div><div>来源：09_人力资源与沟通管理 专题包 / topic_build_full 相关小节</div>,chapter_concept,概念卡,冲突管理,,A,2,章节概念,人力资源与沟通管理,09,人力资源与沟通管理,T-COM-001;T-HR-001,沟通渠道计算与干系人参与管理;项目人力资源管理：组织计划、团队建设与团队管理,SRC-CH-09-007,topic_learning_packages/topics/09_人力资源与沟通管理/T-COM-001_专题学习包_沟通渠道计算与干系人参与管理.md;topic_learning_packages/topics/09_人力资源与沟通管理/T-HR-001_专题学习包_项目人力资源管理组织计划团队建设与团队管理.md,冲突管理,,,keep,Front 聚焦“冲突管理”这一章内概念，Back 一句话定边界，Extra 给出本概念的题干信号。,ruankao ruankao::build::20260520_235046 ruankao::chapter::09 ruankao::domain::人力资源与沟通管理 ruankao::type::概念卡 ruankao::importance::A ruankao::difficulty::2 ruankao::review::keep ruankao::chapter_concept,sha256:0bc27ede96b6642b57fe6b56
软考::系统集成项目管理工程师::09_人力资源与沟通管理::章节概念卡::09_人力资源与沟通管理_概念卡,RuankaoTopicCard,沟通渠道数是什么？,沟通渠道数表示 n 个成员之间潜在沟通路径，常用 n(n-1)/2。,<div>理解：新增人员会显著增加沟通复杂度。</div><div>题干信号：n(n-1)/2</div><div>来源：09_人力资源与沟通管理 专题包 / topic_build_full 相关小节</div>,chapter_concept,概念卡,沟通渠道数,,A,2,章节概念,人力资源与沟通管理,09,人力资源与沟通管理,T-COM-001;T-HR-001,沟通渠道计算与干系人参与管理;项目人力资源管理：组织计划、团队建设与团队管理,SRC-CH-09-008,topic_learning_packages/topics/09_人力资源与沟通管理/T-COM-001_专题学习包_沟通渠道计算与干系人参与管理.md;topic_learning_packages/topics/09_人力资源与沟通管理/T-HR-001_专题学习包_项目人力资源管理组织计划团队建设与团队管理.md,沟通渠道数,,,keep,Front 聚焦“沟通渠道数”这一章内概念，Back 一句话定边界，Extra 给出本概念的题干信号。,ruankao ruankao::build::20260520_235046 ruankao::chapter::09 ruankao::domain::人力资源与沟通管理 ruankao::type::概念卡 ruankao::importance::A ruankao::difficulty::2 ruankao::review::keep ruankao::chapter_concept,sha256:020f3321b0c58575d3f0c232
软考::系统集成项目管理工程师::09_人力资源与沟通管理::章节概念卡::09_人力资源与沟通管理_概念卡,RuankaoTopicCard,推式沟通是什么？,推式沟通把信息发送给特定接收者，但不保证对方理解。,<div>理解：邮件、备忘录常是推式。</div><div>题干信号：发送给特定对象</div><div>来源：09_人力资源与沟通管理 专题包 / topic_build_full 相关小节</div>,chapter_concept,概念卡,推式沟通,,B,3,章节概念,人力资源与沟通管理,09,人力资源与沟通管理,T-COM-001;T-HR-001,沟通渠道计算与干系人参与管理;项目人力资源管理：组织计划、团队建设与团队管理,SRC-CH-09-009,topic_learning_packages/topics/09_人力资源与沟通管理/T-COM-001_专题学习包_沟通渠道计算与干系人参与管理.md;topic_learning_packages/topics/09_人力资源与沟通管理/T-HR-001_专题学习包_项目人力资源管理组织计划团队建设与团队管理.md,推式沟通,,,keep,Front 聚焦“推式沟通”这一章内概念，Back 一句话定边界，Extra 给出本概念的题干信号。,ruankao ruankao::build::20260520_235046 ruankao::chapter::09 ruankao::domain::人力资源与沟通管理 ruankao::type::概念卡 ruankao::importance::B ruankao::difficulty::3 ruankao::review::keep ruankao::chapter_concept,sha256:e1427d9cc589d9914aa816b7
软考::系统集成项目管理工程师::09_人力资源与沟通管理::章节概念卡::09_人力资源与沟通管理_概念卡,RuankaoTopicCard,拉式沟通是什么？,拉式沟通让接收者按需获取信息，适合大量信息和大受众。,<div>理解：知识库、网站、公告库常是拉式。</div><div>题干信号：按需获取、大量信息</div><div>来源：09_人力资源与沟通管理 专题包 / topic_build_full 相关小节</div>,chapter_concept,概念卡,拉式沟通,,B,3,章节概念,人力资源与沟通管理,09,人力资源与沟通管理,T-COM-001;T-HR-001,沟通渠道计算与干系人参与管理;项目人力资源管理：组织计划、团队建设与团队管理,SRC-CH-09-010,topic_learning_packages/topics/09_人力资源与沟通管理/T-COM-001_专题学习包_沟通渠道计算与干系人参与管理.md;topic_learning_packages/topics/09_人力资源与沟通管理/T-HR-001_专题学习包_项目人力资源管理组织计划团队建设与团队管理.md,拉式沟通,,,keep,Front 聚焦“拉式沟通”这一章内概念，Back 一句话定边界，Extra 给出本概念的题干信号。,ruankao ruankao::build::20260520_235046 ruankao::chapter::09 ruankao::domain::人力资源与沟通管理 ruankao::type::概念卡 ruankao::importance::B ruankao::difficulty::3 ruankao::review::keep ruankao::chapter_concept,sha256:6bbc159ecf6e04d5cabe1cad
软考::系统集成项目管理工程师::待核验与复查,RuankaoTopicCard,人力资源与沟通管理中哪些概念不应直接按数字或版本背诵？,涉及法规数字、标准编号、过程名称版本差异或教材译名的内容，应先核验教材或现行法规。,<div>理解：这类卡只提醒隔离风险，不把不稳定数字塞进主复习。</div><div>来源：pending_verification_register.md</div>,chapter_concept,待核验卡,教材口径待核验项,,C,3,待核验,人力资源与沟通管理,09,人力资源与沟通管理,T-COM-001;T-HR-001,沟通渠道计算与干系人参与管理;项目人力资源管理：组织计划、团队建设与团队管理,SRC-PV-09,topic_learning_packages/reports/pending_verification_register.md,相关 PV 条目,,,needs_human_review,涉及法规、标准或教材口径差异，方向可复习但具体数字和版本必须人工核验。,ruankao ruankao::build::20260520_235046 ruankao::chapter::09 ruankao::domain::人力资源与沟通管理 ruankao::type::待核验卡 ruankao::importance::C ruankao::difficulty::3 ruankao::review::needs_human_review ruankao::chapter_concept ruankao::needs_review ruankao::not_for_main_review,sha256:277b2f8b3d121fea428cb0b7
软考::系统集成项目管理工程师::10_干系人与风险管理::章节概念卡::10_干系人与风险管理_概念卡,RuankaoTopicCard,干系人是什么？,干系人是能影响项目、受项目影响或认为自己受影响的个人、群体或组织。,<div>理解：不要只看客户，团队、供应商、监管方也可能是干系人。</div><div>题干信号：影响/受影响</div><div>来源：10_干系人与风险管理 专题包 / topic_build_full 相关小节</div>,chapter_concept,概念卡,干系人,,A,2,章节概念,干系人与风险管理,10,干系人与风险管理,T-RISK-001;T-RISK-002,风险识别、风险登记册与风险应对策略;定性/定量风险分析、EMV 与决策树,SRC-CH-10-001,topic_learning_packages/topics/10_干系人与风险管理/T-RISK-001_专题学习包_风险识别风险登记册与风险应对策略.md;topic_learning_packages/topics/10_干系人与风险管理/T-RISK-002_专题学习包_定性定量风险分析EMV与决策树.md,干系人,,,keep,Front 聚焦“干系人”这一章内概念，Back 一句话定边界，Extra 给出本概念的题干信号。,ruankao ruankao::build::20260520_235046 ruankao::chapter::10 ruankao::domain::干系人与风险管理 ruankao::type::概念卡 ruankao::importance::A ruankao::difficulty::2 ruankao::review::keep ruankao::chapter_concept,sha256:bb256b5616dea90a81fd0705
软考::系统集成项目管理工程师::10_干系人与风险管理::章节概念卡::10_干系人与风险管理_概念卡,RuankaoTopicCard,干系人登记册是什么？,干系人登记册记录干系人身份、需求、期望、影响力和分类等信息。,<div>理解：它是识别干系人的输出，也是管理参与的重要依据。</div><div>题干信号：身份、需求、影响</div><div>来源：10_干系人与风险管理 专题包 / topic_build_full 相关小节</div>,chapter_concept,概念卡,干系人登记册,,A,2,章节概念,干系人与风险管理,10,干系人与风险管理,T-RISK-001;T-RISK-002,风险识别、风险登记册与风险应对策略;定性/定量风险分析、EMV 与决策树,SRC-CH-10-002,topic_learning_packages/topics/10_干系人与风险管理/T-RISK-001_专题学习包_风险识别风险登记册与风险应对策略.md;topic_learning_packages/topics/10_干系人与风险管理/T-RISK-002_专题学习包_定性定量风险分析EMV与决策树.md,干系人登记册,,,keep,Front 聚焦“干系人登记册”这一章内概念，Back 一句话定边界，Extra 给出本概念的题干信号。,ruankao ruankao::build::20260520_235046 ruankao::chapter::10 ruankao::domain::干系人与风险管理 ruankao::type::概念卡 ruankao::importance::A ruankao::difficulty::2 ruankao::review::keep ruankao::chapter_concept,sha256:16b96985e19a48a8a3254f8e
软考::系统集成项目管理工程师::10_干系人与风险管理::章节概念卡::10_干系人与风险管理_概念卡,RuankaoTopicCard,权力利益方格是什么？,权力利益方格按权力和利益对干系人分类，帮助制定管理策略。,<div>理解：高权力高利益通常重点管理。</div><div>题干信号：权力、利益、策略</div><div>来源：10_干系人与风险管理 专题包 / topic_build_full 相关小节</div>,chapter_concept,概念卡,权力利益方格,,B,3,章节概念,干系人与风险管理,10,干系人与风险管理,T-RISK-001;T-RISK-002,风险识别、风险登记册与风险应对策略;定性/定量风险分析、EMV 与决策树,SRC-CH-10-003,topic_learning_packages/topics/10_干系人与风险管理/T-RISK-001_专题学习包_风险识别风险登记册与风险应对策略.md;topic_learning_packages/topics/10_干系人与风险管理/T-RISK-002_专题学习包_定性定量风险分析EMV与决策树.md,权力利益方格,,,keep,Front 聚焦“权力利益方格”这一章内概念，Back 一句话定边界，Extra 给出本概念的题干信号。,ruankao ruankao::build::20260520_235046 ruankao::chapter::10 ruankao::domain::干系人与风险管理 ruankao::type::概念卡 ruankao::importance::B ruankao::difficulty::3 ruankao::review::keep ruankao::chapter_concept,sha256:6da1307bb8d3a0953b4cd764
软考::系统集成项目管理工程师::10_干系人与风险管理::章节概念卡::10_干系人与风险管理_概念卡,RuankaoTopicCard,干系人参与度评估矩阵是什么？,参与度评估矩阵比较干系人当前参与程度和期望参与程度。,<div>理解：题干问当前/期望差距，想到参与度矩阵。</div><div>题干信号：当前参与、期望参与</div><div>来源：10_干系人与风险管理 专题包 / topic_build_full 相关小节</div>,chapter_concept,概念卡,干系人参与度评估矩阵,,B,3,章节概念,干系人与风险管理,10,干系人与风险管理,T-RISK-001;T-RISK-002,风险识别、风险登记册与风险应对策略;定性/定量风险分析、EMV 与决策树,SRC-CH-10-004,topic_learning_packages/topics/10_干系人与风险管理/T-RISK-001_专题学习包_风险识别风险登记册与风险应对策略.md;topic_learning_packages/topics/10_干系人与风险管理/T-RISK-002_专题学习包_定性定量风险分析EMV与决策树.md,干系人参与度评估矩阵,,,keep,Front 聚焦“干系人参与度评估矩阵”这一章内概念，Back 一句话定边界，Extra 给出本概念的题干信号。,ruankao ruankao::build::20260520_235046 ruankao::chapter::10 ruankao::domain::干系人与风险管理 ruankao::type::概念卡 ruankao::importance::B ruankao::difficulty::3 ruankao::review::keep ruankao::chapter_concept,sha256:434439fc3b05b573adbf3554
软考::系统集成项目管理工程师::10_干系人与风险管理::章节概念卡::10_干系人与风险管理_概念卡,RuankaoTopicCard,风险是什么？,风险是不确定事件或条件，一旦发生会对目标产生正面或负面影响。,<div>理解：风险未发生；已经发生的问题不再只是风险。</div><div>题干信号：不确定、目标影响</div><div>来源：10_干系人与风险管理 专题包 / topic_build_full 相关小节</div>,chapter_concept,概念卡,风险,,A,2,章节概念,干系人与风险管理,10,干系人与风险管理,T-RISK-001;T-RISK-002,风险识别、风险登记册与风险应对策略;定性/定量风险分析、EMV 与决策树,SRC-CH-10-005,topic_learning_packages/topics/10_干系人与风险管理/T-RISK-001_专题学习包_风险识别风险登记册与风险应对策略.md;topic_learning_packages/topics/10_干系人与风险管理/T-RISK-002_专题学习包_定性定量风险分析EMV与决策树.md,风险,,,keep,Front 聚焦“风险”这一章内概念，Back 一句话定边界，Extra 给出本概念的题干信号。,ruankao ruankao::build::20260520_235046 ruankao::chapter::10 ruankao::domain::干系人与风险管理 ruankao::type::概念卡 ruankao::importance::A ruankao::difficulty::2 ruankao::review::keep ruankao::chapter_concept,sha256:4db4dfc17c517c00ff7b6afe
软考::系统集成项目管理工程师::10_干系人与风险管理::章节概念卡::10_干系人与风险管理_概念卡,RuankaoTopicCard,风险登记册是什么？,风险登记册记录已识别风险、原因、责任人、应对措施和状态。,<div>理解：它随风险管理过程持续更新。</div><div>题干信号：风险、原因、应对</div><div>来源：10_干系人与风险管理 专题包 / topic_build_full 相关小节</div>,chapter_concept,概念卡,风险登记册,,A,2,章节概念,干系人与风险管理,10,干系人与风险管理,T-RISK-001;T-RISK-002,风险识别、风险登记册与风险应对策略;定性/定量风险分析、EMV 与决策树,SRC-CH-10-006,topic_learning_packages/topics/10_干系人与风险管理/T-RISK-001_专题学习包_风险识别风险登记册与风险应对策略.md;topic_learning_packages/topics/10_干系人与风险管理/T-RISK-002_专题学习包_定性定量风险分析EMV与决策树.md,风险登记册,,,keep,Front 聚焦“风险登记册”这一章内概念，Back 一句话定边界，Extra 给出本概念的题干信号。,ruankao ruankao::build::20260520_235046 ruankao::chapter::10 ruankao::domain::干系人与风险管理 ruankao::type::概念卡 ruankao::importance::A ruankao::difficulty::2 ruankao::review::keep ruankao::chapter_concept,sha256:d26fa51e4df86b07403f08b1
软考::系统集成项目管理工程师::10_干系人与风险管理::章节概念卡::10_干系人与风险管理_概念卡,RuankaoTopicCard,风险分解结构 RBS是什么？,RBS 按类别分解风险来源，帮助系统识别风险。,<div>理解：不要和资源分解结构混淆。</div><div>题干信号：风险类别、来源</div><div>来源：10_干系人与风险管理 专题包 / topic_build_full 相关小节</div>,chapter_concept,概念卡,风险分解结构 RBS,,B,3,章节概念,干系人与风险管理,10,干系人与风险管理,T-RISK-001;T-RISK-002,风险识别、风险登记册与风险应对策略;定性/定量风险分析、EMV 与决策树,SRC-CH-10-007,topic_learning_packages/topics/10_干系人与风险管理/T-RISK-001_专题学习包_风险识别风险登记册与风险应对策略.md;topic_learning_packages/topics/10_干系人与风险管理/T-RISK-002_专题学习包_定性定量风险分析EMV与决策树.md,风险分解结构 RBS,,,keep,Front 聚焦“风险分解结构 RBS”这一章内概念，Back 一句话定边界，Extra 给出本概念的题干信号。,ruankao ruankao::build::20260520_235046 ruankao::chapter::10 ruankao::domain::干系人与风险管理 ruankao::type::概念卡 ruankao::importance::B ruankao::difficulty::3 ruankao::review::keep ruankao::chapter_concept,sha256:cd4f29f0df2a80ef21e46a61
软考::系统集成项目管理工程师::10_干系人与风险管理::章节概念卡::10_干系人与风险管理_概念卡,RuankaoTopicCard,残余风险是什么？,残余风险是实施风险应对后仍然存在的风险。,<div>理解：不是没处理，而是处理后仍保留。</div><div>题干信号：应对后仍存在</div><div>来源：10_干系人与风险管理 专题包 / topic_build_full 相关小节</div>,chapter_concept,概念卡,残余风险,,B,3,章节概念,干系人与风险管理,10,干系人与风险管理,T-RISK-001;T-RISK-002,风险识别、风险登记册与风险应对策略;定性/定量风险分析、EMV 与决策树,SRC-CH-10-008,topic_learning_packages/topics/10_干系人与风险管理/T-RISK-001_专题学习包_风险识别风险登记册与风险应对策略.md;topic_learning_packages/topics/10_干系人与风险管理/T-RISK-002_专题学习包_定性定量风险分析EMV与决策树.md,残余风险,,,keep,Front 聚焦“残余风险”这一章内概念，Back 一句话定边界，Extra 给出本概念的题干信号。,ruankao ruankao::build::20260520_235046 ruankao::chapter::10 ruankao::domain::干系人与风险管理 ruankao::type::概念卡 ruankao::importance::B ruankao::difficulty::3 ruankao::review::keep ruankao::chapter_concept,sha256:0e50e7fa280a1600857ce8db
软考::系统集成项目管理工程师::10_干系人与风险管理::章节概念卡::10_干系人与风险管理_概念卡,RuankaoTopicCard,二次风险是什么？,二次风险是风险应对措施本身引入的新风险。,<div>理解：转移风险后出现供应商依赖就是典型二次风险。</div><div>题干信号：应对引发新风险</div><div>来源：10_干系人与风险管理 专题包 / topic_build_full 相关小节</div>,chapter_concept,概念卡,二次风险,,B,3,章节概念,干系人与风险管理,10,干系人与风险管理,T-RISK-001;T-RISK-002,风险识别、风险登记册与风险应对策略;定性/定量风险分析、EMV 与决策树,SRC-CH-10-009,topic_learning_packages/topics/10_干系人与风险管理/T-RISK-001_专题学习包_风险识别风险登记册与风险应对策略.md;topic_learning_packages/topics/10_干系人与风险管理/T-RISK-002_专题学习包_定性定量风险分析EMV与决策树.md,二次风险,,,keep,Front 聚焦“二次风险”这一章内概念，Back 一句话定边界，Extra 给出本概念的题干信号。,ruankao ruankao::build::20260520_235046 ruankao::chapter::10 ruankao::domain::干系人与风险管理 ruankao::type::概念卡 ruankao::importance::B ruankao::difficulty::3 ruankao::review::keep ruankao::chapter_concept,sha256:67175ba62584d47c5a33e7ad
软考::系统集成项目管理工程师::10_干系人与风险管理::章节概念卡::10_干系人与风险管理_概念卡,RuankaoTopicCard,EMV是什么？,预期货币价值 EMV 用概率乘以影响值，评价不确定结果的期望收益或损失。,<div>理解：机会取正值，威胁取负值，注意符号。</div><div>题干信号：概率×影响</div><div>来源：10_干系人与风险管理 专题包 / topic_build_full 相关小节</div>,chapter_concept,概念卡,EMV,,A,2,章节概念,干系人与风险管理,10,干系人与风险管理,T-RISK-001;T-RISK-002,风险识别、风险登记册与风险应对策略;定性/定量风险分析、EMV 与决策树,SRC-CH-10-010,topic_learning_packages/topics/10_干系人与风险管理/T-RISK-001_专题学习包_风险识别风险登记册与风险应对策略.md;topic_learning_packages/topics/10_干系人与风险管理/T-RISK-002_专题学习包_定性定量风险分析EMV与决策树.md,EMV,,,keep,Front 聚焦“EMV”这一章内概念，Back 一句话定边界，Extra 给出本概念的题干信号。,ruankao ruankao::build::20260520_235046 ruankao::chapter::10 ruankao::domain::干系人与风险管理 ruankao::type::概念卡 ruankao::importance::A ruankao::difficulty::2 ruankao::review::keep ruankao::chapter_concept,sha256:6bfaf82cfb4e699894ccec7a
软考::系统集成项目管理工程师::11_采购与合同管理::章节概念卡::11_采购与合同管理_概念卡,RuankaoTopicCard,采购管理计划是什么？,采购管理计划说明采购什么、如何采购、何时采购以及如何管理合同。,<div>理解：它是采购活动的管理规则，不是供应商报价单。</div><div>题干信号：采购策略、合同管理</div><div>来源：11_采购与合同管理 专题包 / topic_build_full 相关小节</div>,chapter_concept,概念卡,采购管理计划,,A,2,章节概念,采购与合同管理,11,采购与合同管理,T-PROC-001;T-PROC-002,合同类型、风险分配与采购决策;招投标、政府采购与采购流程管理,SRC-CH-11-001,topic_learning_packages/topics/11_采购与合同管理/T-PROC-001_专题学习包_合同类型选择与风险分配.md;topic_learning_packages/topics/11_采购与合同管理/T-PROC-002_专题学习包_招投标政府采购与采购流程管理.md,采购管理计划,,,keep,Front 聚焦“采购管理计划”这一章内概念，Back 一句话定边界，Extra 给出本概念的题干信号。,ruankao ruankao::build::20260520_235046 ruankao::chapter::11 ruankao::domain::采购与合同管理 ruankao::type::概念卡 ruankao::importance::A ruankao::difficulty::2 ruankao::review::keep ruankao::chapter_concept,sha256:e4b4438fb2d2d4cfa092a6a1
软考::系统集成项目管理工程师::11_采购与合同管理::章节概念卡::11_采购与合同管理_概念卡,RuankaoTopicCard,自制外购分析是什么？,自制外购分析判断某项工作由内部完成还是从外部采购更合适。,<div>理解：题干出现成本、能力、风险、保密性比较，想到自制外购。</div><div>题干信号：内部 vs 外部</div><div>来源：11_采购与合同管理 专题包 / topic_build_full 相关小节</div>,chapter_concept,概念卡,自制外购分析,,A,2,章节概念,采购与合同管理,11,采购与合同管理,T-PROC-001;T-PROC-002,合同类型、风险分配与采购决策;招投标、政府采购与采购流程管理,SRC-CH-11-002,topic_learning_packages/topics/11_采购与合同管理/T-PROC-001_专题学习包_合同类型选择与风险分配.md;topic_learning_packages/topics/11_采购与合同管理/T-PROC-002_专题学习包_招投标政府采购与采购流程管理.md,自制外购分析,,,keep,Front 聚焦“自制外购分析”这一章内概念，Back 一句话定边界，Extra 给出本概念的题干信号。,ruankao ruankao::build::20260520_235046 ruankao::chapter::11 ruankao::domain::采购与合同管理 ruankao::type::概念卡 ruankao::importance::A ruankao::difficulty::2 ruankao::review::keep ruankao::chapter_concept,sha256:e878fcdaa4c5ecea53d94fd6
软考::系统集成项目管理工程师::11_采购与合同管理::章节概念卡::11_采购与合同管理_概念卡,RuankaoTopicCard,采购工作说明书是什么？,采购 SOW 描述采购物品或服务的工作范围、规格和验收要求。,<div>理解：写得越清楚，合同争议越少。</div><div>题干信号：采购范围、验收要求</div><div>来源：11_采购与合同管理 专题包 / topic_build_full 相关小节</div>,chapter_concept,概念卡,采购工作说明书,,A,2,章节概念,采购与合同管理,11,采购与合同管理,T-PROC-001;T-PROC-002,合同类型、风险分配与采购决策;招投标、政府采购与采购流程管理,SRC-CH-11-003,topic_learning_packages/topics/11_采购与合同管理/T-PROC-001_专题学习包_合同类型选择与风险分配.md;topic_learning_packages/topics/11_采购与合同管理/T-PROC-002_专题学习包_招投标政府采购与采购流程管理.md,采购工作说明书,,,keep,Front 聚焦“采购工作说明书”这一章内概念，Back 一句话定边界，Extra 给出本概念的题干信号。,ruankao ruankao::build::20260520_235046 ruankao::chapter::11 ruankao::domain::采购与合同管理 ruankao::type::概念卡 ruankao::importance::A ruankao::difficulty::2 ruankao::review::keep ruankao::chapter_concept,sha256:989172cd7a5043870eb96693
软考::系统集成项目管理工程师::11_采购与合同管理::章节概念卡::11_采购与合同管理_概念卡,RuankaoTopicCard,固定总价合同是什么？,固定总价合同约定总价，买方成本风险较低，卖方风险较高。,<div>理解：需求明确时适合固定总价。</div><div>题干信号：总价固定、卖方风险高</div><div>来源：11_采购与合同管理 专题包 / topic_build_full 相关小节</div>,chapter_concept,概念卡,固定总价合同,,A,2,章节概念,采购与合同管理,11,采购与合同管理,T-PROC-001;T-PROC-002,合同类型、风险分配与采购决策;招投标、政府采购与采购流程管理,SRC-CH-11-004,topic_learning_packages/topics/11_采购与合同管理/T-PROC-001_专题学习包_合同类型选择与风险分配.md;topic_learning_packages/topics/11_采购与合同管理/T-PROC-002_专题学习包_招投标政府采购与采购流程管理.md,固定总价合同,,,keep,Front 聚焦“固定总价合同”这一章内概念，Back 一句话定边界，Extra 给出本概念的题干信号。,ruankao ruankao::build::20260520_235046 ruankao::chapter::11 ruankao::domain::采购与合同管理 ruankao::type::概念卡 ruankao::importance::A ruankao::difficulty::2 ruankao::review::keep ruankao::chapter_concept,sha256:7073bd8db95452c13c4cc1e7
软考::系统集成项目管理工程师::11_采购与合同管理::章节概念卡::11_采购与合同管理_概念卡,RuankaoTopicCard,成本补偿合同是什么？,成本补偿合同补偿卖方允许成本并加费用，买方成本风险较高。,<div>理解：需求不确定、研发性强时常见。</div><div>题干信号：补偿成本、买方风险高</div><div>来源：11_采购与合同管理 专题包 / topic_build_full 相关小节</div>,chapter_concept,概念卡,成本补偿合同,,A,2,章节概念,采购与合同管理,11,采购与合同管理,T-PROC-001;T-PROC-002,合同类型、风险分配与采购决策;招投标、政府采购与采购流程管理,SRC-CH-11-005,topic_learning_packages/topics/11_采购与合同管理/T-PROC-001_专题学习包_合同类型选择与风险分配.md;topic_learning_packages/topics/11_采购与合同管理/T-PROC-002_专题学习包_招投标政府采购与采购流程管理.md,成本补偿合同,,,keep,Front 聚焦“成本补偿合同”这一章内概念，Back 一句话定边界，Extra 给出本概念的题干信号。,ruankao ruankao::build::20260520_235046 ruankao::chapter::11 ruankao::domain::采购与合同管理 ruankao::type::概念卡 ruankao::importance::A ruankao::difficulty::2 ruankao::review::keep ruankao::chapter_concept,sha256:69c2594f8ffd9ea33ee23f42
软考::系统集成项目管理工程师::11_采购与合同管理::章节概念卡::11_采购与合同管理_概念卡,RuankaoTopicCard,工料合同是什么？,工料合同按人工单价和材料费用结算，兼具总价和成本补偿特点。,<div>理解：适合工作范围不清但规模较小或时间紧的采购。</div><div>题干信号：按工时材料结算</div><div>来源：11_采购与合同管理 专题包 / topic_build_full 相关小节</div>,chapter_concept,概念卡,工料合同,,B,3,章节概念,采购与合同管理,11,采购与合同管理,T-PROC-001;T-PROC-002,合同类型、风险分配与采购决策;招投标、政府采购与采购流程管理,SRC-CH-11-006,topic_learning_packages/topics/11_采购与合同管理/T-PROC-001_专题学习包_合同类型选择与风险分配.md;topic_learning_packages/topics/11_采购与合同管理/T-PROC-002_专题学习包_招投标政府采购与采购流程管理.md,工料合同,,,keep,Front 聚焦“工料合同”这一章内概念，Back 一句话定边界，Extra 给出本概念的题干信号。,ruankao ruankao::build::20260520_235046 ruankao::chapter::11 ruankao::domain::采购与合同管理 ruankao::type::概念卡 ruankao::importance::B ruankao::difficulty::3 ruankao::review::keep ruankao::chapter_concept,sha256:64c72c3a8e3cd5eed67c731d
软考::系统集成项目管理工程师::11_采购与合同管理::章节概念卡::11_采购与合同管理_概念卡,RuankaoTopicCard,风险分配是什么？,合同类型决定买卖双方承担成本风险的分配。,<div>理解：固定总价卖方风险大，成本补偿买方风险大。</div><div>题干信号：买方/卖方风险</div><div>来源：11_采购与合同管理 专题包 / topic_build_full 相关小节</div>,chapter_concept,概念卡,风险分配,,A,2,章节概念,采购与合同管理,11,采购与合同管理,T-PROC-001;T-PROC-002,合同类型、风险分配与采购决策;招投标、政府采购与采购流程管理,SRC-CH-11-007,topic_learning_packages/topics/11_采购与合同管理/T-PROC-001_专题学习包_合同类型选择与风险分配.md;topic_learning_packages/topics/11_采购与合同管理/T-PROC-002_专题学习包_招投标政府采购与采购流程管理.md,风险分配,,,keep,Front 聚焦“风险分配”这一章内概念，Back 一句话定边界，Extra 给出本概念的题干信号。,ruankao ruankao::build::20260520_235046 ruankao::chapter::11 ruankao::domain::采购与合同管理 ruankao::type::概念卡 ruankao::importance::A ruankao::difficulty::2 ruankao::review::keep ruankao::chapter_concept,sha256:ce26e1749665fe6e7e5d1956
软考::系统集成项目管理工程师::11_采购与合同管理::章节概念卡::11_采购与合同管理_概念卡,RuankaoTopicCard,索赔是什么？,索赔是合同一方因对方违约、变更或不可抗力等请求补偿。,<div>理解：索赔要靠合同、记录、变更和验收证据支撑。</div><div>题干信号：补偿、证据链</div><div>来源：11_采购与合同管理 专题包 / topic_build_full 相关小节</div>,chapter_concept,概念卡,索赔,,B,3,章节概念,采购与合同管理,11,采购与合同管理,T-PROC-001;T-PROC-002,合同类型、风险分配与采购决策;招投标、政府采购与采购流程管理,SRC-CH-11-008,topic_learning_packages/topics/11_采购与合同管理/T-PROC-001_专题学习包_合同类型选择与风险分配.md;topic_learning_packages/topics/11_采购与合同管理/T-PROC-002_专题学习包_招投标政府采购与采购流程管理.md,索赔,,,keep,Front 聚焦“索赔”这一章内概念，Back 一句话定边界，Extra 给出本概念的题干信号。,ruankao ruankao::build::20260520_235046 ruankao::chapter::11 ruankao::domain::采购与合同管理 ruankao::type::概念卡 ruankao::importance::B ruankao::difficulty::3 ruankao::review::keep ruankao::chapter_concept,sha256:77071c3231cdb7c92a1188d4
软考::系统集成项目管理工程师::11_采购与合同管理::章节概念卡::11_采购与合同管理_概念卡,RuankaoTopicCard,合同收尾是什么？,合同收尾确认合同义务完成、处理未决索赔并完成结算归档。,<div>理解：供应商、尾款、索赔、合同归档是信号。</div><div>题干信号：结算、索赔、归档</div><div>来源：11_采购与合同管理 专题包 / topic_build_full 相关小节</div>,chapter_concept,概念卡,合同收尾,,A,2,章节概念,采购与合同管理,11,采购与合同管理,T-PROC-001;T-PROC-002,合同类型、风险分配与采购决策;招投标、政府采购与采购流程管理,SRC-CH-11-009,topic_learning_packages/topics/11_采购与合同管理/T-PROC-001_专题学习包_合同类型选择与风险分配.md;topic_learning_packages/topics/11_采购与合同管理/T-PROC-002_专题学习包_招投标政府采购与采购流程管理.md,合同收尾,,,keep,Front 聚焦“合同收尾”这一章内概念，Back 一句话定边界，Extra 给出本概念的题干信号。,ruankao ruankao::build::20260520_235046 ruankao::chapter::11 ruankao::domain::采购与合同管理 ruankao::type::概念卡 ruankao::importance::A ruankao::difficulty::2 ruankao::review::keep ruankao::chapter_concept,sha256:8acdede99b00d6cd47446860
软考::系统集成项目管理工程师::待核验与复查,RuankaoTopicCard,采购与合同管理中哪些概念不应直接按数字或版本背诵？,涉及法规数字、标准编号、过程名称版本差异或教材译名的内容，应先核验教材或现行法规。,<div>理解：这类卡只提醒隔离风险，不把不稳定数字塞进主复习。</div><div>来源：pending_verification_register.md</div>,chapter_concept,待核验卡,教材口径待核验项,,C,3,待核验,采购与合同管理,11,采购与合同管理,T-PROC-001;T-PROC-002,合同类型、风险分配与采购决策;招投标、政府采购与采购流程管理,SRC-PV-11,topic_learning_packages/reports/pending_verification_register.md,相关 PV 条目,,,needs_human_review,涉及法规、标准或教材口径差异，方向可复习但具体数字和版本必须人工核验。,ruankao ruankao::build::20260520_235046 ruankao::chapter::11 ruankao::domain::采购与合同管理 ruankao::type::待核验卡 ruankao::importance::C ruankao::difficulty::3 ruankao::review::needs_human_review ruankao::chapter_concept ruankao::needs_review ruankao::not_for_main_review,sha256:a485680e66917df19d82661e
软考::系统集成项目管理工程师::12_配置变更知识产权与法律法规::章节概念卡::12_配置变更知识产权与法律法规_概念卡,RuankaoTopicCard,配置项是什么？,配置项是受配置管理控制的产品、文档或组件。,<div>理解：代码、需求文档、设计文档、测试用例都可能是配置项。</div><div>题干信号：受控对象、文档/组件</div><div>来源：12_配置变更知识产权与法律法规 专题包 / topic_build_full 相关小节</div>,chapter_concept,概念卡,配置项,,A,2,章节概念,配置变更知识产权与法律法规,12,配置变更知识产权与法律法规,T-CFG-001;T-LAW-001,配置管理：配置项、基线、配置库与版本控制;法律法规基础、合同法、招投标法与政府采购法考点,SRC-CH-12-001,topic_learning_packages/topics/12_配置变更知识产权与法律法规/T-CFG-001_专题学习包_配置管理配置项基线配置库与版本控制.md;topic_learning_packages/topics/12_配置变更知识产权与法律法规/T-LAW-001_专题学习包_法律法规基础合同法招投标法与政府采购法考点.md,配置项,,,keep,Front 聚焦“配置项”这一章内概念，Back 一句话定边界，Extra 给出本概念的题干信号。,ruankao ruankao::build::20260520_235046 ruankao::chapter::12 ruankao::domain::配置变更知识产权与法律法规 ruankao::type::概念卡 ruankao::importance::A ruankao::difficulty::2 ruankao::review::keep ruankao::chapter_concept,sha256:b7a90fe0d730dc24c9773f6f
软考::系统集成项目管理工程师::12_配置变更知识产权与法律法规::章节概念卡::12_配置变更知识产权与法律法规_概念卡,RuankaoTopicCard,配置基线是什么？,配置基线是经过正式评审和批准的一组配置项，作为后续变更的依据。,<div>理解：基线一旦建立，变更需走控制流程。</div><div>题干信号：批准、变更依据</div><div>来源：12_配置变更知识产权与法律法规 专题包 / topic_build_full 相关小节</div>,chapter_concept,概念卡,配置基线,,A,2,章节概念,配置变更知识产权与法律法规,12,配置变更知识产权与法律法规,T-CFG-001;T-LAW-001,配置管理：配置项、基线、配置库与版本控制;法律法规基础、合同法、招投标法与政府采购法考点,SRC-CH-12-002,topic_learning_packages/topics/12_配置变更知识产权与法律法规/T-CFG-001_专题学习包_配置管理配置项基线配置库与版本控制.md;topic_learning_packages/topics/12_配置变更知识产权与法律法规/T-LAW-001_专题学习包_法律法规基础合同法招投标法与政府采购法考点.md,配置基线,,,keep,Front 聚焦“配置基线”这一章内概念，Back 一句话定边界，Extra 给出本概念的题干信号。,ruankao ruankao::build::20260520_235046 ruankao::chapter::12 ruankao::domain::配置变更知识产权与法律法规 ruankao::type::概念卡 ruankao::importance::A ruankao::difficulty::2 ruankao::review::keep ruankao::chapter_concept,sha256:56a28c04ba5a0f91ae6b4181
软考::系统集成项目管理工程师::12_配置变更知识产权与法律法规::章节概念卡::12_配置变更知识产权与法律法规_概念卡,RuankaoTopicCard,配置库是什么？,配置库用于保存和管理配置项及其版本。,<div>理解：不同库权限不同，不能随意把受控库当个人目录。</div><div>题干信号：版本保存、权限</div><div>来源：12_配置变更知识产权与法律法规 专题包 / topic_build_full 相关小节</div>,chapter_concept,概念卡,配置库,,A,2,章节概念,配置变更知识产权与法律法规,12,配置变更知识产权与法律法规,T-CFG-001;T-LAW-001,配置管理：配置项、基线、配置库与版本控制;法律法规基础、合同法、招投标法与政府采购法考点,SRC-CH-12-003,topic_learning_packages/topics/12_配置变更知识产权与法律法规/T-CFG-001_专题学习包_配置管理配置项基线配置库与版本控制.md;topic_learning_packages/topics/12_配置变更知识产权与法律法规/T-LAW-001_专题学习包_法律法规基础合同法招投标法与政府采购法考点.md,配置库,,,keep,Front 聚焦“配置库”这一章内概念，Back 一句话定边界，Extra 给出本概念的题干信号。,ruankao ruankao::build::20260520_235046 ruankao::chapter::12 ruankao::domain::配置变更知识产权与法律法规 ruankao::type::概念卡 ruankao::importance::A ruankao::difficulty::2 ruankao::review::keep ruankao::chapter_concept,sha256:0a5e89d54cc5eaa8b25fa8d6
软考::系统集成项目管理工程师::12_配置变更知识产权与法律法规::章节概念卡::12_配置变更知识产权与法律法规_概念卡,RuankaoTopicCard,开发库是什么？,开发库用于开发人员日常修改和自测，控制相对宽松。,<div>理解：它不是正式发布库。</div><div>题干信号：个人/开发、较宽松</div><div>来源：12_配置变更知识产权与法律法规 专题包 / topic_build_full 相关小节</div>,chapter_concept,概念卡,开发库,,B,3,章节概念,配置变更知识产权与法律法规,12,配置变更知识产权与法律法规,T-CFG-001;T-LAW-001,配置管理：配置项、基线、配置库与版本控制;法律法规基础、合同法、招投标法与政府采购法考点,SRC-CH-12-004,topic_learning_packages/topics/12_配置变更知识产权与法律法规/T-CFG-001_专题学习包_配置管理配置项基线配置库与版本控制.md;topic_learning_packages/topics/12_配置变更知识产权与法律法规/T-LAW-001_专题学习包_法律法规基础合同法招投标法与政府采购法考点.md,开发库,,,keep,Front 聚焦“开发库”这一章内概念，Back 一句话定边界，Extra 给出本概念的题干信号。,ruankao ruankao::build::20260520_235046 ruankao::chapter::12 ruankao::domain::配置变更知识产权与法律法规 ruankao::type::概念卡 ruankao::importance::B ruankao::difficulty::3 ruankao::review::keep ruankao::chapter_concept,sha256:27f656430c91b0ce11ba9dc1
软考::系统集成项目管理工程师::12_配置变更知识产权与法律法规::章节概念卡::12_配置变更知识产权与法律法规_概念卡,RuankaoTopicCard,受控库是什么？,受控库保存经过评审或基线化的配置项，变更受控制。,<div>理解：题干出现审批后入库，常指受控库。</div><div>题干信号：评审、受控变更</div><div>来源：12_配置变更知识产权与法律法规 专题包 / topic_build_full 相关小节</div>,chapter_concept,概念卡,受控库,,A,2,章节概念,配置变更知识产权与法律法规,12,配置变更知识产权与法律法规,T-CFG-001;T-LAW-001,配置管理：配置项、基线、配置库与版本控制;法律法规基础、合同法、招投标法与政府采购法考点,SRC-CH-12-005,topic_learning_packages/topics/12_配置变更知识产权与法律法规/T-CFG-001_专题学习包_配置管理配置项基线配置库与版本控制.md;topic_learning_packages/topics/12_配置变更知识产权与法律法规/T-LAW-001_专题学习包_法律法规基础合同法招投标法与政府采购法考点.md,受控库,,,keep,Front 聚焦“受控库”这一章内概念，Back 一句话定边界，Extra 给出本概念的题干信号。,ruankao ruankao::build::20260520_235046 ruankao::chapter::12 ruankao::domain::配置变更知识产权与法律法规 ruankao::type::概念卡 ruankao::importance::A ruankao::difficulty::2 ruankao::review::keep ruankao::chapter_concept,sha256:98ac85e087af3792a1d81336
软考::系统集成项目管理工程师::12_配置变更知识产权与法律法规::章节概念卡::12_配置变更知识产权与法律法规_概念卡,RuankaoTopicCard,产品库是什么？,产品库保存可交付或已发布的软件产品版本。,<div>理解：它面向发布和交付，不是开发人员随意改动的地方。</div><div>题干信号：发布、交付版本</div><div>来源：12_配置变更知识产权与法律法规 专题包 / topic_build_full 相关小节</div>,chapter_concept,概念卡,产品库,,A,2,章节概念,配置变更知识产权与法律法规,12,配置变更知识产权与法律法规,T-CFG-001;T-LAW-001,配置管理：配置项、基线、配置库与版本控制;法律法规基础、合同法、招投标法与政府采购法考点,SRC-CH-12-006,topic_learning_packages/topics/12_配置变更知识产权与法律法规/T-CFG-001_专题学习包_配置管理配置项基线配置库与版本控制.md;topic_learning_packages/topics/12_配置变更知识产权与法律法规/T-LAW-001_专题学习包_法律法规基础合同法招投标法与政府采购法考点.md,产品库,,,keep,Front 聚焦“产品库”这一章内概念，Back 一句话定边界，Extra 给出本概念的题干信号。,ruankao ruankao::build::20260520_235046 ruankao::chapter::12 ruankao::domain::配置变更知识产权与法律法规 ruankao::type::概念卡 ruankao::importance::A ruankao::difficulty::2 ruankao::review::keep ruankao::chapter_concept,sha256:f050768ff9d878a638abf5c4
软考::系统集成项目管理工程师::12_配置变更知识产权与法律法规::章节概念卡::12_配置变更知识产权与法律法规_概念卡,RuankaoTopicCard,配置审计是什么？,配置审计检查配置项是否完整、一致并符合配置管理要求。,<div>理解：它不同于质量审计，关注配置项和版本状态。</div><div>题干信号：完整性、一致性</div><div>来源：12_配置变更知识产权与法律法规 专题包 / topic_build_full 相关小节</div>,chapter_concept,概念卡,配置审计,,B,3,章节概念,配置变更知识产权与法律法规,12,配置变更知识产权与法律法规,T-CFG-001;T-LAW-001,配置管理：配置项、基线、配置库与版本控制;法律法规基础、合同法、招投标法与政府采购法考点,SRC-CH-12-007,topic_learning_packages/topics/12_配置变更知识产权与法律法规/T-CFG-001_专题学习包_配置管理配置项基线配置库与版本控制.md;topic_learning_packages/topics/12_配置变更知识产权与法律法规/T-LAW-001_专题学习包_法律法规基础合同法招投标法与政府采购法考点.md,配置审计,,,keep,Front 聚焦“配置审计”这一章内概念，Back 一句话定边界，Extra 给出本概念的题干信号。,ruankao ruankao::build::20260520_235046 ruankao::chapter::12 ruankao::domain::配置变更知识产权与法律法规 ruankao::type::概念卡 ruankao::importance::B ruankao::difficulty::3 ruankao::review::keep ruankao::chapter_concept,sha256:f1621d2b13538513a30f6a72
软考::系统集成项目管理工程师::12_配置变更知识产权与法律法规::章节概念卡::12_配置变更知识产权与法律法规_概念卡,RuankaoTopicCard,著作权是什么？,著作权保护作品表达，如软件源代码、文档等表达成果。,<div>理解：技术方案本身更可能涉及专利。</div><div>题干信号：表达成果、软件作品</div><div>来源：12_配置变更知识产权与法律法规 专题包 / topic_build_full 相关小节</div>,chapter_concept,概念卡,著作权,,B,3,章节概念,配置变更知识产权与法律法规,12,配置变更知识产权与法律法规,T-CFG-001;T-LAW-001,配置管理：配置项、基线、配置库与版本控制;法律法规基础、合同法、招投标法与政府采购法考点,SRC-CH-12-008,topic_learning_packages/topics/12_配置变更知识产权与法律法规/T-CFG-001_专题学习包_配置管理配置项基线配置库与版本控制.md;topic_learning_packages/topics/12_配置变更知识产权与法律法规/T-LAW-001_专题学习包_法律法规基础合同法招投标法与政府采购法考点.md,著作权,,,keep,Front 聚焦“著作权”这一章内概念，Back 一句话定边界，Extra 给出本概念的题干信号。,ruankao ruankao::build::20260520_235046 ruankao::chapter::12 ruankao::domain::配置变更知识产权与法律法规 ruankao::type::概念卡 ruankao::importance::B ruankao::difficulty::3 ruankao::review::keep ruankao::chapter_concept,sha256:0d71bf10e68e8ba6f1dce753
软考::系统集成项目管理工程师::12_配置变更知识产权与法律法规::章节概念卡::12_配置变更知识产权与法律法规_概念卡,RuankaoTopicCard,专利权是什么？,专利权保护具有新颖性、创造性和实用性的技术方案。,<div>理解：不要把“代码表达”直接说成专利。</div><div>题干信号：技术方案</div><div>来源：12_配置变更知识产权与法律法规 专题包 / topic_build_full 相关小节</div>,chapter_concept,概念卡,专利权,,B,3,章节概念,配置变更知识产权与法律法规,12,配置变更知识产权与法律法规,T-CFG-001;T-LAW-001,配置管理：配置项、基线、配置库与版本控制;法律法规基础、合同法、招投标法与政府采购法考点,SRC-CH-12-009,topic_learning_packages/topics/12_配置变更知识产权与法律法规/T-CFG-001_专题学习包_配置管理配置项基线配置库与版本控制.md;topic_learning_packages/topics/12_配置变更知识产权与法律法规/T-LAW-001_专题学习包_法律法规基础合同法招投标法与政府采购法考点.md,专利权,,,keep,Front 聚焦“专利权”这一章内概念，Back 一句话定边界，Extra 给出本概念的题干信号。,ruankao ruankao::build::20260520_235046 ruankao::chapter::12 ruankao::domain::配置变更知识产权与法律法规 ruankao::type::概念卡 ruankao::importance::B ruankao::difficulty::3 ruankao::review::keep ruankao::chapter_concept,sha256:c69cd77b5ad99c39051dec17
软考::系统集成项目管理工程师::12_配置变更知识产权与法律法规::章节概念卡::12_配置变更知识产权与法律法规_概念卡,RuankaoTopicCard,要约是什么？,要约是希望和他人订立合同的意思表示，内容应具体确定。,<div>理解：招投标场景中的法律性质涉及口径，应对具体题干判断。</div><div>题干信号：订立合同、具体确定</div><div>来源：12_配置变更知识产权与法律法规 专题包 / topic_build_full 相关小节</div>,chapter_concept,概念卡,要约,,B,3,章节概念,配置变更知识产权与法律法规,12,配置变更知识产权与法律法规,T-CFG-001;T-LAW-001,配置管理：配置项、基线、配置库与版本控制;法律法规基础、合同法、招投标法与政府采购法考点,SRC-CH-12-010,topic_learning_packages/topics/12_配置变更知识产权与法律法规/T-CFG-001_专题学习包_配置管理配置项基线配置库与版本控制.md;topic_learning_packages/topics/12_配置变更知识产权与法律法规/T-LAW-001_专题学习包_法律法规基础合同法招投标法与政府采购法考点.md,要约,,,keep,Front 聚焦“要约”这一章内概念，Back 一句话定边界，Extra 给出本概念的题干信号。,ruankao ruankao::build::20260520_235046 ruankao::chapter::12 ruankao::domain::配置变更知识产权与法律法规 ruankao::type::概念卡 ruankao::importance::B ruankao::difficulty::3 ruankao::review::keep ruankao::chapter_concept,sha256:daa8dc5b36122a1e29ee4ba0
软考::系统集成项目管理工程师::待核验与复查,RuankaoTopicCard,配置变更知识产权与法律法规中哪些概念不应直接按数字或版本背诵？,涉及法规数字、标准编号、过程名称版本差异或教材译名的内容，应先核验教材或现行法规。,<div>理解：这类卡只提醒隔离风险，不把不稳定数字塞进主复习。</div><div>来源：pending_verification_register.md</div>,chapter_concept,待核验卡,教材口径待核验项,,C,3,待核验,配置变更知识产权与法律法规,12,配置变更知识产权与法律法规,T-CFG-001;T-LAW-001,配置管理：配置项、基线、配置库与版本控制;法律法规基础、合同法、招投标法与政府采购法考点,SRC-PV-12,topic_learning_packages/reports/pending_verification_register.md,相关 PV 条目,,,needs_human_review,涉及法规、标准或教材口径差异，方向可复习但具体数字和版本必须人工核验。,ruankao ruankao::build::20260520_235046 ruankao::chapter::12 ruankao::domain::配置变更知识产权与法律法规 ruankao::type::待核验卡 ruankao::importance::C ruankao::difficulty::3 ruankao::review::needs_human_review ruankao::chapter_concept ruankao::needs_review ruankao::not_for_main_review,sha256:cb6599e447d86c72958f13b4
软考::系统集成项目管理工程师::13_信息系统技术基础::章节概念卡::13_信息系统技术基础_概念卡,RuankaoTopicCard,ERP是什么？,ERP 企业资源计划整合企业内部资源和业务流程，强调计划、生产、库存、财务等一体化。,<div>理解：题干出现企业内部资源、生产和财务联动，优先想到 ERP。</div><div>题干信号：内部资源、生产财务</div><div>来源：13_信息系统技术基础 专题包 / topic_build_full 相关小节</div>,chapter_concept,概念卡,ERP,,A,2,章节概念,信息系统技术基础,13,信息系统技术基础,T-INFO-002,企业信息化系统：ERP、CRM、SCM、BI、EAI 辨析,SRC-CH-13-001,topic_learning_packages/topics/13_信息系统技术基础/T-INFO-002_专题学习包_企业信息化系统ERP_CRM_SCM_BI_EAI辨析.md,ERP,,,keep,Front 聚焦“ERP”这一章内概念，Back 一句话定边界，Extra 给出本概念的题干信号。,ruankao ruankao::build::20260520_235046 ruankao::chapter::13 ruankao::domain::信息系统技术基础 ruankao::type::概念卡 ruankao::importance::A ruankao::difficulty::2 ruankao::review::keep ruankao::chapter_concept,sha256:b8921016aa74397a824797a6
软考::系统集成项目管理工程师::13_信息系统技术基础::章节概念卡::13_信息系统技术基础_概念卡,RuankaoTopicCard,CRM是什么？,CRM 客户关系管理围绕客户数据、销售、营销和服务提升客户满意度和盈利能力。,<div>理解：题干出现客户满意、营销、售后服务，优先想到 CRM。</div><div>题干信号：客户、销售、服务</div><div>来源：13_信息系统技术基础 专题包 / topic_build_full 相关小节</div>,chapter_concept,概念卡,CRM,,A,2,章节概念,信息系统技术基础,13,信息系统技术基础,T-INFO-002,企业信息化系统：ERP、CRM、SCM、BI、EAI 辨析,SRC-CH-13-002,topic_learning_packages/topics/13_信息系统技术基础/T-INFO-002_专题学习包_企业信息化系统ERP_CRM_SCM_BI_EAI辨析.md,CRM,,,keep,Front 聚焦“CRM”这一章内概念，Back 一句话定边界，Extra 给出本概念的题干信号。,ruankao ruankao::build::20260520_235046 ruankao::chapter::13 ruankao::domain::信息系统技术基础 ruankao::type::概念卡 ruankao::importance::A ruankao::difficulty::2 ruankao::review::keep ruankao::chapter_concept,sha256:d0605dd8d4e0108f68ec7129
软考::系统集成项目管理工程师::13_信息系统技术基础::章节概念卡::13_信息系统技术基础_概念卡,RuankaoTopicCard,SCM是什么？,SCM 供应链管理关注供应商、制造商、分销商和客户之间的物流、信息流和资金流协同。,<div>理解：题干出现上下游协同、供应商和库存联动，想到 SCM。</div><div>题干信号：供应链、上下游</div><div>来源：13_信息系统技术基础 专题包 / topic_build_full 相关小节</div>,chapter_concept,概念卡,SCM,,A,2,章节概念,信息系统技术基础,13,信息系统技术基础,T-INFO-002,企业信息化系统：ERP、CRM、SCM、BI、EAI 辨析,SRC-CH-13-003,topic_learning_packages/topics/13_信息系统技术基础/T-INFO-002_专题学习包_企业信息化系统ERP_CRM_SCM_BI_EAI辨析.md,SCM,,,keep,Front 聚焦“SCM”这一章内概念，Back 一句话定边界，Extra 给出本概念的题干信号。,ruankao ruankao::build::20260520_235046 ruankao::chapter::13 ruankao::domain::信息系统技术基础 ruankao::type::概念卡 ruankao::importance::A ruankao::difficulty::2 ruankao::review::keep ruankao::chapter_concept,sha256:4b678d422396145fe40d3ab6
软考::系统集成项目管理工程师::13_信息系统技术基础::章节概念卡::13_信息系统技术基础_概念卡,RuankaoTopicCard,BI是什么？,BI 商业智能通过收集、管理和分析商业信息支持决策。,<div>理解：题干出现洞察、数据分析、辅助决策，优先想到 BI。</div><div>题干信号：数据分析、决策</div><div>来源：13_信息系统技术基础 专题包 / topic_build_full 相关小节</div>,chapter_concept,概念卡,BI,,A,2,章节概念,信息系统技术基础,13,信息系统技术基础,T-INFO-002,企业信息化系统：ERP、CRM、SCM、BI、EAI 辨析,SRC-CH-13-004,topic_learning_packages/topics/13_信息系统技术基础/T-INFO-002_专题学习包_企业信息化系统ERP_CRM_SCM_BI_EAI辨析.md,BI,,,keep,Front 聚焦“BI”这一章内概念，Back 一句话定边界，Extra 给出本概念的题干信号。,ruankao ruankao::build::20260520_235046 ruankao::chapter::13 ruankao::domain::信息系统技术基础 ruankao::type::概念卡 ruankao::importance::A ruankao::difficulty::2 ruankao::review::keep ruankao::chapter_concept,sha256:ce7cf7446bbb19c0c869376a
软考::系统集成项目管理工程师::13_信息系统技术基础::章节概念卡::13_信息系统技术基础_概念卡,RuankaoTopicCard,EAI是什么？,EAI 企业应用集成通过接口、中间件等整合企业内不同应用系统。,<div>理解：题干出现系统之间互联互通、数据共享、集成平台，想到 EAI。</div><div>题干信号：应用集成、互联互通</div><div>来源：13_信息系统技术基础 专题包 / topic_build_full 相关小节</div>,chapter_concept,概念卡,EAI,,A,2,章节概念,信息系统技术基础,13,信息系统技术基础,T-INFO-002,企业信息化系统：ERP、CRM、SCM、BI、EAI 辨析,SRC-CH-13-005,topic_learning_packages/topics/13_信息系统技术基础/T-INFO-002_专题学习包_企业信息化系统ERP_CRM_SCM_BI_EAI辨析.md,EAI,,,keep,Front 聚焦“EAI”这一章内概念，Back 一句话定边界，Extra 给出本概念的题干信号。,ruankao ruankao::build::20260520_235046 ruankao::chapter::13 ruankao::domain::信息系统技术基础 ruankao::type::概念卡 ruankao::importance::A ruankao::difficulty::2 ruankao::review::keep ruankao::chapter_concept,sha256:a2ebd28abefd6d3eaf4fb9a6
软考::系统集成项目管理工程师::13_信息系统技术基础::章节概念卡::13_信息系统技术基础_概念卡,RuankaoTopicCard,数据仓库是什么？,数据仓库面向主题、集成、相对稳定并反映历史变化，用于分析决策。,<div>理解：它不是日常事务处理数据库。</div><div>题干信号：主题、历史、分析</div><div>来源：13_信息系统技术基础 专题包 / topic_build_full 相关小节</div>,chapter_concept,概念卡,数据仓库,,B,3,章节概念,信息系统技术基础,13,信息系统技术基础,T-INFO-002,企业信息化系统：ERP、CRM、SCM、BI、EAI 辨析,SRC-CH-13-006,topic_learning_packages/topics/13_信息系统技术基础/T-INFO-002_专题学习包_企业信息化系统ERP_CRM_SCM_BI_EAI辨析.md,数据仓库,,,keep,Front 聚焦“数据仓库”这一章内概念，Back 一句话定边界，Extra 给出本概念的题干信号。,ruankao ruankao::build::20260520_235046 ruankao::chapter::13 ruankao::domain::信息系统技术基础 ruankao::type::概念卡 ruankao::importance::B ruankao::difficulty::3 ruankao::review::keep ruankao::chapter_concept,sha256:48a71e6987036664cd408b4f
软考::系统集成项目管理工程师::13_信息系统技术基础::章节概念卡::13_信息系统技术基础_概念卡,RuankaoTopicCard,OLAP是什么？,OLAP 支持多维分析，常用于从多个维度观察业务数据。,<div>理解：题干出现切片、钻取、多维分析，想到 OLAP。</div><div>题干信号：多维分析</div><div>来源：13_信息系统技术基础 专题包 / topic_build_full 相关小节</div>,chapter_concept,概念卡,OLAP,,B,3,章节概念,信息系统技术基础,13,信息系统技术基础,T-INFO-002,企业信息化系统：ERP、CRM、SCM、BI、EAI 辨析,SRC-CH-13-007,topic_learning_packages/topics/13_信息系统技术基础/T-INFO-002_专题学习包_企业信息化系统ERP_CRM_SCM_BI_EAI辨析.md,OLAP,,,keep,Front 聚焦“OLAP”这一章内概念，Back 一句话定边界，Extra 给出本概念的题干信号。,ruankao ruankao::build::20260520_235046 ruankao::chapter::13 ruankao::domain::信息系统技术基础 ruankao::type::概念卡 ruankao::importance::B ruankao::difficulty::3 ruankao::review::keep ruankao::chapter_concept,sha256:7e733d0aaa0c0bd76abfefab
软考::系统集成项目管理工程师::13_信息系统技术基础::章节概念卡::13_信息系统技术基础_概念卡,RuankaoTopicCard,工作流是什么？,工作流用于按照规则自动组织和传递业务过程中的任务、信息或文档。,<div>理解：题干出现流程流转、审批节点，可能想到工作流。</div><div>题干信号：流程流转、审批</div><div>来源：13_信息系统技术基础 专题包 / topic_build_full 相关小节</div>,chapter_concept,概念卡,工作流,,B,3,章节概念,信息系统技术基础,13,信息系统技术基础,T-INFO-002,企业信息化系统：ERP、CRM、SCM、BI、EAI 辨析,SRC-CH-13-008,topic_learning_packages/topics/13_信息系统技术基础/T-INFO-002_专题学习包_企业信息化系统ERP_CRM_SCM_BI_EAI辨析.md,工作流,,,keep,Front 聚焦“工作流”这一章内概念，Back 一句话定边界，Extra 给出本概念的题干信号。,ruankao ruankao::build::20260520_235046 ruankao::chapter::13 ruankao::domain::信息系统技术基础 ruankao::type::概念卡 ruankao::importance::B ruankao::difficulty::3 ruankao::review::keep ruankao::chapter_concept,sha256:0985355bdfdd3b8c192e509e
软考::系统集成项目管理工程师::14_案例分析专题::章节概念卡::14_案例分析专题_概念卡,RuankaoTopicCard,事实层标注是什么？,事实层标注是在案例材料中标出角色、时间、数字异常、冲突和关键事件。,<div>理解：先抓事实，再套知识域，避免凭空答题。</div><div>题干信号：角色、时间、数字、异常</div><div>来源：14_案例分析专题 专题包 / topic_build_full 相关小节</div>,chapter_concept,概念卡,事实层标注,,A,2,章节概念,案例分析专题,14,案例分析专题,T-CASE-001;T-CASE-002;T-CASE-003;T-COM-002,下午案例题通用审题与答题方法;进度延误与成本超支案例专项模板;范围蔓延、变更失控与合同纠纷案例模板;沟通管理与干系人冲突案例模板,SRC-CH-14-001,topic_learning_packages/topics/14_案例分析专题/T-CASE-001_专题学习包_下午案例题通用审题与答题方法.md;topic_learning_packages/topics/14_案例分析专题/T-CASE-002_专题学习包_进度延误与成本超支案例专项模板.md;topic_learning_packages/topics/14_案例分析专题/T-CASE-003_专题学习包_范围蔓延变更失控与合同纠纷案例模板.md;topic_learning_packages/topics/14_案例分析专题/T-COM-002_专题学习包_沟通管理与干系人冲突案例模板.md,事实层标注,,,keep,Front 聚焦“事实层标注”这一章内概念，Back 一句话定边界，Extra 给出本概念的题干信号。,ruankao ruankao::build::20260520_235046 ruankao::chapter::14 ruankao::domain::案例分析专题 ruankao::type::概念卡 ruankao::importance::A ruankao::difficulty::2 ruankao::review::keep ruankao::chapter_concept,sha256:8920ab8248172dc764f83964
软考::系统集成项目管理工程师::14_案例分析专题::章节概念卡::14_案例分析专题_概念卡,RuankaoTopicCard,知识域信号词是什么？,知识域信号词是帮助把案例事实映射到范围、进度、成本、质量、风险等领域的关键词。,<div>理解：例如“未批准需求增加”偏范围/变更，“返工缺陷”偏质量。</div><div>题干信号：关键词定位</div><div>来源：14_案例分析专题 专题包 / topic_build_full 相关小节</div>,chapter_concept,概念卡,知识域信号词,,A,2,章节概念,案例分析专题,14,案例分析专题,T-CASE-001;T-CASE-002;T-CASE-003;T-COM-002,下午案例题通用审题与答题方法;进度延误与成本超支案例专项模板;范围蔓延、变更失控与合同纠纷案例模板;沟通管理与干系人冲突案例模板,SRC-CH-14-002,topic_learning_packages/topics/14_案例分析专题/T-CASE-001_专题学习包_下午案例题通用审题与答题方法.md;topic_learning_packages/topics/14_案例分析专题/T-CASE-002_专题学习包_进度延误与成本超支案例专项模板.md;topic_learning_packages/topics/14_案例分析专题/T-CASE-003_专题学习包_范围蔓延变更失控与合同纠纷案例模板.md;topic_learning_packages/topics/14_案例分析专题/T-COM-002_专题学习包_沟通管理与干系人冲突案例模板.md,知识域信号词,,,keep,Front 聚焦“知识域信号词”这一章内概念，Back 一句话定边界，Extra 给出本概念的题干信号。,ruankao ruankao::build::20260520_235046 ruankao::chapter::14 ruankao::domain::案例分析专题 ruankao::type::概念卡 ruankao::importance::A ruankao::difficulty::2 ruankao::review::keep ruankao::chapter_concept,sha256:c0460083ab4017e2a7cfe1b3
软考::系统集成项目管理工程师::14_案例分析专题::章节概念卡::14_案例分析专题_概念卡,RuankaoTopicCard,问题识别题是什么？,问题识别题要求指出做法哪里不妥，答案要贴合案例事实。,<div>理解：不要只写“管理不规范”，要说清哪一类管理缺失。</div><div>题干信号：指出错误、贴事实</div><div>来源：14_案例分析专题 专题包 / topic_build_full 相关小节</div>,chapter_concept,概念卡,问题识别题,,A,2,章节概念,案例分析专题,14,案例分析专题,T-CASE-001;T-CASE-002;T-CASE-003;T-COM-002,下午案例题通用审题与答题方法;进度延误与成本超支案例专项模板;范围蔓延、变更失控与合同纠纷案例模板;沟通管理与干系人冲突案例模板,SRC-CH-14-003,topic_learning_packages/topics/14_案例分析专题/T-CASE-001_专题学习包_下午案例题通用审题与答题方法.md;topic_learning_packages/topics/14_案例分析专题/T-CASE-002_专题学习包_进度延误与成本超支案例专项模板.md;topic_learning_packages/topics/14_案例分析专题/T-CASE-003_专题学习包_范围蔓延变更失控与合同纠纷案例模板.md;topic_learning_packages/topics/14_案例分析专题/T-COM-002_专题学习包_沟通管理与干系人冲突案例模板.md,问题识别题,,,keep,Front 聚焦“问题识别题”这一章内概念，Back 一句话定边界，Extra 给出本概念的题干信号。,ruankao ruankao::build::20260520_235046 ruankao::chapter::14 ruankao::domain::案例分析专题 ruankao::type::概念卡 ruankao::importance::A ruankao::difficulty::2 ruankao::review::keep ruankao::chapter_concept,sha256:2ab02d32269febe0e48bdba0
软考::系统集成项目管理工程师::14_案例分析专题::章节概念卡::14_案例分析专题_概念卡,RuankaoTopicCard,原因分析题是什么？,原因分析题要求从过程、人员、计划、沟通、风险等角度解释问题为什么发生。,<div>理解：原因应能解释结果，不能堆模板。</div><div>题干信号：为什么发生</div><div>来源：14_案例分析专题 专题包 / topic_build_full 相关小节</div>,chapter_concept,概念卡,原因分析题,,A,2,章节概念,案例分析专题,14,案例分析专题,T-CASE-001;T-CASE-002;T-CASE-003;T-COM-002,下午案例题通用审题与答题方法;进度延误与成本超支案例专项模板;范围蔓延、变更失控与合同纠纷案例模板;沟通管理与干系人冲突案例模板,SRC-CH-14-004,topic_learning_packages/topics/14_案例分析专题/T-CASE-001_专题学习包_下午案例题通用审题与答题方法.md;topic_learning_packages/topics/14_案例分析专题/T-CASE-002_专题学习包_进度延误与成本超支案例专项模板.md;topic_learning_packages/topics/14_案例分析专题/T-CASE-003_专题学习包_范围蔓延变更失控与合同纠纷案例模板.md;topic_learning_packages/topics/14_案例分析专题/T-COM-002_专题学习包_沟通管理与干系人冲突案例模板.md,原因分析题,,,keep,Front 聚焦“原因分析题”这一章内概念，Back 一句话定边界，Extra 给出本概念的题干信号。,ruankao ruankao::build::20260520_235046 ruankao::chapter::14 ruankao::domain::案例分析专题 ruankao::type::概念卡 ruankao::importance::A ruankao::difficulty::2 ruankao::review::keep ruankao::chapter_concept,sha256:cad0ee3c992c2c5593cd18da
软考::系统集成项目管理工程师::14_案例分析专题::章节概念卡::14_案例分析专题_概念卡,RuankaoTopicCard,措施建议题是什么？,措施建议题要求提出能落地的纠正或预防措施。,<div>理解：措施要对应原因，如范围失控就走变更控制和需求确认。</div><div>题干信号：怎么办、改进措施</div><div>来源：14_案例分析专题 专题包 / topic_build_full 相关小节</div>,chapter_concept,概念卡,措施建议题,,A,2,章节概念,案例分析专题,14,案例分析专题,T-CASE-001;T-CASE-002;T-CASE-003;T-COM-002,下午案例题通用审题与答题方法;进度延误与成本超支案例专项模板;范围蔓延、变更失控与合同纠纷案例模板;沟通管理与干系人冲突案例模板,SRC-CH-14-005,topic_learning_packages/topics/14_案例分析专题/T-CASE-001_专题学习包_下午案例题通用审题与答题方法.md;topic_learning_packages/topics/14_案例分析专题/T-CASE-002_专题学习包_进度延误与成本超支案例专项模板.md;topic_learning_packages/topics/14_案例分析专题/T-CASE-003_专题学习包_范围蔓延变更失控与合同纠纷案例模板.md;topic_learning_packages/topics/14_案例分析专题/T-COM-002_专题学习包_沟通管理与干系人冲突案例模板.md,措施建议题,,,keep,Front 聚焦“措施建议题”这一章内概念，Back 一句话定边界，Extra 给出本概念的题干信号。,ruankao ruankao::build::20260520_235046 ruankao::chapter::14 ruankao::domain::案例分析专题 ruankao::type::概念卡 ruankao::importance::A ruankao::difficulty::2 ruankao::review::keep ruankao::chapter_concept,sha256:6e463fc69b374c8e8c9a17eb
软考::系统集成项目管理工程师::14_案例分析专题::章节概念卡::14_案例分析专题_概念卡,RuankaoTopicCard,进度延误案例是什么？,进度延误案例通常从计划不合理、关键路径、资源冲突、变更、风险和沟通查原因。,<div>理解：不要只写“加快进度”，要说明管理动作。</div><div>题干信号：延期、关键路径、资源</div><div>来源：14_案例分析专题 专题包 / topic_build_full 相关小节</div>,chapter_concept,概念卡,进度延误案例,,A,2,章节概念,案例分析专题,14,案例分析专题,T-CASE-001;T-CASE-002;T-CASE-003;T-COM-002,下午案例题通用审题与答题方法;进度延误与成本超支案例专项模板;范围蔓延、变更失控与合同纠纷案例模板;沟通管理与干系人冲突案例模板,SRC-CH-14-006,topic_learning_packages/topics/14_案例分析专题/T-CASE-001_专题学习包_下午案例题通用审题与答题方法.md;topic_learning_packages/topics/14_案例分析专题/T-CASE-002_专题学习包_进度延误与成本超支案例专项模板.md;topic_learning_packages/topics/14_案例分析专题/T-CASE-003_专题学习包_范围蔓延变更失控与合同纠纷案例模板.md;topic_learning_packages/topics/14_案例分析专题/T-COM-002_专题学习包_沟通管理与干系人冲突案例模板.md,进度延误案例,,,keep,Front 聚焦“进度延误案例”这一章内概念，Back 一句话定边界，Extra 给出本概念的题干信号。,ruankao ruankao::build::20260520_235046 ruankao::chapter::14 ruankao::domain::案例分析专题 ruankao::type::概念卡 ruankao::importance::A ruankao::difficulty::2 ruankao::review::keep ruankao::chapter_concept,sha256:0c041b44e6031ee064b9c644
软考::系统集成项目管理工程师::14_案例分析专题::章节概念卡::14_案例分析专题_概念卡,RuankaoTopicCard,成本超支案例是什么？,成本超支案例通常从估算、预算、范围变更、返工、采购和成本控制查原因。,<div>理解：若有 PV/EV/AC，应先算指标再解释。</div><div>题干信号：超支、EVM、返工</div><div>来源：14_案例分析专题 专题包 / topic_build_full 相关小节</div>,chapter_concept,概念卡,成本超支案例,,A,2,章节概念,案例分析专题,14,案例分析专题,T-CASE-001;T-CASE-002;T-CASE-003;T-COM-002,下午案例题通用审题与答题方法;进度延误与成本超支案例专项模板;范围蔓延、变更失控与合同纠纷案例模板;沟通管理与干系人冲突案例模板,SRC-CH-14-007,topic_learning_packages/topics/14_案例分析专题/T-CASE-001_专题学习包_下午案例题通用审题与答题方法.md;topic_learning_packages/topics/14_案例分析专题/T-CASE-002_专题学习包_进度延误与成本超支案例专项模板.md;topic_learning_packages/topics/14_案例分析专题/T-CASE-003_专题学习包_范围蔓延变更失控与合同纠纷案例模板.md;topic_learning_packages/topics/14_案例分析专题/T-COM-002_专题学习包_沟通管理与干系人冲突案例模板.md,成本超支案例,,,keep,Front 聚焦“成本超支案例”这一章内概念，Back 一句话定边界，Extra 给出本概念的题干信号。,ruankao ruankao::build::20260520_235046 ruankao::chapter::14 ruankao::domain::案例分析专题 ruankao::type::概念卡 ruankao::importance::A ruankao::difficulty::2 ruankao::review::keep ruankao::chapter_concept,sha256:f5e63d0a5ec8ad53955e9a37
软考::系统集成项目管理工程师::14_案例分析专题::章节概念卡::14_案例分析专题_概念卡,RuankaoTopicCard,范围蔓延案例是什么？,范围蔓延案例常表现为未经批准增加需求、口头承诺和验收标准不清。,<div>理解：核心动作是需求确认、变更控制和基准更新。</div><div>题干信号：新增需求、未批准</div><div>来源：14_案例分析专题 专题包 / topic_build_full 相关小节</div>,chapter_concept,概念卡,范围蔓延案例,,A,2,章节概念,案例分析专题,14,案例分析专题,T-CASE-001;T-CASE-002;T-CASE-003;T-COM-002,下午案例题通用审题与答题方法;进度延误与成本超支案例专项模板;范围蔓延、变更失控与合同纠纷案例模板;沟通管理与干系人冲突案例模板,SRC-CH-14-008,topic_learning_packages/topics/14_案例分析专题/T-CASE-001_专题学习包_下午案例题通用审题与答题方法.md;topic_learning_packages/topics/14_案例分析专题/T-CASE-002_专题学习包_进度延误与成本超支案例专项模板.md;topic_learning_packages/topics/14_案例分析专题/T-CASE-003_专题学习包_范围蔓延变更失控与合同纠纷案例模板.md;topic_learning_packages/topics/14_案例分析专题/T-COM-002_专题学习包_沟通管理与干系人冲突案例模板.md,范围蔓延案例,,,keep,Front 聚焦“范围蔓延案例”这一章内概念，Back 一句话定边界，Extra 给出本概念的题干信号。,ruankao ruankao::build::20260520_235046 ruankao::chapter::14 ruankao::domain::案例分析专题 ruankao::type::概念卡 ruankao::importance::A ruankao::difficulty::2 ruankao::review::keep ruankao::chapter_concept,sha256:2548f4dbef7a4c446c98cdc0
软考::系统集成项目管理工程师::14_案例分析专题::章节概念卡::14_案例分析专题_概念卡,RuankaoTopicCard,沟通冲突案例是什么？,沟通冲突案例常表现为信息未传达、干系人期望不一致和职责不清。,<div>理解：先识别干系人，再制定沟通和参与策略。</div><div>题干信号：冲突、期望、信息</div><div>来源：14_案例分析专题 专题包 / topic_build_full 相关小节</div>,chapter_concept,概念卡,沟通冲突案例,,B,3,章节概念,案例分析专题,14,案例分析专题,T-CASE-001;T-CASE-002;T-CASE-003;T-COM-002,下午案例题通用审题与答题方法;进度延误与成本超支案例专项模板;范围蔓延、变更失控与合同纠纷案例模板;沟通管理与干系人冲突案例模板,SRC-CH-14-009,topic_learning_packages/topics/14_案例分析专题/T-CASE-001_专题学习包_下午案例题通用审题与答题方法.md;topic_learning_packages/topics/14_案例分析专题/T-CASE-002_专题学习包_进度延误与成本超支案例专项模板.md;topic_learning_packages/topics/14_案例分析专题/T-CASE-003_专题学习包_范围蔓延变更失控与合同纠纷案例模板.md;topic_learning_packages/topics/14_案例分析专题/T-COM-002_专题学习包_沟通管理与干系人冲突案例模板.md,沟通冲突案例,,,keep,Front 聚焦“沟通冲突案例”这一章内概念，Back 一句话定边界，Extra 给出本概念的题干信号。,ruankao ruankao::build::20260520_235046 ruankao::chapter::14 ruankao::domain::案例分析专题 ruankao::type::概念卡 ruankao::importance::B ruankao::difficulty::3 ruankao::review::keep ruankao::chapter_concept,sha256:723b99b0a64ba6247014b63e
软考::系统集成项目管理工程师::99_综合专题与跨域辨析::章节概念卡::99_综合专题与跨域辨析_概念卡,RuankaoTopicCard,跨域辨析是什么？,跨域辨析是把容易混淆的概念放在同一张卡里比较边界。,<div>理解：软考选择题常在相邻概念之间设置错项。</div><div>题干信号：易混概念、边界</div><div>来源：99_综合专题与跨域辨析 专题包 / topic_build_full 相关小节</div>,chapter_concept,概念卡,跨域辨析,,A,2,章节概念,综合专题与跨域辨析,99,综合专题与跨域辨析,T-CROSS-001;T-ORG-001;T-RISK-003;T-SCOPE-003,高频跨域概念辨析与易错点;组织结构、项目经理权限与 PMO;风险、问题、变更与应急措施的跨域辨析;范围确认、质量控制、验收与测试的边界辨析,SRC-CH-99-001,topic_learning_packages/topics/99_综合专题与跨域辨析/T-CROSS-001_专题学习包_高频跨域概念辨析与易错点.md;topic_learning_packages/topics/99_综合专题与跨域辨析/T-ORG-001_专题学习包_组织结构项目经理权限与PMO.md;topic_learning_packages/topics/99_综合专题与跨域辨析/T-RISK-003_专题学习包_风险问题变更与应急措施跨域辨析.md;topic_learning_packages/topics/99_综合专题与跨域辨析/T-SCOPE-003_专题学习包_范围确认质量控制验收与测试边界辨析.md,跨域辨析,,,keep,Front 聚焦“跨域辨析”这一章内概念，Back 一句话定边界，Extra 给出本概念的题干信号。,ruankao ruankao::build::20260520_235046 ruankao::chapter::99 ruankao::domain::综合专题与跨域辨析 ruankao::type::概念卡 ruankao::importance::A ruankao::difficulty::2 ruankao::review::keep ruankao::chapter_concept,sha256:a1d8cf870464f2f0f5b7432b
软考::系统集成项目管理工程师::99_综合专题与跨域辨析::章节概念卡::99_综合专题与跨域辨析_概念卡,RuankaoTopicCard,跨域题中，项目章程和项目管理计划最容易混淆的边界是什么？,项目章程偏正式批准和授权；项目管理计划偏指导执行、监控和收尾。,<div>理解：看到授权项目经理选章程，看到各子计划和基准选管理计划。</div><div>题干信号：授权 vs 执行指南</div><div>来源：99_综合专题与跨域辨析 专题包 / topic_build_full 相关小节</div>,chapter_concept,辨析卡,项目章程 vs 项目管理计划,,A,2,章节概念,综合专题与跨域辨析,99,综合专题与跨域辨析,T-CROSS-001;T-ORG-001;T-RISK-003;T-SCOPE-003,高频跨域概念辨析与易错点;组织结构、项目经理权限与 PMO;风险、问题、变更与应急措施的跨域辨析;范围确认、质量控制、验收与测试的边界辨析,SRC-CH-99-002,topic_learning_packages/topics/99_综合专题与跨域辨析/T-CROSS-001_专题学习包_高频跨域概念辨析与易错点.md;topic_learning_packages/topics/99_综合专题与跨域辨析/T-ORG-001_专题学习包_组织结构项目经理权限与PMO.md;topic_learning_packages/topics/99_综合专题与跨域辨析/T-RISK-003_专题学习包_风险问题变更与应急措施跨域辨析.md;topic_learning_packages/topics/99_综合专题与跨域辨析/T-SCOPE-003_专题学习包_范围确认质量控制验收与测试边界辨析.md,项目章程 vs 项目管理计划,,,keep,Front 聚焦“项目章程 vs 项目管理计划”这一章内概念，Back 一句话定边界，Extra 给出本概念的题干信号。 已调整 Front，避免和其他章节/专题卡同义重复。,ruankao ruankao::build::20260520_235046 ruankao::chapter::99 ruankao::domain::综合专题与跨域辨析 ruankao::type::辨析卡 ruankao::importance::A ruankao::difficulty::2 ruankao::review::keep ruankao::chapter_concept,sha256:108fc6dda04b35ecddea3745
软考::系统集成项目管理工程师::99_综合专题与跨域辨析::章节概念卡::99_综合专题与跨域辨析_概念卡,RuankaoTopicCard,确认范围 vs 控制质量的核心区别是什么？,确认范围关注客户或发起人正式接受成果；控制质量关注成果是否符合质量要求。,<div>理解：验收签字偏确认范围，检查测试偏控制质量。</div><div>题干信号：接受 vs 检查</div><div>来源：99_综合专题与跨域辨析 专题包 / topic_build_full 相关小节</div>,chapter_concept,辨析卡,确认范围 vs 控制质量,,A,2,章节概念,综合专题与跨域辨析,99,综合专题与跨域辨析,T-CROSS-001;T-ORG-001;T-RISK-003;T-SCOPE-003,高频跨域概念辨析与易错点;组织结构、项目经理权限与 PMO;风险、问题、变更与应急措施的跨域辨析;范围确认、质量控制、验收与测试的边界辨析,SRC-CH-99-003,topic_learning_packages/topics/99_综合专题与跨域辨析/T-CROSS-001_专题学习包_高频跨域概念辨析与易错点.md;topic_learning_packages/topics/99_综合专题与跨域辨析/T-ORG-001_专题学习包_组织结构项目经理权限与PMO.md;topic_learning_packages/topics/99_综合专题与跨域辨析/T-RISK-003_专题学习包_风险问题变更与应急措施跨域辨析.md;topic_learning_packages/topics/99_综合专题与跨域辨析/T-SCOPE-003_专题学习包_范围确认质量控制验收与测试边界辨析.md,确认范围 vs 控制质量,,,keep,Front 聚焦“确认范围 vs 控制质量”这一章内概念，Back 一句话定边界，Extra 给出本概念的题干信号。,ruankao ruankao::build::20260520_235046 ruankao::chapter::99 ruankao::domain::综合专题与跨域辨析 ruankao::type::辨析卡 ruankao::importance::A ruankao::difficulty::2 ruankao::review::keep ruankao::chapter_concept,sha256:c8565f5b257520a27a0cb979
软考::系统集成项目管理工程师::99_综合专题与跨域辨析::章节概念卡::99_综合专题与跨域辨析_概念卡,RuankaoTopicCard,QA vs QC的核心区别是什么？,QA 关注过程和预防；QC 关注结果和缺陷。,<div>理解：质量审计通常偏 QA，测试检查通常偏 QC。</div><div>题干信号：过程 vs 结果</div><div>来源：99_综合专题与跨域辨析 专题包 / topic_build_full 相关小节</div>,chapter_concept,辨析卡,QA vs QC,,A,2,章节概念,综合专题与跨域辨析,99,综合专题与跨域辨析,T-CROSS-001;T-ORG-001;T-RISK-003;T-SCOPE-003,高频跨域概念辨析与易错点;组织结构、项目经理权限与 PMO;风险、问题、变更与应急措施的跨域辨析;范围确认、质量控制、验收与测试的边界辨析,SRC-CH-99-004,topic_learning_packages/topics/99_综合专题与跨域辨析/T-CROSS-001_专题学习包_高频跨域概念辨析与易错点.md;topic_learning_packages/topics/99_综合专题与跨域辨析/T-ORG-001_专题学习包_组织结构项目经理权限与PMO.md;topic_learning_packages/topics/99_综合专题与跨域辨析/T-RISK-003_专题学习包_风险问题变更与应急措施跨域辨析.md;topic_learning_packages/topics/99_综合专题与跨域辨析/T-SCOPE-003_专题学习包_范围确认质量控制验收与测试边界辨析.md,QA vs QC,,,keep,Front 聚焦“QA vs QC”这一章内概念，Back 一句话定边界，Extra 给出本概念的题干信号。,ruankao ruankao::build::20260520_235046 ruankao::chapter::99 ruankao::domain::综合专题与跨域辨析 ruankao::type::辨析卡 ruankao::importance::A ruankao::difficulty::2 ruankao::review::keep ruankao::chapter_concept,sha256:a9161ef57218584e5185a98f
软考::系统集成项目管理工程师::99_综合专题与跨域辨析::章节概念卡::99_综合专题与跨域辨析_概念卡,RuankaoTopicCard,赶工 vs 快速跟进的核心区别是什么？,赶工通过增加资源缩短工期；快速跟进通过并行活动缩短工期。,<div>理解：赶工多增加成本，快速跟进多增加返工风险。</div><div>题干信号：资源 vs 并行</div><div>来源：99_综合专题与跨域辨析 专题包 / topic_build_full 相关小节</div>,chapter_concept,辨析卡,赶工 vs 快速跟进,,A,2,章节概念,综合专题与跨域辨析,99,综合专题与跨域辨析,T-CROSS-001;T-ORG-001;T-RISK-003;T-SCOPE-003,高频跨域概念辨析与易错点;组织结构、项目经理权限与 PMO;风险、问题、变更与应急措施的跨域辨析;范围确认、质量控制、验收与测试的边界辨析,SRC-CH-99-005,topic_learning_packages/topics/99_综合专题与跨域辨析/T-CROSS-001_专题学习包_高频跨域概念辨析与易错点.md;topic_learning_packages/topics/99_综合专题与跨域辨析/T-ORG-001_专题学习包_组织结构项目经理权限与PMO.md;topic_learning_packages/topics/99_综合专题与跨域辨析/T-RISK-003_专题学习包_风险问题变更与应急措施跨域辨析.md;topic_learning_packages/topics/99_综合专题与跨域辨析/T-SCOPE-003_专题学习包_范围确认质量控制验收与测试边界辨析.md,赶工 vs 快速跟进,,,keep,Front 聚焦“赶工 vs 快速跟进”这一章内概念，Back 一句话定边界，Extra 给出本概念的题干信号。,ruankao ruankao::build::20260520_235046 ruankao::chapter::99 ruankao::domain::综合专题与跨域辨析 ruankao::type::辨析卡 ruankao::importance::A ruankao::difficulty::2 ruankao::review::keep ruankao::chapter_concept,sha256:e41fa7b4237a9baf0010d355
软考::系统集成项目管理工程师::99_综合专题与跨域辨析::章节概念卡::99_综合专题与跨域辨析_概念卡,RuankaoTopicCard,风险 vs 问题的核心区别是什么？,风险是未发生的不确定事件，问题是已经发生并需要处理的事实。,<div>理解：已经发生的供应商退出不是风险识别，而是问题处理。</div><div>题干信号：未发生 vs 已发生</div><div>来源：99_综合专题与跨域辨析 专题包 / topic_build_full 相关小节</div>,chapter_concept,辨析卡,风险 vs 问题,,A,2,章节概念,综合专题与跨域辨析,99,综合专题与跨域辨析,T-CROSS-001;T-ORG-001;T-RISK-003;T-SCOPE-003,高频跨域概念辨析与易错点;组织结构、项目经理权限与 PMO;风险、问题、变更与应急措施的跨域辨析;范围确认、质量控制、验收与测试的边界辨析,SRC-CH-99-006,topic_learning_packages/topics/99_综合专题与跨域辨析/T-CROSS-001_专题学习包_高频跨域概念辨析与易错点.md;topic_learning_packages/topics/99_综合专题与跨域辨析/T-ORG-001_专题学习包_组织结构项目经理权限与PMO.md;topic_learning_packages/topics/99_综合专题与跨域辨析/T-RISK-003_专题学习包_风险问题变更与应急措施跨域辨析.md;topic_learning_packages/topics/99_综合专题与跨域辨析/T-SCOPE-003_专题学习包_范围确认质量控制验收与测试边界辨析.md,风险 vs 问题,,,keep,Front 聚焦“风险 vs 问题”这一章内概念，Back 一句话定边界，Extra 给出本概念的题干信号。,ruankao ruankao::build::20260520_235046 ruankao::chapter::99 ruankao::domain::综合专题与跨域辨析 ruankao::type::辨析卡 ruankao::importance::A ruankao::difficulty::2 ruankao::review::keep ruankao::chapter_concept,sha256:251cb0197ee4aaf08a70f7e1
软考::系统集成项目管理工程师::99_综合专题与跨域辨析::章节概念卡::99_综合专题与跨域辨析_概念卡,RuankaoTopicCard,配置管理 vs 变更管理的核心区别是什么？,配置管理关注配置项、版本和基线状态；变更管理关注变更请求的评审、批准和实施控制。,<div>理解：两者配合但关注对象不同。</div><div>题干信号：版本状态 vs 变更流程</div><div>来源：99_综合专题与跨域辨析 专题包 / topic_build_full 相关小节</div>,chapter_concept,辨析卡,配置管理 vs 变更管理,,A,2,章节概念,综合专题与跨域辨析,99,综合专题与跨域辨析,T-CROSS-001;T-ORG-001;T-RISK-003;T-SCOPE-003,高频跨域概念辨析与易错点;组织结构、项目经理权限与 PMO;风险、问题、变更与应急措施的跨域辨析;范围确认、质量控制、验收与测试的边界辨析,SRC-CH-99-007,topic_learning_packages/topics/99_综合专题与跨域辨析/T-CROSS-001_专题学习包_高频跨域概念辨析与易错点.md;topic_learning_packages/topics/99_综合专题与跨域辨析/T-ORG-001_专题学习包_组织结构项目经理权限与PMO.md;topic_learning_packages/topics/99_综合专题与跨域辨析/T-RISK-003_专题学习包_风险问题变更与应急措施跨域辨析.md;topic_learning_packages/topics/99_综合专题与跨域辨析/T-SCOPE-003_专题学习包_范围确认质量控制验收与测试边界辨析.md,配置管理 vs 变更管理,,,keep,Front 聚焦“配置管理 vs 变更管理”这一章内概念，Back 一句话定边界，Extra 给出本概念的题干信号。,ruankao ruankao::build::20260520_235046 ruankao::chapter::99 ruankao::domain::综合专题与跨域辨析 ruankao::type::辨析卡 ruankao::importance::A ruankao::difficulty::2 ruankao::review::keep ruankao::chapter_concept,sha256:5b84af37eec67525aedcc1d5
软考::系统集成项目管理工程师::99_综合专题与跨域辨析::章节概念卡::99_综合专题与跨域辨析_概念卡,RuankaoTopicCard,工作绩效数据/信息/报告是什么？,数据是原始观察，信息是分析后的绩效含义，报告是面向干系人的呈现。,<div>理解：从原始数值到分析再到汇报，层次逐步提高。</div><div>题干信号：原始-分析-呈现</div><div>来源：99_综合专题与跨域辨析 专题包 / topic_build_full 相关小节</div>,chapter_concept,概念卡,工作绩效数据/信息/报告,,B,3,章节概念,综合专题与跨域辨析,99,综合专题与跨域辨析,T-CROSS-001;T-ORG-001;T-RISK-003;T-SCOPE-003,高频跨域概念辨析与易错点;组织结构、项目经理权限与 PMO;风险、问题、变更与应急措施的跨域辨析;范围确认、质量控制、验收与测试的边界辨析,SRC-CH-99-008,topic_learning_packages/topics/99_综合专题与跨域辨析/T-CROSS-001_专题学习包_高频跨域概念辨析与易错点.md;topic_learning_packages/topics/99_综合专题与跨域辨析/T-ORG-001_专题学习包_组织结构项目经理权限与PMO.md;topic_learning_packages/topics/99_综合专题与跨域辨析/T-RISK-003_专题学习包_风险问题变更与应急措施跨域辨析.md;topic_learning_packages/topics/99_综合专题与跨域辨析/T-SCOPE-003_专题学习包_范围确认质量控制验收与测试边界辨析.md,工作绩效数据/信息/报告,,,keep,Front 聚焦“工作绩效数据/信息/报告”这一章内概念，Back 一句话定边界，Extra 给出本概念的题干信号。,ruankao ruankao::build::20260520_235046 ruankao::chapter::99 ruankao::domain::综合专题与跨域辨析 ruankao::type::概念卡 ruankao::importance::B ruankao::difficulty::3 ruankao::review::keep ruankao::chapter_concept,sha256:0abdc2f060c66eb6889f081f
软考::系统集成项目管理工程师::99_综合专题与跨域辨析::章节概念卡::99_综合专题与跨域辨析_概念卡,RuankaoTopicCard,跨域题中，管理收尾和合同收尾最容易混淆的边界是什么？,管理收尾结束项目或阶段；合同收尾结束采购合同关系。,<div>理解：供应商和尾款偏合同收尾，经验教训和释放团队偏管理收尾。</div><div>题干信号：项目/阶段 vs 合同</div><div>来源：99_综合专题与跨域辨析 专题包 / topic_build_full 相关小节</div>,chapter_concept,辨析卡,管理收尾 vs 合同收尾,,A,2,章节概念,综合专题与跨域辨析,99,综合专题与跨域辨析,T-CROSS-001;T-ORG-001;T-RISK-003;T-SCOPE-003,高频跨域概念辨析与易错点;组织结构、项目经理权限与 PMO;风险、问题、变更与应急措施的跨域辨析;范围确认、质量控制、验收与测试的边界辨析,SRC-CH-99-009,topic_learning_packages/topics/99_综合专题与跨域辨析/T-CROSS-001_专题学习包_高频跨域概念辨析与易错点.md;topic_learning_packages/topics/99_综合专题与跨域辨析/T-ORG-001_专题学习包_组织结构项目经理权限与PMO.md;topic_learning_packages/topics/99_综合专题与跨域辨析/T-RISK-003_专题学习包_风险问题变更与应急措施跨域辨析.md;topic_learning_packages/topics/99_综合专题与跨域辨析/T-SCOPE-003_专题学习包_范围确认质量控制验收与测试边界辨析.md,管理收尾 vs 合同收尾,,,keep,Front 聚焦“管理收尾 vs 合同收尾”这一章内概念，Back 一句话定边界，Extra 给出本概念的题干信号。 已调整 Front，避免和其他章节/专题卡同义重复。,ruankao ruankao::build::20260520_235046 ruankao::chapter::99 ruankao::domain::综合专题与跨域辨析 ruankao::type::辨析卡 ruankao::importance::A ruankao::difficulty::2 ruankao::review::keep ruankao::chapter_concept,sha256:6c6f1144576ed3335d6e8cfd
