deck,note_type,front,back,extra,card_family,card_type,concept_name,concept_aliases,importance,difficulty,exam_use,knowledge_domain,chapter_id,chapter_name,source_topic_ids,source_topic_names,source_ids,source_file,source_heading,related_question_ids,related_topic_ids,manual_review_status,manual_review_note,tags,checksum
软考::系统集成项目管理工程师::01_信息化与信息系统::章节概念卡::01_信息化与信息系统_概念卡,RuankaoTopicCard,信息是什么？,信息是经过加工、具有意义并能支持决策的数据。,<div>理解：数据偏事实记录，信息偏可理解和可用于决策的内容。</div><div>题干信号：数据、加工、意义、决策</div><div>来源：01_信息化与信息系统 专题包 / topic_build_full 相关小节</div>,chapter_concept,概念卡,信息,,A,2,章节概念,信息化与信息系统,01,信息化与信息系统,T-INFO-001,信息化、信息系统生命周期与系统集成基础,SRC-CH-01-001,topic_learning_packages/topics/01_信息化与信息系统/T-INFO-001_专题学习包_信息化信息系统生命周期与系统集成基础.md,信息,,,keep,Front 聚焦“信息”这一章内概念，Back 一句话定边界，Extra 给出本概念的题干信号。,ruankao ruankao::build::20260520_235046 ruankao::chapter::01 ruankao::domain::信息化与信息系统 ruankao::type::概念卡 ruankao::importance::A ruankao::difficulty::2 ruankao::review::keep ruankao::chapter_concept,sha256:ec33098ead580813c2dedb26
软考::系统集成项目管理工程师::01_信息化与信息系统::章节概念卡::01_信息化与信息系统_概念卡,RuankaoTopicCard,信息化是什么？,信息化是利用信息技术开发和利用信息资源，推动业务、组织和社会运行方式改变的过程。,<div>理解：它不是单纯买设备，而是技术、数据、流程和管理共同变化。</div><div>题干信号：信息技术应用、信息资源、业务改造</div><div>来源：01_信息化与信息系统 专题包 / topic_build_full 相关小节</div>,chapter_concept,概念卡,信息化,,A,2,章节概念,信息化与信息系统,01,信息化与信息系统,T-INFO-001,信息化、信息系统生命周期与系统集成基础,SRC-CH-01-002,topic_learning_packages/topics/01_信息化与信息系统/T-INFO-001_专题学习包_信息化信息系统生命周期与系统集成基础.md,信息化,,,keep,Front 聚焦“信息化”这一章内概念，Back 一句话定边界，Extra 给出本概念的题干信号。,ruankao ruankao::build::20260520_235046 ruankao::chapter::01 ruankao::domain::信息化与信息系统 ruankao::type::概念卡 ruankao::importance::A ruankao::difficulty::2 ruankao::review::keep ruankao::chapter_concept,sha256:cf1fba79c9c3f8905e4d91be
软考::系统集成项目管理工程师::01_信息化与信息系统::章节概念卡::01_信息化与信息系统_概念卡,RuankaoTopicCard,国家信息化体系是什么？,国家信息化体系通常从信息资源、网络、技术应用、产业、人才、政策法规和标准等要素理解。,<div>理解：具体要素表述有教材口径风险，涉及完整枚举时应核验。</div><div>题干信号：六要素、政策法规、信息化人才</div><div>来源：01_信息化与信息系统 专题包 / topic_build_full 相关小节</div>,chapter_concept,概念卡,国家信息化体系,,B,3,章节概念,信息化与信息系统,01,信息化与信息系统,T-INFO-001,信息化、信息系统生命周期与系统集成基础,SRC-CH-01-003,topic_learning_packages/topics/01_信息化与信息系统/T-INFO-001_专题学习包_信息化信息系统生命周期与系统集成基础.md,国家信息化体系,,,keep,Front 聚焦“国家信息化体系”这一章内概念，Back 一句话定边界，Extra 给出本概念的题干信号。,ruankao ruankao::build::20260520_235046 ruankao::chapter::01 ruankao::domain::信息化与信息系统 ruankao::type::概念卡 ruankao::importance::B ruankao::difficulty::3 ruankao::review::keep ruankao::chapter_concept,sha256:e177d3dfeda457cd6f49733c
软考::系统集成项目管理工程师::01_信息化与信息系统::章节概念卡::01_信息化与信息系统_概念卡,RuankaoTopicCard,信息系统是什么？,信息系统是由人、硬件、软件、网络、数据和规程组成，用于处理信息并支持组织活动的系统。,<div>理解：不要把信息系统等同于软件；系统集成题常强调软硬件、网络和管理的整体。</div><div>题干信号：人机系统、数据处理、组织支持</div><div>来源：01_信息化与信息系统 专题包 / topic_build_full 相关小节</div>,chapter_concept,概念卡,信息系统,,A,2,章节概念,信息化与信息系统,01,信息化与信息系统,T-INFO-001,信息化、信息系统生命周期与系统集成基础,SRC-CH-01-004,topic_learning_packages/topics/01_信息化与信息系统/T-INFO-001_专题学习包_信息化信息系统生命周期与系统集成基础.md,信息系统,,,keep,Front 聚焦“信息系统”这一章内概念，Back 一句话定边界，Extra 给出本概念的题干信号。,ruankao ruankao::build::20260520_235046 ruankao::chapter::01 ruankao::domain::信息化与信息系统 ruankao::type::概念卡 ruankao::importance::A ruankao::difficulty::2 ruankao::review::keep ruankao::chapter_concept,sha256:c876c8b54cd6a3c37a634e6c
软考::系统集成项目管理工程师::01_信息化与信息系统::章节概念卡::01_信息化与信息系统_概念卡,RuankaoTopicCard,信息系统生命周期是什么？,信息系统生命周期描述系统从规划、开发、运行维护到更新或退役的全过程。,<div>理解：它比单个项目生命周期更长，系统上线后仍进入运维和演化。</div><div>题干信号：规划、开发、运维、退役</div><div>来源：01_信息化与信息系统 专题包 / topic_build_full 相关小节</div>,chapter_concept,概念卡,信息系统生命周期,,A,2,章节概念,信息化与信息系统,01,信息化与信息系统,T-INFO-001,信息化、信息系统生命周期与系统集成基础,SRC-CH-01-005,topic_learning_packages/topics/01_信息化与信息系统/T-INFO-001_专题学习包_信息化信息系统生命周期与系统集成基础.md,信息系统生命周期,,,keep,Front 聚焦“信息系统生命周期”这一章内概念，Back 一句话定边界，Extra 给出本概念的题干信号。,ruankao ruankao::build::20260520_235046 ruankao::chapter::01 ruankao::domain::信息化与信息系统 ruankao::type::概念卡 ruankao::importance::A ruankao::difficulty::2 ruankao::review::keep ruankao::chapter_concept,sha256:a8d5ee394d703621cfdd6df6
软考::系统集成项目管理工程师::01_信息化与信息系统::章节概念卡::01_信息化与信息系统_概念卡,RuankaoTopicCard,系统集成是什么？,系统集成是把硬件、软件、网络、数据和业务流程组合成满足用户需求的信息系统。,<div>理解：核心不是拼设备，而是满足用户需求并形成可运行整体。</div><div>题干信号：软硬件网络集成、满足需求</div><div>来源：01_信息化与信息系统 专题包 / topic_build_full 相关小节</div>,chapter_concept,概念卡,系统集成,,A,2,章节概念,信息化与信息系统,01,信息化与信息系统,T-INFO-001,信息化、信息系统生命周期与系统集成基础,SRC-CH-01-006,topic_learning_packages/topics/01_信息化与信息系统/T-INFO-001_专题学习包_信息化信息系统生命周期与系统集成基础.md,系统集成,,,keep,Front 聚焦“系统集成”这一章内概念，Back 一句话定边界，Extra 给出本概念的题干信号。,ruankao ruankao::build::20260520_235046 ruankao::chapter::01 ruankao::domain::信息化与信息系统 ruankao::type::概念卡 ruankao::importance::A ruankao::difficulty::2 ruankao::review::keep ruankao::chapter_concept,sha256:e2f884cd62aeba97325359c2
软考::系统集成项目管理工程师::01_信息化与信息系统::章节概念卡::01_信息化与信息系统_概念卡,RuankaoTopicCard,需求分析是什么？,需求分析明确待建系统必须做什么以及应具备哪些功能和性能。,<div>理解：需求分析问 What to do，设计阶段才问 How to do。</div><div>题干信号：目标、范围、用户需求、What</div><div>来源：01_信息化与信息系统 专题包 / topic_build_full 相关小节</div>,chapter_concept,概念卡,需求分析,,A,2,章节概念,信息化与信息系统,01,信息化与信息系统,T-INFO-001,信息化、信息系统生命周期与系统集成基础,SRC-CH-01-007,topic_learning_packages/topics/01_信息化与信息系统/T-INFO-001_专题学习包_信息化信息系统生命周期与系统集成基础.md,需求分析,,,keep,Front 聚焦“需求分析”这一章内概念，Back 一句话定边界，Extra 给出本概念的题干信号。,ruankao ruankao::build::20260520_235046 ruankao::chapter::01 ruankao::domain::信息化与信息系统 ruankao::type::概念卡 ruankao::importance::A ruankao::difficulty::2 ruankao::review::keep ruankao::chapter_concept,sha256:e9c003cb2abed414904e8fc3
软考::系统集成项目管理工程师::01_信息化与信息系统::章节概念卡::01_信息化与信息系统_概念卡,RuankaoTopicCard,瀑布模型是什么？,瀑布模型按需求、设计、编码、测试等阶段顺序推进，适合需求较稳定的项目。,<div>理解：需求不清或风险高时，瀑布模型容易在后期暴露问题。</div><div>题干信号：阶段顺序、需求稳定</div><div>来源：01_信息化与信息系统 专题包 / topic_build_full 相关小节</div>,chapter_concept,概念卡,瀑布模型,,B,3,章节概念,信息化与信息系统,01,信息化与信息系统,T-INFO-001,信息化、信息系统生命周期与系统集成基础,SRC-CH-01-008,topic_learning_packages/topics/01_信息化与信息系统/T-INFO-001_专题学习包_信息化信息系统生命周期与系统集成基础.md,瀑布模型,,,keep,Front 聚焦“瀑布模型”这一章内概念，Back 一句话定边界，Extra 给出本概念的题干信号。,ruankao ruankao::build::20260520_235046 ruankao::chapter::01 ruankao::domain::信息化与信息系统 ruankao::type::概念卡 ruankao::importance::B ruankao::difficulty::3 ruankao::review::keep ruankao::chapter_concept,sha256:dba7e7ea4a3910f781deb176
软考::系统集成项目管理工程师::01_信息化与信息系统::章节概念卡::01_信息化与信息系统_概念卡,RuankaoTopicCard,V 模型是什么？,V 模型强调开发阶段与测试阶段的对应关系，突出验证和确认。,<div>理解：看到需求、设计与验收测试、系统测试配对时，要想到 V 模型。</div><div>题干信号：测试对应、验证确认</div><div>来源：01_信息化与信息系统 专题包 / topic_build_full 相关小节</div>,chapter_concept,概念卡,V 模型,,B,3,章节概念,信息化与信息系统,01,信息化与信息系统,T-INFO-001,信息化、信息系统生命周期与系统集成基础,SRC-CH-01-009,topic_learning_packages/topics/01_信息化与信息系统/T-INFO-001_专题学习包_信息化信息系统生命周期与系统集成基础.md,V 模型,,,keep,Front 聚焦“V 模型”这一章内概念，Back 一句话定边界，Extra 给出本概念的题干信号。,ruankao ruankao::build::20260520_235046 ruankao::chapter::01 ruankao::domain::信息化与信息系统 ruankao::type::概念卡 ruankao::importance::B ruankao::difficulty::3 ruankao::review::keep ruankao::chapter_concept,sha256:dada2e87a59a3cc0ec098d40
软考::系统集成项目管理工程师::01_信息化与信息系统::章节概念卡::01_信息化与信息系统_概念卡,RuankaoTopicCard,UML是什么？,UML 是面向对象分析与设计的可视化建模语言，不是程序设计语言。,<div>理解：题干说“可视化程序设计语言”通常是陷阱。</div><div>题干信号：建模语言、类图、用例图</div><div>来源：01_信息化与信息系统 专题包 / topic_build_full 相关小节</div>,chapter_concept,概念卡,UML,,B,3,章节概念,信息化与信息系统,01,信息化与信息系统,T-INFO-001,信息化、信息系统生命周期与系统集成基础,SRC-CH-01-010,topic_learning_packages/topics/01_信息化与信息系统/T-INFO-001_专题学习包_信息化信息系统生命周期与系统集成基础.md,UML,,,keep,Front 聚焦“UML”这一章内概念，Back 一句话定边界，Extra 给出本概念的题干信号。,ruankao ruankao::build::20260520_235046 ruankao::chapter::01 ruankao::domain::信息化与信息系统 ruankao::type::概念卡 ruankao::importance::B ruankao::difficulty::3 ruankao::review::keep ruankao::chapter_concept,sha256:62a4cb9f171c1ded2e3096eb
软考::系统集成项目管理工程师::待核验与复查,RuankaoTopicCard,信息化与信息系统中哪些概念不应直接按数字或版本背诵？,涉及法规数字、标准编号、过程名称版本差异或教材译名的内容，应先核验教材或现行法规。,<div>理解：这类卡只提醒隔离风险，不把不稳定数字塞进主复习。</div><div>来源：pending_verification_register.md</div>,chapter_concept,待核验卡,教材口径待核验项,,C,3,待核验,信息化与信息系统,01,信息化与信息系统,T-INFO-001,信息化、信息系统生命周期与系统集成基础,SRC-PV-01,topic_learning_packages/reports/pending_verification_register.md,相关 PV 条目,,,needs_human_review,涉及法规、标准或教材口径差异，方向可复习但具体数字和版本必须人工核验。,ruankao ruankao::build::20260520_235046 ruankao::chapter::01 ruankao::domain::信息化与信息系统 ruankao::type::待核验卡 ruankao::importance::C ruankao::difficulty::3 ruankao::review::needs_human_review ruankao::chapter_concept ruankao::needs_review ruankao::not_for_main_review,sha256:ca81654770918f1ea8f0f67e
软考::系统集成项目管理工程师::02_项目管理基础::章节概念卡::02_项目管理基础_概念卡,RuankaoTopicCard,项目是什么？,项目是为创造独特产品、服务或成果而进行的临时性工作。,<div>理解：临时性不等于时间短，独特性不等于完全没有历史经验。</div><div>题干信号：临时性、独特性、成果</div><div>来源：02_项目管理基础 专题包 / topic_build_full 相关小节</div>,chapter_concept,概念卡,项目,,A,2,章节概念,项目管理基础,02,项目管理基础,T-PM-002,五大过程组、十大知识域与 PDCA,SRC-CH-02-001,topic_learning_packages/topics/02_项目管理基础/T-PM-002_专题学习包_五大过程组十大知识域与PDCA.md,项目,,,keep,Front 聚焦“项目”这一章内概念，Back 一句话定边界，Extra 给出本概念的题干信号。,ruankao ruankao::build::20260520_235046 ruankao::chapter::02 ruankao::domain::项目管理基础 ruankao::type::概念卡 ruankao::importance::A ruankao::difficulty::2 ruankao::review::keep ruankao::chapter_concept,sha256:64e7e7a0aab72b87063b9696
软考::系统集成项目管理工程师::02_项目管理基础::章节概念卡::02_项目管理基础_概念卡,RuankaoTopicCard,项目目标约束是什么？,项目通常要在范围、时间、成本、质量、资源和风险等约束下达成目标。,<div>理解：案例题常考“只压工期导致成本或质量受影响”。</div><div>题干信号：多目标权衡、三重约束</div><div>来源：02_项目管理基础 专题包 / topic_build_full 相关小节</div>,chapter_concept,概念卡,项目目标约束,,A,2,章节概念,项目管理基础,02,项目管理基础,T-PM-002,五大过程组、十大知识域与 PDCA,SRC-CH-02-002,topic_learning_packages/topics/02_项目管理基础/T-PM-002_专题学习包_五大过程组十大知识域与PDCA.md,项目目标约束,,,keep,Front 聚焦“项目目标约束”这一章内概念，Back 一句话定边界，Extra 给出本概念的题干信号。,ruankao ruankao::build::20260520_235046 ruankao::chapter::02 ruankao::domain::项目管理基础 ruankao::type::概念卡 ruankao::importance::A ruankao::difficulty::2 ruankao::review::keep ruankao::chapter_concept,sha256:a6c3c6f900ace05be1337a3a
软考::系统集成项目管理工程师::02_项目管理基础::章节概念卡::02_项目管理基础_概念卡,RuankaoTopicCard,项目生命周期是什么？,项目生命周期是项目从启动到收尾经历的一系列阶段。,<div>理解：它与产品生命周期、信息系统生命周期不同，项目结束后产品或系统仍可继续存在。</div><div>题干信号：启动、阶段、收尾</div><div>来源：02_项目管理基础 专题包 / topic_build_full 相关小节</div>,chapter_concept,概念卡,项目生命周期,,A,2,章节概念,项目管理基础,02,项目管理基础,T-PM-002,五大过程组、十大知识域与 PDCA,SRC-CH-02-003,topic_learning_packages/topics/02_项目管理基础/T-PM-002_专题学习包_五大过程组十大知识域与PDCA.md,项目生命周期,,,keep,Front 聚焦“项目生命周期”这一章内概念，Back 一句话定边界，Extra 给出本概念的题干信号。,ruankao ruankao::build::20260520_235046 ruankao::chapter::02 ruankao::domain::项目管理基础 ruankao::type::概念卡 ruankao::importance::A ruankao::difficulty::2 ruankao::review::keep ruankao::chapter_concept,sha256:93be6ac8921794dfc4c35f30
软考::系统集成项目管理工程师::02_项目管理基础::章节概念卡::02_项目管理基础_概念卡,RuankaoTopicCard,阶段门是什么？,阶段门是在阶段结束处进行评审和决策的控制点。,<div>理解：题干出现“是否进入下一阶段、评审通过后继续”，优先想到阶段门。</div><div>题干信号：阶段评审、继续/终止</div><div>来源：02_项目管理基础 专题包 / topic_build_full 相关小节</div>,chapter_concept,概念卡,阶段门,,B,3,章节概念,项目管理基础,02,项目管理基础,T-PM-002,五大过程组、十大知识域与 PDCA,SRC-CH-02-004,topic_learning_packages/topics/02_项目管理基础/T-PM-002_专题学习包_五大过程组十大知识域与PDCA.md,阶段门,,,keep,Front 聚焦“阶段门”这一章内概念，Back 一句话定边界，Extra 给出本概念的题干信号。,ruankao ruankao::build::20260520_235046 ruankao::chapter::02 ruankao::domain::项目管理基础 ruankao::type::概念卡 ruankao::importance::B ruankao::difficulty::3 ruankao::review::keep ruankao::chapter_concept,sha256:d1178a85f72075c02646e98c
软考::系统集成项目管理工程师::02_项目管理基础::章节概念卡::02_项目管理基础_概念卡,RuankaoTopicCard,五大过程组是什么？,五大过程组是启动、规划、执行、监控、收尾，描述项目管理活动的时间逻辑。,<div>理解：过程组不是项目生命周期阶段，但常与阶段交织出现。</div><div>题干信号：启动规划执行监控收尾</div><div>来源：02_项目管理基础 专题包 / topic_build_full 相关小节</div>,chapter_concept,概念卡,五大过程组,,A,2,章节概念,项目管理基础,02,项目管理基础,T-PM-002,五大过程组、十大知识域与 PDCA,SRC-CH-02-005,topic_learning_packages/topics/02_项目管理基础/T-PM-002_专题学习包_五大过程组十大知识域与PDCA.md,五大过程组,,,keep,Front 聚焦“五大过程组”这一章内概念，Back 一句话定边界，Extra 给出本概念的题干信号。,ruankao ruankao::build::20260520_235046 ruankao::chapter::02 ruankao::domain::项目管理基础 ruankao::type::概念卡 ruankao::importance::A ruankao::difficulty::2 ruankao::review::keep ruankao::chapter_concept,sha256:01f69ff3e1a1dc50c05d1633
软考::系统集成项目管理工程师::02_项目管理基础::章节概念卡::02_项目管理基础_概念卡,RuankaoTopicCard,十大知识域是什么？,十大知识域按管理内容划分项目管理工作，如范围、进度、成本、质量、风险等。,<div>理解：知识域回答管什么，过程组回答什么时候管。</div><div>题干信号：范围、进度、成本、质量</div><div>来源：02_项目管理基础 专题包 / topic_build_full 相关小节</div>,chapter_concept,概念卡,十大知识域,,A,2,章节概念,项目管理基础,02,项目管理基础,T-PM-002,五大过程组、十大知识域与 PDCA,SRC-CH-02-006,topic_learning_packages/topics/02_项目管理基础/T-PM-002_专题学习包_五大过程组十大知识域与PDCA.md,十大知识域,,,keep,Front 聚焦“十大知识域”这一章内概念，Back 一句话定边界，Extra 给出本概念的题干信号。,ruankao ruankao::build::20260520_235046 ruankao::chapter::02 ruankao::domain::项目管理基础 ruankao::type::概念卡 ruankao::importance::A ruankao::difficulty::2 ruankao::review::keep ruankao::chapter_concept,sha256:2d7e0c23a1b7612dae1641aa
软考::系统集成项目管理工程师::02_项目管理基础::章节概念卡::02_项目管理基础_概念卡,RuankaoTopicCard,PDCA是什么？,PDCA 是计划、执行、检查、处理的持续改进循环。,<div>理解：软考常把 PDCA 与规划、执行、监控和纠偏联系起来。</div><div>题干信号：计划执行检查处理</div><div>来源：02_项目管理基础 专题包 / topic_build_full 相关小节</div>,chapter_concept,概念卡,PDCA,,B,3,章节概念,项目管理基础,02,项目管理基础,T-PM-002,五大过程组、十大知识域与 PDCA,SRC-CH-02-007,topic_learning_packages/topics/02_项目管理基础/T-PM-002_专题学习包_五大过程组十大知识域与PDCA.md,PDCA,,,keep,Front 聚焦“PDCA”这一章内概念，Back 一句话定边界，Extra 给出本概念的题干信号。,ruankao ruankao::build::20260520_235046 ruankao::chapter::02 ruankao::domain::项目管理基础 ruankao::type::概念卡 ruankao::importance::B ruankao::difficulty::3 ruankao::review::keep ruankao::chapter_concept,sha256:70ceb7929baa1a42bfc65b70
软考::系统集成项目管理工程师::02_项目管理基础::章节概念卡::02_项目管理基础_概念卡,RuankaoTopicCard,项目经理是什么？,项目经理负责整合项目资源并对项目目标实现承担管理责任。,<div>理解：项目经理不是万能批准者，权限受组织结构和章程授权影响。</div><div>题干信号：整合、授权、责任</div><div>来源：02_项目管理基础 专题包 / topic_build_full 相关小节</div>,chapter_concept,概念卡,项目经理,,A,2,章节概念,项目管理基础,02,项目管理基础,T-PM-002,五大过程组、十大知识域与 PDCA,SRC-CH-02-008,topic_learning_packages/topics/02_项目管理基础/T-PM-002_专题学习包_五大过程组十大知识域与PDCA.md,项目经理,,,keep,Front 聚焦“项目经理”这一章内概念，Back 一句话定边界，Extra 给出本概念的题干信号。,ruankao ruankao::build::20260520_235046 ruankao::chapter::02 ruankao::domain::项目管理基础 ruankao::type::概念卡 ruankao::importance::A ruankao::difficulty::2 ruankao::review::keep ruankao::chapter_concept,sha256:b8c8b0c5917ccb954c7499c4
软考::系统集成项目管理工程师::02_项目管理基础::章节概念卡::02_项目管理基础_概念卡,RuankaoTopicCard,PMO是什么？,PMO 是对项目、项目集或项目组合提供支持、控制或指令的组织单元。,<div>理解：支持型、控制型、指令型 PMO 的权力逐渐增强。</div><div>题干信号：支持、控制、指令</div><div>来源：02_项目管理基础 专题包 / topic_build_full 相关小节</div>,chapter_concept,概念卡,PMO,,B,3,章节概念,项目管理基础,02,项目管理基础,T-PM-002,五大过程组、十大知识域与 PDCA,SRC-CH-02-009,topic_learning_packages/topics/02_项目管理基础/T-PM-002_专题学习包_五大过程组十大知识域与PDCA.md,PMO,,,keep,Front 聚焦“PMO”这一章内概念，Back 一句话定边界，Extra 给出本概念的题干信号。,ruankao ruankao::build::20260520_235046 ruankao::chapter::02 ruankao::domain::项目管理基础 ruankao::type::概念卡 ruankao::importance::B ruankao::difficulty::3 ruankao::review::keep ruankao::chapter_concept,sha256:c59df25cb1752d607135ddda
软考::系统集成项目管理工程师::待核验与复查,RuankaoTopicCard,项目管理基础中哪些概念不应直接按数字或版本背诵？,涉及法规数字、标准编号、过程名称版本差异或教材译名的内容，应先核验教材或现行法规。,<div>理解：这类卡只提醒隔离风险，不把不稳定数字塞进主复习。</div><div>来源：pending_verification_register.md</div>,chapter_concept,待核验卡,教材口径待核验项,,C,3,待核验,项目管理基础,02,项目管理基础,T-PM-002,五大过程组、十大知识域与 PDCA,SRC-PV-02,topic_learning_packages/reports/pending_verification_register.md,相关 PV 条目,,,needs_human_review,涉及法规、标准或教材口径差异，方向可复习但具体数字和版本必须人工核验。,ruankao ruankao::build::20260520_235046 ruankao::chapter::02 ruankao::domain::项目管理基础 ruankao::type::待核验卡 ruankao::importance::C ruankao::difficulty::3 ruankao::review::needs_human_review ruankao::chapter_concept ruankao::needs_review ruankao::not_for_main_review,sha256:edbf0d51b1060ff6beadfecb
软考::系统集成项目管理工程师::03_立项管理::章节概念卡::03_立项管理_概念卡,RuankaoTopicCard,项目建议书是什么？,项目建议书是立项前提出拟建项目总体设想和立项申请的文件，为项目选择和后续可行性研究提供依据。,<div>理解：它回答“为什么提出这个项目、大致要做什么”，还不是正式授权项目执行。</div><div>易错点：不要和项目章程混淆。</div><div>来源：tutorial 5.1.1。</div>,chapter_concept,概念卡,项目建议书,立项申请,A,2,章节概念,立项管理,03,立项管理,T-FEA-001,立项管理：项目建议书、可行性研究与项目论证,SRC-FEA-TUTOR-001,tutorial.full.clean.md,5.1.1 项目建议书,,T-INT-002,keep,概念定义清楚，Back 一句话，Extra 给出项目章程边界。,ruankao ruankao::build::20260520_235046 ruankao::family::chapter_concept ruankao::chapter::03 ruankao::domain::立项管理 ruankao::type::概念卡 ruankao::concept::项目建议书 ruankao::review::keep,sha256:c2823e147cc4c2df8638a96d
软考::系统集成项目管理工程师::03_立项管理::章节概念卡::03_立项管理_概念卡,RuankaoTopicCard,项目建议书主要服务于什么决策？,主要服务于项目选择和后续是否开展可行性研究的前期决策。,<div>记忆线索：建议书先让主管部门判断“这个项目值不值得继续研究”。</div><div>来源：tutorial 5.1.1。</div>,chapter_concept,概念卡,项目建议书,立项申请,A,2,章节概念,立项管理,03,立项管理,T-FEA-001,立项管理：项目建议书、可行性研究与项目论证,SRC-FEA-TUTOR-001,tutorial.full.clean.md,5.1.1 项目建议书,,,keep,与定义卡合理冗余，强调决策用途而不是重复定义。,ruankao ruankao::build::20260520_235046 ruankao::family::chapter_concept ruankao::chapter::03 ruankao::domain::立项管理 ruankao::type::概念卡 ruankao::concept::项目建议书 ruankao::review::keep,sha256:d807587e7781052d4fb43a63
软考::系统集成项目管理工程师::03_立项管理::章节概念卡::03_立项管理_概念卡,RuankaoTopicCard,项目建议书批复是什么？,项目建议书批复是审批部门对项目建议书的审核批准结果，是后续可研和建设工作的依据之一。,<div>易错点：后续可研内容若相对批复发生重大变更，不能只在可研中自行调整。</div><div>来源：tutorial 5.1.2 / 5.3。</div>,chapter_concept,概念卡,项目建议书批复,建议书批复,A,2,章节概念,立项管理,03,立项管理,T-FEA-001,立项管理：项目建议书、可行性研究与项目论证,SRC-FEA-TUTOR-002;SRC-FEA-TUTOR-007,tutorial.full.clean.md,5.1.2 项目建议书的编写、申报和审批;5.3 项目审批,,,keep,概念和用途都稳定，支持后续重大变更卡。,ruankao ruankao::build::20260520_235046 ruankao::family::chapter_concept ruankao::chapter::03 ruankao::domain::立项管理 ruankao::type::概念卡 ruankao::concept::项目建议书批复 ruankao::review::keep,sha256:313efe13e15762f9076d8443
软考::系统集成项目管理工程师::03_立项管理::章节概念卡::03_立项管理_概念卡,RuankaoTopicCard,需求分析报告在项目建议书阶段起什么作用？,它为项目建议书编制和审批咨询意见提供参考。,<div>理解：这是立项前的需求依据收集，不等于后续完整需求规格说明。</div><div>来源：tutorial 5.1.2。</div>,chapter_concept,概念卡,需求分析报告,,B,2,章节概念,立项管理,03,立项管理,T-FEA-001,立项管理：项目建议书、可行性研究与项目论证,SRC-FEA-TUTOR-002,tutorial.full.clean.md,5.1.2 项目建议书的编写、申报和审批,,T-SCOPE-002,keep,Front 明确，能解释立项阶段为什么出现需求分析。,ruankao ruankao::build::20260520_235046 ruankao::family::chapter_concept ruankao::chapter::03 ruankao::domain::立项管理 ruankao::type::概念卡 ruankao::concept::需求分析报告 ruankao::review::keep,sha256:901f8bfd69a725a7d6eb999c
软考::系统集成项目管理工程师::03_立项管理::章节概念卡::03_立项管理_概念卡,RuankaoTopicCard,项目章程在本章概念边界中指什么？,项目章程是正式批准项目存在并授权项目经理的启动文件，不是立项前的项目建议书。,<div>关联：章节概念卡纳入它，是为了和项目建议书划清边界。</div><div>来源：tutorial 4/6 章交叉；T-FEA 手工样例。</div>,chapter_concept,辨析卡,项目章程,,A,2,跨域辨析,立项管理,03,立项管理,T-FEA-001,立项管理：项目建议书、可行性研究与项目论证,SRC-FEA-TUTOR-001;SRC-FEA-IDX-001,tutorial.full.clean.md,5.1.1 项目建议书,,T-INT-002,keep,虽然属于相邻专题，但作为立项章节边界概念很必要。,ruankao ruankao::build::20260520_235046 ruankao::family::chapter_concept ruankao::chapter::03 ruankao::domain::立项管理 ruankao::type::辨析卡 ruankao::concept::项目章程 ruankao::review::keep,sha256:a2a2a982c65148197b4ae15f
软考::系统集成项目管理工程师::03_立项管理::章节概念卡::03_立项管理_概念卡,RuankaoTopicCard,可行性研究是什么？,可行性研究是对拟建项目的必要性、可行性、合理性和风险进行系统分析，为立项或投资决策提供依据。,<div>题干信号：是否值得投资、技术经济分析、方案比较、风险对策。</div><div>来源：tutorial 5.2.1。</div>,chapter_concept,概念卡,可行性研究,可研,A,2,章节概念,立项管理,03,立项管理,T-FEA-001,立项管理：项目建议书、可行性研究与项目论证,SRC-FEA-TUTOR-003,tutorial.full.clean.md,5.2.1 项目可行性研究内容,,,keep,章节核心概念，Back 短且稳定。,ruankao ruankao::build::20260520_235046 ruankao::family::chapter_concept ruankao::chapter::03 ruankao::domain::立项管理 ruankao::type::概念卡 ruankao::concept::可行性研究 ruankao::review::keep,sha256:910660f41d84d7c918be0368
软考::系统集成项目管理工程师::03_立项管理::章节概念卡::03_立项管理_概念卡,RuankaoTopicCard,投资必要性是什么？,投资必要性是根据市场调查、预测结果和产业政策等，论证项目为什么有必要建设。,<div>记忆线索：先问“该不该投、为什么要投”。</div><div>来源：tutorial 5.2.1。</div>,chapter_concept,概念卡,投资必要性,,A,2,章节概念,立项管理,03,立项管理,T-FEA-001,立项管理：项目建议书、可行性研究与项目论证,SRC-FEA-TUTOR-003,tutorial.full.clean.md,5.2.1 投资必要性,,,keep,定义明确，能和其他可研维度分开。,ruankao ruankao::build::20260520_235046 ruankao::family::chapter_concept ruankao::chapter::03 ruankao::domain::立项管理 ruankao::type::概念卡 ruankao::concept::投资必要性 ruankao::review::keep,sha256:4357a694b4d7ab64568ec33a
软考::系统集成项目管理工程师::03_立项管理::章节概念卡::03_立项管理_概念卡,RuankaoTopicCard,技术可行性是什么？,技术可行性是从项目实施技术角度设计、比较、选择和评价技术方案是否可行。,<div>题干信号：新技术、技术成熟度、团队技术能力、性能或兼容性风险。</div><div>来源：tutorial 5.2.1。</div>,chapter_concept,概念卡,技术可行性,,A,2,章节概念,立项管理,03,立项管理,T-FEA-001,立项管理：项目建议书、可行性研究与项目论证,SRC-FEA-TUTOR-003,tutorial.full.clean.md,5.2.1 技术可行性,,,keep,Back 贴合教程，Extra 给做题信号。,ruankao ruankao::build::20260520_235046 ruankao::family::chapter_concept ruankao::chapter::03 ruankao::domain::立项管理 ruankao::type::概念卡 ruankao::concept::技术可行性 ruankao::review::keep,sha256:cf69d9b4885fe1d93aa893f8
软考::系统集成项目管理工程师::03_立项管理::章节概念卡::03_立项管理_概念卡,RuankaoTopicCard,财务可行性是什么？,财务可行性是从项目和投资者角度评价盈利能力、现金流、偿债能力和投资收益。,<div>易错点：财务可行性偏项目或投资者账本，不等于社会经济价值。</div><div>来源：tutorial 5.2.1。</div>,chapter_concept,概念卡,财务可行性,,A,2,章节概念,立项管理,03,立项管理,T-FEA-001,立项管理：项目建议书、可行性研究与项目论证,SRC-FEA-TUTOR-003,tutorial.full.clean.md,5.2.1 财务可行性,,,keep,定义短，和经济可行性形成合理辨析。,ruankao ruankao::build::20260520_235046 ruankao::family::chapter_concept ruankao::chapter::03 ruankao::domain::立项管理 ruankao::type::概念卡 ruankao::concept::财务可行性 ruankao::review::keep,sha256:37cc1227a1e6e8a5b2508afb
软考::系统集成项目管理工程师::03_立项管理::章节概念卡::03_立项管理_概念卡,RuankaoTopicCard,组织可行性是什么？,组织可行性是判断组织机构、人员经验、协作关系、进度安排和培训计划是否能支撑项目实施。,<div>题干信号：职责不清、人员经验不足、培训缺失、协作机制弱。</div><div>来源：tutorial 5.2.1。</div>,chapter_concept,概念卡,组织可行性,,A,2,章节概念,立项管理,03,立项管理,T-FEA-001,立项管理：项目建议书、可行性研究与项目论证,SRC-FEA-TUTOR-003,tutorial.full.clean.md,5.2.1 组织可行性,,,keep,概念独立，Extra 针对本卡。,ruankao ruankao::build::20260520_235046 ruankao::family::chapter_concept ruankao::chapter::03 ruankao::domain::立项管理 ruankao::type::概念卡 ruankao::concept::组织可行性 ruankao::review::keep,sha256:d30415213bff8f52ea92af97
软考::系统集成项目管理工程师::03_立项管理::章节概念卡::03_立项管理_概念卡,RuankaoTopicCard,经济可行性是什么？,经济可行性是从资源配置角度评价项目对区域经济、就业、环境改善和生活水平等方面的效益。,<div>易错点：它不只看企业自己的现金流，更关注资源投入产生的经济社会价值。</div><div>来源：tutorial 5.2.1。</div>,chapter_concept,概念卡,经济可行性,,A,3,章节概念,立项管理,03,立项管理,T-FEA-001,立项管理：项目建议书、可行性研究与项目论证,SRC-FEA-TUTOR-003,tutorial.full.clean.md,5.2.1 经济可行性,,,keep,与财务可行性边界明确。,ruankao ruankao::build::20260520_235046 ruankao::family::chapter_concept ruankao::chapter::03 ruankao::domain::立项管理 ruankao::type::概念卡 ruankao::concept::经济可行性 ruankao::review::keep,sha256:7fb0d73602337c1cc4093317
软考::系统集成项目管理工程师::03_立项管理::章节概念卡::03_立项管理_概念卡,RuankaoTopicCard,社会可行性是什么？,社会可行性是分析项目对政治、政策、法律道德、民族宗教和社会稳定等社会条件的影响。,<div>题干信号：政策许可、法律合规、社会稳定、伦理道德。</div><div>来源：tutorial 5.2.1。</div>,chapter_concept,概念卡,社会可行性,,A,2,章节概念,立项管理,03,立项管理,T-FEA-001,立项管理：项目建议书、可行性研究与项目论证,SRC-FEA-TUTOR-003,tutorial.full.clean.md,5.2.1 社会可行性,,,keep,能支撑无线频段许可类案例判断。,ruankao ruankao::build::20260520_235046 ruankao::family::chapter_concept ruankao::chapter::03 ruankao::domain::立项管理 ruankao::type::概念卡 ruankao::concept::社会可行性 ruankao::review::keep,sha256:0155f63834b6d17d71441a0f
软考::系统集成项目管理工程师::03_立项管理::章节概念卡::03_立项管理_概念卡,RuankaoTopicCard,风险因素及对策在可研中指什么？,它是在立项前识别市场、技术、财务、组织、法律、经济和社会等风险，并提出规避对策。,<div>理解：可研里的风险分析是前期可行性判断，不替代执行阶段的完整风险管理。</div><div>来源：tutorial 5.2.1。</div>,chapter_concept,概念卡,风险因素及对策,风险对策,A,2,章节概念,立项管理,03,立项管理,T-FEA-001,立项管理：项目建议书、可行性研究与项目论证,SRC-FEA-TUTOR-003,tutorial.full.clean.md,5.2.1 风险因素及对策,,T-RISK-001,keep,概念稳定，已避开项目建议书核心内容冲突。,ruankao ruankao::build::20260520_235046 ruankao::family::chapter_concept ruankao::chapter::03 ruankao::domain::立项管理 ruankao::type::概念卡 ruankao::concept::风险因素及对策 ruankao::review::keep,sha256:9188e120ad36553b3a48cf86
软考::系统集成项目管理工程师::03_立项管理::章节概念卡::03_立项管理_概念卡,RuankaoTopicCard,可行性研究报告是什么？,可行性研究报告是把项目可行性分析结论、建设方案、投资估算、效益评价和风险管理等内容形成的立项决策材料。,<div>易错点：它服务立项和审批，不是批准后执行项目的项目管理计划。</div><div>来源：tutorial 5.2.1。</div>,chapter_concept,概念卡,可行性研究报告,可研报告,A,2,章节概念,立项管理,03,立项管理,T-FEA-001,立项管理：项目建议书、可行性研究与项目论证,SRC-FEA-TUTOR-004,tutorial.full.clean.md,5.2.1 可研报告提纲,,T-INT-002,keep,Back 概括报告作用，没有塞提纲全文。,ruankao ruankao::build::20260520_235046 ruankao::family::chapter_concept ruankao::chapter::03 ruankao::domain::立项管理 ruankao::type::概念卡 ruankao::concept::可行性研究报告 ruankao::review::keep,sha256:f33266e804b8dae105ab15eb
软考::系统集成项目管理工程师::03_立项管理::章节概念卡::03_立项管理_概念卡,RuankaoTopicCard,可研报告中的“相对项目建议书批复的调整情况”是什么？,它说明可研方案与已批复项目建议书相比发生了哪些调整。,<div>理解：这项内容帮助审批方判断后续方案是否偏离原批准依据。</div><div>来源：tutorial 5.2.1。</div>,chapter_concept,概念卡,相对项目建议书批复的调整情况,建设方案调整说明,B,3,章节概念,立项管理,03,立项管理,T-FEA-001,立项管理：项目建议书、可行性研究与项目论证,SRC-FEA-TUTOR-004,tutorial.full.clean.md,5.2.1 可研报告提纲,,,keep,小概念但能支撑重大变更规则。,ruankao ruankao::build::20260520_235046 ruankao::family::chapter_concept ruankao::chapter::03 ruankao::domain::立项管理 ruankao::type::概念卡 ruankao::concept::相对项目建议书批复的调整情况 ruankao::review::keep,sha256:452b33f6610aa960b64c8dbe
软考::系统集成项目管理工程师::03_立项管理::章节概念卡::03_立项管理_概念卡,RuankaoTopicCard,机会研究是什么？,机会研究是对投资项目或投资方向提出建议，寻找值得进一步研究的投资机会。,<div>记忆线索：机会研究问“有没有机会”，不是“方案能不能最终批准”。</div><div>来源：tutorial 5.2.2。</div>,chapter_concept,概念卡,机会研究,机会可行性研究,A,1,章节概念,立项管理,03,立项管理,T-FEA-001,立项管理：项目建议书、可行性研究与项目论证,SRC-FEA-TUTOR-005,tutorial.full.clean.md,5.2.2 机会可行性研究,,,keep,短定义，接近黄金样例风格。,ruankao ruankao::build::20260520_235046 ruankao::family::chapter_concept ruankao::chapter::03 ruankao::domain::立项管理 ruankao::type::概念卡 ruankao::concept::机会研究 ruankao::review::keep,sha256:2316ae2615a2490bd8a2b3db
软考::系统集成项目管理工程师::03_立项管理::章节概念卡::03_立项管理_概念卡,RuankaoTopicCard,初步可行性研究是什么？,初步可行性研究是在项目意向确定后进行的初步估计，用来判断是否继续深入研究或做出初步取舍。,<div>易错点：初步可研不是最完整的最终论证。</div><div>来源：tutorial 5.2.2。</div>,chapter_concept,概念卡,初步可行性研究,初步可研,A,1,章节概念,立项管理,03,立项管理,T-FEA-001,立项管理：项目建议书、可行性研究与项目论证,SRC-FEA-TUTOR-005,tutorial.full.clean.md,5.2.2 初步可行性研究,,,keep,定义和阶段位置清楚。,ruankao ruankao::build::20260520_235046 ruankao::family::chapter_concept ruankao::chapter::03 ruankao::domain::立项管理 ruankao::type::概念卡 ruankao::concept::初步可行性研究 ruankao::review::keep,sha256:e21da1460a922623aa23450d
软考::系统集成项目管理工程师::03_立项管理::章节概念卡::03_立项管理_概念卡,RuankaoTopicCard,详细可行性研究是什么？,详细可行性研究是在项目基本可行基础上全面搜集和分析资料，为立项决策提供确切依据。,<div>题干信号：全面分析、多方案综合评判、绩效预测、确切决策依据。</div><div>来源：tutorial 5.2.2。</div>,chapter_concept,概念卡,详细可行性研究,详细可研,A,1,章节概念,立项管理,03,立项管理,T-FEA-001,立项管理：项目建议书、可行性研究与项目论证,SRC-FEA-TUTOR-005,tutorial.full.clean.md,5.2.2 详细可行性研究,,,keep,Back 稳定，和机会/初步可研可区分。,ruankao ruankao::build::20260520_235046 ruankao::family::chapter_concept ruankao::chapter::03 ruankao::domain::立项管理 ruankao::type::概念卡 ruankao::concept::详细可行性研究 ruankao::review::keep,sha256:312c9fed39290b1caaaa50de
软考::系统集成项目管理工程师::03_立项管理::章节概念卡::03_立项管理_概念卡,RuankaoTopicCard,初步可研报告是什么？,初步可研报告是初步可行性研究形成的正式文献，可供决策参考，也可能用于形成项目建议书。,<div>易错点：它比详细可研粗略，但不是随手记录。</div><div>来源：tutorial 5.2.2。</div>,chapter_concept,概念卡,初步可研报告,初步可行性研究报告,B,2,章节概念,立项管理,03,立项管理,T-FEA-001,立项管理：项目建议书、可行性研究与项目论证,SRC-FEA-TUTOR-005,tutorial.full.clean.md,5.2.2 初步可行性研究,,,keep,独立文档概念，Back 不长。,ruankao ruankao::build::20260520_235046 ruankao::family::chapter_concept ruankao::chapter::03 ruankao::domain::立项管理 ruankao::type::概念卡 ruankao::concept::初步可研报告 ruankao::review::keep,sha256:0ce813360e7904138303c8e3
软考::系统集成项目管理工程师::03_立项管理::章节概念卡::03_立项管理_概念卡,RuankaoTopicCard,项目综合论证在可研步骤中起什么作用？,项目综合论证用于把前期研究结论综合起来，论证项目方案是否具备可行性。,<div>来源：questions WiMAX 案例答案。</div><div>人工提示：教程本段对“项目综合论证”展开较少，后续可结合教材细化。</div>,chapter_concept,概念卡,项目综合论证,综合论证,B,3,章节概念,立项管理,03,立项管理,T-FEA-001,立项管理：项目建议书、可行性研究与项目论证,SRC-FEA-Q-CASE-001,questions.full.clean.md,WiMAX 案例问题2,,,keep,来自案例答案，定义适度保守。,ruankao ruankao::build::20260520_235046 ruankao::family::chapter_concept ruankao::chapter::03 ruankao::domain::立项管理 ruankao::type::概念卡 ruankao::concept::项目综合论证 ruankao::review::keep,sha256:48b02c0700757309b05eefba
软考::系统集成项目管理工程师::03_立项管理::章节概念卡::03_立项管理_概念卡,RuankaoTopicCard,项目论证是什么？,项目论证是围绕市场需求、技术、财务经济等方面证明项目方案是否可行的分析活动。,<div>易错点：论证偏“证明方案可行”，评估偏“外部审查把关”。</div><div>来源：topic_build_full 03-04。</div>,chapter_concept,概念卡,项目论证,,A,2,章节概念,立项管理,03,立项管理,T-FEA-001,立项管理：项目建议书、可行性研究与项目论证,SRC-FEA-TOPIC-005;SRC-FEA-IDX-001,topic_build_full/topics/03_立项管理/03-04_项目论证与项目评估.md,项目论证与项目评估,,,keep,来源支持足够，且与评估边界明确。,ruankao ruankao::build::20260520_235046 ruankao::family::chapter_concept ruankao::chapter::03 ruankao::domain::立项管理 ruankao::type::概念卡 ruankao::concept::项目论证 ruankao::review::keep,sha256:08a07b98258e00d6347ef5ba
软考::系统集成项目管理工程师::03_立项管理::章节概念卡::03_立项管理_概念卡,RuankaoTopicCard,项目评估是什么？,项目评估是在可研基础上，由第三方或有关机构审查项目是否可行，并为贷款或审批决策提供依据。,<div>题干信号：第三方、审查、可靠性、真实性、客观性、审批决策。</div><div>来源：tutorial 5.2.2。</div>,chapter_concept,概念卡,项目评估,,A,2,章节概念,立项管理,03,立项管理,T-FEA-001,立项管理：项目建议书、可行性研究与项目论证,SRC-FEA-TUTOR-006,tutorial.full.clean.md,5.2.2 项目评估,,,keep,Back 直接来自教程核心口径。,ruankao ruankao::build::20260520_235046 ruankao::family::chapter_concept ruankao::chapter::03 ruankao::domain::立项管理 ruankao::type::概念卡 ruankao::concept::项目评估 ruankao::review::keep,sha256:6e01e5bb5eb9f5ee27d86b04
软考::系统集成项目管理工程师::03_立项管理::章节概念卡::03_立项管理_概念卡,RuankaoTopicCard,咨询评估机构在立项管理中通常做什么？,受审批部门委托，对项目建议书或可研报告进行咨询评估，帮助审批部门审核批复。,<div>易错点：它不是建设单位自己，也不是项目经理团队。</div><div>来源：tutorial 5.1.2 / 5.2.2。</div>,chapter_concept,概念卡,咨询评估机构,有资格的咨询机构;工程咨询机构,B,2,章节概念,立项管理,03,立项管理,T-FEA-001,立项管理：项目建议书、可行性研究与项目论证,SRC-FEA-TUTOR-002;SRC-FEA-TUTOR-006,tutorial.full.clean.md,5.1.2;5.2.2,,,keep,角色概念清楚，支撑流程题。,ruankao ruankao::build::20260520_235046 ruankao::family::chapter_concept ruankao::chapter::03 ruankao::domain::立项管理 ruankao::type::概念卡 ruankao::concept::咨询评估机构 ruankao::review::keep,sha256:5238deb16c60d93416532ff7
软考::系统集成项目管理工程师::03_立项管理::章节概念卡::03_立项管理_概念卡,RuankaoTopicCard,项目审批部门在立项管理中承担什么角色？,项目审批部门接收项目建议书或可研报告，并组织评估、审核和批复。,<div>题干信号：报送、委托评估、审核批复、下达批复。</div><div>来源：tutorial 5.1.2 / 5.2.2。</div>,chapter_concept,概念卡,项目审批部门,审批部门,B,2,章节概念,立项管理,03,立项管理,T-FEA-001,立项管理：项目建议书、可行性研究与项目论证,SRC-FEA-TUTOR-002;SRC-FEA-TUTOR-006,tutorial.full.clean.md,5.1.2;5.2.2,,,keep,角色和动作清楚，适合概念卡。,ruankao ruankao::build::20260520_235046 ruankao::family::chapter_concept ruankao::chapter::03 ruankao::domain::立项管理 ruankao::type::概念卡 ruankao::concept::项目审批部门 ruankao::review::keep,sha256:7a7cc0588f386c3eb0541e3f
软考::系统集成项目管理工程师::03_立项管理::章节概念卡::03_立项管理_概念卡,RuankaoTopicCard,可研报告批复是什么？,可研报告批复是审批部门对可行性研究报告的审核批准结果，是后续初步设计和投资概算的重要依据。,<div>易错点：后续初步设计和投资概算不能随意突破已批复内容。</div><div>来源：tutorial 5.2.2 / 5.3。</div>,chapter_concept,概念卡,可研报告批复,可行性研究报告批复,A,2,章节概念,立项管理,03,立项管理,T-FEA-001,立项管理：项目建议书、可行性研究与项目论证,SRC-FEA-TUTOR-006;SRC-FEA-TUTOR-007,tutorial.full.clean.md,5.2.2;5.3 项目审批,,,keep,与项目建议书批复区分清楚。,ruankao ruankao::build::20260520_235046 ruankao::family::chapter_concept ruankao::chapter::03 ruankao::domain::立项管理 ruankao::type::概念卡 ruankao::concept::可研报告批复 ruankao::review::keep,sha256:3b37e293c9d6cc17751b89f1
软考::系统集成项目管理工程师::03_立项管理::章节概念卡::03_立项管理_概念卡,RuankaoTopicCard,初步设计在立项审批链中指什么？,初步设计是在可研报告批复后进一步形成的建设设计方案，通常与投资概算一起报送审批。,<div>理解：它比可研更接近建设方案细化，但仍受可研批复约束。</div><div>来源：tutorial 5.3。</div>,chapter_concept,概念卡,初步设计,初步设计方案,B,3,章节概念,立项管理,03,立项管理,T-FEA-001,立项管理：项目建议书、可行性研究与项目论证,SRC-FEA-TUTOR-007;SRC-FEA-Q-031,tutorial.full.clean.md;questions.full.clean.md,5.3 项目审批 / Q31,,,keep,概念来源稳定，未展开技术设计细节。,ruankao ruankao::build::20260520_235046 ruankao::family::chapter_concept ruankao::chapter::03 ruankao::domain::立项管理 ruankao::type::概念卡 ruankao::concept::初步设计 ruankao::review::keep,sha256:f69c5c771738729c89f91aff
软考::系统集成项目管理工程师::03_立项管理::章节概念卡::03_立项管理_概念卡,RuankaoTopicCard,投资概算是什么？,投资概算是在初步设计阶段对项目投资规模进行概括性测算和控制的文件。,<div>易错点：不要和前期投资估算完全等同；概算通常跟初步设计一起受批复约束。</div><div>来源：tutorial 5.3。</div>,chapter_concept,概念卡,投资概算,,B,3,章节概念,立项管理,03,立项管理,T-FEA-001,立项管理：项目建议书、可行性研究与项目论证,SRC-FEA-TUTOR-007;SRC-FEA-Q-031,tutorial.full.clean.md;questions.full.clean.md,5.3 项目审批 / Q31,,,keep,Back 短，边界清楚。,ruankao ruankao::build::20260520_235046 ruankao::family::chapter_concept ruankao::chapter::03 ruankao::domain::立项管理 ruankao::type::概念卡 ruankao::concept::投资概算 ruankao::review::keep,sha256:59ee41b3f97d4cce172e30f6
软考::系统集成项目管理工程师::03_立项管理::章节概念卡::03_立项管理_概念卡,RuankaoTopicCard,批复文件在项目建设中有什么作用？,项目建议书、可研报告、初步设计和投资概算等批复文件，是后续项目建设的主要依据。,<div>记忆线索：批复不是形式，它限定建设内容、规模、标准、总投资概算等控制指标。</div><div>来源：tutorial 5.3。</div>,chapter_concept,概念卡,批复文件,项目批复,A,2,章节概念,立项管理,03,立项管理,T-FEA-001,立项管理：项目建议书、可行性研究与项目论证,SRC-FEA-TUTOR-007,tutorial.full.clean.md,5.3 项目审批,,,keep,概念作用清楚，能解释重报规则。,ruankao ruankao::build::20260520_235046 ruankao::family::chapter_concept ruankao::chapter::03 ruankao::domain::立项管理 ruankao::type::概念卡 ruankao::concept::批复文件 ruankao::review::keep,sha256:55c3af75382976608ddbc1ad
软考::系统集成项目管理工程师::03_立项管理::章节概念卡::03_立项管理_概念卡,RuankaoTopicCard,重大变更重新报批是什么意思？,当后续文件相对已批复依据发生重大偏离时，应回到相应前置文件重新报批。,<div>例子：可研内容相对项目建议书批复重大变更时，应重新报批项目建议书。</div><div>来源：tutorial 5.3。</div>,chapter_concept,陷阱卡,重大变更重新报批,重新报批,A,3,章节概念,立项管理,03,立项管理,T-FEA-001,立项管理：项目建议书、可行性研究与项目论证,SRC-FEA-TUTOR-007,tutorial.full.clean.md,5.3 项目审批,,,keep,保留稳定规则，避开具体数字争议。,ruankao ruankao::build::20260520_235046 ruankao::family::chapter_concept ruankao::chapter::03 ruankao::domain::立项管理 ruankao::type::陷阱卡 ruankao::concept::重大变更重新报批 ruankao::review::keep,sha256:5d9dc3cfce6aa8ef1610ec58
软考::系统集成项目管理工程师::03_立项管理::章节概念卡::03_立项管理_概念卡,RuankaoTopicCard,立项不足是什么？,立项不足是指项目启动前没有充分完成必要性、可行性、评估和风险对策等前期论证，导致后续实施风险暴露。,<div>题干信号：新技术未验证、许可未办理、供应商支持不稳、用户数据基础不足。</div><div>来源：questions WiMAX 案例。</div>,chapter_concept,概念卡,立项不足,前期论证不足,A,2,案例分析,立项管理,03,立项管理,T-FEA-001,立项管理：项目建议书、可行性研究与项目论证,SRC-FEA-Q-CASE-001,questions.full.clean.md,WiMAX 无线网络案例,,,keep,面向案例归因，概念短且有信号。,ruankao ruankao::build::20260520_235046 ruankao::family::chapter_concept ruankao::chapter::03 ruankao::domain::立项管理 ruankao::type::概念卡 ruankao::concept::立项不足 ruankao::review::keep,sha256:8dd3d103ecf716d46f279be9
软考::系统集成项目管理工程师::03_立项管理::章节概念卡::03_立项管理_概念卡,RuankaoTopicCard,投资估算在立项管理中是什么？,投资估算是在项目前期对建设所需资金规模进行估计，用于判断资金需求和经济可行性。,<div>易错点：本章只做前期估算入口；复杂计算应另建经济评价或成本专题。</div><div>来源：tutorial 5.1.1 / 5.2.1。</div>,chapter_concept,概念卡,投资估算,,B,2,章节概念,立项管理,03,立项管理,T-FEA-001,立项管理：项目建议书、可行性研究与项目论证,SRC-FEA-TUTOR-001;SRC-FEA-TUTOR-004,tutorial.full.clean.md,5.1.1;5.2.1 可研报告提纲,,T-COST-001,keep,保留概念入口，不硬做计算卡。,ruankao ruankao::build::20260520_235046 ruankao::family::chapter_concept ruankao::chapter::03 ruankao::domain::立项管理 ruankao::type::概念卡 ruankao::concept::投资估算 ruankao::review::keep,sha256:77fb89a89137c143ef2a03f2
软考::系统集成项目管理工程师::03_立项管理::章节概念卡::03_立项管理_概念卡,RuankaoTopicCard,资金来源与落实情况是什么？,资金来源与落实情况说明项目资金从哪里来、是否已有落实安排，是建议书和可研报告中的资金条件信息。,<div>理解：它服务前期投资和财务可行性判断。</div><div>来源：tutorial 5.1.1 / 5.2.1。</div>,chapter_concept,概念卡,资金来源与落实情况,资金来源,C,2,章节概念,立项管理,03,立项管理,T-FEA-001,立项管理：项目建议书、可行性研究与项目论证,SRC-FEA-TUTOR-001;SRC-FEA-TUTOR-004,tutorial.full.clean.md,项目建议书/可研报告提纲,,,keep,较小但独立，能帮助理解报告字段。,ruankao ruankao::build::20260520_235046 ruankao::family::chapter_concept ruankao::chapter::03 ruankao::domain::立项管理 ruankao::type::概念卡 ruankao::concept::资金来源与落实情况 ruankao::review::keep,sha256:ecafc866db4bd8d5a77628c9
软考::系统集成项目管理工程师::03_立项管理::章节概念卡::03_立项管理_概念卡,RuankaoTopicCard,效益分析在立项材料中指什么？,效益分析是对项目可能产生的经济效益和社会效益进行说明和评价。,<div>易错点：效益分析不是只写收益口号，还要和投资必要性、经济/社会可行性呼应。</div><div>来源：tutorial 5.1.1 / 5.2.1。</div>,chapter_concept,概念卡,效益分析,经济效益分析;社会效益分析,B,2,章节概念,立项管理,03,立项管理,T-FEA-001,立项管理：项目建议书、可行性研究与项目论证,SRC-FEA-TUTOR-001;SRC-FEA-TUTOR-004,tutorial.full.clean.md,项目建议书/可研报告提纲,,,keep,概念稳定，Back 没有展开成长摘要。,ruankao ruankao::build::20260520_235046 ruankao::family::chapter_concept ruankao::chapter::03 ruankao::domain::立项管理 ruankao::type::概念卡 ruankao::concept::效益分析 ruankao::review::keep,sha256:cc52fdc1c16c791da6ae9703
软考::系统集成项目管理工程师::03_立项管理::章节概念卡::03_立项管理_概念卡,RuankaoTopicCard,贷款决策在项目评估语境中指什么？,贷款决策是银行等机构基于项目评估结果判断是否支持项目融资的决策。,<div>理解：项目评估不只服务行政审批，也可服务银行贷款决策。</div><div>来源：tutorial 5.2.2 项目评估。</div>,chapter_concept,概念卡,贷款决策,,C,2,章节概念,立项管理,03,立项管理,T-FEA-001,立项管理：项目建议书、可行性研究与项目论证,SRC-FEA-TUTOR-006,tutorial.full.clean.md,5.2.2 项目评估,,,keep,概念小但直接来自项目评估定义。,ruankao ruankao::build::20260520_235046 ruankao::family::chapter_concept ruankao::chapter::03 ruankao::domain::立项管理 ruankao::type::概念卡 ruankao::concept::贷款决策 ruankao::review::keep,sha256:56cb78dcd2bf8ad08e21ef36
软考::系统集成项目管理工程师::03_立项管理::章节概念卡::03_立项管理_概念卡,RuankaoTopicCard,行政审批决策在项目评估语境中指什么？,行政审批决策是主管或审批部门依据评估结果判断项目是否批准的决策。,<div>题干信号：审批部门、审核批复、下达批复。</div><div>来源：tutorial 5.2.2 项目评估。</div>,chapter_concept,概念卡,行政审批决策,审批决策,C,2,章节概念,立项管理,03,立项管理,T-FEA-001,立项管理：项目建议书、可行性研究与项目论证,SRC-FEA-TUTOR-006,tutorial.full.clean.md,5.2.2 项目评估,,,keep,与贷款决策并列，帮助理解评估用途。,ruankao ruankao::build::20260520_235046 ruankao::family::chapter_concept ruankao::chapter::03 ruankao::domain::立项管理 ruankao::type::概念卡 ruankao::concept::行政审批决策 ruankao::review::keep,sha256:f59c0d656e439193de16ebbb
软考::系统集成项目管理工程师::待核验与复查,RuankaoTopicCard,三级可研常见误差范围是什么？,needs_human_review：常见说法是机会研究、初步可研、详细可研的估算误差逐级变小。,<div>人工核验点：具体 ±30%、±20%、±10% 数字需核对教材版本。</div><div>来源：T-FEA-001 专题包；pending verification PV-014。</div>,chapter_concept,待核验卡,三级可研误差范围,可研误差范围,B,4,章节概念,立项管理,03,立项管理,T-FEA-001,立项管理：项目建议书、可行性研究与项目论证,SRC-FEA-TOPIC-004;SRC-FEA-PV-001,topic_learning_packages/topics/03_立项管理/T-FEA-001_专题学习包_立项管理项目建议书可行性研究与项目论证.md,机会研究、初步可研与详细可研,,,needs_human_review,方向稳定但数字待核验，必须隔离。,ruankao ruankao::build::20260520_235046 ruankao::family::chapter_concept ruankao::chapter::03 ruankao::domain::立项管理 ruankao::type::待核验卡 ruankao::concept::三级可研误差范围 ruankao::review::needs_human_review ruankao::needs_review ruankao::not_for_main_review,sha256:7a83ba36e9c6d94a12824483
软考::系统集成项目管理工程师::待核验与复查,RuankaoTopicCard,投资概算超出可研批复额度的重报数字是多少？,needs_human_review：教程 OCR 出现 10% 口径，但属于法规数字，导入主卡前需核对教材原文或现行规定。,<div>稳定方向：重大变更或超出已批复投资控制指标时，不能自行推进，应按规定重新报批。</div><div>来源：tutorial 5.3；Q31。</div>,chapter_concept,待核验卡,投资概算超额重报数字,10%重报规则,B,4,章节概念,立项管理,03,立项管理,T-FEA-001,立项管理：项目建议书、可行性研究与项目论证,SRC-FEA-TUTOR-007;SRC-FEA-Q-031,tutorial.full.clean.md;questions.full.clean.md,5.3 项目审批 / Q31,,,needs_human_review,涉及法规数字和 OCR，明确不进主复习。,ruankao ruankao::build::20260520_235046 ruankao::family::chapter_concept ruankao::chapter::03 ruankao::domain::立项管理 ruankao::type::待核验卡 ruankao::concept::投资概算超额重报数字 ruankao::review::needs_human_review ruankao::needs_review ruankao::not_for_main_review,sha256:87577c708101f86f1661206c
软考::系统集成项目管理工程师::待核验与复查,RuankaoTopicCard,项目建议书核心内容是否包含风险因素及对策？,needs_human_review：不能直接下结论；真题曾把它作为不属于核心内容的选项，但教程提纲又出现风险对策章节。,<div>人工核验点：可能是“核心内容”和“扩充提纲”的语境差异，需要回查原题和教材。</div><div>来源：Q32；tutorial 5.1.1。</div>,chapter_concept,待核验卡,项目建议书核心内容风险对策,项目建议书风险因素,B,4,章节概念,立项管理,03,立项管理,T-FEA-001,立项管理：项目建议书、可行性研究与项目论证,SRC-FEA-Q-032-CONFLICT;SRC-FEA-TUTOR-001,questions.full.clean.md;tutorial.full.clean.md,项目建议书核心内容题 / 5.1.1,,,needs_human_review,材料冲突，不能做成确定背诵卡。,ruankao ruankao::build::20260520_235046 ruankao::family::chapter_concept ruankao::chapter::03 ruankao::domain::立项管理 ruankao::type::待核验卡 ruankao::concept::项目建议书核心内容风险对策 ruankao::review::needs_human_review ruankao::needs_review ruankao::not_for_main_review,sha256:3cd7af526ad455210a4317d9
软考::系统集成项目管理工程师::04_整体管理::章节概念卡::04_整体管理_概念卡,RuankaoTopicCard,项目章程是什么？,项目章程是正式批准项目存在并授权项目经理使用组织资源的文件。,<div>理解：章程偏启动和授权，项目管理计划偏执行和控制。</div><div>题干信号：正式批准、授权项目经理</div><div>来源：04_整体管理 专题包 / topic_build_full 相关小节</div>,chapter_concept,概念卡,项目章程,,A,2,章节概念,整体管理,04,整体管理,T-CLOSE-001;T-INT-002;T-INT-004,项目收尾：管理收尾、合同收尾与验收;项目章程、SOW、项目管理计划与基准体系;整体变更控制与 CCB,SRC-CH-04-001,topic_learning_packages/topics/04_整体管理/T-CLOSE-001_专题学习包_项目收尾管理收尾合同收尾与验收.md;topic_learning_packages/topics/04_整体管理/T-INT-002_专题学习包_项目章程SOW项目管理计划与基准关系.md;topic_learning_packages/topics/04_整体管理/T-INT-004_专题学习包_整体变更控制与CCB.md,项目章程,,,keep,Front 聚焦“项目章程”这一章内概念，Back 一句话定边界，Extra 给出本概念的题干信号。,ruankao ruankao::build::20260520_235046 ruankao::chapter::04 ruankao::domain::整体管理 ruankao::type::概念卡 ruankao::importance::A ruankao::difficulty::2 ruankao::review::keep ruankao::chapter_concept,sha256:5a67bf73b14bac02d323ad85
软考::系统集成项目管理工程师::04_整体管理::章节概念卡::04_整体管理_概念卡,RuankaoTopicCard,SOW是什么？,工作说明书 SOW 描述项目需要提供的产品、服务或成果以及相关业务需求。,<div>理解：外部项目中 SOW 常是制定章程的重要输入。</div><div>题干信号：工作说明、业务需求</div><div>来源：04_整体管理 专题包 / topic_build_full 相关小节</div>,chapter_concept,概念卡,SOW,,B,3,章节概念,整体管理,04,整体管理,T-CLOSE-001;T-INT-002;T-INT-004,项目收尾：管理收尾、合同收尾与验收;项目章程、SOW、项目管理计划与基准体系;整体变更控制与 CCB,SRC-CH-04-002,topic_learning_packages/topics/04_整体管理/T-CLOSE-001_专题学习包_项目收尾管理收尾合同收尾与验收.md;topic_learning_packages/topics/04_整体管理/T-INT-002_专题学习包_项目章程SOW项目管理计划与基准关系.md;topic_learning_packages/topics/04_整体管理/T-INT-004_专题学习包_整体变更控制与CCB.md,SOW,,,keep,Front 聚焦“SOW”这一章内概念，Back 一句话定边界，Extra 给出本概念的题干信号。,ruankao ruankao::build::20260520_235046 ruankao::chapter::04 ruankao::domain::整体管理 ruankao::type::概念卡 ruankao::importance::B ruankao::difficulty::3 ruankao::review::keep ruankao::chapter_concept,sha256:92608ca3163730609139fc95
软考::系统集成项目管理工程师::04_整体管理::章节概念卡::04_整体管理_概念卡,RuankaoTopicCard,项目管理计划是什么？,项目管理计划整合各子计划和基准，指导项目执行、监控和收尾。,<div>理解：它不是单一进度表，而是各管理计划和基准的集合。</div><div>题干信号：子计划、基准、指导执行</div><div>来源：04_整体管理 专题包 / topic_build_full 相关小节</div>,chapter_concept,概念卡,项目管理计划,,A,2,章节概念,整体管理,04,整体管理,T-CLOSE-001;T-INT-002;T-INT-004,项目收尾：管理收尾、合同收尾与验收;项目章程、SOW、项目管理计划与基准体系;整体变更控制与 CCB,SRC-CH-04-003,topic_learning_packages/topics/04_整体管理/T-CLOSE-001_专题学习包_项目收尾管理收尾合同收尾与验收.md;topic_learning_packages/topics/04_整体管理/T-INT-002_专题学习包_项目章程SOW项目管理计划与基准关系.md;topic_learning_packages/topics/04_整体管理/T-INT-004_专题学习包_整体变更控制与CCB.md,项目管理计划,,,keep,Front 聚焦“项目管理计划”这一章内概念，Back 一句话定边界，Extra 给出本概念的题干信号。,ruankao ruankao::build::20260520_235046 ruankao::chapter::04 ruankao::domain::整体管理 ruankao::type::概念卡 ruankao::importance::A ruankao::difficulty::2 ruankao::review::keep ruankao::chapter_concept,sha256:7f9c1fe3e2d8317c2be9104c
软考::系统集成项目管理工程师::04_整体管理::章节概念卡::04_整体管理_概念卡,RuankaoTopicCard,整体管理中，范围基准为什么会成为变更控制对象？,范围基准通常由项目范围说明书、WBS 和 WBS 词典组成。,<div>理解：范围变化若影响基准，应走变更控制。</div><div>题干信号：范围说明书、WBS、WBS词典</div><div>来源：04_整体管理 专题包 / topic_build_full 相关小节</div>,chapter_concept,概念卡,范围基准,,A,2,章节概念,整体管理,04,整体管理,T-CLOSE-001;T-INT-002;T-INT-004,项目收尾：管理收尾、合同收尾与验收;项目章程、SOW、项目管理计划与基准体系;整体变更控制与 CCB,SRC-CH-04-004,topic_learning_packages/topics/04_整体管理/T-CLOSE-001_专题学习包_项目收尾管理收尾合同收尾与验收.md;topic_learning_packages/topics/04_整体管理/T-INT-002_专题学习包_项目章程SOW项目管理计划与基准关系.md;topic_learning_packages/topics/04_整体管理/T-INT-004_专题学习包_整体变更控制与CCB.md,范围基准,,,keep,Front 聚焦“范围基准”这一章内概念，Back 一句话定边界，Extra 给出本概念的题干信号。 已调整 Front，避免和其他章节/专题卡同义重复。,ruankao ruankao::build::20260520_235046 ruankao::chapter::04 ruankao::domain::整体管理 ruankao::type::概念卡 ruankao::importance::A ruankao::difficulty::2 ruankao::review::keep ruankao::chapter_concept,sha256:c8245daccd17e19f58229a4c
软考::系统集成项目管理工程师::04_整体管理::章节概念卡::04_整体管理_概念卡,RuankaoTopicCard,绩效测量基准是什么？,绩效测量基准通常整合范围、进度和成本基准，用于挣值等绩效评价。,<div>理解：质量基准通常不是 EVM 的三大基准之一。</div><div>题干信号：范围进度成本、EVM</div><div>来源：04_整体管理 专题包 / topic_build_full 相关小节</div>,chapter_concept,概念卡,绩效测量基准,,A,2,章节概念,整体管理,04,整体管理,T-CLOSE-001;T-INT-002;T-INT-004,项目收尾：管理收尾、合同收尾与验收;项目章程、SOW、项目管理计划与基准体系;整体变更控制与 CCB,SRC-CH-04-005,topic_learning_packages/topics/04_整体管理/T-CLOSE-001_专题学习包_项目收尾管理收尾合同收尾与验收.md;topic_learning_packages/topics/04_整体管理/T-INT-002_专题学习包_项目章程SOW项目管理计划与基准关系.md;topic_learning_packages/topics/04_整体管理/T-INT-004_专题学习包_整体变更控制与CCB.md,绩效测量基准,,,keep,Front 聚焦“绩效测量基准”这一章内概念，Back 一句话定边界，Extra 给出本概念的题干信号。,ruankao ruankao::build::20260520_235046 ruankao::chapter::04 ruankao::domain::整体管理 ruankao::type::概念卡 ruankao::importance::A ruankao::difficulty::2 ruankao::review::keep ruankao::chapter_concept,sha256:4360c2dea87a710795d08e90
软考::系统集成项目管理工程师::04_整体管理::章节概念卡::04_整体管理_概念卡,RuankaoTopicCard,变更请求是什么？,变更请求是对项目文件、可交付成果或基准提出修改的正式请求。,<div>理解：口头要求不等于已批准变更。</div><div>题干信号：修改、正式请求、基准</div><div>来源：04_整体管理 专题包 / topic_build_full 相关小节</div>,chapter_concept,概念卡,变更请求,,A,2,章节概念,整体管理,04,整体管理,T-CLOSE-001;T-INT-002;T-INT-004,项目收尾：管理收尾、合同收尾与验收;项目章程、SOW、项目管理计划与基准体系;整体变更控制与 CCB,SRC-CH-04-006,topic_learning_packages/topics/04_整体管理/T-CLOSE-001_专题学习包_项目收尾管理收尾合同收尾与验收.md;topic_learning_packages/topics/04_整体管理/T-INT-002_专题学习包_项目章程SOW项目管理计划与基准关系.md;topic_learning_packages/topics/04_整体管理/T-INT-004_专题学习包_整体变更控制与CCB.md,变更请求,,,keep,Front 聚焦“变更请求”这一章内概念，Back 一句话定边界，Extra 给出本概念的题干信号。,ruankao ruankao::build::20260520_235046 ruankao::chapter::04 ruankao::domain::整体管理 ruankao::type::概念卡 ruankao::importance::A ruankao::difficulty::2 ruankao::review::keep ruankao::chapter_concept,sha256:b5511000c5839997fe54b515
软考::系统集成项目管理工程师::04_整体管理::章节概念卡::04_整体管理_概念卡,RuankaoTopicCard,CCB是什么？,变更控制委员会负责审查、批准、否决或推迟变更请求。,<div>理解：CCB 不一定亲自实施变更，重点在决策和控制。</div><div>题干信号：批准/否决变更</div><div>来源：04_整体管理 专题包 / topic_build_full 相关小节</div>,chapter_concept,概念卡,CCB,,A,2,章节概念,整体管理,04,整体管理,T-CLOSE-001;T-INT-002;T-INT-004,项目收尾：管理收尾、合同收尾与验收;项目章程、SOW、项目管理计划与基准体系;整体变更控制与 CCB,SRC-CH-04-007,topic_learning_packages/topics/04_整体管理/T-CLOSE-001_专题学习包_项目收尾管理收尾合同收尾与验收.md;topic_learning_packages/topics/04_整体管理/T-INT-002_专题学习包_项目章程SOW项目管理计划与基准关系.md;topic_learning_packages/topics/04_整体管理/T-INT-004_专题学习包_整体变更控制与CCB.md,CCB,,,keep,Front 聚焦“CCB”这一章内概念，Back 一句话定边界，Extra 给出本概念的题干信号。,ruankao ruankao::build::20260520_235046 ruankao::chapter::04 ruankao::domain::整体管理 ruankao::type::概念卡 ruankao::importance::A ruankao::difficulty::2 ruankao::review::keep ruankao::chapter_concept,sha256:5a3969d1f138a81d9f7602a7
软考::系统集成项目管理工程师::04_整体管理::章节概念卡::04_整体管理_概念卡,RuankaoTopicCard,管理收尾是什么？,管理收尾是正式结束项目或阶段，归档经验、移交成果并释放资源。,<div>理解：不要和合同收尾混淆；合同收尾聚焦采购合同关系。</div><div>题干信号：结束项目、经验教训、释放资源</div><div>来源：04_整体管理 专题包 / topic_build_full 相关小节</div>,chapter_concept,概念卡,管理收尾,,A,2,章节概念,整体管理,04,整体管理,T-CLOSE-001;T-INT-002;T-INT-004,项目收尾：管理收尾、合同收尾与验收;项目章程、SOW、项目管理计划与基准体系;整体变更控制与 CCB,SRC-CH-04-008,topic_learning_packages/topics/04_整体管理/T-CLOSE-001_专题学习包_项目收尾管理收尾合同收尾与验收.md;topic_learning_packages/topics/04_整体管理/T-INT-002_专题学习包_项目章程SOW项目管理计划与基准关系.md;topic_learning_packages/topics/04_整体管理/T-INT-004_专题学习包_整体变更控制与CCB.md,管理收尾,,,keep,Front 聚焦“管理收尾”这一章内概念，Back 一句话定边界，Extra 给出本概念的题干信号。,ruankao ruankao::build::20260520_235046 ruankao::chapter::04 ruankao::domain::整体管理 ruankao::type::概念卡 ruankao::importance::A ruankao::difficulty::2 ruankao::review::keep ruankao::chapter_concept,sha256:a8ebb74d4b8db0dae9628b9b
软考::系统集成项目管理工程师::04_整体管理::章节概念卡::04_整体管理_概念卡,RuankaoTopicCard,整体管理中，合同收尾提醒项目经理关注什么？,合同收尾是完成和结清采购合同，确认供应商工作和合同义务。,<div>理解：题干出现供应商、索赔、合同款项，通常更接近合同收尾。</div><div>题干信号：合同、供应商、结清</div><div>来源：04_整体管理 专题包 / topic_build_full 相关小节</div>,chapter_concept,概念卡,合同收尾,,A,2,章节概念,整体管理,04,整体管理,T-CLOSE-001;T-INT-002;T-INT-004,项目收尾：管理收尾、合同收尾与验收;项目章程、SOW、项目管理计划与基准体系;整体变更控制与 CCB,SRC-CH-04-009,topic_learning_packages/topics/04_整体管理/T-CLOSE-001_专题学习包_项目收尾管理收尾合同收尾与验收.md;topic_learning_packages/topics/04_整体管理/T-INT-002_专题学习包_项目章程SOW项目管理计划与基准关系.md;topic_learning_packages/topics/04_整体管理/T-INT-004_专题学习包_整体变更控制与CCB.md,合同收尾,,,keep,Front 聚焦“合同收尾”这一章内概念，Back 一句话定边界，Extra 给出本概念的题干信号。 已调整 Front，避免和其他章节/专题卡同义重复。,ruankao ruankao::build::20260520_235046 ruankao::chapter::04 ruankao::domain::整体管理 ruankao::type::概念卡 ruankao::importance::A ruankao::difficulty::2 ruankao::review::keep ruankao::chapter_concept,sha256:f1e55a82904c1ae101bca6bf
软考::系统集成项目管理工程师::05_范围管理::章节概念卡::05_范围管理_概念卡,RuankaoTopicCard,范围管理计划是什么？,范围管理计划说明如何定义、确认和控制项目范围。,<div>理解：它是管理方法，不是具体范围内容。</div><div>题干信号：如何定义/确认/控制范围</div><div>来源：05_范围管理 专题包 / topic_build_full 相关小节</div>,chapter_concept,概念卡,范围管理计划,,A,2,章节概念,范围管理,05,范围管理,T-SCOPE-002,WBS、工作包、WBS 字典与范围基准,SRC-CH-05-001,topic_learning_packages/topics/05_范围管理/T-SCOPE-002_专题学习包_WBS工作包WBS字典与范围基准.md,范围管理计划,,,keep,Front 聚焦“范围管理计划”这一章内概念，Back 一句话定边界，Extra 给出本概念的题干信号。,ruankao ruankao::build::20260520_235046 ruankao::chapter::05 ruankao::domain::范围管理 ruankao::type::概念卡 ruankao::importance::A ruankao::difficulty::2 ruankao::review::keep ruankao::chapter_concept,sha256:e143f0479c906b468fa42685
软考::系统集成项目管理工程师::05_范围管理::章节概念卡::05_范围管理_概念卡,RuankaoTopicCard,需求管理计划是什么？,需求管理计划说明如何分析、记录和管理需求。,<div>理解：它管需求过程，需求跟踪矩阵才管需求到交付成果的追踪关系。</div><div>题干信号：需求收集、分析、跟踪</div><div>来源：05_范围管理 专题包 / topic_build_full 相关小节</div>,chapter_concept,概念卡,需求管理计划,,B,3,章节概念,范围管理,05,范围管理,T-SCOPE-002,WBS、工作包、WBS 字典与范围基准,SRC-CH-05-002,topic_learning_packages/topics/05_范围管理/T-SCOPE-002_专题学习包_WBS工作包WBS字典与范围基准.md,需求管理计划,,,keep,Front 聚焦“需求管理计划”这一章内概念，Back 一句话定边界，Extra 给出本概念的题干信号。,ruankao ruankao::build::20260520_235046 ruankao::chapter::05 ruankao::domain::范围管理 ruankao::type::概念卡 ruankao::importance::B ruankao::difficulty::3 ruankao::review::keep ruankao::chapter_concept,sha256:c5c2367a1ec1b63005f49cb4
软考::系统集成项目管理工程师::05_范围管理::章节概念卡::05_范围管理_概念卡,RuankaoTopicCard,需求跟踪矩阵是什么？,需求跟踪矩阵把需求与业务目标、可交付成果、测试和验收连接起来。,<div>理解：案例题中“需求丢失、验收争议”常可追到需求跟踪不足。</div><div>题干信号：需求到交付成果/测试</div><div>来源：05_范围管理 专题包 / topic_build_full 相关小节</div>,chapter_concept,概念卡,需求跟踪矩阵,,A,2,章节概念,范围管理,05,范围管理,T-SCOPE-002,WBS、工作包、WBS 字典与范围基准,SRC-CH-05-003,topic_learning_packages/topics/05_范围管理/T-SCOPE-002_专题学习包_WBS工作包WBS字典与范围基准.md,需求跟踪矩阵,,,keep,Front 聚焦“需求跟踪矩阵”这一章内概念，Back 一句话定边界，Extra 给出本概念的题干信号。,ruankao ruankao::build::20260520_235046 ruankao::chapter::05 ruankao::domain::范围管理 ruankao::type::概念卡 ruankao::importance::A ruankao::difficulty::2 ruankao::review::keep ruankao::chapter_concept,sha256:6bc4963cdb092e14498fc8b0
软考::系统集成项目管理工程师::05_范围管理::章节概念卡::05_范围管理_概念卡,RuankaoTopicCard,项目范围说明书是什么？,项目范围说明书描述项目范围、主要可交付成果、验收标准和除外责任。,<div>理解：它比章程更详细，是定义范围的重要输出。</div><div>题干信号：可交付成果、验收标准</div><div>来源：05_范围管理 专题包 / topic_build_full 相关小节</div>,chapter_concept,概念卡,项目范围说明书,,A,2,章节概念,范围管理,05,范围管理,T-SCOPE-002,WBS、工作包、WBS 字典与范围基准,SRC-CH-05-004,topic_learning_packages/topics/05_范围管理/T-SCOPE-002_专题学习包_WBS工作包WBS字典与范围基准.md,项目范围说明书,,,keep,Front 聚焦“项目范围说明书”这一章内概念，Back 一句话定边界，Extra 给出本概念的题干信号。,ruankao ruankao::build::20260520_235046 ruankao::chapter::05 ruankao::domain::范围管理 ruankao::type::概念卡 ruankao::importance::A ruankao::difficulty::2 ruankao::review::keep ruankao::chapter_concept,sha256:400cb6821d8857eb5ecdaa20
软考::系统集成项目管理工程师::05_范围管理::章节概念卡::05_范围管理_概念卡,RuankaoTopicCard,WBS是什么？,WBS 是以可交付成果为导向的层级分解结构。,<div>理解：WBS 分解的是成果，不是直接把活动排进进度表。</div><div>题干信号：可交付成果、层级分解</div><div>来源：05_范围管理 专题包 / topic_build_full 相关小节</div>,chapter_concept,概念卡,WBS,,A,2,章节概念,范围管理,05,范围管理,T-SCOPE-002,WBS、工作包、WBS 字典与范围基准,SRC-CH-05-005,topic_learning_packages/topics/05_范围管理/T-SCOPE-002_专题学习包_WBS工作包WBS字典与范围基准.md,WBS,,,keep,Front 聚焦“WBS”这一章内概念，Back 一句话定边界，Extra 给出本概念的题干信号。,ruankao ruankao::build::20260520_235046 ruankao::chapter::05 ruankao::domain::范围管理 ruankao::type::概念卡 ruankao::importance::A ruankao::difficulty::2 ruankao::review::keep ruankao::chapter_concept,sha256:47a394c8066c1adf93734150
软考::系统集成项目管理工程师::05_范围管理::章节概念卡::05_范围管理_概念卡,RuankaoTopicCard,工作包是什么？,工作包是 WBS 最底层、便于估算和分配责任的可管理单元。,<div>理解：工作包之后还要定义活动，不能直接等同于活动。</div><div>题干信号：WBS最低层、估算责任</div><div>来源：05_范围管理 专题包 / topic_build_full 相关小节</div>,chapter_concept,概念卡,工作包,,A,2,章节概念,范围管理,05,范围管理,T-SCOPE-002,WBS、工作包、WBS 字典与范围基准,SRC-CH-05-006,topic_learning_packages/topics/05_范围管理/T-SCOPE-002_专题学习包_WBS工作包WBS字典与范围基准.md,工作包,,,keep,Front 聚焦“工作包”这一章内概念，Back 一句话定边界，Extra 给出本概念的题干信号。,ruankao ruankao::build::20260520_235046 ruankao::chapter::05 ruankao::domain::范围管理 ruankao::type::概念卡 ruankao::importance::A ruankao::difficulty::2 ruankao::review::keep ruankao::chapter_concept,sha256:af59fe4b2e5301e3ddb9d264
软考::系统集成项目管理工程师::05_范围管理::章节概念卡::05_范围管理_概念卡,RuankaoTopicCard,WBS 词典是什么？,WBS 词典为 WBS 组件提供详细说明，如范围、责任、验收标准等。,<div>理解：它是 WBS 的说明书，能减少“只看名称”的误解。</div><div>题干信号：说明书、责任、验收</div><div>来源：05_范围管理 专题包 / topic_build_full 相关小节</div>,chapter_concept,概念卡,WBS 词典,,B,3,章节概念,范围管理,05,范围管理,T-SCOPE-002,WBS、工作包、WBS 字典与范围基准,SRC-CH-05-007,topic_learning_packages/topics/05_范围管理/T-SCOPE-002_专题学习包_WBS工作包WBS字典与范围基准.md,WBS 词典,,,keep,Front 聚焦“WBS 词典”这一章内概念，Back 一句话定边界，Extra 给出本概念的题干信号。,ruankao ruankao::build::20260520_235046 ruankao::chapter::05 ruankao::domain::范围管理 ruankao::type::概念卡 ruankao::importance::B ruankao::difficulty::3 ruankao::review::keep ruankao::chapter_concept,sha256:4e065b135103013287ebb3e3
软考::系统集成项目管理工程师::05_范围管理::章节概念卡::05_范围管理_概念卡,RuankaoTopicCard,范围基准是什么？,范围基准由范围说明书、WBS 和 WBS 词典组成，是范围控制的比较依据。,<div>理解：未经批准不能随意改范围基准。</div><div>题干信号：三件套、控制依据</div><div>来源：05_范围管理 专题包 / topic_build_full 相关小节</div>,chapter_concept,概念卡,范围基准,,A,2,章节概念,范围管理,05,范围管理,T-SCOPE-002,WBS、工作包、WBS 字典与范围基准,SRC-CH-05-008,topic_learning_packages/topics/05_范围管理/T-SCOPE-002_专题学习包_WBS工作包WBS字典与范围基准.md,范围基准,,,keep,Front 聚焦“范围基准”这一章内概念，Back 一句话定边界，Extra 给出本概念的题干信号。,ruankao ruankao::build::20260520_235046 ruankao::chapter::05 ruankao::domain::范围管理 ruankao::type::概念卡 ruankao::importance::A ruankao::difficulty::2 ruankao::review::keep ruankao::chapter_concept,sha256:bcab5aa4cd445527142354f4
软考::系统集成项目管理工程师::05_范围管理::章节概念卡::05_范围管理_概念卡,RuankaoTopicCard,确认范围是什么？,确认范围是由客户或发起人正式验收已完成可交付成果的过程。,<div>理解：验收/签字/接受是信号；检查缺陷更偏质量控制。</div><div>题干信号：正式验收、接受成果</div><div>来源：05_范围管理 专题包 / topic_build_full 相关小节</div>,chapter_concept,概念卡,确认范围,,A,2,章节概念,范围管理,05,范围管理,T-SCOPE-002,WBS、工作包、WBS 字典与范围基准,SRC-CH-05-009,topic_learning_packages/topics/05_范围管理/T-SCOPE-002_专题学习包_WBS工作包WBS字典与范围基准.md,确认范围,,,keep,Front 聚焦“确认范围”这一章内概念，Back 一句话定边界，Extra 给出本概念的题干信号。,ruankao ruankao::build::20260520_235046 ruankao::chapter::05 ruankao::domain::范围管理 ruankao::type::概念卡 ruankao::importance::A ruankao::difficulty::2 ruankao::review::keep ruankao::chapter_concept,sha256:ac4c42b8374e866ea1ce151a
软考::系统集成项目管理工程师::05_范围管理::章节概念卡::05_范围管理_概念卡,RuankaoTopicCard,控制范围是什么？,控制范围关注监督范围状态并管理范围基准变更。,<div>理解：题干出现范围蔓延、未经批准的需求增加，优先想到控制范围。</div><div>题干信号：范围蔓延、变更控制</div><div>来源：05_范围管理 专题包 / topic_build_full 相关小节</div>,chapter_concept,概念卡,控制范围,,A,2,章节概念,范围管理,05,范围管理,T-SCOPE-002,WBS、工作包、WBS 字典与范围基准,SRC-CH-05-010,topic_learning_packages/topics/05_范围管理/T-SCOPE-002_专题学习包_WBS工作包WBS字典与范围基准.md,控制范围,,,keep,Front 聚焦“控制范围”这一章内概念，Back 一句话定边界，Extra 给出本概念的题干信号。,ruankao ruankao::build::20260520_235046 ruankao::chapter::05 ruankao::domain::范围管理 ruankao::type::概念卡 ruankao::importance::A ruankao::difficulty::2 ruankao::review::keep ruankao::chapter_concept,sha256:54a3f22e477871f7ce737e92
软考::系统集成项目管理工程师::06_进度管理::章节概念卡::06_进度管理_概念卡,RuankaoTopicCard,活动清单是什么？,活动清单列出完成项目可交付成果所需的进度活动。,<div>理解：活动清单来自 WBS 的进一步分解。</div><div>题干信号：活动定义、进度活动</div><div>来源：06_进度管理 专题包 / topic_build_full 相关小节</div>,chapter_concept,概念卡,活动清单,,A,2,章节概念,进度管理,06,进度管理,T-SCH-002;T-SCH-003,活动排序、依赖关系、PDM/AOA 与提前滞后量;关键路径、总时差、自由时差与网络图判断,SRC-CH-06-001,topic_learning_packages/topics/06_进度管理/T-SCH-002_专题学习包_活动排序依赖关系PDM_AOA与提前滞后量.md;topic_learning_packages/topics/06_进度管理/T-SCH-003_专题学习包_关键路径总时差自由时差与网络图判断.md,活动清单,,,keep,Front 聚焦“活动清单”这一章内概念，Back 一句话定边界，Extra 给出本概念的题干信号。,ruankao ruankao::build::20260520_235046 ruankao::chapter::06 ruankao::domain::进度管理 ruankao::type::概念卡 ruankao::importance::A ruankao::difficulty::2 ruankao::review::keep ruankao::chapter_concept,sha256:958849312c5031a008ae04ac
软考::系统集成项目管理工程师::06_进度管理::章节概念卡::06_进度管理_概念卡,RuankaoTopicCard,里程碑是什么？,里程碑是项目中的重要时间点或事件，通常持续时间为零。,<div>理解：里程碑不是活动工期，而是阶段性节点。</div><div>题干信号：重要节点、零持续时间</div><div>来源：06_进度管理 专题包 / topic_build_full 相关小节</div>,chapter_concept,概念卡,里程碑,,B,3,章节概念,进度管理,06,进度管理,T-SCH-002;T-SCH-003,活动排序、依赖关系、PDM/AOA 与提前滞后量;关键路径、总时差、自由时差与网络图判断,SRC-CH-06-002,topic_learning_packages/topics/06_进度管理/T-SCH-002_专题学习包_活动排序依赖关系PDM_AOA与提前滞后量.md;topic_learning_packages/topics/06_进度管理/T-SCH-003_专题学习包_关键路径总时差自由时差与网络图判断.md,里程碑,,,keep,Front 聚焦“里程碑”这一章内概念，Back 一句话定边界，Extra 给出本概念的题干信号。,ruankao ruankao::build::20260520_235046 ruankao::chapter::06 ruankao::domain::进度管理 ruankao::type::概念卡 ruankao::importance::B ruankao::difficulty::3 ruankao::review::keep ruankao::chapter_concept,sha256:6f81a25bd60c55eb27f3d3f5
软考::系统集成项目管理工程师::06_进度管理::章节概念卡::06_进度管理_概念卡,RuankaoTopicCard,PDM是什么？,前导图法 PDM 用节点表示活动，用箭线表示逻辑关系。,<div>理解：看到节点是活动，多数是 PDM/AON。</div><div>题干信号：节点活动、箭线关系</div><div>来源：06_进度管理 专题包 / topic_build_full 相关小节</div>,chapter_concept,概念卡,PDM,,A,2,章节概念,进度管理,06,进度管理,T-SCH-002;T-SCH-003,活动排序、依赖关系、PDM/AOA 与提前滞后量;关键路径、总时差、自由时差与网络图判断,SRC-CH-06-003,topic_learning_packages/topics/06_进度管理/T-SCH-002_专题学习包_活动排序依赖关系PDM_AOA与提前滞后量.md;topic_learning_packages/topics/06_进度管理/T-SCH-003_专题学习包_关键路径总时差自由时差与网络图判断.md,PDM,,,keep,Front 聚焦“PDM”这一章内概念，Back 一句话定边界，Extra 给出本概念的题干信号。,ruankao ruankao::build::20260520_235046 ruankao::chapter::06 ruankao::domain::进度管理 ruankao::type::概念卡 ruankao::importance::A ruankao::difficulty::2 ruankao::review::keep ruankao::chapter_concept,sha256:0c3059fbba9051c29373aa81
软考::系统集成项目管理工程师::06_进度管理::章节概念卡::06_进度管理_概念卡,RuankaoTopicCard,ADM是什么？,箭线图法 ADM 用箭线表示活动，用节点表示事件。,<div>理解：看到虚活动和双代号网络图，多数是 ADM/AOA。</div><div>题干信号：箭线活动、虚活动</div><div>来源：06_进度管理 专题包 / topic_build_full 相关小节</div>,chapter_concept,概念卡,ADM,,B,3,章节概念,进度管理,06,进度管理,T-SCH-002;T-SCH-003,活动排序、依赖关系、PDM/AOA 与提前滞后量;关键路径、总时差、自由时差与网络图判断,SRC-CH-06-004,topic_learning_packages/topics/06_进度管理/T-SCH-002_专题学习包_活动排序依赖关系PDM_AOA与提前滞后量.md;topic_learning_packages/topics/06_进度管理/T-SCH-003_专题学习包_关键路径总时差自由时差与网络图判断.md,ADM,,,keep,Front 聚焦“ADM”这一章内概念，Back 一句话定边界，Extra 给出本概念的题干信号。,ruankao ruankao::build::20260520_235046 ruankao::chapter::06 ruankao::domain::进度管理 ruankao::type::概念卡 ruankao::importance::B ruankao::difficulty::3 ruankao::review::keep ruankao::chapter_concept,sha256:93caf083740bfa78553c6e66
软考::系统集成项目管理工程师::06_进度管理::章节概念卡::06_进度管理_概念卡,RuankaoTopicCard,完成-开始 FS是什么？,FS 表示紧前活动完成后，紧后活动才能开始，是最常见依赖关系。,<div>理解：题干“完成后才能开始”就是 FS。</div><div>题干信号：完成后开始</div><div>来源：06_进度管理 专题包 / topic_build_full 相关小节</div>,chapter_concept,概念卡,完成-开始 FS,,A,2,章节概念,进度管理,06,进度管理,T-SCH-002;T-SCH-003,活动排序、依赖关系、PDM/AOA 与提前滞后量;关键路径、总时差、自由时差与网络图判断,SRC-CH-06-005,topic_learning_packages/topics/06_进度管理/T-SCH-002_专题学习包_活动排序依赖关系PDM_AOA与提前滞后量.md;topic_learning_packages/topics/06_进度管理/T-SCH-003_专题学习包_关键路径总时差自由时差与网络图判断.md,完成-开始 FS,,,keep,Front 聚焦“完成-开始 FS”这一章内概念，Back 一句话定边界，Extra 给出本概念的题干信号。,ruankao ruankao::build::20260520_235046 ruankao::chapter::06 ruankao::domain::进度管理 ruankao::type::概念卡 ruankao::importance::A ruankao::difficulty::2 ruankao::review::keep ruankao::chapter_concept,sha256:ce5121e26322bcf0441fca70
软考::系统集成项目管理工程师::06_进度管理::章节概念卡::06_进度管理_概念卡,RuankaoTopicCard,提前量是什么？,提前量允许后续活动在前置活动完成前提前开始。,<div>理解：例如 FS-2 表示可提前 2 天开始，具体符号口径需按教材。</div><div>题干信号：提前开始、搭接</div><div>来源：06_进度管理 专题包 / topic_build_full 相关小节</div>,chapter_concept,概念卡,提前量,,B,3,章节概念,进度管理,06,进度管理,T-SCH-002;T-SCH-003,活动排序、依赖关系、PDM/AOA 与提前滞后量;关键路径、总时差、自由时差与网络图判断,SRC-CH-06-006,topic_learning_packages/topics/06_进度管理/T-SCH-002_专题学习包_活动排序依赖关系PDM_AOA与提前滞后量.md;topic_learning_packages/topics/06_进度管理/T-SCH-003_专题学习包_关键路径总时差自由时差与网络图判断.md,提前量,,,keep,Front 聚焦“提前量”这一章内概念，Back 一句话定边界，Extra 给出本概念的题干信号。,ruankao ruankao::build::20260520_235046 ruankao::chapter::06 ruankao::domain::进度管理 ruankao::type::概念卡 ruankao::importance::B ruankao::difficulty::3 ruankao::review::keep ruankao::chapter_concept,sha256:cd57afa4987f0de7e607479e
软考::系统集成项目管理工程师::06_进度管理::章节概念卡::06_进度管理_概念卡,RuankaoTopicCard,关键路径是什么？,关键路径是网络图中持续时间最长、决定项目最短工期的路径。,<div>理解：关键路径可能不止一条，多条时进度风险更高。</div><div>题干信号：最长路径、最短工期</div><div>来源：06_进度管理 专题包 / topic_build_full 相关小节</div>,chapter_concept,概念卡,关键路径,,A,2,章节概念,进度管理,06,进度管理,T-SCH-002;T-SCH-003,活动排序、依赖关系、PDM/AOA 与提前滞后量;关键路径、总时差、自由时差与网络图判断,SRC-CH-06-007,topic_learning_packages/topics/06_进度管理/T-SCH-002_专题学习包_活动排序依赖关系PDM_AOA与提前滞后量.md;topic_learning_packages/topics/06_进度管理/T-SCH-003_专题学习包_关键路径总时差自由时差与网络图判断.md,关键路径,,,keep,Front 聚焦“关键路径”这一章内概念，Back 一句话定边界，Extra 给出本概念的题干信号。,ruankao ruankao::build::20260520_235046 ruankao::chapter::06 ruankao::domain::进度管理 ruankao::type::概念卡 ruankao::importance::A ruankao::difficulty::2 ruankao::review::keep ruankao::chapter_concept,sha256:bc011c7335d28ab9941edc3c
软考::系统集成项目管理工程师::06_进度管理::章节概念卡::06_进度管理_概念卡,RuankaoTopicCard,总时差是什么？,总时差是在不延误项目完工日期前提下活动可推迟的时间。,<div>理解：题干问“不影响总工期”就是总时差。</div><div>题干信号：不影响总工期</div><div>来源：06_进度管理 专题包 / topic_build_full 相关小节</div>,chapter_concept,概念卡,总时差,,A,2,章节概念,进度管理,06,进度管理,T-SCH-002;T-SCH-003,活动排序、依赖关系、PDM/AOA 与提前滞后量;关键路径、总时差、自由时差与网络图判断,SRC-CH-06-008,topic_learning_packages/topics/06_进度管理/T-SCH-002_专题学习包_活动排序依赖关系PDM_AOA与提前滞后量.md;topic_learning_packages/topics/06_进度管理/T-SCH-003_专题学习包_关键路径总时差自由时差与网络图判断.md,总时差,,,keep,Front 聚焦“总时差”这一章内概念，Back 一句话定边界，Extra 给出本概念的题干信号。,ruankao ruankao::build::20260520_235046 ruankao::chapter::06 ruankao::domain::进度管理 ruankao::type::概念卡 ruankao::importance::A ruankao::difficulty::2 ruankao::review::keep ruankao::chapter_concept,sha256:86e24bf288ca110bf5cec7cf
软考::系统集成项目管理工程师::06_进度管理::章节概念卡::06_进度管理_概念卡,RuankaoTopicCard,自由时差是什么？,自由时差是在不延误紧后活动最早开始前提下活动可推迟的时间。,<div>理解：自由时差通常小于或等于总时差。</div><div>题干信号：不影响紧后活动</div><div>来源：06_进度管理 专题包 / topic_build_full 相关小节</div>,chapter_concept,概念卡,自由时差,,A,2,章节概念,进度管理,06,进度管理,T-SCH-002;T-SCH-003,活动排序、依赖关系、PDM/AOA 与提前滞后量;关键路径、总时差、自由时差与网络图判断,SRC-CH-06-009,topic_learning_packages/topics/06_进度管理/T-SCH-002_专题学习包_活动排序依赖关系PDM_AOA与提前滞后量.md;topic_learning_packages/topics/06_进度管理/T-SCH-003_专题学习包_关键路径总时差自由时差与网络图判断.md,自由时差,,,keep,Front 聚焦“自由时差”这一章内概念，Back 一句话定边界，Extra 给出本概念的题干信号。,ruankao ruankao::build::20260520_235046 ruankao::chapter::06 ruankao::domain::进度管理 ruankao::type::概念卡 ruankao::importance::A ruankao::difficulty::2 ruankao::review::keep ruankao::chapter_concept,sha256:b7835ce74f6d24e3705d2bad
软考::系统集成项目管理工程师::06_进度管理::章节概念卡::06_进度管理_概念卡,RuankaoTopicCard,赶工是什么？,赶工是通过增加资源缩短工期，通常增加成本。,<div>理解：题干出现加班、增加人员、额外资源，优先想到赶工。</div><div>题干信号：增加资源、成本上升</div><div>来源：06_进度管理 专题包 / topic_build_full 相关小节</div>,chapter_concept,概念卡,赶工,,A,2,章节概念,进度管理,06,进度管理,T-SCH-002;T-SCH-003,活动排序、依赖关系、PDM/AOA 与提前滞后量;关键路径、总时差、自由时差与网络图判断,SRC-CH-06-010,topic_learning_packages/topics/06_进度管理/T-SCH-002_专题学习包_活动排序依赖关系PDM_AOA与提前滞后量.md;topic_learning_packages/topics/06_进度管理/T-SCH-003_专题学习包_关键路径总时差自由时差与网络图判断.md,赶工,,,keep,Front 聚焦“赶工”这一章内概念，Back 一句话定边界，Extra 给出本概念的题干信号。,ruankao ruankao::build::20260520_235046 ruankao::chapter::06 ruankao::domain::进度管理 ruankao::type::概念卡 ruankao::importance::A ruankao::difficulty::2 ruankao::review::keep ruankao::chapter_concept,sha256:07110a10d706010f2584e269
软考::系统集成项目管理工程师::06_进度管理::章节概念卡::06_进度管理_概念卡,RuankaoTopicCard,快速跟进是什么？,快速跟进是调整逻辑关系，让原本顺序的活动并行，通常增加返工风险。,<div>理解：题干出现并行、重叠开展，优先想到快速跟进。</div><div>题干信号：并行、返工风险</div><div>来源：06_进度管理 专题包 / topic_build_full 相关小节</div>,chapter_concept,概念卡,快速跟进,,A,2,章节概念,进度管理,06,进度管理,T-SCH-002;T-SCH-003,活动排序、依赖关系、PDM/AOA 与提前滞后量;关键路径、总时差、自由时差与网络图判断,SRC-CH-06-011,topic_learning_packages/topics/06_进度管理/T-SCH-002_专题学习包_活动排序依赖关系PDM_AOA与提前滞后量.md;topic_learning_packages/topics/06_进度管理/T-SCH-003_专题学习包_关键路径总时差自由时差与网络图判断.md,快速跟进,,,keep,Front 聚焦“快速跟进”这一章内概念，Back 一句话定边界，Extra 给出本概念的题干信号。,ruankao ruankao::build::20260520_235046 ruankao::chapter::06 ruankao::domain::进度管理 ruankao::type::概念卡 ruankao::importance::A ruankao::difficulty::2 ruankao::review::keep ruankao::chapter_concept,sha256:c573461a5c2c139deea7e437
软考::系统集成项目管理工程师::待核验与复查,RuankaoTopicCard,进度管理中哪些概念不应直接按数字或版本背诵？,涉及法规数字、标准编号、过程名称版本差异或教材译名的内容，应先核验教材或现行法规。,<div>理解：这类卡只提醒隔离风险，不把不稳定数字塞进主复习。</div><div>来源：pending_verification_register.md</div>,chapter_concept,待核验卡,教材口径待核验项,,C,3,待核验,进度管理,06,进度管理,T-SCH-002;T-SCH-003,活动排序、依赖关系、PDM/AOA 与提前滞后量;关键路径、总时差、自由时差与网络图判断,SRC-PV-06,topic_learning_packages/reports/pending_verification_register.md,相关 PV 条目,,,needs_human_review,涉及法规、标准或教材口径差异，方向可复习但具体数字和版本必须人工核验。,ruankao ruankao::build::20260520_235046 ruankao::chapter::06 ruankao::domain::进度管理 ruankao::type::待核验卡 ruankao::importance::C ruankao::difficulty::3 ruankao::review::needs_human_review ruankao::chapter_concept ruankao::needs_review ruankao::not_for_main_review,sha256:6db1cfdb52305435fceaedea
软考::系统集成项目管理工程师::07_成本管理::章节概念卡::07_成本管理_概念卡,RuankaoTopicCard,成本估算是什么？,成本估算是对完成项目活动所需资金的近似估计。,<div>理解：估算随信息增加逐步精确，不等于预算批准。</div><div>题干信号：近似估计、逐步精确</div><div>来源：07_成本管理 专题包 / topic_build_full 相关小节</div>,chapter_concept,概念卡,成本估算,,A,2,章节概念,成本管理,07,成本管理,T-COST-001;T-COST-002,成本估算、成本预算、储备分析与成本基准;挣值管理与成本绩效分析,SRC-CH-07-001,topic_learning_packages/topics/07_成本管理/T-COST-001_专题学习包_成本估算预算储备分析与成本基准.md;topic_learning_packages/topics/07_成本管理/T-COST-002_专题学习包_挣值管理与成本绩效分析.md,成本估算,,,keep,Front 聚焦“成本估算”这一章内概念，Back 一句话定边界，Extra 给出本概念的题干信号。,ruankao ruankao::build::20260520_235046 ruankao::chapter::07 ruankao::domain::成本管理 ruankao::type::概念卡 ruankao::importance::A ruankao::difficulty::2 ruankao::review::keep ruankao::chapter_concept,sha256:096bd37283ade5d800bd86e4
软考::系统集成项目管理工程师::07_成本管理::章节概念卡::07_成本管理_概念卡,RuankaoTopicCard,类比估算是什么？,类比估算用以往类似项目的数据估算当前项目，速度快但准确性较低。,<div>理解：适合早期信息不足场景。</div><div>题干信号：历史类似项目、快速</div><div>来源：07_成本管理 专题包 / topic_build_full 相关小节</div>,chapter_concept,概念卡,类比估算,,B,3,章节概念,成本管理,07,成本管理,T-COST-001;T-COST-002,成本估算、成本预算、储备分析与成本基准;挣值管理与成本绩效分析,SRC-CH-07-002,topic_learning_packages/topics/07_成本管理/T-COST-001_专题学习包_成本估算预算储备分析与成本基准.md;topic_learning_packages/topics/07_成本管理/T-COST-002_专题学习包_挣值管理与成本绩效分析.md,类比估算,,,keep,Front 聚焦“类比估算”这一章内概念，Back 一句话定边界，Extra 给出本概念的题干信号。,ruankao ruankao::build::20260520_235046 ruankao::chapter::07 ruankao::domain::成本管理 ruankao::type::概念卡 ruankao::importance::B ruankao::difficulty::3 ruankao::review::keep ruankao::chapter_concept,sha256:0ab84b9eb22c537bf3266860
软考::系统集成项目管理工程师::07_成本管理::章节概念卡::07_成本管理_概念卡,RuankaoTopicCard,参数估算是什么？,参数估算用单位成本或生产率乘以数量进行估算。,<div>理解：题干出现每米、每人天、每模块成本，常是参数估算。</div><div>题干信号：单位成本、数量</div><div>来源：07_成本管理 专题包 / topic_build_full 相关小节</div>,chapter_concept,概念卡,参数估算,,A,2,章节概念,成本管理,07,成本管理,T-COST-001;T-COST-002,成本估算、成本预算、储备分析与成本基准;挣值管理与成本绩效分析,SRC-CH-07-003,topic_learning_packages/topics/07_成本管理/T-COST-001_专题学习包_成本估算预算储备分析与成本基准.md;topic_learning_packages/topics/07_成本管理/T-COST-002_专题学习包_挣值管理与成本绩效分析.md,参数估算,,,keep,Front 聚焦“参数估算”这一章内概念，Back 一句话定边界，Extra 给出本概念的题干信号。,ruankao ruankao::build::20260520_235046 ruankao::chapter::07 ruankao::domain::成本管理 ruankao::type::概念卡 ruankao::importance::A ruankao::difficulty::2 ruankao::review::keep ruankao::chapter_concept,sha256:ea2e6525edf4c43262290223
软考::系统集成项目管理工程师::07_成本管理::章节概念卡::07_成本管理_概念卡,RuankaoTopicCard,自下而上估算是什么？,自下而上估算从工作包或活动逐层汇总成本。,<div>理解：更详细但耗时，常在 WBS 明确后使用。</div><div>题干信号：工作包汇总</div><div>来源：07_成本管理 专题包 / topic_build_full 相关小节</div>,chapter_concept,概念卡,自下而上估算,,A,2,章节概念,成本管理,07,成本管理,T-COST-001;T-COST-002,成本估算、成本预算、储备分析与成本基准;挣值管理与成本绩效分析,SRC-CH-07-004,topic_learning_packages/topics/07_成本管理/T-COST-001_专题学习包_成本估算预算储备分析与成本基准.md;topic_learning_packages/topics/07_成本管理/T-COST-002_专题学习包_挣值管理与成本绩效分析.md,自下而上估算,,,keep,Front 聚焦“自下而上估算”这一章内概念，Back 一句话定边界，Extra 给出本概念的题干信号。,ruankao ruankao::build::20260520_235046 ruankao::chapter::07 ruankao::domain::成本管理 ruankao::type::概念卡 ruankao::importance::A ruankao::difficulty::2 ruankao::review::keep ruankao::chapter_concept,sha256:8d69dd6aced9c15eaaac4606
软考::系统集成项目管理工程师::07_成本管理::章节概念卡::07_成本管理_概念卡,RuankaoTopicCard,储备分析是什么？,储备分析用于应对成本或进度估算中的不确定性。,<div>理解：应急储备和管理储备口径要分清。</div><div>题干信号：不确定性、储备</div><div>来源：07_成本管理 专题包 / topic_build_full 相关小节</div>,chapter_concept,概念卡,储备分析,,A,2,章节概念,成本管理,07,成本管理,T-COST-001;T-COST-002,成本估算、成本预算、储备分析与成本基准;挣值管理与成本绩效分析,SRC-CH-07-005,topic_learning_packages/topics/07_成本管理/T-COST-001_专题学习包_成本估算预算储备分析与成本基准.md;topic_learning_packages/topics/07_成本管理/T-COST-002_专题学习包_挣值管理与成本绩效分析.md,储备分析,,,keep,Front 聚焦“储备分析”这一章内概念，Back 一句话定边界，Extra 给出本概念的题干信号。,ruankao ruankao::build::20260520_235046 ruankao::chapter::07 ruankao::domain::成本管理 ruankao::type::概念卡 ruankao::importance::A ruankao::difficulty::2 ruankao::review::keep ruankao::chapter_concept,sha256:54346f1c35a8246f70d6b773
软考::系统集成项目管理工程师::07_成本管理::章节概念卡::07_成本管理_概念卡,RuankaoTopicCard,应急储备是什么？,应急储备用于已识别风险，通常包含在成本基准中。,<div>理解：它不是项目经理随意花的钱，应与风险应对相关。</div><div>题干信号：已识别风险、成本基准</div><div>来源：07_成本管理 专题包 / topic_build_full 相关小节</div>,chapter_concept,概念卡,应急储备,,A,2,章节概念,成本管理,07,成本管理,T-COST-001;T-COST-002,成本估算、成本预算、储备分析与成本基准;挣值管理与成本绩效分析,SRC-CH-07-006,topic_learning_packages/topics/07_成本管理/T-COST-001_专题学习包_成本估算预算储备分析与成本基准.md;topic_learning_packages/topics/07_成本管理/T-COST-002_专题学习包_挣值管理与成本绩效分析.md,应急储备,,,keep,Front 聚焦“应急储备”这一章内概念，Back 一句话定边界，Extra 给出本概念的题干信号。,ruankao ruankao::build::20260520_235046 ruankao::chapter::07 ruankao::domain::成本管理 ruankao::type::概念卡 ruankao::importance::A ruankao::difficulty::2 ruankao::review::keep ruankao::chapter_concept,sha256:a01565aad2409379aa5ec290
软考::系统集成项目管理工程师::07_成本管理::章节概念卡::07_成本管理_概念卡,RuankaoTopicCard,管理储备是什么？,管理储备用于未知未知风险，通常不包含在成本基准中。,<div>理解：动用管理储备常需更高层批准。</div><div>题干信号：未知风险、高层批准</div><div>来源：07_成本管理 专题包 / topic_build_full 相关小节</div>,chapter_concept,概念卡,管理储备,,B,3,章节概念,成本管理,07,成本管理,T-COST-001;T-COST-002,成本估算、成本预算、储备分析与成本基准;挣值管理与成本绩效分析,SRC-CH-07-007,topic_learning_packages/topics/07_成本管理/T-COST-001_专题学习包_成本估算预算储备分析与成本基准.md;topic_learning_packages/topics/07_成本管理/T-COST-002_专题学习包_挣值管理与成本绩效分析.md,管理储备,,,keep,Front 聚焦“管理储备”这一章内概念，Back 一句话定边界，Extra 给出本概念的题干信号。,ruankao ruankao::build::20260520_235046 ruankao::chapter::07 ruankao::domain::成本管理 ruankao::type::概念卡 ruankao::importance::B ruankao::difficulty::3 ruankao::review::keep ruankao::chapter_concept,sha256:0de3ec7ecb53a948b88abaf3
软考::系统集成项目管理工程师::07_成本管理::章节概念卡::07_成本管理_概念卡,RuankaoTopicCard,成本基准是什么？,成本基准是经过批准的、按时间分布的项目预算。,<div>理解：它用于比较实际成本绩效和控制成本。</div><div>题干信号：批准预算、时间分布</div><div>来源：07_成本管理 专题包 / topic_build_full 相关小节</div>,chapter_concept,概念卡,成本基准,,A,2,章节概念,成本管理,07,成本管理,T-COST-001;T-COST-002,成本估算、成本预算、储备分析与成本基准;挣值管理与成本绩效分析,SRC-CH-07-008,topic_learning_packages/topics/07_成本管理/T-COST-001_专题学习包_成本估算预算储备分析与成本基准.md;topic_learning_packages/topics/07_成本管理/T-COST-002_专题学习包_挣值管理与成本绩效分析.md,成本基准,,,keep,Front 聚焦“成本基准”这一章内概念，Back 一句话定边界，Extra 给出本概念的题干信号。,ruankao ruankao::build::20260520_235046 ruankao::chapter::07 ruankao::domain::成本管理 ruankao::type::概念卡 ruankao::importance::A ruankao::difficulty::2 ruankao::review::keep ruankao::chapter_concept,sha256:3b3bd8593769dec7112653fa
软考::系统集成项目管理工程师::07_成本管理::章节概念卡::07_成本管理_概念卡,RuankaoTopicCard,挣值管理是什么？,挣值管理把范围、进度和成本基准整合，用 PV、EV、AC 判断绩效。,<div>理解：别把 EVM 学成公式表；核心是用统一货币口径比较。</div><div>题干信号：PV EV AC、绩效测量</div><div>来源：07_成本管理 专题包 / topic_build_full 相关小节</div>,chapter_concept,概念卡,挣值管理,,A,2,章节概念,成本管理,07,成本管理,T-COST-001;T-COST-002,成本估算、成本预算、储备分析与成本基准;挣值管理与成本绩效分析,SRC-CH-07-009,topic_learning_packages/topics/07_成本管理/T-COST-001_专题学习包_成本估算预算储备分析与成本基准.md;topic_learning_packages/topics/07_成本管理/T-COST-002_专题学习包_挣值管理与成本绩效分析.md,挣值管理,,,keep,Front 聚焦“挣值管理”这一章内概念，Back 一句话定边界，Extra 给出本概念的题干信号。,ruankao ruankao::build::20260520_235046 ruankao::chapter::07 ruankao::domain::成本管理 ruankao::type::概念卡 ruankao::importance::A ruankao::difficulty::2 ruankao::review::keep ruankao::chapter_concept,sha256:c294287001cc2874c1cfb8c3
软考::系统集成项目管理工程师::08_质量管理::章节概念卡::08_质量管理_概念卡,RuankaoTopicCard,质量是什么？,质量是满足要求和适用性的程度。,<div>理解：质量高不等于等级高，低等级产品也可以高质量。</div><div>题干信号：满足要求、适用性</div><div>来源：08_质量管理 专题包 / topic_build_full 相关小节</div>,chapter_concept,概念卡,质量,,A,2,章节概念,质量管理,08,质量管理,T-QUAL-001;T-QUAL-002;T-QUAL-003,质量保证、质量控制与质量审计;质量管理七工具、新七工具与质量问题分析;质量问题案例模板：缺陷、测试、验收与纠偏,SRC-CH-08-001,topic_learning_packages/topics/08_质量管理/T-QUAL-001_专题学习包_质量保证质量控制与质量审计.md;topic_learning_packages/topics/08_质量管理/T-QUAL-002_专题学习包_质量管理七工具新七工具与质量问题分析.md;topic_learning_packages/topics/08_质量管理/T-QUAL-003_专题学习包_质量问题案例模板缺陷测试验收与纠偏.md,质量,,,keep,Front 聚焦“质量”这一章内概念，Back 一句话定边界，Extra 给出本概念的题干信号。,ruankao ruankao::build::20260520_235046 ruankao::chapter::08 ruankao::domain::质量管理 ruankao::type::概念卡 ruankao::importance::A ruankao::difficulty::2 ruankao::review::keep ruankao::chapter_concept,sha256:be343fa2b08d750e2217317f
软考::系统集成项目管理工程师::08_质量管理::章节概念卡::08_质量管理_概念卡,RuankaoTopicCard,等级是什么？,等级是具有相同功能用途但技术特性不同的分类。,<div>理解：质量差是问题，等级低未必是问题。</div><div>题干信号：功能用途相同、技术特性不同</div><div>来源：08_质量管理 专题包 / topic_build_full 相关小节</div>,chapter_concept,概念卡,等级,,A,2,章节概念,质量管理,08,质量管理,T-QUAL-001;T-QUAL-002;T-QUAL-003,质量保证、质量控制与质量审计;质量管理七工具、新七工具与质量问题分析;质量问题案例模板：缺陷、测试、验收与纠偏,SRC-CH-08-002,topic_learning_packages/topics/08_质量管理/T-QUAL-001_专题学习包_质量保证质量控制与质量审计.md;topic_learning_packages/topics/08_质量管理/T-QUAL-002_专题学习包_质量管理七工具新七工具与质量问题分析.md;topic_learning_packages/topics/08_质量管理/T-QUAL-003_专题学习包_质量问题案例模板缺陷测试验收与纠偏.md,等级,,,keep,Front 聚焦“等级”这一章内概念，Back 一句话定边界，Extra 给出本概念的题干信号。,ruankao ruankao::build::20260520_235046 ruankao::chapter::08 ruankao::domain::质量管理 ruankao::type::概念卡 ruankao::importance::A ruankao::difficulty::2 ruankao::review::keep ruankao::chapter_concept,sha256:ae21c6c4d8fd472bfb606c5c
软考::系统集成项目管理工程师::08_质量管理::章节概念卡::08_质量管理_概念卡,RuankaoTopicCard,质量保证 QA是什么？,质量保证关注过程是否有效，强调预防和过程改进。,<div>理解：题干出现过程审查、质量审计，更接近 QA。</div><div>题干信号：过程、预防、审计</div><div>来源：08_质量管理 专题包 / topic_build_full 相关小节</div>,chapter_concept,概念卡,质量保证 QA,,A,2,章节概念,质量管理,08,质量管理,T-QUAL-001;T-QUAL-002;T-QUAL-003,质量保证、质量控制与质量审计;质量管理七工具、新七工具与质量问题分析;质量问题案例模板：缺陷、测试、验收与纠偏,SRC-CH-08-003,topic_learning_packages/topics/08_质量管理/T-QUAL-001_专题学习包_质量保证质量控制与质量审计.md;topic_learning_packages/topics/08_质量管理/T-QUAL-002_专题学习包_质量管理七工具新七工具与质量问题分析.md;topic_learning_packages/topics/08_质量管理/T-QUAL-003_专题学习包_质量问题案例模板缺陷测试验收与纠偏.md,质量保证 QA,,,keep,Front 聚焦“质量保证 QA”这一章内概念，Back 一句话定边界，Extra 给出本概念的题干信号。,ruankao ruankao::build::20260520_235046 ruankao::chapter::08 ruankao::domain::质量管理 ruankao::type::概念卡 ruankao::importance::A ruankao::difficulty::2 ruankao::review::keep ruankao::chapter_concept,sha256:c19f8cd547b2c5b7f0aba226
软考::系统集成项目管理工程师::08_质量管理::章节概念卡::08_质量管理_概念卡,RuankaoTopicCard,质量控制 QC是什么？,质量控制关注可交付成果是否符合质量要求，强调检查和缺陷发现。,<div>理解：题干出现测试、检查、缺陷，更接近 QC。</div><div>题干信号：结果、检查、缺陷</div><div>来源：08_质量管理 专题包 / topic_build_full 相关小节</div>,chapter_concept,概念卡,质量控制 QC,,A,2,章节概念,质量管理,08,质量管理,T-QUAL-001;T-QUAL-002;T-QUAL-003,质量保证、质量控制与质量审计;质量管理七工具、新七工具与质量问题分析;质量问题案例模板：缺陷、测试、验收与纠偏,SRC-CH-08-004,topic_learning_packages/topics/08_质量管理/T-QUAL-001_专题学习包_质量保证质量控制与质量审计.md;topic_learning_packages/topics/08_质量管理/T-QUAL-002_专题学习包_质量管理七工具新七工具与质量问题分析.md;topic_learning_packages/topics/08_质量管理/T-QUAL-003_专题学习包_质量问题案例模板缺陷测试验收与纠偏.md,质量控制 QC,,,keep,Front 聚焦“质量控制 QC”这一章内概念，Back 一句话定边界，Extra 给出本概念的题干信号。,ruankao ruankao::build::20260520_235046 ruankao::chapter::08 ruankao::domain::质量管理 ruankao::type::概念卡 ruankao::importance::A ruankao::difficulty::2 ruankao::review::keep ruankao::chapter_concept,sha256:3c10cd684ab5ca884dc0517d
软考::系统集成项目管理工程师::08_质量管理::章节概念卡::08_质量管理_概念卡,RuankaoTopicCard,质量审计是什么？,质量审计是结构化、独立的过程检查，用于确认质量活动是否符合政策和程序。,<div>理解：质量审计通常是 QA 的工具。</div><div>题干信号：独立审查、过程符合性</div><div>来源：08_质量管理 专题包 / topic_build_full 相关小节</div>,chapter_concept,概念卡,质量审计,,A,2,章节概念,质量管理,08,质量管理,T-QUAL-001;T-QUAL-002;T-QUAL-003,质量保证、质量控制与质量审计;质量管理七工具、新七工具与质量问题分析;质量问题案例模板：缺陷、测试、验收与纠偏,SRC-CH-08-005,topic_learning_packages/topics/08_质量管理/T-QUAL-001_专题学习包_质量保证质量控制与质量审计.md;topic_learning_packages/topics/08_质量管理/T-QUAL-002_专题学习包_质量管理七工具新七工具与质量问题分析.md;topic_learning_packages/topics/08_质量管理/T-QUAL-003_专题学习包_质量问题案例模板缺陷测试验收与纠偏.md,质量审计,,,keep,Front 聚焦“质量审计”这一章内概念，Back 一句话定边界，Extra 给出本概念的题干信号。,ruankao ruankao::build::20260520_235046 ruankao::chapter::08 ruankao::domain::质量管理 ruankao::type::概念卡 ruankao::importance::A ruankao::difficulty::2 ruankao::review::keep ruankao::chapter_concept,sha256:759fe2b882ad146dd5f83302
软考::系统集成项目管理工程师::08_质量管理::章节概念卡::08_质量管理_概念卡,RuankaoTopicCard,因果图是什么？,因果图用于分析问题可能原因，常按人机料法环等分类。,<div>理解：题干问“找原因、分析根因”，优先想到鱼骨图。</div><div>题干信号：原因分析、鱼骨图</div><div>来源：08_质量管理 专题包 / topic_build_full 相关小节</div>,chapter_concept,概念卡,因果图,,A,2,章节概念,质量管理,08,质量管理,T-QUAL-001;T-QUAL-002;T-QUAL-003,质量保证、质量控制与质量审计;质量管理七工具、新七工具与质量问题分析;质量问题案例模板：缺陷、测试、验收与纠偏,SRC-CH-08-006,topic_learning_packages/topics/08_质量管理/T-QUAL-001_专题学习包_质量保证质量控制与质量审计.md;topic_learning_packages/topics/08_质量管理/T-QUAL-002_专题学习包_质量管理七工具新七工具与质量问题分析.md;topic_learning_packages/topics/08_质量管理/T-QUAL-003_专题学习包_质量问题案例模板缺陷测试验收与纠偏.md,因果图,,,keep,Front 聚焦“因果图”这一章内概念，Back 一句话定边界，Extra 给出本概念的题干信号。,ruankao ruankao::build::20260520_235046 ruankao::chapter::08 ruankao::domain::质量管理 ruankao::type::概念卡 ruankao::importance::A ruankao::difficulty::2 ruankao::review::keep ruankao::chapter_concept,sha256:00bb6d571447d7ebfafb1b4c
软考::系统集成项目管理工程师::08_质量管理::章节概念卡::08_质量管理_概念卡,RuankaoTopicCard,帕累托图是什么？,帕累托图用于识别造成多数问题的少数关键原因。,<div>理解：题干出现 80/20、优先处理主要问题，想到帕累托。</div><div>题干信号：80/20、关键少数</div><div>来源：08_质量管理 专题包 / topic_build_full 相关小节</div>,chapter_concept,概念卡,帕累托图,,A,2,章节概念,质量管理,08,质量管理,T-QUAL-001;T-QUAL-002;T-QUAL-003,质量保证、质量控制与质量审计;质量管理七工具、新七工具与质量问题分析;质量问题案例模板：缺陷、测试、验收与纠偏,SRC-CH-08-007,topic_learning_packages/topics/08_质量管理/T-QUAL-001_专题学习包_质量保证质量控制与质量审计.md;topic_learning_packages/topics/08_质量管理/T-QUAL-002_专题学习包_质量管理七工具新七工具与质量问题分析.md;topic_learning_packages/topics/08_质量管理/T-QUAL-003_专题学习包_质量问题案例模板缺陷测试验收与纠偏.md,帕累托图,,,keep,Front 聚焦“帕累托图”这一章内概念，Back 一句话定边界，Extra 给出本概念的题干信号。,ruankao ruankao::build::20260520_235046 ruankao::chapter::08 ruankao::domain::质量管理 ruankao::type::概念卡 ruankao::importance::A ruankao::difficulty::2 ruankao::review::keep ruankao::chapter_concept,sha256:9d90308c5a314fec80ad402b
软考::系统集成项目管理工程师::08_质量管理::章节概念卡::08_质量管理_概念卡,RuankaoTopicCard,控制图是什么？,控制图用于判断过程是否稳定、是否受异常原因影响。,<div>理解：题干出现控制上限/下限、过程稳定性，想到控制图。</div><div>题干信号：UCL LCL、稳定性</div><div>来源：08_质量管理 专题包 / topic_build_full 相关小节</div>,chapter_concept,概念卡,控制图,,B,3,章节概念,质量管理,08,质量管理,T-QUAL-001;T-QUAL-002;T-QUAL-003,质量保证、质量控制与质量审计;质量管理七工具、新七工具与质量问题分析;质量问题案例模板：缺陷、测试、验收与纠偏,SRC-CH-08-008,topic_learning_packages/topics/08_质量管理/T-QUAL-001_专题学习包_质量保证质量控制与质量审计.md;topic_learning_packages/topics/08_质量管理/T-QUAL-002_专题学习包_质量管理七工具新七工具与质量问题分析.md;topic_learning_packages/topics/08_质量管理/T-QUAL-003_专题学习包_质量问题案例模板缺陷测试验收与纠偏.md,控制图,,,keep,Front 聚焦“控制图”这一章内概念，Back 一句话定边界，Extra 给出本概念的题干信号。,ruankao ruankao::build::20260520_235046 ruankao::chapter::08 ruankao::domain::质量管理 ruankao::type::概念卡 ruankao::importance::B ruankao::difficulty::3 ruankao::review::keep ruankao::chapter_concept,sha256:3d47c1e21bd6a708f8a91251
软考::系统集成项目管理工程师::08_质量管理::章节概念卡::08_质量管理_概念卡,RuankaoTopicCard,检查表是什么？,检查表用于结构化收集和记录数据。,<div>理解：它不是检查清单的同义词，但考试常考“收集缺陷数据”。</div><div>题干信号：记录数据、核查表</div><div>来源：08_质量管理 专题包 / topic_build_full 相关小节</div>,chapter_concept,概念卡,检查表,,B,3,章节概念,质量管理,08,质量管理,T-QUAL-001;T-QUAL-002;T-QUAL-003,质量保证、质量控制与质量审计;质量管理七工具、新七工具与质量问题分析;质量问题案例模板：缺陷、测试、验收与纠偏,SRC-CH-08-009,topic_learning_packages/topics/08_质量管理/T-QUAL-001_专题学习包_质量保证质量控制与质量审计.md;topic_learning_packages/topics/08_质量管理/T-QUAL-002_专题学习包_质量管理七工具新七工具与质量问题分析.md;topic_learning_packages/topics/08_质量管理/T-QUAL-003_专题学习包_质量问题案例模板缺陷测试验收与纠偏.md,检查表,,,keep,Front 聚焦“检查表”这一章内概念，Back 一句话定边界，Extra 给出本概念的题干信号。,ruankao ruankao::build::20260520_235046 ruankao::chapter::08 ruankao::domain::质量管理 ruankao::type::概念卡 ruankao::importance::B ruankao::difficulty::3 ruankao::review::keep ruankao::chapter_concept,sha256:db6f5616243d1b27b0b8d9eb
软考::系统集成项目管理工程师::08_质量管理::章节概念卡::08_质量管理_概念卡,RuankaoTopicCard,散点图是什么？,散点图用于观察两个变量之间是否存在相关关系。,<div>理解：题干出现两个变量关系，优先想到散点图。</div><div>题干信号：相关关系、两个变量</div><div>来源：08_质量管理 专题包 / topic_build_full 相关小节</div>,chapter_concept,概念卡,散点图,,B,3,章节概念,质量管理,08,质量管理,T-QUAL-001;T-QUAL-002;T-QUAL-003,质量保证、质量控制与质量审计;质量管理七工具、新七工具与质量问题分析;质量问题案例模板：缺陷、测试、验收与纠偏,SRC-CH-08-010,topic_learning_packages/topics/08_质量管理/T-QUAL-001_专题学习包_质量保证质量控制与质量审计.md;topic_learning_packages/topics/08_质量管理/T-QUAL-002_专题学习包_质量管理七工具新七工具与质量问题分析.md;topic_learning_packages/topics/08_质量管理/T-QUAL-003_专题学习包_质量问题案例模板缺陷测试验收与纠偏.md,散点图,,,keep,Front 聚焦“散点图”这一章内概念，Back 一句话定边界，Extra 给出本概念的题干信号。,ruankao ruankao::build::20260520_235046 ruankao::chapter::08 ruankao::domain::质量管理 ruankao::type::概念卡 ruankao::importance::B ruankao::difficulty::3 ruankao::review::keep ruankao::chapter_concept,sha256:9fbb08f01773ada433585133
软考::系统集成项目管理工程师::待核验与复查,RuankaoTopicCard,质量管理中哪些概念不应直接按数字或版本背诵？,涉及法规数字、标准编号、过程名称版本差异或教材译名的内容，应先核验教材或现行法规。,<div>理解：这类卡只提醒隔离风险，不把不稳定数字塞进主复习。</div><div>来源：pending_verification_register.md</div>,chapter_concept,待核验卡,教材口径待核验项,,C,3,待核验,质量管理,08,质量管理,T-QUAL-001;T-QUAL-002;T-QUAL-003,质量保证、质量控制与质量审计;质量管理七工具、新七工具与质量问题分析;质量问题案例模板：缺陷、测试、验收与纠偏,SRC-PV-08,topic_learning_packages/reports/pending_verification_register.md,相关 PV 条目,,,needs_human_review,涉及法规、标准或教材口径差异，方向可复习但具体数字和版本必须人工核验。,ruankao ruankao::build::20260520_235046 ruankao::chapter::08 ruankao::domain::质量管理 ruankao::type::待核验卡 ruankao::importance::C ruankao::difficulty::3 ruankao::review::needs_human_review ruankao::chapter_concept ruankao::needs_review ruankao::not_for_main_review,sha256:21b6d21785e7c18f9f1d2bf4
软考::系统集成项目管理工程师::09_人力资源与沟通管理::章节概念卡::09_人力资源与沟通管理_概念卡,RuankaoTopicCard,人力资源管理计划是什么？,人力资源管理计划说明角色、职责、汇报关系和人员管理安排。,<div>理解：它回答人怎么来、怎么管、何时释放。</div><div>题干信号：角色职责、人员安排</div><div>来源：09_人力资源与沟通管理 专题包 / topic_build_full 相关小节</div>,chapter_concept,概念卡,人力资源管理计划,,A,2,章节概念,人力资源与沟通管理,09,人力资源与沟通管理,T-COM-001;T-HR-001,沟通渠道计算与干系人参与管理;项目人力资源管理：组织计划、团队建设与团队管理,SRC-CH-09-001,topic_learning_packages/topics/09_人力资源与沟通管理/T-COM-001_专题学习包_沟通渠道计算与干系人参与管理.md;topic_learning_packages/topics/09_人力资源与沟通管理/T-HR-001_专题学习包_项目人力资源管理组织计划团队建设与团队管理.md,人力资源管理计划,,,keep,Front 聚焦“人力资源管理计划”这一章内概念，Back 一句话定边界，Extra 给出本概念的题干信号。,ruankao ruankao::build::20260520_235046 ruankao::chapter::09 ruankao::domain::人力资源与沟通管理 ruankao::type::概念卡 ruankao::importance::A ruankao::difficulty::2 ruankao::review::keep ruankao::chapter_concept,sha256:e9c69d50f2b2ae072e7be148
软考::系统集成项目管理工程师::09_人力资源与沟通管理::章节概念卡::09_人力资源与沟通管理_概念卡,RuankaoTopicCard,RAM是什么？,责任分配矩阵 RAM 把工作包与项目成员或组织单元对应起来。,<div>理解：用于看谁负责什么，RACI 是常见形式。</div><div>题干信号：工作包、责任</div><div>来源：09_人力资源与沟通管理 专题包 / topic_build_full 相关小节</div>,chapter_concept,概念卡,RAM,,A,2,章节概念,人力资源与沟通管理,09,人力资源与沟通管理,T-COM-001;T-HR-001,沟通渠道计算与干系人参与管理;项目人力资源管理：组织计划、团队建设与团队管理,SRC-CH-09-002,topic_learning_packages/topics/09_人力资源与沟通管理/T-COM-001_专题学习包_沟通渠道计算与干系人参与管理.md;topic_learning_packages/topics/09_人力资源与沟通管理/T-HR-001_专题学习包_项目人力资源管理组织计划团队建设与团队管理.md,RAM,,,keep,Front 聚焦“RAM”这一章内概念，Back 一句话定边界，Extra 给出本概念的题干信号。,ruankao ruankao::build::20260520_235046 ruankao::chapter::09 ruankao::domain::人力资源与沟通管理 ruankao::type::概念卡 ruankao::importance::A ruankao::difficulty::2 ruankao::review::keep ruankao::chapter_concept,sha256:aba647d5264b53fb0d3ef907
软考::系统集成项目管理工程师::09_人力资源与沟通管理::章节概念卡::09_人力资源与沟通管理_概念卡,RuankaoTopicCard,RACI是什么？,RACI 用负责、批准、咨询、知会表示责任角色。,<div>理解：一个活动最好有明确批准者，避免责任不清。</div><div>题干信号：负责批准咨询知会</div><div>来源：09_人力资源与沟通管理 专题包 / topic_build_full 相关小节</div>,chapter_concept,概念卡,RACI,,B,3,章节概念,人力资源与沟通管理,09,人力资源与沟通管理,T-COM-001;T-HR-001,沟通渠道计算与干系人参与管理;项目人力资源管理：组织计划、团队建设与团队管理,SRC-CH-09-003,topic_learning_packages/topics/09_人力资源与沟通管理/T-COM-001_专题学习包_沟通渠道计算与干系人参与管理.md;topic_learning_packages/topics/09_人力资源与沟通管理/T-HR-001_专题学习包_项目人力资源管理组织计划团队建设与团队管理.md,RACI,,,keep,Front 聚焦“RACI”这一章内概念，Back 一句话定边界，Extra 给出本概念的题干信号。,ruankao ruankao::build::20260520_235046 ruankao::chapter::09 ruankao::domain::人力资源与沟通管理 ruankao::type::概念卡 ruankao::importance::B ruankao::difficulty::3 ruankao::review::keep ruankao::chapter_concept,sha256:d3e91f7cf3745297a849f175
软考::系统集成项目管理工程师::09_人力资源与沟通管理::章节概念卡::09_人力资源与沟通管理_概念卡,RuankaoTopicCard,OBS是什么？,组织分解结构 OBS 按组织层级分解项目责任。,<div>理解：WBS 看成果，OBS 看组织。</div><div>题干信号：组织层级</div><div>来源：09_人力资源与沟通管理 专题包 / topic_build_full 相关小节</div>,chapter_concept,概念卡,OBS,,B,3,章节概念,人力资源与沟通管理,09,人力资源与沟通管理,T-COM-001;T-HR-001,沟通渠道计算与干系人参与管理;项目人力资源管理：组织计划、团队建设与团队管理,SRC-CH-09-004,topic_learning_packages/topics/09_人力资源与沟通管理/T-COM-001_专题学习包_沟通渠道计算与干系人参与管理.md;topic_learning_packages/topics/09_人力资源与沟通管理/T-HR-001_专题学习包_项目人力资源管理组织计划团队建设与团队管理.md,OBS,,,keep,Front 聚焦“OBS”这一章内概念，Back 一句话定边界，Extra 给出本概念的题干信号。,ruankao ruankao::build::20260520_235046 ruankao::chapter::09 ruankao::domain::人力资源与沟通管理 ruankao::type::概念卡 ruankao::importance::B ruankao::difficulty::3 ruankao::review::keep ruankao::chapter_concept,sha256:7cc70a2139c51632ffb6befb
软考::系统集成项目管理工程师::09_人力资源与沟通管理::章节概念卡::09_人力资源与沟通管理_概念卡,RuankaoTopicCard,团队建设是什么？,团队建设通过培训、规则、激励和协作提升团队绩效。,<div>理解：奖励加班不一定利于团队建设，尤其当加班源于计划不当。</div><div>题干信号：协作、绩效、规则</div><div>来源：09_人力资源与沟通管理 专题包 / topic_build_full 相关小节</div>,chapter_concept,概念卡,团队建设,,A,2,章节概念,人力资源与沟通管理,09,人力资源与沟通管理,T-COM-001;T-HR-001,沟通渠道计算与干系人参与管理;项目人力资源管理：组织计划、团队建设与团队管理,SRC-CH-09-005,topic_learning_packages/topics/09_人力资源与沟通管理/T-COM-001_专题学习包_沟通渠道计算与干系人参与管理.md;topic_learning_packages/topics/09_人力资源与沟通管理/T-HR-001_专题学习包_项目人力资源管理组织计划团队建设与团队管理.md,团队建设,,,keep,Front 聚焦“团队建设”这一章内概念，Back 一句话定边界，Extra 给出本概念的题干信号。,ruankao ruankao::build::20260520_235046 ruankao::chapter::09 ruankao::domain::人力资源与沟通管理 ruankao::type::概念卡 ruankao::importance::A ruankao::difficulty::2 ruankao::review::keep ruankao::chapter_concept,sha256:6a76771d78b64038516c4fcc
软考::系统集成项目管理工程师::09_人力资源与沟通管理::章节概念卡::09_人力资源与沟通管理_概念卡,RuankaoTopicCard,塔克曼模型是什么？,塔克曼模型描述团队形成、震荡、规范、成熟和解散的发展阶段。,<div>理解：译名有教材口径风险，完整背诵需核验。</div><div>题干信号：形成震荡规范成熟</div><div>来源：09_人力资源与沟通管理 专题包 / topic_build_full 相关小节</div>,chapter_concept,概念卡,塔克曼模型,,B,3,章节概念,人力资源与沟通管理,09,人力资源与沟通管理,T-COM-001;T-HR-001,沟通渠道计算与干系人参与管理;项目人力资源管理：组织计划、团队建设与团队管理,SRC-CH-09-006,topic_learning_packages/topics/09_人力资源与沟通管理/T-COM-001_专题学习包_沟通渠道计算与干系人参与管理.md;topic_learning_packages/topics/09_人力资源与沟通管理/T-HR-001_专题学习包_项目人力资源管理组织计划团队建设与团队管理.md,塔克曼模型,,,keep,Front 聚焦“塔克曼模型”这一章内概念，Back 一句话定边界，Extra 给出本概念的题干信号。,ruankao ruankao::build::20260520_235046 ruankao::chapter::09 ruankao::domain::人力资源与沟通管理 ruankao::type::概念卡 ruankao::importance::B ruankao::difficulty::3 ruankao::review::keep ruankao::chapter_concept,sha256:5c2c4dc8b3facb2f1484ec8a
软考::系统集成项目管理工程师::09_人力资源与沟通管理::章节概念卡::09_人力资源与沟通管理_概念卡,RuankaoTopicCard,冲突管理是什么？,冲突管理通过合作、妥协、缓和、强制、撤退等方式处理分歧。,<div>理解：问题解决/合作通常是更积极的方式。</div><div>题干信号：合作、妥协、撤退</div><div>来源：09_人力资源与沟通管理 专题包 / topic_build_full 相关小节</div>,chapter_concept,概念卡,冲突管理,,A,2,章节概念,人力资源与沟通管理,09,人力资源与沟通管理,T-COM-001;T-HR-001,沟通渠道计算与干系人参与管理;项目人力资源管理：组织计划、团队建设与团队管理,SRC-CH-09-007,topic_learning_packages/topics/09_人力资源与沟通管理/T-COM-001_专题学习包_沟通渠道计算与干系人参与管理.md;topic_learning_packages/topics/09_人力资源与沟通管理/T-HR-001_专题学习包_项目人力资源管理组织计划团队建设与团队管理.md,冲突管理,,,keep,Front 聚焦“冲突管理”这一章内概念，Back 一句话定边界，Extra 给出本概念的题干信号。,ruankao ruankao::build::20260520_235046 ruankao::chapter::09 ruankao::domain::人力资源与沟通管理 ruankao::type::概念卡 ruankao::importance::A ruankao::difficulty::2 ruankao::review::keep ruankao::chapter_concept,sha256:0bc27ede96b6642b57fe6b56
软考::系统集成项目管理工程师::09_人力资源与沟通管理::章节概念卡::09_人力资源与沟通管理_概念卡,RuankaoTopicCard,沟通渠道数是什么？,沟通渠道数表示 n 个成员之间潜在沟通路径，常用 n(n-1)/2。,<div>理解：新增人员会显著增加沟通复杂度。</div><div>题干信号：n(n-1)/2</div><div>来源：09_人力资源与沟通管理 专题包 / topic_build_full 相关小节</div>,chapter_concept,概念卡,沟通渠道数,,A,2,章节概念,人力资源与沟通管理,09,人力资源与沟通管理,T-COM-001;T-HR-001,沟通渠道计算与干系人参与管理;项目人力资源管理：组织计划、团队建设与团队管理,SRC-CH-09-008,topic_learning_packages/topics/09_人力资源与沟通管理/T-COM-001_专题学习包_沟通渠道计算与干系人参与管理.md;topic_learning_packages/topics/09_人力资源与沟通管理/T-HR-001_专题学习包_项目人力资源管理组织计划团队建设与团队管理.md,沟通渠道数,,,keep,Front 聚焦“沟通渠道数”这一章内概念，Back 一句话定边界，Extra 给出本概念的题干信号。,ruankao ruankao::build::20260520_235046 ruankao::chapter::09 ruankao::domain::人力资源与沟通管理 ruankao::type::概念卡 ruankao::importance::A ruankao::difficulty::2 ruankao::review::keep ruankao::chapter_concept,sha256:020f3321b0c58575d3f0c232
软考::系统集成项目管理工程师::09_人力资源与沟通管理::章节概念卡::09_人力资源与沟通管理_概念卡,RuankaoTopicCard,推式沟通是什么？,推式沟通把信息发送给特定接收者，但不保证对方理解。,<div>理解：邮件、备忘录常是推式。</div><div>题干信号：发送给特定对象</div><div>来源：09_人力资源与沟通管理 专题包 / topic_build_full 相关小节</div>,chapter_concept,概念卡,推式沟通,,B,3,章节概念,人力资源与沟通管理,09,人力资源与沟通管理,T-COM-001;T-HR-001,沟通渠道计算与干系人参与管理;项目人力资源管理：组织计划、团队建设与团队管理,SRC-CH-09-009,topic_learning_packages/topics/09_人力资源与沟通管理/T-COM-001_专题学习包_沟通渠道计算与干系人参与管理.md;topic_learning_packages/topics/09_人力资源与沟通管理/T-HR-001_专题学习包_项目人力资源管理组织计划团队建设与团队管理.md,推式沟通,,,keep,Front 聚焦“推式沟通”这一章内概念，Back 一句话定边界，Extra 给出本概念的题干信号。,ruankao ruankao::build::20260520_235046 ruankao::chapter::09 ruankao::domain::人力资源与沟通管理 ruankao::type::概念卡 ruankao::importance::B ruankao::difficulty::3 ruankao::review::keep ruankao::chapter_concept,sha256:e1427d9cc589d9914aa816b7
软考::系统集成项目管理工程师::09_人力资源与沟通管理::章节概念卡::09_人力资源与沟通管理_概念卡,RuankaoTopicCard,拉式沟通是什么？,拉式沟通让接收者按需获取信息，适合大量信息和大受众。,<div>理解：知识库、网站、公告库常是拉式。</div><div>题干信号：按需获取、大量信息</div><div>来源：09_人力资源与沟通管理 专题包 / topic_build_full 相关小节</div>,chapter_concept,概念卡,拉式沟通,,B,3,章节概念,人力资源与沟通管理,09,人力资源与沟通管理,T-COM-001;T-HR-001,沟通渠道计算与干系人参与管理;项目人力资源管理：组织计划、团队建设与团队管理,SRC-CH-09-010,topic_learning_packages/topics/09_人力资源与沟通管理/T-COM-001_专题学习包_沟通渠道计算与干系人参与管理.md;topic_learning_packages/topics/09_人力资源与沟通管理/T-HR-001_专题学习包_项目人力资源管理组织计划团队建设与团队管理.md,拉式沟通,,,keep,Front 聚焦“拉式沟通”这一章内概念，Back 一句话定边界，Extra 给出本概念的题干信号。,ruankao ruankao::build::20260520_235046 ruankao::chapter::09 ruankao::domain::人力资源与沟通管理 ruankao::type::概念卡 ruankao::importance::B ruankao::difficulty::3 ruankao::review::keep ruankao::chapter_concept,sha256:6bbc159ecf6e04d5cabe1cad
软考::系统集成项目管理工程师::待核验与复查,RuankaoTopicCard,人力资源与沟通管理中哪些概念不应直接按数字或版本背诵？,涉及法规数字、标准编号、过程名称版本差异或教材译名的内容，应先核验教材或现行法规。,<div>理解：这类卡只提醒隔离风险，不把不稳定数字塞进主复习。</div><div>来源：pending_verification_register.md</div>,chapter_concept,待核验卡,教材口径待核验项,,C,3,待核验,人力资源与沟通管理,09,人力资源与沟通管理,T-COM-001;T-HR-001,沟通渠道计算与干系人参与管理;项目人力资源管理：组织计划、团队建设与团队管理,SRC-PV-09,topic_learning_packages/reports/pending_verification_register.md,相关 PV 条目,,,needs_human_review,涉及法规、标准或教材口径差异，方向可复习但具体数字和版本必须人工核验。,ruankao ruankao::build::20260520_235046 ruankao::chapter::09 ruankao::domain::人力资源与沟通管理 ruankao::type::待核验卡 ruankao::importance::C ruankao::difficulty::3 ruankao::review::needs_human_review ruankao::chapter_concept ruankao::needs_review ruankao::not_for_main_review,sha256:277b2f8b3d121fea428cb0b7
软考::系统集成项目管理工程师::10_干系人与风险管理::章节概念卡::10_干系人与风险管理_概念卡,RuankaoTopicCard,干系人是什么？,干系人是能影响项目、受项目影响或认为自己受影响的个人、群体或组织。,<div>理解：不要只看客户，团队、供应商、监管方也可能是干系人。</div><div>题干信号：影响/受影响</div><div>来源：10_干系人与风险管理 专题包 / topic_build_full 相关小节</div>,chapter_concept,概念卡,干系人,,A,2,章节概念,干系人与风险管理,10,干系人与风险管理,T-RISK-001;T-RISK-002,风险识别、风险登记册与风险应对策略;定性/定量风险分析、EMV 与决策树,SRC-CH-10-001,topic_learning_packages/topics/10_干系人与风险管理/T-RISK-001_专题学习包_风险识别风险登记册与风险应对策略.md;topic_learning_packages/topics/10_干系人与风险管理/T-RISK-002_专题学习包_定性定量风险分析EMV与决策树.md,干系人,,,keep,Front 聚焦“干系人”这一章内概念，Back 一句话定边界，Extra 给出本概念的题干信号。,ruankao ruankao::build::20260520_235046 ruankao::chapter::10 ruankao::domain::干系人与风险管理 ruankao::type::概念卡 ruankao::importance::A ruankao::difficulty::2 ruankao::review::keep ruankao::chapter_concept,sha256:bb256b5616dea90a81fd0705
软考::系统集成项目管理工程师::10_干系人与风险管理::章节概念卡::10_干系人与风险管理_概念卡,RuankaoTopicCard,干系人登记册是什么？,干系人登记册记录干系人身份、需求、期望、影响力和分类等信息。,<div>理解：它是识别干系人的输出，也是管理参与的重要依据。</div><div>题干信号：身份、需求、影响</div><div>来源：10_干系人与风险管理 专题包 / topic_build_full 相关小节</div>,chapter_concept,概念卡,干系人登记册,,A,2,章节概念,干系人与风险管理,10,干系人与风险管理,T-RISK-001;T-RISK-002,风险识别、风险登记册与风险应对策略;定性/定量风险分析、EMV 与决策树,SRC-CH-10-002,topic_learning_packages/topics/10_干系人与风险管理/T-RISK-001_专题学习包_风险识别风险登记册与风险应对策略.md;topic_learning_packages/topics/10_干系人与风险管理/T-RISK-002_专题学习包_定性定量风险分析EMV与决策树.md,干系人登记册,,,keep,Front 聚焦“干系人登记册”这一章内概念，Back 一句话定边界，Extra 给出本概念的题干信号。,ruankao ruankao::build::20260520_235046 ruankao::chapter::10 ruankao::domain::干系人与风险管理 ruankao::type::概念卡 ruankao::importance::A ruankao::difficulty::2 ruankao::review::keep ruankao::chapter_concept,sha256:16b96985e19a48a8a3254f8e
软考::系统集成项目管理工程师::10_干系人与风险管理::章节概念卡::10_干系人与风险管理_概念卡,RuankaoTopicCard,权力利益方格是什么？,权力利益方格按权力和利益对干系人分类，帮助制定管理策略。,<div>理解：高权力高利益通常重点管理。</div><div>题干信号：权力、利益、策略</div><div>来源：10_干系人与风险管理 专题包 / topic_build_full 相关小节</div>,chapter_concept,概念卡,权力利益方格,,B,3,章节概念,干系人与风险管理,10,干系人与风险管理,T-RISK-001;T-RISK-002,风险识别、风险登记册与风险应对策略;定性/定量风险分析、EMV 与决策树,SRC-CH-10-003,topic_learning_packages/topics/10_干系人与风险管理/T-RISK-001_专题学习包_风险识别风险登记册与风险应对策略.md;topic_learning_packages/topics/10_干系人与风险管理/T-RISK-002_专题学习包_定性定量风险分析EMV与决策树.md,权力利益方格,,,keep,Front 聚焦“权力利益方格”这一章内概念，Back 一句话定边界，Extra 给出本概念的题干信号。,ruankao ruankao::build::20260520_235046 ruankao::chapter::10 ruankao::domain::干系人与风险管理 ruankao::type::概念卡 ruankao::importance::B ruankao::difficulty::3 ruankao::review::keep ruankao::chapter_concept,sha256:6da1307bb8d3a0953b4cd764
软考::系统集成项目管理工程师::10_干系人与风险管理::章节概念卡::10_干系人与风险管理_概念卡,RuankaoTopicCard,干系人参与度评估矩阵是什么？,参与度评估矩阵比较干系人当前参与程度和期望参与程度。,<div>理解：题干问当前/期望差距，想到参与度矩阵。</div><div>题干信号：当前参与、期望参与</div><div>来源：10_干系人与风险管理 专题包 / topic_build_full 相关小节</div>,chapter_concept,概念卡,干系人参与度评估矩阵,,B,3,章节概念,干系人与风险管理,10,干系人与风险管理,T-RISK-001;T-RISK-002,风险识别、风险登记册与风险应对策略;定性/定量风险分析、EMV 与决策树,SRC-CH-10-004,topic_learning_packages/topics/10_干系人与风险管理/T-RISK-001_专题学习包_风险识别风险登记册与风险应对策略.md;topic_learning_packages/topics/10_干系人与风险管理/T-RISK-002_专题学习包_定性定量风险分析EMV与决策树.md,干系人参与度评估矩阵,,,keep,Front 聚焦“干系人参与度评估矩阵”这一章内概念，Back 一句话定边界，Extra 给出本概念的题干信号。,ruankao ruankao::build::20260520_235046 ruankao::chapter::10 ruankao::domain::干系人与风险管理 ruankao::type::概念卡 ruankao::importance::B ruankao::difficulty::3 ruankao::review::keep ruankao::chapter_concept,sha256:434439fc3b05b573adbf3554
软考::系统集成项目管理工程师::10_干系人与风险管理::章节概念卡::10_干系人与风险管理_概念卡,RuankaoTopicCard,风险是什么？,风险是不确定事件或条件，一旦发生会对目标产生正面或负面影响。,<div>理解：风险未发生；已经发生的问题不再只是风险。</div><div>题干信号：不确定、目标影响</div><div>来源：10_干系人与风险管理 专题包 / topic_build_full 相关小节</div>,chapter_concept,概念卡,风险,,A,2,章节概念,干系人与风险管理,10,干系人与风险管理,T-RISK-001;T-RISK-002,风险识别、风险登记册与风险应对策略;定性/定量风险分析、EMV 与决策树,SRC-CH-10-005,topic_learning_packages/topics/10_干系人与风险管理/T-RISK-001_专题学习包_风险识别风险登记册与风险应对策略.md;topic_learning_packages/topics/10_干系人与风险管理/T-RISK-002_专题学习包_定性定量风险分析EMV与决策树.md,风险,,,keep,Front 聚焦“风险”这一章内概念，Back 一句话定边界，Extra 给出本概念的题干信号。,ruankao ruankao::build::20260520_235046 ruankao::chapter::10 ruankao::domain::干系人与风险管理 ruankao::type::概念卡 ruankao::importance::A ruankao::difficulty::2 ruankao::review::keep ruankao::chapter_concept,sha256:4db4dfc17c517c00ff7b6afe
软考::系统集成项目管理工程师::10_干系人与风险管理::章节概念卡::10_干系人与风险管理_概念卡,RuankaoTopicCard,风险登记册是什么？,风险登记册记录已识别风险、原因、责任人、应对措施和状态。,<div>理解：它随风险管理过程持续更新。</div><div>题干信号：风险、原因、应对</div><div>来源：10_干系人与风险管理 专题包 / topic_build_full 相关小节</div>,chapter_concept,概念卡,风险登记册,,A,2,章节概念,干系人与风险管理,10,干系人与风险管理,T-RISK-001;T-RISK-002,风险识别、风险登记册与风险应对策略;定性/定量风险分析、EMV 与决策树,SRC-CH-10-006,topic_learning_packages/topics/10_干系人与风险管理/T-RISK-001_专题学习包_风险识别风险登记册与风险应对策略.md;topic_learning_packages/topics/10_干系人与风险管理/T-RISK-002_专题学习包_定性定量风险分析EMV与决策树.md,风险登记册,,,keep,Front 聚焦“风险登记册”这一章内概念，Back 一句话定边界，Extra 给出本概念的题干信号。,ruankao ruankao::build::20260520_235046 ruankao::chapter::10 ruankao::domain::干系人与风险管理 ruankao::type::概念卡 ruankao::importance::A ruankao::difficulty::2 ruankao::review::keep ruankao::chapter_concept,sha256:d26fa51e4df86b07403f08b1
软考::系统集成项目管理工程师::10_干系人与风险管理::章节概念卡::10_干系人与风险管理_概念卡,RuankaoTopicCard,风险分解结构 RBS是什么？,RBS 按类别分解风险来源，帮助系统识别风险。,<div>理解：不要和资源分解结构混淆。</div><div>题干信号：风险类别、来源</div><div>来源：10_干系人与风险管理 专题包 / topic_build_full 相关小节</div>,chapter_concept,概念卡,风险分解结构 RBS,,B,3,章节概念,干系人与风险管理,10,干系人与风险管理,T-RISK-001;T-RISK-002,风险识别、风险登记册与风险应对策略;定性/定量风险分析、EMV 与决策树,SRC-CH-10-007,topic_learning_packages/topics/10_干系人与风险管理/T-RISK-001_专题学习包_风险识别风险登记册与风险应对策略.md;topic_learning_packages/topics/10_干系人与风险管理/T-RISK-002_专题学习包_定性定量风险分析EMV与决策树.md,风险分解结构 RBS,,,keep,Front 聚焦“风险分解结构 RBS”这一章内概念，Back 一句话定边界，Extra 给出本概念的题干信号。,ruankao ruankao::build::20260520_235046 ruankao::chapter::10 ruankao::domain::干系人与风险管理 ruankao::type::概念卡 ruankao::importance::B ruankao::difficulty::3 ruankao::review::keep ruankao::chapter_concept,sha256:cd4f29f0df2a80ef21e46a61
软考::系统集成项目管理工程师::10_干系人与风险管理::章节概念卡::10_干系人与风险管理_概念卡,RuankaoTopicCard,残余风险是什么？,残余风险是实施风险应对后仍然存在的风险。,<div>理解：不是没处理，而是处理后仍保留。</div><div>题干信号：应对后仍存在</div><div>来源：10_干系人与风险管理 专题包 / topic_build_full 相关小节</div>,chapter_concept,概念卡,残余风险,,B,3,章节概念,干系人与风险管理,10,干系人与风险管理,T-RISK-001;T-RISK-002,风险识别、风险登记册与风险应对策略;定性/定量风险分析、EMV 与决策树,SRC-CH-10-008,topic_learning_packages/topics/10_干系人与风险管理/T-RISK-001_专题学习包_风险识别风险登记册与风险应对策略.md;topic_learning_packages/topics/10_干系人与风险管理/T-RISK-002_专题学习包_定性定量风险分析EMV与决策树.md,残余风险,,,keep,Front 聚焦“残余风险”这一章内概念，Back 一句话定边界，Extra 给出本概念的题干信号。,ruankao ruankao::build::20260520_235046 ruankao::chapter::10 ruankao::domain::干系人与风险管理 ruankao::type::概念卡 ruankao::importance::B ruankao::difficulty::3 ruankao::review::keep ruankao::chapter_concept,sha256:0e50e7fa280a1600857ce8db
软考::系统集成项目管理工程师::10_干系人与风险管理::章节概念卡::10_干系人与风险管理_概念卡,RuankaoTopicCard,二次风险是什么？,二次风险是风险应对措施本身引入的新风险。,<div>理解：转移风险后出现供应商依赖就是典型二次风险。</div><div>题干信号：应对引发新风险</div><div>来源：10_干系人与风险管理 专题包 / topic_build_full 相关小节</div>,chapter_concept,概念卡,二次风险,,B,3,章节概念,干系人与风险管理,10,干系人与风险管理,T-RISK-001;T-RISK-002,风险识别、风险登记册与风险应对策略;定性/定量风险分析、EMV 与决策树,SRC-CH-10-009,topic_learning_packages/topics/10_干系人与风险管理/T-RISK-001_专题学习包_风险识别风险登记册与风险应对策略.md;topic_learning_packages/topics/10_干系人与风险管理/T-RISK-002_专题学习包_定性定量风险分析EMV与决策树.md,二次风险,,,keep,Front 聚焦“二次风险”这一章内概念，Back 一句话定边界，Extra 给出本概念的题干信号。,ruankao ruankao::build::20260520_235046 ruankao::chapter::10 ruankao::domain::干系人与风险管理 ruankao::type::概念卡 ruankao::importance::B ruankao::difficulty::3 ruankao::review::keep ruankao::chapter_concept,sha256:67175ba62584d47c5a33e7ad
软考::系统集成项目管理工程师::10_干系人与风险管理::章节概念卡::10_干系人与风险管理_概念卡,RuankaoTopicCard,EMV是什么？,预期货币价值 EMV 用概率乘以影响值，评价不确定结果的期望收益或损失。,<div>理解：机会取正值，威胁取负值，注意符号。</div><div>题干信号：概率×影响</div><div>来源：10_干系人与风险管理 专题包 / topic_build_full 相关小节</div>,chapter_concept,概念卡,EMV,,A,2,章节概念,干系人与风险管理,10,干系人与风险管理,T-RISK-001;T-RISK-002,风险识别、风险登记册与风险应对策略;定性/定量风险分析、EMV 与决策树,SRC-CH-10-010,topic_learning_packages/topics/10_干系人与风险管理/T-RISK-001_专题学习包_风险识别风险登记册与风险应对策略.md;topic_learning_packages/topics/10_干系人与风险管理/T-RISK-002_专题学习包_定性定量风险分析EMV与决策树.md,EMV,,,keep,Front 聚焦“EMV”这一章内概念，Back 一句话定边界，Extra 给出本概念的题干信号。,ruankao ruankao::build::20260520_235046 ruankao::chapter::10 ruankao::domain::干系人与风险管理 ruankao::type::概念卡 ruankao::importance::A ruankao::difficulty::2 ruankao::review::keep ruankao::chapter_concept,sha256:6bfaf82cfb4e699894ccec7a
软考::系统集成项目管理工程师::11_采购与合同管理::章节概念卡::11_采购与合同管理_概念卡,RuankaoTopicCard,采购管理计划是什么？,采购管理计划说明采购什么、如何采购、何时采购以及如何管理合同。,<div>理解：它是采购活动的管理规则，不是供应商报价单。</div><div>题干信号：采购策略、合同管理</div><div>来源：11_采购与合同管理 专题包 / topic_build_full 相关小节</div>,chapter_concept,概念卡,采购管理计划,,A,2,章节概念,采购与合同管理,11,采购与合同管理,T-PROC-001;T-PROC-002,合同类型、风险分配与采购决策;招投标、政府采购与采购流程管理,SRC-CH-11-001,topic_learning_packages/topics/11_采购与合同管理/T-PROC-001_专题学习包_合同类型选择与风险分配.md;topic_learning_packages/topics/11_采购与合同管理/T-PROC-002_专题学习包_招投标政府采购与采购流程管理.md,采购管理计划,,,keep,Front 聚焦“采购管理计划”这一章内概念，Back 一句话定边界，Extra 给出本概念的题干信号。,ruankao ruankao::build::20260520_235046 ruankao::chapter::11 ruankao::domain::采购与合同管理 ruankao::type::概念卡 ruankao::importance::A ruankao::difficulty::2 ruankao::review::keep ruankao::chapter_concept,sha256:e4b4438fb2d2d4cfa092a6a1
软考::系统集成项目管理工程师::11_采购与合同管理::章节概念卡::11_采购与合同管理_概念卡,RuankaoTopicCard,自制外购分析是什么？,自制外购分析判断某项工作由内部完成还是从外部采购更合适。,<div>理解：题干出现成本、能力、风险、保密性比较，想到自制外购。</div><div>题干信号：内部 vs 外部</div><div>来源：11_采购与合同管理 专题包 / topic_build_full 相关小节</div>,chapter_concept,概念卡,自制外购分析,,A,2,章节概念,采购与合同管理,11,采购与合同管理,T-PROC-001;T-PROC-002,合同类型、风险分配与采购决策;招投标、政府采购与采购流程管理,SRC-CH-11-002,topic_learning_packages/topics/11_采购与合同管理/T-PROC-001_专题学习包_合同类型选择与风险分配.md;topic_learning_packages/topics/11_采购与合同管理/T-PROC-002_专题学习包_招投标政府采购与采购流程管理.md,自制外购分析,,,keep,Front 聚焦“自制外购分析”这一章内概念，Back 一句话定边界，Extra 给出本概念的题干信号。,ruankao ruankao::build::20260520_235046 ruankao::chapter::11 ruankao::domain::采购与合同管理 ruankao::type::概念卡 ruankao::importance::A ruankao::difficulty::2 ruankao::review::keep ruankao::chapter_concept,sha256:e878fcdaa4c5ecea53d94fd6
软考::系统集成项目管理工程师::11_采购与合同管理::章节概念卡::11_采购与合同管理_概念卡,RuankaoTopicCard,采购工作说明书是什么？,采购 SOW 描述采购物品或服务的工作范围、规格和验收要求。,<div>理解：写得越清楚，合同争议越少。</div><div>题干信号：采购范围、验收要求</div><div>来源：11_采购与合同管理 专题包 / topic_build_full 相关小节</div>,chapter_concept,概念卡,采购工作说明书,,A,2,章节概念,采购与合同管理,11,采购与合同管理,T-PROC-001;T-PROC-002,合同类型、风险分配与采购决策;招投标、政府采购与采购流程管理,SRC-CH-11-003,topic_learning_packages/topics/11_采购与合同管理/T-PROC-001_专题学习包_合同类型选择与风险分配.md;topic_learning_packages/topics/11_采购与合同管理/T-PROC-002_专题学习包_招投标政府采购与采购流程管理.md,采购工作说明书,,,keep,Front 聚焦“采购工作说明书”这一章内概念，Back 一句话定边界，Extra 给出本概念的题干信号。,ruankao ruankao::build::20260520_235046 ruankao::chapter::11 ruankao::domain::采购与合同管理 ruankao::type::概念卡 ruankao::importance::A ruankao::difficulty::2 ruankao::review::keep ruankao::chapter_concept,sha256:989172cd7a5043870eb96693
软考::系统集成项目管理工程师::11_采购与合同管理::章节概念卡::11_采购与合同管理_概念卡,RuankaoTopicCard,固定总价合同是什么？,固定总价合同约定总价，买方成本风险较低，卖方风险较高。,<div>理解：需求明确时适合固定总价。</div><div>题干信号：总价固定、卖方风险高</div><div>来源：11_采购与合同管理 专题包 / topic_build_full 相关小节</div>,chapter_concept,概念卡,固定总价合同,,A,2,章节概念,采购与合同管理,11,采购与合同管理,T-PROC-001;T-PROC-002,合同类型、风险分配与采购决策;招投标、政府采购与采购流程管理,SRC-CH-11-004,topic_learning_packages/topics/11_采购与合同管理/T-PROC-001_专题学习包_合同类型选择与风险分配.md;topic_learning_packages/topics/11_采购与合同管理/T-PROC-002_专题学习包_招投标政府采购与采购流程管理.md,固定总价合同,,,keep,Front 聚焦“固定总价合同”这一章内概念，Back 一句话定边界，Extra 给出本概念的题干信号。,ruankao ruankao::build::20260520_235046 ruankao::chapter::11 ruankao::domain::采购与合同管理 ruankao::type::概念卡 ruankao::importance::A ruankao::difficulty::2 ruankao::review::keep ruankao::chapter_concept,sha256:7073bd8db95452c13c4cc1e7
软考::系统集成项目管理工程师::11_采购与合同管理::章节概念卡::11_采购与合同管理_概念卡,RuankaoTopicCard,成本补偿合同是什么？,成本补偿合同补偿卖方允许成本并加费用，买方成本风险较高。,<div>理解：需求不确定、研发性强时常见。</div><div>题干信号：补偿成本、买方风险高</div><div>来源：11_采购与合同管理 专题包 / topic_build_full 相关小节</div>,chapter_concept,概念卡,成本补偿合同,,A,2,章节概念,采购与合同管理,11,采购与合同管理,T-PROC-001;T-PROC-002,合同类型、风险分配与采购决策;招投标、政府采购与采购流程管理,SRC-CH-11-005,topic_learning_packages/topics/11_采购与合同管理/T-PROC-001_专题学习包_合同类型选择与风险分配.md;topic_learning_packages/topics/11_采购与合同管理/T-PROC-002_专题学习包_招投标政府采购与采购流程管理.md,成本补偿合同,,,keep,Front 聚焦“成本补偿合同”这一章内概念，Back 一句话定边界，Extra 给出本概念的题干信号。,ruankao ruankao::build::20260520_235046 ruankao::chapter::11 ruankao::domain::采购与合同管理 ruankao::type::概念卡 ruankao::importance::A ruankao::difficulty::2 ruankao::review::keep ruankao::chapter_concept,sha256:69c2594f8ffd9ea33ee23f42
软考::系统集成项目管理工程师::11_采购与合同管理::章节概念卡::11_采购与合同管理_概念卡,RuankaoTopicCard,工料合同是什么？,工料合同按人工单价和材料费用结算，兼具总价和成本补偿特点。,<div>理解：适合工作范围不清但规模较小或时间紧的采购。</div><div>题干信号：按工时材料结算</div><div>来源：11_采购与合同管理 专题包 / topic_build_full 相关小节</div>,chapter_concept,概念卡,工料合同,,B,3,章节概念,采购与合同管理,11,采购与合同管理,T-PROC-001;T-PROC-002,合同类型、风险分配与采购决策;招投标、政府采购与采购流程管理,SRC-CH-11-006,topic_learning_packages/topics/11_采购与合同管理/T-PROC-001_专题学习包_合同类型选择与风险分配.md;topic_learning_packages/topics/11_采购与合同管理/T-PROC-002_专题学习包_招投标政府采购与采购流程管理.md,工料合同,,,keep,Front 聚焦“工料合同”这一章内概念，Back 一句话定边界，Extra 给出本概念的题干信号。,ruankao ruankao::build::20260520_235046 ruankao::chapter::11 ruankao::domain::采购与合同管理 ruankao::type::概念卡 ruankao::importance::B ruankao::difficulty::3 ruankao::review::keep ruankao::chapter_concept,sha256:64c72c3a8e3cd5eed67c731d
软考::系统集成项目管理工程师::11_采购与合同管理::章节概念卡::11_采购与合同管理_概念卡,RuankaoTopicCard,风险分配是什么？,合同类型决定买卖双方承担成本风险的分配。,<div>理解：固定总价卖方风险大，成本补偿买方风险大。</div><div>题干信号：买方/卖方风险</div><div>来源：11_采购与合同管理 专题包 / topic_build_full 相关小节</div>,chapter_concept,概念卡,风险分配,,A,2,章节概念,采购与合同管理,11,采购与合同管理,T-PROC-001;T-PROC-002,合同类型、风险分配与采购决策;招投标、政府采购与采购流程管理,SRC-CH-11-007,topic_learning_packages/topics/11_采购与合同管理/T-PROC-001_专题学习包_合同类型选择与风险分配.md;topic_learning_packages/topics/11_采购与合同管理/T-PROC-002_专题学习包_招投标政府采购与采购流程管理.md,风险分配,,,keep,Front 聚焦“风险分配”这一章内概念，Back 一句话定边界，Extra 给出本概念的题干信号。,ruankao ruankao::build::20260520_235046 ruankao::chapter::11 ruankao::domain::采购与合同管理 ruankao::type::概念卡 ruankao::importance::A ruankao::difficulty::2 ruankao::review::keep ruankao::chapter_concept,sha256:ce26e1749665fe6e7e5d1956
软考::系统集成项目管理工程师::11_采购与合同管理::章节概念卡::11_采购与合同管理_概念卡,RuankaoTopicCard,索赔是什么？,索赔是合同一方因对方违约、变更或不可抗力等请求补偿。,<div>理解：索赔要靠合同、记录、变更和验收证据支撑。</div><div>题干信号：补偿、证据链</div><div>来源：11_采购与合同管理 专题包 / topic_build_full 相关小节</div>,chapter_concept,概念卡,索赔,,B,3,章节概念,采购与合同管理,11,采购与合同管理,T-PROC-001;T-PROC-002,合同类型、风险分配与采购决策;招投标、政府采购与采购流程管理,SRC-CH-11-008,topic_learning_packages/topics/11_采购与合同管理/T-PROC-001_专题学习包_合同类型选择与风险分配.md;topic_learning_packages/topics/11_采购与合同管理/T-PROC-002_专题学习包_招投标政府采购与采购流程管理.md,索赔,,,keep,Front 聚焦“索赔”这一章内概念，Back 一句话定边界，Extra 给出本概念的题干信号。,ruankao ruankao::build::20260520_235046 ruankao::chapter::11 ruankao::domain::采购与合同管理 ruankao::type::概念卡 ruankao::importance::B ruankao::difficulty::3 ruankao::review::keep ruankao::chapter_concept,sha256:77071c3231cdb7c92a1188d4
软考::系统集成项目管理工程师::11_采购与合同管理::章节概念卡::11_采购与合同管理_概念卡,RuankaoTopicCard,合同收尾是什么？,合同收尾确认合同义务完成、处理未决索赔并完成结算归档。,<div>理解：供应商、尾款、索赔、合同归档是信号。</div><div>题干信号：结算、索赔、归档</div><div>来源：11_采购与合同管理 专题包 / topic_build_full 相关小节</div>,chapter_concept,概念卡,合同收尾,,A,2,章节概念,采购与合同管理,11,采购与合同管理,T-PROC-001;T-PROC-002,合同类型、风险分配与采购决策;招投标、政府采购与采购流程管理,SRC-CH-11-009,topic_learning_packages/topics/11_采购与合同管理/T-PROC-001_专题学习包_合同类型选择与风险分配.md;topic_learning_packages/topics/11_采购与合同管理/T-PROC-002_专题学习包_招投标政府采购与采购流程管理.md,合同收尾,,,keep,Front 聚焦“合同收尾”这一章内概念，Back 一句话定边界，Extra 给出本概念的题干信号。,ruankao ruankao::build::20260520_235046 ruankao::chapter::11 ruankao::domain::采购与合同管理 ruankao::type::概念卡 ruankao::importance::A ruankao::difficulty::2 ruankao::review::keep ruankao::chapter_concept,sha256:8acdede99b00d6cd47446860
软考::系统集成项目管理工程师::待核验与复查,RuankaoTopicCard,采购与合同管理中哪些概念不应直接按数字或版本背诵？,涉及法规数字、标准编号、过程名称版本差异或教材译名的内容，应先核验教材或现行法规。,<div>理解：这类卡只提醒隔离风险，不把不稳定数字塞进主复习。</div><div>来源：pending_verification_register.md</div>,chapter_concept,待核验卡,教材口径待核验项,,C,3,待核验,采购与合同管理,11,采购与合同管理,T-PROC-001;T-PROC-002,合同类型、风险分配与采购决策;招投标、政府采购与采购流程管理,SRC-PV-11,topic_learning_packages/reports/pending_verification_register.md,相关 PV 条目,,,needs_human_review,涉及法规、标准或教材口径差异，方向可复习但具体数字和版本必须人工核验。,ruankao ruankao::build::20260520_235046 ruankao::chapter::11 ruankao::domain::采购与合同管理 ruankao::type::待核验卡 ruankao::importance::C ruankao::difficulty::3 ruankao::review::needs_human_review ruankao::chapter_concept ruankao::needs_review ruankao::not_for_main_review,sha256:a485680e66917df19d82661e
软考::系统集成项目管理工程师::12_配置变更知识产权与法律法规::章节概念卡::12_配置变更知识产权与法律法规_概念卡,RuankaoTopicCard,配置项是什么？,配置项是受配置管理控制的产品、文档或组件。,<div>理解：代码、需求文档、设计文档、测试用例都可能是配置项。</div><div>题干信号：受控对象、文档/组件</div><div>来源：12_配置变更知识产权与法律法规 专题包 / topic_build_full 相关小节</div>,chapter_concept,概念卡,配置项,,A,2,章节概念,配置变更知识产权与法律法规,12,配置变更知识产权与法律法规,T-CFG-001;T-LAW-001,配置管理：配置项、基线、配置库与版本控制;法律法规基础、合同法、招投标法与政府采购法考点,SRC-CH-12-001,topic_learning_packages/topics/12_配置变更知识产权与法律法规/T-CFG-001_专题学习包_配置管理配置项基线配置库与版本控制.md;topic_learning_packages/topics/12_配置变更知识产权与法律法规/T-LAW-001_专题学习包_法律法规基础合同法招投标法与政府采购法考点.md,配置项,,,keep,Front 聚焦“配置项”这一章内概念，Back 一句话定边界，Extra 给出本概念的题干信号。,ruankao ruankao::build::20260520_235046 ruankao::chapter::12 ruankao::domain::配置变更知识产权与法律法规 ruankao::type::概念卡 ruankao::importance::A ruankao::difficulty::2 ruankao::review::keep ruankao::chapter_concept,sha256:b7a90fe0d730dc24c9773f6f
软考::系统集成项目管理工程师::12_配置变更知识产权与法律法规::章节概念卡::12_配置变更知识产权与法律法规_概念卡,RuankaoTopicCard,配置基线是什么？,配置基线是经过正式评审和批准的一组配置项，作为后续变更的依据。,<div>理解：基线一旦建立，变更需走控制流程。</div><div>题干信号：批准、变更依据</div><div>来源：12_配置变更知识产权与法律法规 专题包 / topic_build_full 相关小节</div>,chapter_concept,概念卡,配置基线,,A,2,章节概念,配置变更知识产权与法律法规,12,配置变更知识产权与法律法规,T-CFG-001;T-LAW-001,配置管理：配置项、基线、配置库与版本控制;法律法规基础、合同法、招投标法与政府采购法考点,SRC-CH-12-002,topic_learning_packages/topics/12_配置变更知识产权与法律法规/T-CFG-001_专题学习包_配置管理配置项基线配置库与版本控制.md;topic_learning_packages/topics/12_配置变更知识产权与法律法规/T-LAW-001_专题学习包_法律法规基础合同法招投标法与政府采购法考点.md,配置基线,,,keep,Front 聚焦“配置基线”这一章内概念，Back 一句话定边界，Extra 给出本概念的题干信号。,ruankao ruankao::build::20260520_235046 ruankao::chapter::12 ruankao::domain::配置变更知识产权与法律法规 ruankao::type::概念卡 ruankao::importance::A ruankao::difficulty::2 ruankao::review::keep ruankao::chapter_concept,sha256:56a28c04ba5a0f91ae6b4181
软考::系统集成项目管理工程师::12_配置变更知识产权与法律法规::章节概念卡::12_配置变更知识产权与法律法规_概念卡,RuankaoTopicCard,配置库是什么？,配置库用于保存和管理配置项及其版本。,<div>理解：不同库权限不同，不能随意把受控库当个人目录。</div><div>题干信号：版本保存、权限</div><div>来源：12_配置变更知识产权与法律法规 专题包 / topic_build_full 相关小节</div>,chapter_concept,概念卡,配置库,,A,2,章节概念,配置变更知识产权与法律法规,12,配置变更知识产权与法律法规,T-CFG-001;T-LAW-001,配置管理：配置项、基线、配置库与版本控制;法律法规基础、合同法、招投标法与政府采购法考点,SRC-CH-12-003,topic_learning_packages/topics/12_配置变更知识产权与法律法规/T-CFG-001_专题学习包_配置管理配置项基线配置库与版本控制.md;topic_learning_packages/topics/12_配置变更知识产权与法律法规/T-LAW-001_专题学习包_法律法规基础合同法招投标法与政府采购法考点.md,配置库,,,keep,Front 聚焦“配置库”这一章内概念，Back 一句话定边界，Extra 给出本概念的题干信号。,ruankao ruankao::build::20260520_235046 ruankao::chapter::12 ruankao::domain::配置变更知识产权与法律法规 ruankao::type::概念卡 ruankao::importance::A ruankao::difficulty::2 ruankao::review::keep ruankao::chapter_concept,sha256:0a5e89d54cc5eaa8b25fa8d6
软考::系统集成项目管理工程师::12_配置变更知识产权与法律法规::章节概念卡::12_配置变更知识产权与法律法规_概念卡,RuankaoTopicCard,开发库是什么？,开发库用于开发人员日常修改和自测，控制相对宽松。,<div>理解：它不是正式发布库。</div><div>题干信号：个人/开发、较宽松</div><div>来源：12_配置变更知识产权与法律法规 专题包 / topic_build_full 相关小节</div>,chapter_concept,概念卡,开发库,,B,3,章节概念,配置变更知识产权与法律法规,12,配置变更知识产权与法律法规,T-CFG-001;T-LAW-001,配置管理：配置项、基线、配置库与版本控制;法律法规基础、合同法、招投标法与政府采购法考点,SRC-CH-12-004,topic_learning_packages/topics/12_配置变更知识产权与法律法规/T-CFG-001_专题学习包_配置管理配置项基线配置库与版本控制.md;topic_learning_packages/topics/12_配置变更知识产权与法律法规/T-LAW-001_专题学习包_法律法规基础合同法招投标法与政府采购法考点.md,开发库,,,keep,Front 聚焦“开发库”这一章内概念，Back 一句话定边界，Extra 给出本概念的题干信号。,ruankao ruankao::build::20260520_235046 ruankao::chapter::12 ruankao::domain::配置变更知识产权与法律法规 ruankao::type::概念卡 ruankao::importance::B ruankao::difficulty::3 ruankao::review::keep ruankao::chapter_concept,sha256:27f656430c91b0ce11ba9dc1
软考::系统集成项目管理工程师::12_配置变更知识产权与法律法规::章节概念卡::12_配置变更知识产权与法律法规_概念卡,RuankaoTopicCard,受控库是什么？,受控库保存经过评审或基线化的配置项，变更受控制。,<div>理解：题干出现审批后入库，常指受控库。</div><div>题干信号：评审、受控变更</div><div>来源：12_配置变更知识产权与法律法规 专题包 / topic_build_full 相关小节</div>,chapter_concept,概念卡,受控库,,A,2,章节概念,配置变更知识产权与法律法规,12,配置变更知识产权与法律法规,T-CFG-001;T-LAW-001,配置管理：配置项、基线、配置库与版本控制;法律法规基础、合同法、招投标法与政府采购法考点,SRC-CH-12-005,topic_learning_packages/topics/12_配置变更知识产权与法律法规/T-CFG-001_专题学习包_配置管理配置项基线配置库与版本控制.md;topic_learning_packages/topics/12_配置变更知识产权与法律法规/T-LAW-001_专题学习包_法律法规基础合同法招投标法与政府采购法考点.md,受控库,,,keep,Front 聚焦“受控库”这一章内概念，Back 一句话定边界，Extra 给出本概念的题干信号。,ruankao ruankao::build::20260520_235046 ruankao::chapter::12 ruankao::domain::配置变更知识产权与法律法规 ruankao::type::概念卡 ruankao::importance::A ruankao::difficulty::2 ruankao::review::keep ruankao::chapter_concept,sha256:98ac85e087af3792a1d81336
软考::系统集成项目管理工程师::12_配置变更知识产权与法律法规::章节概念卡::12_配置变更知识产权与法律法规_概念卡,RuankaoTopicCard,产品库是什么？,产品库保存可交付或已发布的软件产品版本。,<div>理解：它面向发布和交付，不是开发人员随意改动的地方。</div><div>题干信号：发布、交付版本</div><div>来源：12_配置变更知识产权与法律法规 专题包 / topic_build_full 相关小节</div>,chapter_concept,概念卡,产品库,,A,2,章节概念,配置变更知识产权与法律法规,12,配置变更知识产权与法律法规,T-CFG-001;T-LAW-001,配置管理：配置项、基线、配置库与版本控制;法律法规基础、合同法、招投标法与政府采购法考点,SRC-CH-12-006,topic_learning_packages/topics/12_配置变更知识产权与法律法规/T-CFG-001_专题学习包_配置管理配置项基线配置库与版本控制.md;topic_learning_packages/topics/12_配置变更知识产权与法律法规/T-LAW-001_专题学习包_法律法规基础合同法招投标法与政府采购法考点.md,产品库,,,keep,Front 聚焦“产品库”这一章内概念，Back 一句话定边界，Extra 给出本概念的题干信号。,ruankao ruankao::build::20260520_235046 ruankao::chapter::12 ruankao::domain::配置变更知识产权与法律法规 ruankao::type::概念卡 ruankao::importance::A ruankao::difficulty::2 ruankao::review::keep ruankao::chapter_concept,sha256:f050768ff9d878a638abf5c4
软考::系统集成项目管理工程师::12_配置变更知识产权与法律法规::章节概念卡::12_配置变更知识产权与法律法规_概念卡,RuankaoTopicCard,配置审计是什么？,配置审计检查配置项是否完整、一致并符合配置管理要求。,<div>理解：它不同于质量审计，关注配置项和版本状态。</div><div>题干信号：完整性、一致性</div><div>来源：12_配置变更知识产权与法律法规 专题包 / topic_build_full 相关小节</div>,chapter_concept,概念卡,配置审计,,B,3,章节概念,配置变更知识产权与法律法规,12,配置变更知识产权与法律法规,T-CFG-001;T-LAW-001,配置管理：配置项、基线、配置库与版本控制;法律法规基础、合同法、招投标法与政府采购法考点,SRC-CH-12-007,topic_learning_packages/topics/12_配置变更知识产权与法律法规/T-CFG-001_专题学习包_配置管理配置项基线配置库与版本控制.md;topic_learning_packages/topics/12_配置变更知识产权与法律法规/T-LAW-001_专题学习包_法律法规基础合同法招投标法与政府采购法考点.md,配置审计,,,keep,Front 聚焦“配置审计”这一章内概念，Back 一句话定边界，Extra 给出本概念的题干信号。,ruankao ruankao::build::20260520_235046 ruankao::chapter::12 ruankao::domain::配置变更知识产权与法律法规 ruankao::type::概念卡 ruankao::importance::B ruankao::difficulty::3 ruankao::review::keep ruankao::chapter_concept,sha256:f1621d2b13538513a30f6a72
软考::系统集成项目管理工程师::12_配置变更知识产权与法律法规::章节概念卡::12_配置变更知识产权与法律法规_概念卡,RuankaoTopicCard,著作权是什么？,著作权保护作品表达，如软件源代码、文档等表达成果。,<div>理解：技术方案本身更可能涉及专利。</div><div>题干信号：表达成果、软件作品</div><div>来源：12_配置变更知识产权与法律法规 专题包 / topic_build_full 相关小节</div>,chapter_concept,概念卡,著作权,,B,3,章节概念,配置变更知识产权与法律法规,12,配置变更知识产权与法律法规,T-CFG-001;T-LAW-001,配置管理：配置项、基线、配置库与版本控制;法律法规基础、合同法、招投标法与政府采购法考点,SRC-CH-12-008,topic_learning_packages/topics/12_配置变更知识产权与法律法规/T-CFG-001_专题学习包_配置管理配置项基线配置库与版本控制.md;topic_learning_packages/topics/12_配置变更知识产权与法律法规/T-LAW-001_专题学习包_法律法规基础合同法招投标法与政府采购法考点.md,著作权,,,keep,Front 聚焦“著作权”这一章内概念，Back 一句话定边界，Extra 给出本概念的题干信号。,ruankao ruankao::build::20260520_235046 ruankao::chapter::12 ruankao::domain::配置变更知识产权与法律法规 ruankao::type::概念卡 ruankao::importance::B ruankao::difficulty::3 ruankao::review::keep ruankao::chapter_concept,sha256:0d71bf10e68e8ba6f1dce753
软考::系统集成项目管理工程师::12_配置变更知识产权与法律法规::章节概念卡::12_配置变更知识产权与法律法规_概念卡,RuankaoTopicCard,专利权是什么？,专利权保护具有新颖性、创造性和实用性的技术方案。,<div>理解：不要把“代码表达”直接说成专利。</div><div>题干信号：技术方案</div><div>来源：12_配置变更知识产权与法律法规 专题包 / topic_build_full 相关小节</div>,chapter_concept,概念卡,专利权,,B,3,章节概念,配置变更知识产权与法律法规,12,配置变更知识产权与法律法规,T-CFG-001;T-LAW-001,配置管理：配置项、基线、配置库与版本控制;法律法规基础、合同法、招投标法与政府采购法考点,SRC-CH-12-009,topic_learning_packages/topics/12_配置变更知识产权与法律法规/T-CFG-001_专题学习包_配置管理配置项基线配置库与版本控制.md;topic_learning_packages/topics/12_配置变更知识产权与法律法规/T-LAW-001_专题学习包_法律法规基础合同法招投标法与政府采购法考点.md,专利权,,,keep,Front 聚焦“专利权”这一章内概念，Back 一句话定边界，Extra 给出本概念的题干信号。,ruankao ruankao::build::20260520_235046 ruankao::chapter::12 ruankao::domain::配置变更知识产权与法律法规 ruankao::type::概念卡 ruankao::importance::B ruankao::difficulty::3 ruankao::review::keep ruankao::chapter_concept,sha256:c69cd77b5ad99c39051dec17
软考::系统集成项目管理工程师::12_配置变更知识产权与法律法规::章节概念卡::12_配置变更知识产权与法律法规_概念卡,RuankaoTopicCard,要约是什么？,要约是希望和他人订立合同的意思表示，内容应具体确定。,<div>理解：招投标场景中的法律性质涉及口径，应对具体题干判断。</div><div>题干信号：订立合同、具体确定</div><div>来源：12_配置变更知识产权与法律法规 专题包 / topic_build_full 相关小节</div>,chapter_concept,概念卡,要约,,B,3,章节概念,配置变更知识产权与法律法规,12,配置变更知识产权与法律法规,T-CFG-001;T-LAW-001,配置管理：配置项、基线、配置库与版本控制;法律法规基础、合同法、招投标法与政府采购法考点,SRC-CH-12-010,topic_learning_packages/topics/12_配置变更知识产权与法律法规/T-CFG-001_专题学习包_配置管理配置项基线配置库与版本控制.md;topic_learning_packages/topics/12_配置变更知识产权与法律法规/T-LAW-001_专题学习包_法律法规基础合同法招投标法与政府采购法考点.md,要约,,,keep,Front 聚焦“要约”这一章内概念，Back 一句话定边界，Extra 给出本概念的题干信号。,ruankao ruankao::build::20260520_235046 ruankao::chapter::12 ruankao::domain::配置变更知识产权与法律法规 ruankao::type::概念卡 ruankao::importance::B ruankao::difficulty::3 ruankao::review::keep ruankao::chapter_concept,sha256:daa8dc5b36122a1e29ee4ba0
软考::系统集成项目管理工程师::待核验与复查,RuankaoTopicCard,配置变更知识产权与法律法规中哪些概念不应直接按数字或版本背诵？,涉及法规数字、标准编号、过程名称版本差异或教材译名的内容，应先核验教材或现行法规。,<div>理解：这类卡只提醒隔离风险，不把不稳定数字塞进主复习。</div><div>来源：pending_verification_register.md</div>,chapter_concept,待核验卡,教材口径待核验项,,C,3,待核验,配置变更知识产权与法律法规,12,配置变更知识产权与法律法规,T-CFG-001;T-LAW-001,配置管理：配置项、基线、配置库与版本控制;法律法规基础、合同法、招投标法与政府采购法考点,SRC-PV-12,topic_learning_packages/reports/pending_verification_register.md,相关 PV 条目,,,needs_human_review,涉及法规、标准或教材口径差异，方向可复习但具体数字和版本必须人工核验。,ruankao ruankao::build::20260520_235046 ruankao::chapter::12 ruankao::domain::配置变更知识产权与法律法规 ruankao::type::待核验卡 ruankao::importance::C ruankao::difficulty::3 ruankao::review::needs_human_review ruankao::chapter_concept ruankao::needs_review ruankao::not_for_main_review,sha256:cb6599e447d86c72958f13b4
软考::系统集成项目管理工程师::13_信息系统技术基础::章节概念卡::13_信息系统技术基础_概念卡,RuankaoTopicCard,ERP是什么？,ERP 企业资源计划整合企业内部资源和业务流程，强调计划、生产、库存、财务等一体化。,<div>理解：题干出现企业内部资源、生产和财务联动，优先想到 ERP。</div><div>题干信号：内部资源、生产财务</div><div>来源：13_信息系统技术基础 专题包 / topic_build_full 相关小节</div>,chapter_concept,概念卡,ERP,,A,2,章节概念,信息系统技术基础,13,信息系统技术基础,T-INFO-002,企业信息化系统：ERP、CRM、SCM、BI、EAI 辨析,SRC-CH-13-001,topic_learning_packages/topics/13_信息系统技术基础/T-INFO-002_专题学习包_企业信息化系统ERP_CRM_SCM_BI_EAI辨析.md,ERP,,,keep,Front 聚焦“ERP”这一章内概念，Back 一句话定边界，Extra 给出本概念的题干信号。,ruankao ruankao::build::20260520_235046 ruankao::chapter::13 ruankao::domain::信息系统技术基础 ruankao::type::概念卡 ruankao::importance::A ruankao::difficulty::2 ruankao::review::keep ruankao::chapter_concept,sha256:b8921016aa74397a824797a6
软考::系统集成项目管理工程师::13_信息系统技术基础::章节概念卡::13_信息系统技术基础_概念卡,RuankaoTopicCard,CRM是什么？,CRM 客户关系管理围绕客户数据、销售、营销和服务提升客户满意度和盈利能力。,<div>理解：题干出现客户满意、营销、售后服务，优先想到 CRM。</div><div>题干信号：客户、销售、服务</div><div>来源：13_信息系统技术基础 专题包 / topic_build_full 相关小节</div>,chapter_concept,概念卡,CRM,,A,2,章节概念,信息系统技术基础,13,信息系统技术基础,T-INFO-002,企业信息化系统：ERP、CRM、SCM、BI、EAI 辨析,SRC-CH-13-002,topic_learning_packages/topics/13_信息系统技术基础/T-INFO-002_专题学习包_企业信息化系统ERP_CRM_SCM_BI_EAI辨析.md,CRM,,,keep,Front 聚焦“CRM”这一章内概念，Back 一句话定边界，Extra 给出本概念的题干信号。,ruankao ruankao::build::20260520_235046 ruankao::chapter::13 ruankao::domain::信息系统技术基础 ruankao::type::概念卡 ruankao::importance::A ruankao::difficulty::2 ruankao::review::keep ruankao::chapter_concept,sha256:d0605dd8d4e0108f68ec7129
软考::系统集成项目管理工程师::13_信息系统技术基础::章节概念卡::13_信息系统技术基础_概念卡,RuankaoTopicCard,SCM是什么？,SCM 供应链管理关注供应商、制造商、分销商和客户之间的物流、信息流和资金流协同。,<div>理解：题干出现上下游协同、供应商和库存联动，想到 SCM。</div><div>题干信号：供应链、上下游</div><div>来源：13_信息系统技术基础 专题包 / topic_build_full 相关小节</div>,chapter_concept,概念卡,SCM,,A,2,章节概念,信息系统技术基础,13,信息系统技术基础,T-INFO-002,企业信息化系统：ERP、CRM、SCM、BI、EAI 辨析,SRC-CH-13-003,topic_learning_packages/topics/13_信息系统技术基础/T-INFO-002_专题学习包_企业信息化系统ERP_CRM_SCM_BI_EAI辨析.md,SCM,,,keep,Front 聚焦“SCM”这一章内概念，Back 一句话定边界，Extra 给出本概念的题干信号。,ruankao ruankao::build::20260520_235046 ruankao::chapter::13 ruankao::domain::信息系统技术基础 ruankao::type::概念卡 ruankao::importance::A ruankao::difficulty::2 ruankao::review::keep ruankao::chapter_concept,sha256:4b678d422396145fe40d3ab6
软考::系统集成项目管理工程师::13_信息系统技术基础::章节概念卡::13_信息系统技术基础_概念卡,RuankaoTopicCard,BI是什么？,BI 商业智能通过收集、管理和分析商业信息支持决策。,<div>理解：题干出现洞察、数据分析、辅助决策，优先想到 BI。</div><div>题干信号：数据分析、决策</div><div>来源：13_信息系统技术基础 专题包 / topic_build_full 相关小节</div>,chapter_concept,概念卡,BI,,A,2,章节概念,信息系统技术基础,13,信息系统技术基础,T-INFO-002,企业信息化系统：ERP、CRM、SCM、BI、EAI 辨析,SRC-CH-13-004,topic_learning_packages/topics/13_信息系统技术基础/T-INFO-002_专题学习包_企业信息化系统ERP_CRM_SCM_BI_EAI辨析.md,BI,,,keep,Front 聚焦“BI”这一章内概念，Back 一句话定边界，Extra 给出本概念的题干信号。,ruankao ruankao::build::20260520_235046 ruankao::chapter::13 ruankao::domain::信息系统技术基础 ruankao::type::概念卡 ruankao::importance::A ruankao::difficulty::2 ruankao::review::keep ruankao::chapter_concept,sha256:ce7cf7446bbb19c0c869376a
软考::系统集成项目管理工程师::13_信息系统技术基础::章节概念卡::13_信息系统技术基础_概念卡,RuankaoTopicCard,EAI是什么？,EAI 企业应用集成通过接口、中间件等整合企业内不同应用系统。,<div>理解：题干出现系统之间互联互通、数据共享、集成平台，想到 EAI。</div><div>题干信号：应用集成、互联互通</div><div>来源：13_信息系统技术基础 专题包 / topic_build_full 相关小节</div>,chapter_concept,概念卡,EAI,,A,2,章节概念,信息系统技术基础,13,信息系统技术基础,T-INFO-002,企业信息化系统：ERP、CRM、SCM、BI、EAI 辨析,SRC-CH-13-005,topic_learning_packages/topics/13_信息系统技术基础/T-INFO-002_专题学习包_企业信息化系统ERP_CRM_SCM_BI_EAI辨析.md,EAI,,,keep,Front 聚焦“EAI”这一章内概念，Back 一句话定边界，Extra 给出本概念的题干信号。,ruankao ruankao::build::20260520_235046 ruankao::chapter::13 ruankao::domain::信息系统技术基础 ruankao::type::概念卡 ruankao::importance::A ruankao::difficulty::2 ruankao::review::keep ruankao::chapter_concept,sha256:a2ebd28abefd6d3eaf4fb9a6
软考::系统集成项目管理工程师::13_信息系统技术基础::章节概念卡::13_信息系统技术基础_概念卡,RuankaoTopicCard,数据仓库是什么？,数据仓库面向主题、集成、相对稳定并反映历史变化，用于分析决策。,<div>理解：它不是日常事务处理数据库。</div><div>题干信号：主题、历史、分析</div><div>来源：13_信息系统技术基础 专题包 / topic_build_full 相关小节</div>,chapter_concept,概念卡,数据仓库,,B,3,章节概念,信息系统技术基础,13,信息系统技术基础,T-INFO-002,企业信息化系统：ERP、CRM、SCM、BI、EAI 辨析,SRC-CH-13-006,topic_learning_packages/topics/13_信息系统技术基础/T-INFO-002_专题学习包_企业信息化系统ERP_CRM_SCM_BI_EAI辨析.md,数据仓库,,,keep,Front 聚焦“数据仓库”这一章内概念，Back 一句话定边界，Extra 给出本概念的题干信号。,ruankao ruankao::build::20260520_235046 ruankao::chapter::13 ruankao::domain::信息系统技术基础 ruankao::type::概念卡 ruankao::importance::B ruankao::difficulty::3 ruankao::review::keep ruankao::chapter_concept,sha256:48a71e6987036664cd408b4f
软考::系统集成项目管理工程师::13_信息系统技术基础::章节概念卡::13_信息系统技术基础_概念卡,RuankaoTopicCard,OLAP是什么？,OLAP 支持多维分析，常用于从多个维度观察业务数据。,<div>理解：题干出现切片、钻取、多维分析，想到 OLAP。</div><div>题干信号：多维分析</div><div>来源：13_信息系统技术基础 专题包 / topic_build_full 相关小节</div>,chapter_concept,概念卡,OLAP,,B,3,章节概念,信息系统技术基础,13,信息系统技术基础,T-INFO-002,企业信息化系统：ERP、CRM、SCM、BI、EAI 辨析,SRC-CH-13-007,topic_learning_packages/topics/13_信息系统技术基础/T-INFO-002_专题学习包_企业信息化系统ERP_CRM_SCM_BI_EAI辨析.md,OLAP,,,keep,Front 聚焦“OLAP”这一章内概念，Back 一句话定边界，Extra 给出本概念的题干信号。,ruankao ruankao::build::20260520_235046 ruankao::chapter::13 ruankao::domain::信息系统技术基础 ruankao::type::概念卡 ruankao::importance::B ruankao::difficulty::3 ruankao::review::keep ruankao::chapter_concept,sha256:7e733d0aaa0c0bd76abfefab
软考::系统集成项目管理工程师::13_信息系统技术基础::章节概念卡::13_信息系统技术基础_概念卡,RuankaoTopicCard,工作流是什么？,工作流用于按照规则自动组织和传递业务过程中的任务、信息或文档。,<div>理解：题干出现流程流转、审批节点，可能想到工作流。</div><div>题干信号：流程流转、审批</div><div>来源：13_信息系统技术基础 专题包 / topic_build_full 相关小节</div>,chapter_concept,概念卡,工作流,,B,3,章节概念,信息系统技术基础,13,信息系统技术基础,T-INFO-002,企业信息化系统：ERP、CRM、SCM、BI、EAI 辨析,SRC-CH-13-008,topic_learning_packages/topics/13_信息系统技术基础/T-INFO-002_专题学习包_企业信息化系统ERP_CRM_SCM_BI_EAI辨析.md,工作流,,,keep,Front 聚焦“工作流”这一章内概念，Back 一句话定边界，Extra 给出本概念的题干信号。,ruankao ruankao::build::20260520_235046 ruankao::chapter::13 ruankao::domain::信息系统技术基础 ruankao::type::概念卡 ruankao::importance::B ruankao::difficulty::3 ruankao::review::keep ruankao::chapter_concept,sha256:0985355bdfdd3b8c192e509e
软考::系统集成项目管理工程师::14_案例分析专题::章节概念卡::14_案例分析专题_概念卡,RuankaoTopicCard,事实层标注是什么？,事实层标注是在案例材料中标出角色、时间、数字异常、冲突和关键事件。,<div>理解：先抓事实，再套知识域，避免凭空答题。</div><div>题干信号：角色、时间、数字、异常</div><div>来源：14_案例分析专题 专题包 / topic_build_full 相关小节</div>,chapter_concept,概念卡,事实层标注,,A,2,章节概念,案例分析专题,14,案例分析专题,T-CASE-001;T-CASE-002;T-CASE-003;T-COM-002,下午案例题通用审题与答题方法;进度延误与成本超支案例专项模板;范围蔓延、变更失控与合同纠纷案例模板;沟通管理与干系人冲突案例模板,SRC-CH-14-001,topic_learning_packages/topics/14_案例分析专题/T-CASE-001_专题学习包_下午案例题通用审题与答题方法.md;topic_learning_packages/topics/14_案例分析专题/T-CASE-002_专题学习包_进度延误与成本超支案例专项模板.md;topic_learning_packages/topics/14_案例分析专题/T-CASE-003_专题学习包_范围蔓延变更失控与合同纠纷案例模板.md;topic_learning_packages/topics/14_案例分析专题/T-COM-002_专题学习包_沟通管理与干系人冲突案例模板.md,事实层标注,,,keep,Front 聚焦“事实层标注”这一章内概念，Back 一句话定边界，Extra 给出本概念的题干信号。,ruankao ruankao::build::20260520_235046 ruankao::chapter::14 ruankao::domain::案例分析专题 ruankao::type::概念卡 ruankao::importance::A ruankao::difficulty::2 ruankao::review::keep ruankao::chapter_concept,sha256:8920ab8248172dc764f83964
软考::系统集成项目管理工程师::14_案例分析专题::章节概念卡::14_案例分析专题_概念卡,RuankaoTopicCard,知识域信号词是什么？,知识域信号词是帮助把案例事实映射到范围、进度、成本、质量、风险等领域的关键词。,<div>理解：例如“未批准需求增加”偏范围/变更，“返工缺陷”偏质量。</div><div>题干信号：关键词定位</div><div>来源：14_案例分析专题 专题包 / topic_build_full 相关小节</div>,chapter_concept,概念卡,知识域信号词,,A,2,章节概念,案例分析专题,14,案例分析专题,T-CASE-001;T-CASE-002;T-CASE-003;T-COM-002,下午案例题通用审题与答题方法;进度延误与成本超支案例专项模板;范围蔓延、变更失控与合同纠纷案例模板;沟通管理与干系人冲突案例模板,SRC-CH-14-002,topic_learning_packages/topics/14_案例分析专题/T-CASE-001_专题学习包_下午案例题通用审题与答题方法.md;topic_learning_packages/topics/14_案例分析专题/T-CASE-002_专题学习包_进度延误与成本超支案例专项模板.md;topic_learning_packages/topics/14_案例分析专题/T-CASE-003_专题学习包_范围蔓延变更失控与合同纠纷案例模板.md;topic_learning_packages/topics/14_案例分析专题/T-COM-002_专题学习包_沟通管理与干系人冲突案例模板.md,知识域信号词,,,keep,Front 聚焦“知识域信号词”这一章内概念，Back 一句话定边界，Extra 给出本概念的题干信号。,ruankao ruankao::build::20260520_235046 ruankao::chapter::14 ruankao::domain::案例分析专题 ruankao::type::概念卡 ruankao::importance::A ruankao::difficulty::2 ruankao::review::keep ruankao::chapter_concept,sha256:c0460083ab4017e2a7cfe1b3
软考::系统集成项目管理工程师::14_案例分析专题::章节概念卡::14_案例分析专题_概念卡,RuankaoTopicCard,问题识别题是什么？,问题识别题要求指出做法哪里不妥，答案要贴合案例事实。,<div>理解：不要只写“管理不规范”，要说清哪一类管理缺失。</div><div>题干信号：指出错误、贴事实</div><div>来源：14_案例分析专题 专题包 / topic_build_full 相关小节</div>,chapter_concept,概念卡,问题识别题,,A,2,章节概念,案例分析专题,14,案例分析专题,T-CASE-001;T-CASE-002;T-CASE-003;T-COM-002,下午案例题通用审题与答题方法;进度延误与成本超支案例专项模板;范围蔓延、变更失控与合同纠纷案例模板;沟通管理与干系人冲突案例模板,SRC-CH-14-003,topic_learning_packages/topics/14_案例分析专题/T-CASE-001_专题学习包_下午案例题通用审题与答题方法.md;topic_learning_packages/topics/14_案例分析专题/T-CASE-002_专题学习包_进度延误与成本超支案例专项模板.md;topic_learning_packages/topics/14_案例分析专题/T-CASE-003_专题学习包_范围蔓延变更失控与合同纠纷案例模板.md;topic_learning_packages/topics/14_案例分析专题/T-COM-002_专题学习包_沟通管理与干系人冲突案例模板.md,问题识别题,,,keep,Front 聚焦“问题识别题”这一章内概念，Back 一句话定边界，Extra 给出本概念的题干信号。,ruankao ruankao::build::20260520_235046 ruankao::chapter::14 ruankao::domain::案例分析专题 ruankao::type::概念卡 ruankao::importance::A ruankao::difficulty::2 ruankao::review::keep ruankao::chapter_concept,sha256:2ab02d32269febe0e48bdba0
软考::系统集成项目管理工程师::14_案例分析专题::章节概念卡::14_案例分析专题_概念卡,RuankaoTopicCard,原因分析题是什么？,原因分析题要求从过程、人员、计划、沟通、风险等角度解释问题为什么发生。,<div>理解：原因应能解释结果，不能堆模板。</div><div>题干信号：为什么发生</div><div>来源：14_案例分析专题 专题包 / topic_build_full 相关小节</div>,chapter_concept,概念卡,原因分析题,,A,2,章节概念,案例分析专题,14,案例分析专题,T-CASE-001;T-CASE-002;T-CASE-003;T-COM-002,下午案例题通用审题与答题方法;进度延误与成本超支案例专项模板;范围蔓延、变更失控与合同纠纷案例模板;沟通管理与干系人冲突案例模板,SRC-CH-14-004,topic_learning_packages/topics/14_案例分析专题/T-CASE-001_专题学习包_下午案例题通用审题与答题方法.md;topic_learning_packages/topics/14_案例分析专题/T-CASE-002_专题学习包_进度延误与成本超支案例专项模板.md;topic_learning_packages/topics/14_案例分析专题/T-CASE-003_专题学习包_范围蔓延变更失控与合同纠纷案例模板.md;topic_learning_packages/topics/14_案例分析专题/T-COM-002_专题学习包_沟通管理与干系人冲突案例模板.md,原因分析题,,,keep,Front 聚焦“原因分析题”这一章内概念，Back 一句话定边界，Extra 给出本概念的题干信号。,ruankao ruankao::build::20260520_235046 ruankao::chapter::14 ruankao::domain::案例分析专题 ruankao::type::概念卡 ruankao::importance::A ruankao::difficulty::2 ruankao::review::keep ruankao::chapter_concept,sha256:cad0ee3c992c2c5593cd18da
软考::系统集成项目管理工程师::14_案例分析专题::章节概念卡::14_案例分析专题_概念卡,RuankaoTopicCard,措施建议题是什么？,措施建议题要求提出能落地的纠正或预防措施。,<div>理解：措施要对应原因，如范围失控就走变更控制和需求确认。</div><div>题干信号：怎么办、改进措施</div><div>来源：14_案例分析专题 专题包 / topic_build_full 相关小节</div>,chapter_concept,概念卡,措施建议题,,A,2,章节概念,案例分析专题,14,案例分析专题,T-CASE-001;T-CASE-002;T-CASE-003;T-COM-002,下午案例题通用审题与答题方法;进度延误与成本超支案例专项模板;范围蔓延、变更失控与合同纠纷案例模板;沟通管理与干系人冲突案例模板,SRC-CH-14-005,topic_learning_packages/topics/14_案例分析专题/T-CASE-001_专题学习包_下午案例题通用审题与答题方法.md;topic_learning_packages/topics/14_案例分析专题/T-CASE-002_专题学习包_进度延误与成本超支案例专项模板.md;topic_learning_packages/topics/14_案例分析专题/T-CASE-003_专题学习包_范围蔓延变更失控与合同纠纷案例模板.md;topic_learning_packages/topics/14_案例分析专题/T-COM-002_专题学习包_沟通管理与干系人冲突案例模板.md,措施建议题,,,keep,Front 聚焦“措施建议题”这一章内概念，Back 一句话定边界，Extra 给出本概念的题干信号。,ruankao ruankao::build::20260520_235046 ruankao::chapter::14 ruankao::domain::案例分析专题 ruankao::type::概念卡 ruankao::importance::A ruankao::difficulty::2 ruankao::review::keep ruankao::chapter_concept,sha256:6e463fc69b374c8e8c9a17eb
软考::系统集成项目管理工程师::14_案例分析专题::章节概念卡::14_案例分析专题_概念卡,RuankaoTopicCard,进度延误案例是什么？,进度延误案例通常从计划不合理、关键路径、资源冲突、变更、风险和沟通查原因。,<div>理解：不要只写“加快进度”，要说明管理动作。</div><div>题干信号：延期、关键路径、资源</div><div>来源：14_案例分析专题 专题包 / topic_build_full 相关小节</div>,chapter_concept,概念卡,进度延误案例,,A,2,章节概念,案例分析专题,14,案例分析专题,T-CASE-001;T-CASE-002;T-CASE-003;T-COM-002,下午案例题通用审题与答题方法;进度延误与成本超支案例专项模板;范围蔓延、变更失控与合同纠纷案例模板;沟通管理与干系人冲突案例模板,SRC-CH-14-006,topic_learning_packages/topics/14_案例分析专题/T-CASE-001_专题学习包_下午案例题通用审题与答题方法.md;topic_learning_packages/topics/14_案例分析专题/T-CASE-002_专题学习包_进度延误与成本超支案例专项模板.md;topic_learning_packages/topics/14_案例分析专题/T-CASE-003_专题学习包_范围蔓延变更失控与合同纠纷案例模板.md;topic_learning_packages/topics/14_案例分析专题/T-COM-002_专题学习包_沟通管理与干系人冲突案例模板.md,进度延误案例,,,keep,Front 聚焦“进度延误案例”这一章内概念，Back 一句话定边界，Extra 给出本概念的题干信号。,ruankao ruankao::build::20260520_235046 ruankao::chapter::14 ruankao::domain::案例分析专题 ruankao::type::概念卡 ruankao::importance::A ruankao::difficulty::2 ruankao::review::keep ruankao::chapter_concept,sha256:0c041b44e6031ee064b9c644
软考::系统集成项目管理工程师::14_案例分析专题::章节概念卡::14_案例分析专题_概念卡,RuankaoTopicCard,成本超支案例是什么？,成本超支案例通常从估算、预算、范围变更、返工、采购和成本控制查原因。,<div>理解：若有 PV/EV/AC，应先算指标再解释。</div><div>题干信号：超支、EVM、返工</div><div>来源：14_案例分析专题 专题包 / topic_build_full 相关小节</div>,chapter_concept,概念卡,成本超支案例,,A,2,章节概念,案例分析专题,14,案例分析专题,T-CASE-001;T-CASE-002;T-CASE-003;T-COM-002,下午案例题通用审题与答题方法;进度延误与成本超支案例专项模板;范围蔓延、变更失控与合同纠纷案例模板;沟通管理与干系人冲突案例模板,SRC-CH-14-007,topic_learning_packages/topics/14_案例分析专题/T-CASE-001_专题学习包_下午案例题通用审题与答题方法.md;topic_learning_packages/topics/14_案例分析专题/T-CASE-002_专题学习包_进度延误与成本超支案例专项模板.md;topic_learning_packages/topics/14_案例分析专题/T-CASE-003_专题学习包_范围蔓延变更失控与合同纠纷案例模板.md;topic_learning_packages/topics/14_案例分析专题/T-COM-002_专题学习包_沟通管理与干系人冲突案例模板.md,成本超支案例,,,keep,Front 聚焦“成本超支案例”这一章内概念，Back 一句话定边界，Extra 给出本概念的题干信号。,ruankao ruankao::build::20260520_235046 ruankao::chapter::14 ruankao::domain::案例分析专题 ruankao::type::概念卡 ruankao::importance::A ruankao::difficulty::2 ruankao::review::keep ruankao::chapter_concept,sha256:f5e63d0a5ec8ad53955e9a37
软考::系统集成项目管理工程师::14_案例分析专题::章节概念卡::14_案例分析专题_概念卡,RuankaoTopicCard,范围蔓延案例是什么？,范围蔓延案例常表现为未经批准增加需求、口头承诺和验收标准不清。,<div>理解：核心动作是需求确认、变更控制和基准更新。</div><div>题干信号：新增需求、未批准</div><div>来源：14_案例分析专题 专题包 / topic_build_full 相关小节</div>,chapter_concept,概念卡,范围蔓延案例,,A,2,章节概念,案例分析专题,14,案例分析专题,T-CASE-001;T-CASE-002;T-CASE-003;T-COM-002,下午案例题通用审题与答题方法;进度延误与成本超支案例专项模板;范围蔓延、变更失控与合同纠纷案例模板;沟通管理与干系人冲突案例模板,SRC-CH-14-008,topic_learning_packages/topics/14_案例分析专题/T-CASE-001_专题学习包_下午案例题通用审题与答题方法.md;topic_learning_packages/topics/14_案例分析专题/T-CASE-002_专题学习包_进度延误与成本超支案例专项模板.md;topic_learning_packages/topics/14_案例分析专题/T-CASE-003_专题学习包_范围蔓延变更失控与合同纠纷案例模板.md;topic_learning_packages/topics/14_案例分析专题/T-COM-002_专题学习包_沟通管理与干系人冲突案例模板.md,范围蔓延案例,,,keep,Front 聚焦“范围蔓延案例”这一章内概念，Back 一句话定边界，Extra 给出本概念的题干信号。,ruankao ruankao::build::20260520_235046 ruankao::chapter::14 ruankao::domain::案例分析专题 ruankao::type::概念卡 ruankao::importance::A ruankao::difficulty::2 ruankao::review::keep ruankao::chapter_concept,sha256:2548f4dbef7a4c446c98cdc0
软考::系统集成项目管理工程师::14_案例分析专题::章节概念卡::14_案例分析专题_概念卡,RuankaoTopicCard,沟通冲突案例是什么？,沟通冲突案例常表现为信息未传达、干系人期望不一致和职责不清。,<div>理解：先识别干系人，再制定沟通和参与策略。</div><div>题干信号：冲突、期望、信息</div><div>来源：14_案例分析专题 专题包 / topic_build_full 相关小节</div>,chapter_concept,概念卡,沟通冲突案例,,B,3,章节概念,案例分析专题,14,案例分析专题,T-CASE-001;T-CASE-002;T-CASE-003;T-COM-002,下午案例题通用审题与答题方法;进度延误与成本超支案例专项模板;范围蔓延、变更失控与合同纠纷案例模板;沟通管理与干系人冲突案例模板,SRC-CH-14-009,topic_learning_packages/topics/14_案例分析专题/T-CASE-001_专题学习包_下午案例题通用审题与答题方法.md;topic_learning_packages/topics/14_案例分析专题/T-CASE-002_专题学习包_进度延误与成本超支案例专项模板.md;topic_learning_packages/topics/14_案例分析专题/T-CASE-003_专题学习包_范围蔓延变更失控与合同纠纷案例模板.md;topic_learning_packages/topics/14_案例分析专题/T-COM-002_专题学习包_沟通管理与干系人冲突案例模板.md,沟通冲突案例,,,keep,Front 聚焦“沟通冲突案例”这一章内概念，Back 一句话定边界，Extra 给出本概念的题干信号。,ruankao ruankao::build::20260520_235046 ruankao::chapter::14 ruankao::domain::案例分析专题 ruankao::type::概念卡 ruankao::importance::B ruankao::difficulty::3 ruankao::review::keep ruankao::chapter_concept,sha256:723b99b0a64ba6247014b63e
软考::系统集成项目管理工程师::99_综合专题与跨域辨析::章节概念卡::99_综合专题与跨域辨析_概念卡,RuankaoTopicCard,跨域辨析是什么？,跨域辨析是把容易混淆的概念放在同一张卡里比较边界。,<div>理解：软考选择题常在相邻概念之间设置错项。</div><div>题干信号：易混概念、边界</div><div>来源：99_综合专题与跨域辨析 专题包 / topic_build_full 相关小节</div>,chapter_concept,概念卡,跨域辨析,,A,2,章节概念,综合专题与跨域辨析,99,综合专题与跨域辨析,T-CROSS-001;T-ORG-001;T-RISK-003;T-SCOPE-003,高频跨域概念辨析与易错点;组织结构、项目经理权限与 PMO;风险、问题、变更与应急措施的跨域辨析;范围确认、质量控制、验收与测试的边界辨析,SRC-CH-99-001,topic_learning_packages/topics/99_综合专题与跨域辨析/T-CROSS-001_专题学习包_高频跨域概念辨析与易错点.md;topic_learning_packages/topics/99_综合专题与跨域辨析/T-ORG-001_专题学习包_组织结构项目经理权限与PMO.md;topic_learning_packages/topics/99_综合专题与跨域辨析/T-RISK-003_专题学习包_风险问题变更与应急措施跨域辨析.md;topic_learning_packages/topics/99_综合专题与跨域辨析/T-SCOPE-003_专题学习包_范围确认质量控制验收与测试边界辨析.md,跨域辨析,,,keep,Front 聚焦“跨域辨析”这一章内概念，Back 一句话定边界，Extra 给出本概念的题干信号。,ruankao ruankao::build::20260520_235046 ruankao::chapter::99 ruankao::domain::综合专题与跨域辨析 ruankao::type::概念卡 ruankao::importance::A ruankao::difficulty::2 ruankao::review::keep ruankao::chapter_concept,sha256:a1d8cf870464f2f0f5b7432b
软考::系统集成项目管理工程师::99_综合专题与跨域辨析::章节概念卡::99_综合专题与跨域辨析_概念卡,RuankaoTopicCard,跨域题中，项目章程和项目管理计划最容易混淆的边界是什么？,项目章程偏正式批准和授权；项目管理计划偏指导执行、监控和收尾。,<div>理解：看到授权项目经理选章程，看到各子计划和基准选管理计划。</div><div>题干信号：授权 vs 执行指南</div><div>来源：99_综合专题与跨域辨析 专题包 / topic_build_full 相关小节</div>,chapter_concept,辨析卡,项目章程 vs 项目管理计划,,A,2,章节概念,综合专题与跨域辨析,99,综合专题与跨域辨析,T-CROSS-001;T-ORG-001;T-RISK-003;T-SCOPE-003,高频跨域概念辨析与易错点;组织结构、项目经理权限与 PMO;风险、问题、变更与应急措施的跨域辨析;范围确认、质量控制、验收与测试的边界辨析,SRC-CH-99-002,topic_learning_packages/topics/99_综合专题与跨域辨析/T-CROSS-001_专题学习包_高频跨域概念辨析与易错点.md;topic_learning_packages/topics/99_综合专题与跨域辨析/T-ORG-001_专题学习包_组织结构项目经理权限与PMO.md;topic_learning_packages/topics/99_综合专题与跨域辨析/T-RISK-003_专题学习包_风险问题变更与应急措施跨域辨析.md;topic_learning_packages/topics/99_综合专题与跨域辨析/T-SCOPE-003_专题学习包_范围确认质量控制验收与测试边界辨析.md,项目章程 vs 项目管理计划,,,keep,Front 聚焦“项目章程 vs 项目管理计划”这一章内概念，Back 一句话定边界，Extra 给出本概念的题干信号。 已调整 Front，避免和其他章节/专题卡同义重复。,ruankao ruankao::build::20260520_235046 ruankao::chapter::99 ruankao::domain::综合专题与跨域辨析 ruankao::type::辨析卡 ruankao::importance::A ruankao::difficulty::2 ruankao::review::keep ruankao::chapter_concept,sha256:108fc6dda04b35ecddea3745
软考::系统集成项目管理工程师::99_综合专题与跨域辨析::章节概念卡::99_综合专题与跨域辨析_概念卡,RuankaoTopicCard,确认范围 vs 控制质量的核心区别是什么？,确认范围关注客户或发起人正式接受成果；控制质量关注成果是否符合质量要求。,<div>理解：验收签字偏确认范围，检查测试偏控制质量。</div><div>题干信号：接受 vs 检查</div><div>来源：99_综合专题与跨域辨析 专题包 / topic_build_full 相关小节</div>,chapter_concept,辨析卡,确认范围 vs 控制质量,,A,2,章节概念,综合专题与跨域辨析,99,综合专题与跨域辨析,T-CROSS-001;T-ORG-001;T-RISK-003;T-SCOPE-003,高频跨域概念辨析与易错点;组织结构、项目经理权限与 PMO;风险、问题、变更与应急措施的跨域辨析;范围确认、质量控制、验收与测试的边界辨析,SRC-CH-99-003,topic_learning_packages/topics/99_综合专题与跨域辨析/T-CROSS-001_专题学习包_高频跨域概念辨析与易错点.md;topic_learning_packages/topics/99_综合专题与跨域辨析/T-ORG-001_专题学习包_组织结构项目经理权限与PMO.md;topic_learning_packages/topics/99_综合专题与跨域辨析/T-RISK-003_专题学习包_风险问题变更与应急措施跨域辨析.md;topic_learning_packages/topics/99_综合专题与跨域辨析/T-SCOPE-003_专题学习包_范围确认质量控制验收与测试边界辨析.md,确认范围 vs 控制质量,,,keep,Front 聚焦“确认范围 vs 控制质量”这一章内概念，Back 一句话定边界，Extra 给出本概念的题干信号。,ruankao ruankao::build::20260520_235046 ruankao::chapter::99 ruankao::domain::综合专题与跨域辨析 ruankao::type::辨析卡 ruankao::importance::A ruankao::difficulty::2 ruankao::review::keep ruankao::chapter_concept,sha256:c8565f5b257520a27a0cb979
软考::系统集成项目管理工程师::99_综合专题与跨域辨析::章节概念卡::99_综合专题与跨域辨析_概念卡,RuankaoTopicCard,QA vs QC的核心区别是什么？,QA 关注过程和预防；QC 关注结果和缺陷。,<div>理解：质量审计通常偏 QA，测试检查通常偏 QC。</div><div>题干信号：过程 vs 结果</div><div>来源：99_综合专题与跨域辨析 专题包 / topic_build_full 相关小节</div>,chapter_concept,辨析卡,QA vs QC,,A,2,章节概念,综合专题与跨域辨析,99,综合专题与跨域辨析,T-CROSS-001;T-ORG-001;T-RISK-003;T-SCOPE-003,高频跨域概念辨析与易错点;组织结构、项目经理权限与 PMO;风险、问题、变更与应急措施的跨域辨析;范围确认、质量控制、验收与测试的边界辨析,SRC-CH-99-004,topic_learning_packages/topics/99_综合专题与跨域辨析/T-CROSS-001_专题学习包_高频跨域概念辨析与易错点.md;topic_learning_packages/topics/99_综合专题与跨域辨析/T-ORG-001_专题学习包_组织结构项目经理权限与PMO.md;topic_learning_packages/topics/99_综合专题与跨域辨析/T-RISK-003_专题学习包_风险问题变更与应急措施跨域辨析.md;topic_learning_packages/topics/99_综合专题与跨域辨析/T-SCOPE-003_专题学习包_范围确认质量控制验收与测试边界辨析.md,QA vs QC,,,keep,Front 聚焦“QA vs QC”这一章内概念，Back 一句话定边界，Extra 给出本概念的题干信号。,ruankao ruankao::build::20260520_235046 ruankao::chapter::99 ruankao::domain::综合专题与跨域辨析 ruankao::type::辨析卡 ruankao::importance::A ruankao::difficulty::2 ruankao::review::keep ruankao::chapter_concept,sha256:a9161ef57218584e5185a98f
软考::系统集成项目管理工程师::99_综合专题与跨域辨析::章节概念卡::99_综合专题与跨域辨析_概念卡,RuankaoTopicCard,赶工 vs 快速跟进的核心区别是什么？,赶工通过增加资源缩短工期；快速跟进通过并行活动缩短工期。,<div>理解：赶工多增加成本，快速跟进多增加返工风险。</div><div>题干信号：资源 vs 并行</div><div>来源：99_综合专题与跨域辨析 专题包 / topic_build_full 相关小节</div>,chapter_concept,辨析卡,赶工 vs 快速跟进,,A,2,章节概念,综合专题与跨域辨析,99,综合专题与跨域辨析,T-CROSS-001;T-ORG-001;T-RISK-003;T-SCOPE-003,高频跨域概念辨析与易错点;组织结构、项目经理权限与 PMO;风险、问题、变更与应急措施的跨域辨析;范围确认、质量控制、验收与测试的边界辨析,SRC-CH-99-005,topic_learning_packages/topics/99_综合专题与跨域辨析/T-CROSS-001_专题学习包_高频跨域概念辨析与易错点.md;topic_learning_packages/topics/99_综合专题与跨域辨析/T-ORG-001_专题学习包_组织结构项目经理权限与PMO.md;topic_learning_packages/topics/99_综合专题与跨域辨析/T-RISK-003_专题学习包_风险问题变更与应急措施跨域辨析.md;topic_learning_packages/topics/99_综合专题与跨域辨析/T-SCOPE-003_专题学习包_范围确认质量控制验收与测试边界辨析.md,赶工 vs 快速跟进,,,keep,Front 聚焦“赶工 vs 快速跟进”这一章内概念，Back 一句话定边界，Extra 给出本概念的题干信号。,ruankao ruankao::build::20260520_235046 ruankao::chapter::99 ruankao::domain::综合专题与跨域辨析 ruankao::type::辨析卡 ruankao::importance::A ruankao::difficulty::2 ruankao::review::keep ruankao::chapter_concept,sha256:e41fa7b4237a9baf0010d355
软考::系统集成项目管理工程师::99_综合专题与跨域辨析::章节概念卡::99_综合专题与跨域辨析_概念卡,RuankaoTopicCard,风险 vs 问题的核心区别是什么？,风险是未发生的不确定事件，问题是已经发生并需要处理的事实。,<div>理解：已经发生的供应商退出不是风险识别，而是问题处理。</div><div>题干信号：未发生 vs 已发生</div><div>来源：99_综合专题与跨域辨析 专题包 / topic_build_full 相关小节</div>,chapter_concept,辨析卡,风险 vs 问题,,A,2,章节概念,综合专题与跨域辨析,99,综合专题与跨域辨析,T-CROSS-001;T-ORG-001;T-RISK-003;T-SCOPE-003,高频跨域概念辨析与易错点;组织结构、项目经理权限与 PMO;风险、问题、变更与应急措施的跨域辨析;范围确认、质量控制、验收与测试的边界辨析,SRC-CH-99-006,topic_learning_packages/topics/99_综合专题与跨域辨析/T-CROSS-001_专题学习包_高频跨域概念辨析与易错点.md;topic_learning_packages/topics/99_综合专题与跨域辨析/T-ORG-001_专题学习包_组织结构项目经理权限与PMO.md;topic_learning_packages/topics/99_综合专题与跨域辨析/T-RISK-003_专题学习包_风险问题变更与应急措施跨域辨析.md;topic_learning_packages/topics/99_综合专题与跨域辨析/T-SCOPE-003_专题学习包_范围确认质量控制验收与测试边界辨析.md,风险 vs 问题,,,keep,Front 聚焦“风险 vs 问题”这一章内概念，Back 一句话定边界，Extra 给出本概念的题干信号。,ruankao ruankao::build::20260520_235046 ruankao::chapter::99 ruankao::domain::综合专题与跨域辨析 ruankao::type::辨析卡 ruankao::importance::A ruankao::difficulty::2 ruankao::review::keep ruankao::chapter_concept,sha256:251cb0197ee4aaf08a70f7e1
软考::系统集成项目管理工程师::99_综合专题与跨域辨析::章节概念卡::99_综合专题与跨域辨析_概念卡,RuankaoTopicCard,配置管理 vs 变更管理的核心区别是什么？,配置管理关注配置项、版本和基线状态；变更管理关注变更请求的评审、批准和实施控制。,<div>理解：两者配合但关注对象不同。</div><div>题干信号：版本状态 vs 变更流程</div><div>来源：99_综合专题与跨域辨析 专题包 / topic_build_full 相关小节</div>,chapter_concept,辨析卡,配置管理 vs 变更管理,,A,2,章节概念,综合专题与跨域辨析,99,综合专题与跨域辨析,T-CROSS-001;T-ORG-001;T-RISK-003;T-SCOPE-003,高频跨域概念辨析与易错点;组织结构、项目经理权限与 PMO;风险、问题、变更与应急措施的跨域辨析;范围确认、质量控制、验收与测试的边界辨析,SRC-CH-99-007,topic_learning_packages/topics/99_综合专题与跨域辨析/T-CROSS-001_专题学习包_高频跨域概念辨析与易错点.md;topic_learning_packages/topics/99_综合专题与跨域辨析/T-ORG-001_专题学习包_组织结构项目经理权限与PMO.md;topic_learning_packages/topics/99_综合专题与跨域辨析/T-RISK-003_专题学习包_风险问题变更与应急措施跨域辨析.md;topic_learning_packages/topics/99_综合专题与跨域辨析/T-SCOPE-003_专题学习包_范围确认质量控制验收与测试边界辨析.md,配置管理 vs 变更管理,,,keep,Front 聚焦“配置管理 vs 变更管理”这一章内概念，Back 一句话定边界，Extra 给出本概念的题干信号。,ruankao ruankao::build::20260520_235046 ruankao::chapter::99 ruankao::domain::综合专题与跨域辨析 ruankao::type::辨析卡 ruankao::importance::A ruankao::difficulty::2 ruankao::review::keep ruankao::chapter_concept,sha256:5b84af37eec67525aedcc1d5
软考::系统集成项目管理工程师::99_综合专题与跨域辨析::章节概念卡::99_综合专题与跨域辨析_概念卡,RuankaoTopicCard,工作绩效数据/信息/报告是什么？,数据是原始观察，信息是分析后的绩效含义，报告是面向干系人的呈现。,<div>理解：从原始数值到分析再到汇报，层次逐步提高。</div><div>题干信号：原始-分析-呈现</div><div>来源：99_综合专题与跨域辨析 专题包 / topic_build_full 相关小节</div>,chapter_concept,概念卡,工作绩效数据/信息/报告,,B,3,章节概念,综合专题与跨域辨析,99,综合专题与跨域辨析,T-CROSS-001;T-ORG-001;T-RISK-003;T-SCOPE-003,高频跨域概念辨析与易错点;组织结构、项目经理权限与 PMO;风险、问题、变更与应急措施的跨域辨析;范围确认、质量控制、验收与测试的边界辨析,SRC-CH-99-008,topic_learning_packages/topics/99_综合专题与跨域辨析/T-CROSS-001_专题学习包_高频跨域概念辨析与易错点.md;topic_learning_packages/topics/99_综合专题与跨域辨析/T-ORG-001_专题学习包_组织结构项目经理权限与PMO.md;topic_learning_packages/topics/99_综合专题与跨域辨析/T-RISK-003_专题学习包_风险问题变更与应急措施跨域辨析.md;topic_learning_packages/topics/99_综合专题与跨域辨析/T-SCOPE-003_专题学习包_范围确认质量控制验收与测试边界辨析.md,工作绩效数据/信息/报告,,,keep,Front 聚焦“工作绩效数据/信息/报告”这一章内概念，Back 一句话定边界，Extra 给出本概念的题干信号。,ruankao ruankao::build::20260520_235046 ruankao::chapter::99 ruankao::domain::综合专题与跨域辨析 ruankao::type::概念卡 ruankao::importance::B ruankao::difficulty::3 ruankao::review::keep ruankao::chapter_concept,sha256:0abdc2f060c66eb6889f081f
软考::系统集成项目管理工程师::99_综合专题与跨域辨析::章节概念卡::99_综合专题与跨域辨析_概念卡,RuankaoTopicCard,跨域题中，管理收尾和合同收尾最容易混淆的边界是什么？,管理收尾结束项目或阶段；合同收尾结束采购合同关系。,<div>理解：供应商和尾款偏合同收尾，经验教训和释放团队偏管理收尾。</div><div>题干信号：项目/阶段 vs 合同</div><div>来源：99_综合专题与跨域辨析 专题包 / topic_build_full 相关小节</div>,chapter_concept,辨析卡,管理收尾 vs 合同收尾,,A,2,章节概念,综合专题与跨域辨析,99,综合专题与跨域辨析,T-CROSS-001;T-ORG-001;T-RISK-003;T-SCOPE-003,高频跨域概念辨析与易错点;组织结构、项目经理权限与 PMO;风险、问题、变更与应急措施的跨域辨析;范围确认、质量控制、验收与测试的边界辨析,SRC-CH-99-009,topic_learning_packages/topics/99_综合专题与跨域辨析/T-CROSS-001_专题学习包_高频跨域概念辨析与易错点.md;topic_learning_packages/topics/99_综合专题与跨域辨析/T-ORG-001_专题学习包_组织结构项目经理权限与PMO.md;topic_learning_packages/topics/99_综合专题与跨域辨析/T-RISK-003_专题学习包_风险问题变更与应急措施跨域辨析.md;topic_learning_packages/topics/99_综合专题与跨域辨析/T-SCOPE-003_专题学习包_范围确认质量控制验收与测试边界辨析.md,管理收尾 vs 合同收尾,,,keep,Front 聚焦“管理收尾 vs 合同收尾”这一章内概念，Back 一句话定边界，Extra 给出本概念的题干信号。 已调整 Front，避免和其他章节/专题卡同义重复。,ruankao ruankao::build::20260520_235046 ruankao::chapter::99 ruankao::domain::综合专题与跨域辨析 ruankao::type::辨析卡 ruankao::importance::A ruankao::difficulty::2 ruankao::review::keep ruankao::chapter_concept,sha256:6c6f1144576ed3335d6e8cfd
软考::系统集成项目管理工程师::01_信息化与信息系统::专题问答卡::T-INFO-001_信息化_信息系统生命周期与系统集成基础,RuankaoTopicCard,信息系统生命周期 vs 项目生命周期的核心区别是什么？,信息系统生命周期覆盖系统规划、开发、运维和退役；项目生命周期只覆盖某个建设项目从启动到收尾。,<div>理解：本卡只围绕“生命周期边界”做判断，避免把整个专题压成目录卡。</div><div>题干信号：生命周期边界</div><div>来源：T-INFO-001 / 生命周期边界</div>,topic_qa,辨析卡,,,A,2,跨域辨析,信息化与系统集成基础,01,信息化与信息系统,T-INFO-001,信息化、信息系统生命周期与系统集成基础,SRC-T-INFO-001-001,topic_learning_packages/topics/01_信息化与信息系统/T-INFO-001_专题学习包_信息化信息系统生命周期与系统集成基础.md,生命周期边界,,,keep,Front 聚焦“生命周期边界”，Back 短句给出可判分答案，Extra 提供本卡专属题干信号。,ruankao ruankao::build::20260520_235046 ruankao::chapter::01 ruankao::domain::信息化与系统集成基础 ruankao::type::辨析卡 ruankao::importance::A ruankao::difficulty::2 ruankao::review::keep ruankao::topic_qa ruankao::topic::T-INFO-001,sha256:6a9a8f2ce524fc08d93558dd
软考::系统集成项目管理工程师::01_信息化与信息系统::专题问答卡::T-INFO-001_信息化_信息系统生命周期与系统集成基础,RuankaoTopicCard,为什么系统集成项目不能只按软件开发项目理解？,系统集成同时涉及软件、硬件、网络、数据、业务流程和多方协同。,<div>理解：本卡只围绕“系统集成特点”做判断，避免把整个专题压成目录卡。</div><div>题干信号：系统集成特点</div><div>来源：T-INFO-001 / 系统集成特点</div>,topic_qa,陷阱卡,,,A,2,上午选择,信息化与系统集成基础,01,信息化与信息系统,T-INFO-001,信息化、信息系统生命周期与系统集成基础,SRC-T-INFO-001-002,topic_learning_packages/topics/01_信息化与信息系统/T-INFO-001_专题学习包_信息化信息系统生命周期与系统集成基础.md,系统集成特点,,,keep,Front 聚焦“系统集成特点”，Back 短句给出可判分答案，Extra 提供本卡专属题干信号。,ruankao ruankao::build::20260520_235046 ruankao::chapter::01 ruankao::domain::信息化与系统集成基础 ruankao::type::陷阱卡 ruankao::importance::A ruankao::difficulty::2 ruankao::review::keep ruankao::topic_qa ruankao::topic::T-INFO-001,sha256:fb3818c432f7577ad3ff66b0
软考::系统集成项目管理工程师::01_信息化与信息系统::专题问答卡::T-INFO-001_信息化_信息系统生命周期与系统集成基础,RuankaoTopicCard,题干出现“满足用户特定需求的信息系统整体交付”时，应想到什么？,应想到信息系统集成，核心是把多种技术和产品整合成可运行系统。,<div>理解：本卡只围绕“系统集成信号”做判断，避免把整个专题压成目录卡。</div><div>题干信号：系统集成信号</div><div>来源：T-INFO-001 / 系统集成信号</div>,topic_qa,关键词识别卡,,,A,2,上午选择,信息化与系统集成基础,01,信息化与信息系统,T-INFO-001,信息化、信息系统生命周期与系统集成基础,SRC-T-INFO-001-003,topic_learning_packages/topics/01_信息化与信息系统/T-INFO-001_专题学习包_信息化信息系统生命周期与系统集成基础.md,系统集成信号,,,keep,Front 聚焦“系统集成信号”，Back 短句给出可判分答案，Extra 提供本卡专属题干信号。,ruankao ruankao::build::20260520_235046 ruankao::chapter::01 ruankao::domain::信息化与系统集成基础 ruankao::type::关键词识别卡 ruankao::importance::A ruankao::difficulty::2 ruankao::review::keep ruankao::topic_qa ruankao::topic::T-INFO-001,sha256:da6f707d4fcbc53edb1d6964
软考::系统集成项目管理工程师::01_信息化与信息系统::专题问答卡::T-INFO-001_信息化_信息系统生命周期与系统集成基础,RuankaoTopicCard,需求分析阶段主要回答什么问题？,回答系统必须做什么、具备哪些功能和性能。,<div>理解：本卡只围绕“需求分析”做判断，避免把整个专题压成目录卡。</div><div>题干信号：需求分析</div><div>来源：T-INFO-001 / 需求分析</div>,topic_qa,概念卡,,,A,2,上午选择,信息化与系统集成基础,01,信息化与信息系统,T-INFO-001,信息化、信息系统生命周期与系统集成基础,SRC-T-INFO-001-004,topic_learning_packages/topics/01_信息化与信息系统/T-INFO-001_专题学习包_信息化信息系统生命周期与系统集成基础.md,需求分析,,,keep,Front 聚焦“需求分析”，Back 短句给出可判分答案，Extra 提供本卡专属题干信号。,ruankao ruankao::build::20260520_235046 ruankao::chapter::01 ruankao::domain::信息化与系统集成基础 ruankao::type::概念卡 ruankao::importance::A ruankao::difficulty::2 ruankao::review::keep ruankao::topic_qa ruankao::topic::T-INFO-001,sha256:db0395fd83358f8aab2a6564
软考::系统集成项目管理工程师::01_信息化与信息系统::专题问答卡::T-INFO-001_信息化_信息系统生命周期与系统集成基础,RuankaoTopicCard,UML 被说成“可视化程序设计语言”为什么不准确？,UML 是可视化建模语言，用于分析和设计表达，不是编程语言。,<div>理解：本卡只围绕“UML”做判断，避免把整个专题压成目录卡。</div><div>题干信号：UML</div><div>来源：T-INFO-001 / UML</div>,topic_qa,陷阱卡,,,B,3,上午选择,信息化与系统集成基础,01,信息化与信息系统,T-INFO-001,信息化、信息系统生命周期与系统集成基础,SRC-T-INFO-001-005,topic_learning_packages/topics/01_信息化与信息系统/T-INFO-001_专题学习包_信息化信息系统生命周期与系统集成基础.md,UML,,,keep,Front 聚焦“UML”，Back 短句给出可判分答案，Extra 提供本卡专属题干信号。,ruankao ruankao::build::20260520_235046 ruankao::chapter::01 ruankao::domain::信息化与系统集成基础 ruankao::type::陷阱卡 ruankao::importance::B ruankao::difficulty::3 ruankao::review::keep ruankao::topic_qa ruankao::topic::T-INFO-001,sha256:53661e27c232b65b457fe452
软考::系统集成项目管理工程师::01_信息化与信息系统::专题问答卡::T-INFO-001_信息化_信息系统生命周期与系统集成基础,RuankaoTopicCard,信息化建设为什么不能只理解为采购设备？,信息化还包括信息资源开发、业务流程改造、人才、标准和管理机制建设。,<div>理解：本卡只围绕“信息化边界”做判断，避免把整个专题压成目录卡。</div><div>题干信号：信息化边界</div><div>来源：T-INFO-001 / 信息化边界</div>,topic_qa,辨析卡,,,B,3,上午选择,信息化与系统集成基础,01,信息化与信息系统,T-INFO-001,信息化、信息系统生命周期与系统集成基础,SRC-T-INFO-001-006,topic_learning_packages/topics/01_信息化与信息系统/T-INFO-001_专题学习包_信息化信息系统生命周期与系统集成基础.md,信息化边界,,,keep,Front 聚焦“信息化边界”，Back 短句给出可判分答案，Extra 提供本卡专属题干信号。,ruankao ruankao::build::20260520_235046 ruankao::chapter::01 ruankao::domain::信息化与系统集成基础 ruankao::type::辨析卡 ruankao::importance::B ruankao::difficulty::3 ruankao::review::keep ruankao::topic_qa ruankao::topic::T-INFO-001,sha256:5ce17ab86a0268ee21391b0b
软考::系统集成项目管理工程师::02_项目管理基础::专题问答卡::T-PM-002_五大过程组_十大知识域与PDCA,RuankaoTopicCard,过程组和知识域的核心区别是什么？,过程组按项目管理活动的时间逻辑划分；知识域按管理内容划分。,<div>理解：本卡只围绕“过程组 vs 知识域”做判断，避免把整个专题压成目录卡。</div><div>题干信号：过程组 vs 知识域</div><div>来源：T-PM-002 / 过程组 vs 知识域</div>,topic_qa,辨析卡,,,A,2,跨域辨析,项目管理基础,02,项目管理基础,T-PM-002,五大过程组、十大知识域与 PDCA,SRC-T-PM-002-001,topic_learning_packages/topics/02_项目管理基础/T-PM-002_专题学习包_五大过程组十大知识域与PDCA.md,过程组 vs 知识域,,,keep,Front 聚焦“过程组 vs 知识域”，Back 短句给出可判分答案，Extra 提供本卡专属题干信号。,ruankao ruankao::build::20260520_235046 ruankao::chapter::02 ruankao::domain::项目管理基础 ruankao::type::辨析卡 ruankao::importance::A ruankao::difficulty::2 ruankao::review::keep ruankao::topic_qa ruankao::topic::T-PM-002,sha256:91117658530d3056f97d10da
软考::系统集成项目管理工程师::02_项目管理基础::专题问答卡::T-PM-002_五大过程组_十大知识域与PDCA,RuankaoTopicCard,五大过程组分别回答项目管理中的什么时间问题？,启动定边界，规划定方案，执行做工作，监控查偏差，收尾正式结束。,<div>理解：本卡只围绕“过程组”做判断，避免把整个专题压成目录卡。</div><div>题干信号：过程组</div><div>来源：T-PM-002 / 过程组</div>,topic_qa,流程卡,,,A,2,上午选择,项目管理基础,02,项目管理基础,T-PM-002,五大过程组、十大知识域与 PDCA,SRC-T-PM-002-002,topic_learning_packages/topics/02_项目管理基础/T-PM-002_专题学习包_五大过程组十大知识域与PDCA.md,过程组,,,keep,Front 聚焦“过程组”，Back 短句给出可判分答案，Extra 提供本卡专属题干信号。,ruankao ruankao::build::20260520_235046 ruankao::chapter::02 ruankao::domain::项目管理基础 ruankao::type::流程卡 ruankao::importance::A ruankao::difficulty::2 ruankao::review::keep ruankao::topic_qa ruankao::topic::T-PM-002,sha256:59141e002282174e535248cc
软考::系统集成项目管理工程师::02_项目管理基础::专题问答卡::T-PM-002_五大过程组_十大知识域与PDCA,RuankaoTopicCard,为什么不能只按知识域学习项目管理？,考试常用过程组定位“当前处于什么时候”，再用知识域定位“管什么”。,<div>理解：本卡只围绕“定位方法”做判断，避免把整个专题压成目录卡。</div><div>题干信号：定位方法</div><div>来源：T-PM-002 / 定位方法</div>,topic_qa,陷阱卡,,,A,2,上午选择,项目管理基础,02,项目管理基础,T-PM-002,五大过程组、十大知识域与 PDCA,SRC-T-PM-002-003,topic_learning_packages/topics/02_项目管理基础/T-PM-002_专题学习包_五大过程组十大知识域与PDCA.md,定位方法,,,keep,Front 聚焦“定位方法”，Back 短句给出可判分答案，Extra 提供本卡专属题干信号。,ruankao ruankao::build::20260520_235046 ruankao::chapter::02 ruankao::domain::项目管理基础 ruankao::type::陷阱卡 ruankao::importance::A ruankao::difficulty::2 ruankao::review::keep ruankao::topic_qa ruankao::topic::T-PM-002,sha256:ee6eb66bc831daec07506385
软考::系统集成项目管理工程师::02_项目管理基础::专题问答卡::T-PM-002_五大过程组_十大知识域与PDCA,RuankaoTopicCard,PDCA 与项目管理过程组如何对应理解？,规划对应 Plan，执行对应 Do，监控对应 Check，纠偏和收尾体现 Act 的改进闭环。,<div>理解：本卡只围绕“PDCA”做判断，避免把整个专题压成目录卡。</div><div>题干信号：PDCA</div><div>来源：T-PM-002 / PDCA</div>,topic_qa,辨析卡,,,B,3,上午选择,项目管理基础,02,项目管理基础,T-PM-002,五大过程组、十大知识域与 PDCA,SRC-T-PM-002-004,topic_learning_packages/topics/02_项目管理基础/T-PM-002_专题学习包_五大过程组十大知识域与PDCA.md,PDCA,,,keep,Front 聚焦“PDCA”，Back 短句给出可判分答案，Extra 提供本卡专属题干信号。,ruankao ruankao::build::20260520_235046 ruankao::chapter::02 ruankao::domain::项目管理基础 ruankao::type::辨析卡 ruankao::importance::B ruankao::difficulty::3 ruankao::review::keep ruankao::topic_qa ruankao::topic::T-PM-002,sha256:486ce8c7677a8d8fd96e1848
软考::系统集成项目管理工程师::02_项目管理基础::专题问答卡::T-PM-002_五大过程组_十大知识域与PDCA,RuankaoTopicCard,案例题中如何用过程组×知识域定位问题？,先判断事实发生在启动/规划/执行/监控/收尾，再判断属于范围、进度、成本、质量、风险等哪类管理。,<div>理解：本卡只围绕“定位框架”做判断，避免把整个专题压成目录卡。</div><div>题干信号：定位框架</div><div>来源：T-PM-002 / 定位框架</div>,topic_qa,案例模板卡,,,A,2,案例分析,项目管理基础,02,项目管理基础,T-PM-002,五大过程组、十大知识域与 PDCA,SRC-T-PM-002-005,topic_learning_packages/topics/02_项目管理基础/T-PM-002_专题学习包_五大过程组十大知识域与PDCA.md,定位框架,,,keep,Front 聚焦“定位框架”，Back 短句给出可判分答案，Extra 提供本卡专属题干信号。,ruankao ruankao::build::20260520_235046 ruankao::chapter::02 ruankao::domain::项目管理基础 ruankao::type::案例模板卡 ruankao::importance::A ruankao::difficulty::2 ruankao::review::keep ruankao::topic_qa ruankao::topic::T-PM-002,sha256:a5d3476cee4d6dc609ef5507
软考::系统集成项目管理工程师::02_项目管理基础::专题问答卡::T-PM-002_五大过程组_十大知识域与PDCA,RuankaoTopicCard,题干出现“定期测量、识别偏差、采取纠正措施”应想到哪个过程组？,应想到监控过程组。,<div>理解：本卡只围绕“监控信号”做判断，避免把整个专题压成目录卡。</div><div>题干信号：监控信号</div><div>来源：T-PM-002 / 监控信号</div>,topic_qa,关键词识别卡,,,A,2,上午选择,项目管理基础,02,项目管理基础,T-PM-002,五大过程组、十大知识域与 PDCA,SRC-T-PM-002-006,topic_learning_packages/topics/02_项目管理基础/T-PM-002_专题学习包_五大过程组十大知识域与PDCA.md,监控信号,,,keep,Front 聚焦“监控信号”，Back 短句给出可判分答案，Extra 提供本卡专属题干信号。,ruankao ruankao::build::20260520_235046 ruankao::chapter::02 ruankao::domain::项目管理基础 ruankao::type::关键词识别卡 ruankao::importance::A ruankao::difficulty::2 ruankao::review::keep ruankao::topic_qa ruankao::topic::T-PM-002,sha256:60db882c780684752e2e6e9e
软考::系统集成项目管理工程师::03_立项管理::专题问答卡::T-FEA-001_立项管理_项目建议书_可行性研究与项目论证,RuankaoTopicCard,项目建议书在立项管理中的核心作用是什么？,提出拟建项目的总体设想和立项申请，为主管部门选择项目、开展后续可行性研究提供依据。,<div>理解：它回答“为什么要提出这个项目、大致要做什么”，还没有进入正式项目执行。</div><div>易错点：项目建议书不是项目章程；章程才是正式批准项目存在并授权项目经理。</div><div>题干信号：立项申请、总体设想、报送主管部门、可研依据。</div><div>关联：T-INT-002 项目章程。</div><div>来源：SRC-FEA-TUTOR-001。</div>,topic_qa,概念卡,,,A,2,上午选择,立项管理,03,立项管理,T-FEA-001,立项管理：项目建议书、可行性研究与项目论证,SRC-FEA-TUTOR-001,tutorial.full.clean.md,5.1.1 项目建议书,,T-INT-002,keep,Front 明确问作用，Back 短，Extra 只补阶段边界。,ruankao ruankao::build::20260520_235046 ruankao::topic ruankao::topic::T-FEA-001 ruankao::domain::立项管理 ruankao::type::概念卡 ruankao::importance::A ruankao::difficulty::2 ruankao::review::keep ruankao::family::topic_qa ruankao::chapter::03,sha256:3dbb3fec99c8570715078979
软考::系统集成项目管理工程师::03_立项管理::专题问答卡::T-FEA-001_立项管理_项目建议书_可行性研究与项目论证,RuankaoTopicCard,项目建议书 vs 项目章程的核心区别是什么？,项目建议书偏立项前申请和总体设想；项目章程偏正式批准项目存在，并授权项目经理使用组织资源。,<div>记忆线索：建议书是“要不要立项”；章程是“项目已被授权”。</div><div>易错点：看到“项目经理授权、正式启动项目”，不要选项目建议书。</div><div>关联：T-FEA-001；T-INT-002。</div><div>来源：SRC-FEA-TUTOR-001。</div>,topic_qa,辨析卡,,,A,2,跨域辨析,立项管理,03,立项管理,T-FEA-001,立项管理：项目建议书、可行性研究与项目论证,SRC-FEA-TUTOR-001;SRC-FEA-IDX-001,tutorial.full.clean.md,5.1.1 项目建议书,,T-INT-002,keep,跨专题边界清楚，和作用卡不是同义重复。,ruankao ruankao::build::20260520_235046 ruankao::topic ruankao::topic::T-FEA-001 ruankao::domain::立项管理 ruankao::type::辨析卡 ruankao::importance::A ruankao::difficulty::2 ruankao::review::keep ruankao::family::topic_qa ruankao::chapter::03,sha256:15b21b7c5167efbbd2367f23
软考::系统集成项目管理工程师::03_立项管理::专题问答卡::T-FEA-001_立项管理_项目建议书_可行性研究与项目论证,RuankaoTopicCard,项目建议书获批后，通常进入哪类工作？,进入项目可行性研究，进一步论证项目是否值得做、能不能做、风险是否可接受。,<div>理解：建议书只是总体设想，可研才展开技术、财务、组织、社会和风险等论证。</div><div>易错点：不要跳到项目管理计划；计划是项目被批准后的执行管理文件。</div><div>题干信号：建议书通过批复、后续分析、是否可行。</div><div>来源：SRC-FEA-TUTOR-002。</div>,topic_qa,流程卡,,,A,2,上午选择,立项管理,03,立项管理,T-FEA-001,立项管理：项目建议书、可行性研究与项目论证,SRC-FEA-TUTOR-001;SRC-FEA-TUTOR-002,tutorial.full.clean.md,5.1.2 项目建议书的编写、申报和审批,,,keep,只考相邻流程关系，适合选择题。,ruankao ruankao::build::20260520_235046 ruankao::topic ruankao::topic::T-FEA-001 ruankao::domain::立项管理 ruankao::type::流程卡 ruankao::importance::A ruankao::difficulty::2 ruankao::review::keep ruankao::family::topic_qa ruankao::chapter::03,sha256:541d9aafd328ba9b400c735c
软考::系统集成项目管理工程师::03_立项管理::专题问答卡::T-FEA-001_立项管理_项目建议书_可行性研究与项目论证,RuankaoTopicCard,项目建议书阶段为什么也可能组织需求分析？,为了形成需求分析报告，作为编制项目建议书和审批咨询意见的参考。,<div>理解：这里的需求分析是立项前的依据收集，不等同于后续完整需求规格说明。</div><div>易错点：不要因为出现“需求分析”就直接判定项目已经进入开发或范围管理阶段。</div><div>来源：SRC-FEA-TUTOR-002。</div>,topic_qa,概念卡,,,B,2,上午选择,立项管理,03,立项管理,T-FEA-001,立项管理：项目建议书、可行性研究与项目论证,SRC-FEA-TUTOR-002,tutorial.full.clean.md,5.1.2 项目建议书的编写、申报和审批,,,keep,解释立项前需求分析的特殊位置。,ruankao ruankao::build::20260520_235046 ruankao::topic ruankao::topic::T-FEA-001 ruankao::domain::立项管理 ruankao::type::概念卡 ruankao::importance::B ruankao::difficulty::2 ruankao::review::keep ruankao::family::topic_qa ruankao::chapter::03,sha256:57249728d09273c961f423ff
软考::系统集成项目管理工程师::03_立项管理::专题问答卡::T-FEA-001_立项管理_项目建议书_可行性研究与项目论证,RuankaoTopicCard,可行性研究在立项管理中解决什么问题？,综合分析拟建项目的必要性、可行性、合理性和风险，为立项或投资决策提供依据。,<div>理解：可研不是“写一份能过会的材料”，而是提前判断项目值不值得做、条件是否支持。</div><div>题干信号：是否可行、是否值得投资、方案比较、效益分析、风险对策。</div><div>来源：SRC-FEA-TUTOR-003。</div>,topic_qa,概念卡,,,A,2,上午选择,立项管理,03,立项管理,T-FEA-001,立项管理：项目建议书、可行性研究与项目论证,SRC-FEA-TUTOR-003,tutorial.full.clean.md,5.2.1 项目可行性研究内容,,,keep,中心概念卡，Back 稳定且短。,ruankao ruankao::build::20260520_235046 ruankao::topic ruankao::topic::T-FEA-001 ruankao::domain::立项管理 ruankao::type::概念卡 ruankao::importance::A ruankao::difficulty::2 ruankao::review::keep ruankao::family::topic_qa ruankao::chapter::03,sha256:5e61a256cb82847082630b9e
软考::系统集成项目管理工程师::03_立项管理::专题问答卡::T-FEA-001_立项管理_项目建议书_可行性研究与项目论证,RuankaoTopicCard,教程口径下，可行性研究通常要覆盖哪七类内容？,投资必要性、技术可行性、财务可行性、组织可行性、经济可行性、社会可行性、风险因素及对策。,<div>记忆线索：必要性先问“该不该做”；技术/财务/组织/经济/社会问“能不能支撑”；风险问“出问题怎么办”。</div><div>易错点：不要把可研缩成单纯技术评审。</div><div>来源：SRC-FEA-TUTOR-003。</div>,topic_qa,关键词识别卡,,,A,3,上午选择,立项管理,03,立项管理,T-FEA-001,立项管理：项目建议书、可行性研究与项目论证,SRC-FEA-TUTOR-003,tutorial.full.clean.md,5.2.1 项目可行性研究内容,,,keep,小型枚举但为教程明确考点，Extra 分组减负。,ruankao ruankao::build::20260520_235046 ruankao::topic ruankao::topic::T-FEA-001 ruankao::domain::立项管理 ruankao::type::关键词识别卡 ruankao::importance::A ruankao::difficulty::3 ruankao::review::keep ruankao::family::topic_qa ruankao::chapter::03,sha256:5e909f27fbb8d8d626996639
软考::系统集成项目管理工程师::03_立项管理::专题问答卡::T-FEA-001_立项管理_项目建议书_可行性研究与项目论证,RuankaoTopicCard,题干出现哪些信号时，应优先想到技术可行性？,新技术、技术方案成熟度、团队技术能力、关键资源、系统性能或兼容性风险。,<div>例子：WiMAX 案例中“新技术、团队缺少经验、覆盖盲区、断网”都指向技术可行性不足。</div><div>易错点：技术演示效果好，不等于技术可行性已经充分论证。</div><div>来源：SRC-FEA-TUTOR-003；SRC-FEA-Q-CASE-001。</div>,topic_qa,关键词识别卡,,,A,2,案例分析,立项管理,03,立项管理,T-FEA-001,立项管理：项目建议书、可行性研究与项目论证,SRC-FEA-TUTOR-003;SRC-FEA-Q-CASE-001,tutorial.full.clean.md;questions.full.clean.md,5.2.1 技术可行性 / WiMAX 案例,,,keep,把抽象分类落到案例信号上。,ruankao ruankao::build::20260520_235046 ruankao::topic ruankao::topic::T-FEA-001 ruankao::domain::立项管理 ruankao::type::关键词识别卡 ruankao::importance::A ruankao::difficulty::2 ruankao::review::keep ruankao::family::topic_qa ruankao::chapter::03,sha256:dac7ad9c4f270f3f2fbe1afa
软考::系统集成项目管理工程师::03_立项管理::专题问答卡::T-FEA-001_立项管理_项目建议书_可行性研究与项目论证,RuankaoTopicCard,财务可行性 vs 经济可行性的区别是什么？,财务可行性偏投资者或项目自身的盈利、现金流和偿债能力；经济可行性偏资源配置和社会经济效益。,<div>记忆线索：财务看“钱对项目/投资者是否划算”；经济看“资源投入对更大范围是否有价值”。</div><div>易错点：两个都和“钱”有关，但评价视角不同。</div><div>来源：SRC-FEA-TUTOR-003。</div>,topic_qa,辨析卡,,,A,3,上午选择,立项管理,03,立项管理,T-FEA-001,立项管理：项目建议书、可行性研究与项目论证,SRC-FEA-TUTOR-003,tutorial.full.clean.md,5.2.1 项目可行性研究内容,,,keep,拆开两个字面相似概念。,ruankao ruankao::build::20260520_235046 ruankao::topic ruankao::topic::T-FEA-001 ruankao::domain::立项管理 ruankao::type::辨析卡 ruankao::importance::A ruankao::difficulty::3 ruankao::review::keep ruankao::family::topic_qa ruankao::chapter::03,sha256:3dae1a8ab20949a8a9f32c39
软考::系统集成项目管理工程师::03_立项管理::专题问答卡::T-FEA-001_立项管理_项目建议书_可行性研究与项目论证,RuankaoTopicCard,题干出现哪些信号时，应想到组织可行性？,组织机构、管理人员经验、实施进度安排、协作关系、培训计划是否能支撑项目。,<div>理解：组织可行性问的是“组织和人能不能把项目推起来”，不是技术本身是否先进。</div><div>题干信号：人员不足、职责不清、培训缺失、协作机制弱、进度组织不合理。</div><div>来源：SRC-FEA-TUTOR-003。</div>,topic_qa,关键词识别卡,,,B,2,案例分析,立项管理,03,立项管理,T-FEA-001,立项管理：项目建议书、可行性研究与项目论证,SRC-FEA-TUTOR-003,tutorial.full.clean.md,5.2.1 组织可行性,,,keep,补足案例中常被忽略的非技术原因。,ruankao ruankao::build::20260520_235046 ruankao::topic ruankao::topic::T-FEA-001 ruankao::domain::立项管理 ruankao::type::关键词识别卡 ruankao::importance::B ruankao::difficulty::2 ruankao::review::keep ruankao::family::topic_qa ruankao::chapter::03,sha256:24228f61692ccef05394b52e
软考::系统集成项目管理工程师::03_立项管理::专题问答卡::T-FEA-001_立项管理_项目建议书_可行性研究与项目论证,RuankaoTopicCard,题干出现哪些信号时，应想到社会可行性？,法律政策、伦理道德、社会影响、民族宗教、社会稳定性等外部社会条件。,<div>例子：无线频段许可未办理，不只是技术问题，也涉及政策和法律环境。</div><div>易错点：社会可行性不是“用户喜不喜欢”，它更偏外部政策、法律和社会影响。</div><div>来源：SRC-FEA-TUTOR-003；SRC-FEA-Q-CASE-001。</div>,topic_qa,关键词识别卡,,,B,2,案例分析,立项管理,03,立项管理,T-FEA-001,立项管理：项目建议书、可行性研究与项目论证,SRC-FEA-TUTOR-003;SRC-FEA-Q-CASE-001,tutorial.full.clean.md;questions.full.clean.md,5.2.1 社会可行性 / WiMAX 案例,,,keep,专注社会可行性，和技术可行性互补。,ruankao ruankao::build::20260520_235046 ruankao::topic ruankao::topic::T-FEA-001 ruankao::domain::立项管理 ruankao::type::关键词识别卡 ruankao::importance::B ruankao::difficulty::2 ruankao::review::keep ruankao::family::topic_qa ruankao::chapter::03,sha256:18fe21cb31a80cae0e858822
软考::系统集成项目管理工程师::03_立项管理::专题问答卡::T-FEA-001_立项管理_项目建议书_可行性研究与项目论证,RuankaoTopicCard,可行性研究是否只需要论证收益，不需要论证风险？,不是。可行性研究应评价风险因素并提出对策，为项目全过程风险管理提供依据。,<div>理解：可研阶段的风险分析是“是否值得立项”的前置判断，不是执行阶段风险管理的全部替代品。</div><div>题干信号：供应商退出、许可无法取得、关键技术不成熟、市场或财务不确定。</div><div>来源：SRC-FEA-TUTOR-003。</div>,topic_qa,陷阱卡,,,A,2,案例分析,立项管理,03,立项管理,T-FEA-001,立项管理：项目建议书、可行性研究与项目论证,SRC-FEA-TUTOR-003;SRC-FEA-Q-CASE-001,tutorial.full.clean.md;questions.full.clean.md,5.2.1 风险因素及对策 / WiMAX 案例,,T-RISK-001,keep,纠正高频误解，Back 简短。,ruankao ruankao::build::20260520_235046 ruankao::topic ruankao::topic::T-FEA-001 ruankao::domain::立项管理 ruankao::type::陷阱卡 ruankao::importance::A ruankao::difficulty::2 ruankao::review::keep ruankao::family::topic_qa ruankao::chapter::03,sha256:7dddbda752d2d2e4d699e637
软考::系统集成项目管理工程师::03_立项管理::专题问答卡::T-FEA-001_立项管理_项目建议书_可行性研究与项目论证,RuankaoTopicCard,可行性研究是不是项目管理计划？,不是。可行性研究服务于立项前决策；项目管理计划服务于项目批准后的执行、监控和控制。,<div>题干信号：问“值不值得投资、能不能建设”偏可研；问“如何执行、监控、控制”偏项目管理计划。</div><div>关联：T-FEA-001；T-INT-002。</div><div>来源：SRC-FEA-TUTOR-003。</div>,topic_qa,辨析卡,,,A,2,跨域辨析,立项管理,03,立项管理,T-FEA-001,立项管理：项目建议书、可行性研究与项目论证,SRC-FEA-TUTOR-003;SRC-FEA-IDX-001,tutorial.full.clean.md,5.2.1 项目可行性研究内容,,T-INT-002,keep,短、准、有坑点，接近黄金样例风格。,ruankao ruankao::build::20260520_235046 ruankao::topic ruankao::topic::T-FEA-001 ruankao::domain::立项管理 ruankao::type::辨析卡 ruankao::importance::A ruankao::difficulty::2 ruankao::review::keep ruankao::family::topic_qa ruankao::chapter::03,sha256:32ac3cd68412481d9a36f4d3
软考::系统集成项目管理工程师::03_立项管理::专题问答卡::T-FEA-001_立项管理_项目建议书_可行性研究与项目论证,RuankaoTopicCard,可研报告内容相对项目建议书批复发生重大变更时，应优先想到什么处理？,应重新报批项目建议书。,<div>理解：项目建议书批复是后续可研和建设的依据，重大偏离不能只在后续文件里悄悄调整。</div><div>易错点：少量调整可说明；重大变更要回到上一级依据重新报批。</div><div>来源：SRC-FEA-TUTOR-007。</div>,topic_qa,陷阱卡,,,A,3,上午选择,立项管理,03,立项管理,T-FEA-001,立项管理：项目建议书、可行性研究与项目论证,SRC-FEA-TUTOR-007,tutorial.full.clean.md,5.3 项目审批,,,keep,不写具体数字，保留稳定判断规则。,ruankao ruankao::build::20260520_235046 ruankao::topic ruankao::topic::T-FEA-001 ruankao::domain::立项管理 ruankao::type::陷阱卡 ruankao::importance::A ruankao::difficulty::3 ruankao::review::keep ruankao::family::topic_qa ruankao::chapter::03,sha256:e819d0df675132e6bca7fb88
软考::系统集成项目管理工程师::03_立项管理::专题问答卡::T-FEA-001_立项管理_项目建议书_可行性研究与项目论证,RuankaoTopicCard,机会研究主要回答什么问题？,有没有值得进一步关注的投资机会或项目方向。,<div>记忆线索：机会研究的关键词是“找机会”，不是详细证明方案可行。</div><div>易错点：题干问“寻找最佳投资机会”时，不要误选详细可研。</div><div>来源：SRC-FEA-TUTOR-005。</div>,topic_qa,概念卡,,,A,1,上午选择,立项管理,03,立项管理,T-FEA-001,立项管理：项目建议书、可行性研究与项目论证,SRC-FEA-TUTOR-005,tutorial.full.clean.md,5.2.2 机会可行性研究,,,keep,Front 和 Back 都很短。,ruankao ruankao::build::20260520_235046 ruankao::topic ruankao::topic::T-FEA-001 ruankao::domain::立项管理 ruankao::type::概念卡 ruankao::importance::A ruankao::difficulty::1 ruankao::review::keep ruankao::family::topic_qa ruankao::chapter::03,sha256:31b5009df795d77ee2cd0959
软考::系统集成项目管理工程师::03_立项管理::专题问答卡::T-FEA-001_立项管理_项目建议书_可行性研究与项目论证,RuankaoTopicCard,初步可行性研究主要回答什么问题？,项目初步看是否可行，是否值得进入更深入的详细可行性研究。,<div>理解：它是机会研究和详细可研之间的中间阶段。</div><div>易错点：初步可研可以作为决策参考，但不是最完整的最终论证。</div><div>来源：SRC-FEA-TUTOR-005。</div>,topic_qa,概念卡,,,A,1,上午选择,立项管理,03,立项管理,T-FEA-001,立项管理：项目建议书、可行性研究与项目论证,SRC-FEA-TUTOR-005,tutorial.full.clean.md,5.2.2 初步可行性研究,,,keep,聚焦“是否深入”。,ruankao ruankao::build::20260520_235046 ruankao::topic ruankao::topic::T-FEA-001 ruankao::domain::立项管理 ruankao::type::概念卡 ruankao::importance::A ruankao::difficulty::1 ruankao::review::keep ruankao::family::topic_qa ruankao::chapter::03,sha256:9d92f80e287ecc8bbe9fd62e
软考::系统集成项目管理工程师::03_立项管理::专题问答卡::T-FEA-001_立项管理_项目建议书_可行性研究与项目论证,RuankaoTopicCard,详细可行性研究主要回答什么问题？,项目各方面是否真正可行，并为立项决策提供确切依据。,<div>理解：详细可研要全面搜集和分析资料，比较不同实现方案，并预测项目建成后的绩效。</div><div>题干信号：全面分析、方案综合评判、立项决策确切依据。</div><div>来源：SRC-FEA-TUTOR-005。</div>,topic_qa,概念卡,,,A,1,上午选择,立项管理,03,立项管理,T-FEA-001,立项管理：项目建议书、可行性研究与项目论证,SRC-FEA-TUTOR-005,tutorial.full.clean.md,5.2.2 详细可行性研究,,,keep,Back 稳定，Extra 只补定位信号。,ruankao ruankao::build::20260520_235046 ruankao::topic ruankao::topic::T-FEA-001 ruankao::domain::立项管理 ruankao::type::概念卡 ruankao::importance::A ruankao::difficulty::1 ruankao::review::keep ruankao::family::topic_qa ruankao::chapter::03,sha256:992f7f47922e034f728cc980
软考::系统集成项目管理工程师::03_立项管理::专题问答卡::T-FEA-001_立项管理_项目建议书_可行性研究与项目论证,RuankaoTopicCard,机会研究、初步可研、详细可研的核心区别是什么？,机会研究偏发现机会；初步可研偏判断是否值得深入；详细可研偏全面论证并支撑立项决策。,<div>记忆线索：机会=有没有机会；初步=要不要深入；详细=能不能决策。</div><div>易错点：三者不是并列材料，而是研究深度递进。</div><div>来源：SRC-FEA-TUTOR-005。</div>,topic_qa,辨析卡,,,A,2,上午选择,立项管理,03,立项管理,T-FEA-001,立项管理：项目建议书、可行性研究与项目论证,SRC-FEA-TUTOR-005,tutorial.full.clean.md,5.2.2 项目可行性研究阶段,,,keep,必要总辨析卡，和单概念卡构成合理冗余。,ruankao ruankao::build::20260520_235046 ruankao::topic ruankao::topic::T-FEA-001 ruankao::domain::立项管理 ruankao::type::辨析卡 ruankao::importance::A ruankao::difficulty::2 ruankao::review::keep ruankao::family::topic_qa ruankao::chapter::03,sha256:80f8baec7240c82b75bd55c4
软考::系统集成项目管理工程师::03_立项管理::专题问答卡::T-FEA-001_立项管理_项目建议书_可行性研究与项目论证,RuankaoTopicCard,初步可行性研究通常可能得出哪四类结论？,立即上马；转入详细可研；开展专题研究；否定项目、项目下马。,<div>理解：初步可研的价值在于分流，不是所有项目都自动进入详细可研。</div><div>题干信号：肯定上马、深入研究、原型验证关键技术、否定项目。</div><div>来源：SRC-FEA-TUTOR-005。</div>,topic_qa,流程卡,,,B,3,上午选择,立项管理,03,立项管理,T-FEA-001,立项管理：项目建议书、可行性研究与项目论证,SRC-FEA-TUTOR-005;SRC-FEA-Q-041,tutorial.full.clean.md;questions.full.clean.md,5.2.2 初步可研 / Q41,,,keep,四项枚举是稳定考点，未扩成长段。,ruankao ruankao::build::20260520_235046 ruankao::topic ruankao::topic::T-FEA-001 ruankao::domain::立项管理 ruankao::type::流程卡 ruankao::importance::B ruankao::difficulty::3 ruankao::review::keep ruankao::family::topic_qa ruankao::chapter::03,sha256:d3dabe3dadaf0225a45aa5dc
软考::系统集成项目管理工程师::03_立项管理::专题问答卡::T-FEA-001_立项管理_项目建议书_可行性研究与项目论证,RuankaoTopicCard,可研报告从编制到批复的大致链路是什么？,依据项目建议书批复编制可研报告 → 报送项目审批部门 → 委托有资格机构评估 → 审核批复。,<div>易错点：评估通常在审批批复前起把关作用，不是项目完成后的复盘。</div><div>题干信号：建议书批复、可研报告、咨询机构评估、审核批复。</div><div>来源：SRC-FEA-TUTOR-006。</div>,topic_qa,流程卡,,,A,2,上午选择,立项管理,03,立项管理,T-FEA-001,立项管理：项目建议书、可行性研究与项目论证,SRC-FEA-TUTOR-006;SRC-FEA-Q-031,tutorial.full.clean.md;questions.full.clean.md,5.2.2 可研报告编写提交批准 / Q31,,,keep,流程短，能直接用于立项链条题。,ruankao ruankao::build::20260520_235046 ruankao::topic ruankao::topic::T-FEA-001 ruankao::domain::立项管理 ruankao::type::流程卡 ruankao::importance::A ruankao::difficulty::2 ruankao::review::keep ruankao::family::topic_qa ruankao::chapter::03,sha256:f3c9b83179b9f5eea4d6a9f0
软考::系统集成项目管理工程师::03_立项管理::专题问答卡::T-FEA-001_立项管理_项目建议书_可行性研究与项目论证,RuankaoTopicCard,项目评估在立项管理中的核心作用是什么？,审查可行性研究的可靠性、真实性和客观性，为贷款或审批决策提供依据。,<div>理解：评估不是重复写一份可研，而是站在外部或第三方角度把关。</div><div>题干信号：第三方、审查、评价、客观性、审批决策依据。</div><div>来源：SRC-FEA-TUTOR-006。</div>,topic_qa,概念卡,,,A,2,上午选择,立项管理,03,立项管理,T-FEA-001,立项管理：项目建议书、可行性研究与项目论证,SRC-FEA-TUTOR-006,tutorial.full.clean.md,5.2.2 项目评估,,,keep,贴合教程关键词，Extra 给出做题信号。,ruankao ruankao::build::20260520_235046 ruankao::topic ruankao::topic::T-FEA-001 ruankao::domain::立项管理 ruankao::type::概念卡 ruankao::importance::A ruankao::difficulty::2 ruankao::review::keep ruankao::family::topic_qa ruankao::chapter::03,sha256:efca043cd6b37bea98400219
软考::系统集成项目管理工程师::03_立项管理::专题问答卡::T-FEA-001_立项管理_项目建议书_可行性研究与项目论证,RuankaoTopicCard,项目论证 vs 项目评估的核心区别是什么？,项目论证偏证明项目方案是否可行；项目评估偏独立审查论证或可研结论是否可信、是否值得批准。,<div>记忆线索：论证是“我证明项目可行”；评估是“别人审查你说得靠不靠谱”。</div><div>题干信号：内部分析、方案可行多指论证；第三方、审查、把关多指评估。</div><div>来源：SRC-FEA-TOPIC-005。</div>,topic_qa,辨析卡,,,A,2,跨域辨析,立项管理,03,立项管理,T-FEA-001,立项管理：项目建议书、可行性研究与项目论证,SRC-FEA-TOPIC-005;SRC-FEA-IDX-001,topic_learning_packages/topics/03_立项管理/T-FEA-001_专题学习包_立项管理项目建议书可行性研究与项目论证.md,项目论证与项目评估,,,keep,本专题关键辨析，专题包和索引支持。,ruankao ruankao::build::20260520_235046 ruankao::topic ruankao::topic::T-FEA-001 ruankao::domain::立项管理 ruankao::type::辨析卡 ruankao::importance::A ruankao::difficulty::2 ruankao::review::keep ruankao::family::topic_qa ruankao::chapter::03,sha256:5150709fb29b5bd9331d1d45
软考::系统集成项目管理工程师::03_立项管理::专题问答卡::T-FEA-001_立项管理_项目建议书_可行性研究与项目论证,RuankaoTopicCard,多方案择优和项目取舍时，为什么项目评估报告比可研报告更像决策依据？,可研报告主要提供方案比较和可行性分析；项目评估报告对方案进行审查评价，更直接服务取舍决策。,<div>易错点：看到“可行性研究”不要自动选可研报告；题干若强调“择优、取舍、保证决策科学性”，更可能是评估报告。</div><div>来源：SRC-FEA-Q-032。</div>,topic_qa,陷阱卡,,,A,3,上午选择,立项管理,03,立项管理,T-FEA-001,立项管理：项目建议书、可行性研究与项目论证,SRC-FEA-Q-032,questions.full.clean.md,企业信息化方案取舍依据题,,,keep,来自真题解析，修正具体错选。,ruankao ruankao::build::20260520_235046 ruankao::topic ruankao::topic::T-FEA-001 ruankao::domain::立项管理 ruankao::type::陷阱卡 ruankao::importance::A ruankao::difficulty::3 ruankao::review::keep ruankao::family::topic_qa ruankao::chapter::03,sha256:39bf522d5262124752647c11
软考::系统集成项目管理工程师::03_立项管理::专题问答卡::T-FEA-001_立项管理_项目建议书_可行性研究与项目论证,RuankaoTopicCard,题干出现哪些信号时，应优先想到“可行性研究”？,是否值得投资、技术/财务/组织/经济/社会条件、方案比较、投资估算、效益分析、风险对策。,<div>理解：可研的中心是“立项前判断”，不是“执行中怎么管”。</div><div>反例：正式授权项目经理、整合各分计划，更像项目章程或项目管理计划。</div><div>来源：SRC-FEA-TUTOR-003。</div>,topic_qa,关键词识别卡,,,A,2,题干信号,立项管理,03,立项管理,T-FEA-001,立项管理：项目建议书、可行性研究与项目论证,SRC-FEA-TUTOR-003;SRC-FEA-Q-CASE-001,tutorial.full.clean.md;questions.full.clean.md,5.2.1 可研内容 / WiMAX 案例,,T-INT-002,keep,直接服务做题定位。,ruankao ruankao::build::20260520_235046 ruankao::topic ruankao::topic::T-FEA-001 ruankao::domain::立项管理 ruankao::type::关键词识别卡 ruankao::importance::A ruankao::difficulty::2 ruankao::review::keep ruankao::family::topic_qa ruankao::chapter::03,sha256:c1d207d1662d73bfc6c1feb9
软考::系统集成项目管理工程师::03_立项管理::专题问答卡::T-FEA-001_立项管理_项目建议书_可行性研究与项目论证,RuankaoTopicCard,题干出现哪些信号时，应优先想到“项目评估”？,第三方或上级机构、审查可研结论、评价可靠性/真实性/客观性、为审批或贷款决策提供依据。,<div>易错点：评估不是项目结束后的总结会议；本专题中的评估发生在投资前期决策管理中。</div><div>来源：SRC-FEA-TUTOR-006。</div>,topic_qa,关键词识别卡,,,A,2,题干信号,立项管理,03,立项管理,T-FEA-001,立项管理：项目建议书、可行性研究与项目论证,SRC-FEA-TUTOR-006,tutorial.full.clean.md,5.2.2 项目评估,,,keep,与定义卡互补，不重复。,ruankao ruankao::build::20260520_235046 ruankao::topic ruankao::topic::T-FEA-001 ruankao::domain::立项管理 ruankao::type::关键词识别卡 ruankao::importance::A ruankao::difficulty::2 ruankao::review::keep ruankao::family::topic_qa ruankao::chapter::03,sha256:0971400ab0bcd17153e42a31
软考::系统集成项目管理工程师::03_立项管理::专题问答卡::T-FEA-001_立项管理_项目建议书_可行性研究与项目论证,RuankaoTopicCard,立项不足类案例通常从哪些角度分析问题？,可研不充分、技术方案未验证、组织和运行环境不足、法律/社会条件未核实、风险识别与对策不足。,<div>答题提醒：不要只写“立项不规范”，要把案例事实翻译成具体可行性维度。</div><div>例子：新技术无经验=技术可行性不足；无线频段许可缺失=社会/法律条件不足；供应商退出=风险对策不足。</div><div>来源：SRC-FEA-Q-CASE-001。</div>,topic_qa,案例模板卡,,,A,3,下午案例,立项管理,03,立项管理,T-FEA-001,立项管理：项目建议书、可行性研究与项目论证,SRC-FEA-Q-CASE-001,questions.full.clean.md,WiMAX 无线网络案例,,T-RISK-001,keep,下午题框架卡，不是教程摘抄。,ruankao ruankao::build::20260520_235046 ruankao::topic ruankao::topic::T-FEA-001 ruankao::domain::立项管理 ruankao::type::案例模板卡 ruankao::importance::A ruankao::difficulty::3 ruankao::review::keep ruankao::family::topic_qa ruankao::chapter::03,sha256:2ae6f989899f6e0074f9d2bc
软考::系统集成项目管理工程师::03_立项管理::专题问答卡::T-FEA-001_立项管理_项目建议书_可行性研究与项目论证,RuankaoTopicCard,案例题问“进行项目可行性研究的主要步骤”时，可以按什么顺序答？,初步可行性研究 → 详细可行性研究 → 项目综合论证 → 项目可行性评估 → 可研报告编写、提交和获得批准。,<div>理解：这是一种案例题答题口径，重在写出从研究、论证、评估到报告审批的链条。</div><div>易错点：不要只答“技术、经济、社会”等内容维度；题目问的是步骤。</div><div>来源：SRC-FEA-Q-CASE-001。</div>,topic_qa,流程卡,,,A,3,下午案例,立项管理,03,立项管理,T-FEA-001,立项管理：项目建议书、可行性研究与项目论证,SRC-FEA-Q-CASE-001,questions.full.clean.md,WiMAX 案例问题2,,,keep,题目原答案边界稳定，适合作为案例流程卡。,ruankao ruankao::build::20260520_235046 ruankao::topic ruankao::topic::T-FEA-001 ruankao::domain::立项管理 ruankao::type::流程卡 ruankao::importance::A ruankao::difficulty::3 ruankao::review::keep ruankao::family::topic_qa ruankao::chapter::03,sha256:2f130229bb34b54db4f369e8
软考::系统集成项目管理工程师::待核验与复查,RuankaoTopicCard,项目建议书“核心内容”题中，风险因素及对策是否一定属于核心内容？,needs_human_review：不能直接下结论。真题曾把“风险因素及对策”作为“不属于项目建议书核心内容”的选项，但教程提纲又列有“项目风险与风险对策”章节。,<div>人工核验点：这可能是“核心内容”与“扩充提纲”的语境差异，也可能是 OCR/题源口径问题。</div><div>暂用策略：做题时按具体题干和教材版本判断，不把这张卡放入主复习。</div><div>来源：SRC-FEA-Q-032-CONFLICT。</div>,topic_qa,真题陷阱卡,,,B,4,上午选择,立项管理,03,立项管理,T-FEA-001,立项管理：项目建议书、可行性研究与项目论证,SRC-FEA-Q-032-CONFLICT;SRC-FEA-TUTOR-001,questions.full.clean.md;tutorial.full.clean.md,项目建议书核心内容题 / 教程提纲,,,needs_human_review,揭示材料冲突，但不作为确定知识强背。,ruankao ruankao::build::20260520_235046 ruankao::topic ruankao::topic::T-FEA-001 ruankao::domain::立项管理 ruankao::type::真题陷阱卡 ruankao::importance::B ruankao::difficulty::4 ruankao::review::needs_human_review ruankao::family::topic_qa ruankao::chapter::03 ruankao::needs_review ruankao::not_for_main_review,sha256:bd6d5ebea88881e344bf39c2
软考::系统集成项目管理工程师::待核验与复查,RuankaoTopicCard,三级可研常见误差范围如何对应？,needs_human_review：常见说法是机会研究约 ±30%，初步可研约 ±20%，详细可研约 ±10%。,<div>人工核验点：待核验登记提醒该数字可能因教材版本差异需要确认。</div><div>暂用策略：先记“越往后越细、误差越小”，数字确认后再进入主卡。</div><div>来源：SRC-FEA-TOPIC-004；SRC-FEA-PV-001。</div>,topic_qa,记忆卡,,,B,4,上午选择,立项管理,03,立项管理,T-FEA-001,立项管理：项目建议书、可行性研究与项目论证,SRC-FEA-TOPIC-004;SRC-FEA-PV-001,topic_learning_packages/topics/03_立项管理/T-FEA-001_专题学习包_立项管理项目建议书可行性研究与项目论证.md,机会研究、初步可研与详细可研,,,needs_human_review,方向稳定，数字暂不进主复习。,ruankao ruankao::build::20260520_235046 ruankao::topic ruankao::topic::T-FEA-001 ruankao::domain::立项管理 ruankao::type::记忆卡 ruankao::importance::B ruankao::difficulty::4 ruankao::review::needs_human_review ruankao::family::topic_qa ruankao::chapter::03 ruankao::needs_review ruankao::not_for_main_review,sha256:3fb8ee904e3056515742bfbb
软考::系统集成项目管理工程师::待核验与复查,RuankaoTopicCard,初步设计和投资概算相对可研批复发生重大变更或超出一定额度时，是否要重新报批可研报告？,needs_human_review：教程 OCR 写到重大变更或投资超出已批复总投资额度 10% 时，应重新报批可行性研究报告。,<div>人工核验点：这是法规数字和 OCR 文本，导入主卡前应核对教材原文或现行规定。</div><div>稳定部分：重大偏离已批复依据时，不能只在后续文件中自行调整。</div><div>来源：SRC-FEA-TUTOR-007。</div>,topic_qa,法规陷阱卡,,,B,4,上午选择,立项管理,03,立项管理,T-FEA-001,立项管理：项目建议书、可行性研究与项目论证,SRC-FEA-TUTOR-007;SRC-FEA-Q-031,tutorial.full.clean.md;questions.full.clean.md,5.3 项目审批 / 电子政务立项题,,,needs_human_review,规则方向可用，数字需要人工确认。,ruankao ruankao::build::20260520_235046 ruankao::topic ruankao::topic::T-FEA-001 ruankao::domain::立项管理 ruankao::type::法规陷阱卡 ruankao::importance::B ruankao::difficulty::4 ruankao::review::needs_human_review ruankao::family::topic_qa ruankao::chapter::03 ruankao::needs_review ruankao::not_for_main_review,sha256:ca3f201b44e233634421e45b
软考::系统集成项目管理工程师::04_整体管理::专题问答卡::T-CLOSE-001_项目收尾_管理收尾_合同收尾与验收,RuankaoTopicCard,管理收尾 vs 合同收尾的核心区别是什么？,管理收尾结束项目或阶段；合同收尾结束采购合同关系。,<div>理解：本卡只围绕“收尾边界”做判断，避免把整个专题压成目录卡。</div><div>题干信号：收尾边界</div><div>来源：T-CLOSE-001 / 收尾边界</div>,topic_qa,辨析卡,,,A,2,跨域辨析,整体管理,04,整体管理,T-CLOSE-001,项目收尾：管理收尾、合同收尾与验收,SRC-T-CLOSE-001-001,topic_learning_packages/topics/04_整体管理/T-CLOSE-001_专题学习包_项目收尾管理收尾合同收尾与验收.md,收尾边界,,,keep,Front 聚焦“收尾边界”，Back 短句给出可判分答案，Extra 提供本卡专属题干信号。,ruankao ruankao::build::20260520_235046 ruankao::chapter::04 ruankao::domain::整体管理 ruankao::type::辨析卡 ruankao::importance::A ruankao::difficulty::2 ruankao::review::keep ruankao::topic_qa ruankao::topic::T-CLOSE-001,sha256:9d1a755c56a9d5ed1a51fe1c
软考::系统集成项目管理工程师::04_整体管理::专题问答卡::T-CLOSE-001_项目收尾_管理收尾_合同收尾与验收,RuankaoTopicCard,题干出现“经验教训归档、释放资源”应想到哪类收尾？,应想到管理收尾。,<div>理解：本卡只围绕“管理收尾信号”做判断，避免把整个专题压成目录卡。</div><div>题干信号：管理收尾信号</div><div>来源：T-CLOSE-001 / 管理收尾信号</div>,topic_qa,关键词识别卡,,,A,2,上午选择,整体管理,04,整体管理,T-CLOSE-001,项目收尾：管理收尾、合同收尾与验收,SRC-T-CLOSE-001-002,topic_learning_packages/topics/04_整体管理/T-CLOSE-001_专题学习包_项目收尾管理收尾合同收尾与验收.md,管理收尾信号,,,keep,Front 聚焦“管理收尾信号”，Back 短句给出可判分答案，Extra 提供本卡专属题干信号。,ruankao ruankao::build::20260520_235046 ruankao::chapter::04 ruankao::domain::整体管理 ruankao::type::关键词识别卡 ruankao::importance::A ruankao::difficulty::2 ruankao::review::keep ruankao::topic_qa ruankao::topic::T-CLOSE-001,sha256:843e0c0431347996cda380b4
软考::系统集成项目管理工程师::04_整体管理::专题问答卡::T-CLOSE-001_项目收尾_管理收尾_合同收尾与验收,RuankaoTopicCard,题干出现“供应商尾款、索赔、合同归档”应想到哪类收尾？,应想到合同收尾。,<div>理解：本卡只围绕“合同收尾信号”做判断，避免把整个专题压成目录卡。</div><div>题干信号：合同收尾信号</div><div>来源：T-CLOSE-001 / 合同收尾信号</div>,topic_qa,关键词识别卡,,,A,2,上午选择,整体管理,04,整体管理,T-CLOSE-001,项目收尾：管理收尾、合同收尾与验收,SRC-T-CLOSE-001-003,topic_learning_packages/topics/04_整体管理/T-CLOSE-001_专题学习包_项目收尾管理收尾合同收尾与验收.md,合同收尾信号,,,keep,Front 聚焦“合同收尾信号”，Back 短句给出可判分答案，Extra 提供本卡专属题干信号。,ruankao ruankao::build::20260520_235046 ruankao::chapter::04 ruankao::domain::整体管理 ruankao::type::关键词识别卡 ruankao::importance::A ruankao::difficulty::2 ruankao::review::keep ruankao::topic_qa ruankao::topic::T-CLOSE-001,sha256:dccd25f0dd095170d2872408
软考::系统集成项目管理工程师::04_整体管理::专题问答卡::T-CLOSE-001_项目收尾_管理收尾_合同收尾与验收,RuankaoTopicCard,验收与确认范围是什么关系？,确认范围强调客户或发起人对已完成可交付成果的正式接受，验收常是其关键表现。,<div>理解：本卡只围绕“验收”做判断，避免把整个专题压成目录卡。</div><div>题干信号：验收</div><div>来源：T-CLOSE-001 / 验收</div>,topic_qa,辨析卡,,,A,2,上午选择,整体管理,04,整体管理,T-CLOSE-001,项目收尾：管理收尾、合同收尾与验收,SRC-T-CLOSE-001-004,topic_learning_packages/topics/04_整体管理/T-CLOSE-001_专题学习包_项目收尾管理收尾合同收尾与验收.md,验收,,,keep,Front 聚焦“验收”，Back 短句给出可判分答案，Extra 提供本卡专属题干信号。,ruankao ruankao::build::20260520_235046 ruankao::chapter::04 ruankao::domain::整体管理 ruankao::type::辨析卡 ruankao::importance::A ruankao::difficulty::2 ruankao::review::keep ruankao::topic_qa ruankao::topic::T-CLOSE-001,sha256:83cdc921d7af10bb80d53da8
软考::系统集成项目管理工程师::04_整体管理::专题问答卡::T-CLOSE-001_项目收尾_管理收尾_合同收尾与验收,RuankaoTopicCard,项目收尾时为什么不能只交付系统就结束？,还要办理正式验收、归档文档、总结经验、移交成果并释放资源。,<div>理解：本卡只围绕“收尾完整性”做判断，避免把整个专题压成目录卡。</div><div>题干信号：收尾完整性</div><div>来源：T-CLOSE-001 / 收尾完整性</div>,topic_qa,陷阱卡,,,A,2,案例分析,整体管理,04,整体管理,T-CLOSE-001,项目收尾：管理收尾、合同收尾与验收,SRC-T-CLOSE-001-005,topic_learning_packages/topics/04_整体管理/T-CLOSE-001_专题学习包_项目收尾管理收尾合同收尾与验收.md,收尾完整性,,,keep,Front 聚焦“收尾完整性”，Back 短句给出可判分答案，Extra 提供本卡专属题干信号。,ruankao ruankao::build::20260520_235046 ruankao::chapter::04 ruankao::domain::整体管理 ruankao::type::陷阱卡 ruankao::importance::A ruankao::difficulty::2 ruankao::review::keep ruankao::topic_qa ruankao::topic::T-CLOSE-001,sha256:c90bba4a25ac0ac53ae859a5
软考::系统集成项目管理工程师::04_整体管理::专题问答卡::T-CLOSE-001_项目收尾_管理收尾_合同收尾与验收,RuankaoTopicCard,合同未结清时能否认为采购工作已经完成？,不能。合同收尾还要确认合同义务、处理索赔和完成结算归档。,<div>理解：本卡只围绕“合同收尾”做判断，避免把整个专题压成目录卡。</div><div>题干信号：合同收尾</div><div>来源：T-CLOSE-001 / 合同收尾</div>,topic_qa,陷阱卡,,,B,3,上午选择,整体管理,04,整体管理,T-CLOSE-001,项目收尾：管理收尾、合同收尾与验收,SRC-T-CLOSE-001-006,topic_learning_packages/topics/04_整体管理/T-CLOSE-001_专题学习包_项目收尾管理收尾合同收尾与验收.md,合同收尾,,,keep,Front 聚焦“合同收尾”，Back 短句给出可判分答案，Extra 提供本卡专属题干信号。,ruankao ruankao::build::20260520_235046 ruankao::chapter::04 ruankao::domain::整体管理 ruankao::type::陷阱卡 ruankao::importance::B ruankao::difficulty::3 ruankao::review::keep ruankao::topic_qa ruankao::topic::T-CLOSE-001,sha256:5714169aa03417463e0de9d7
软考::系统集成项目管理工程师::04_整体管理::专题问答卡::T-INT-002_项目章程_SOW_项目管理计划与基准体系,RuankaoTopicCard,项目章程 vs 项目管理计划的核心区别是什么？,章程正式批准项目并授权项目经理；项目管理计划指导项目如何执行、监控和收尾。,<div>理解：本卡只围绕“章程 vs 计划”做判断，避免把整个专题压成目录卡。</div><div>题干信号：章程 vs 计划</div><div>来源：T-INT-002 / 章程 vs 计划</div>,topic_qa,辨析卡,,,A,2,跨域辨析,整体管理,04,整体管理,T-INT-002,项目章程、SOW、项目管理计划与基准体系,SRC-T-INT-002-001,topic_learning_packages/topics/04_整体管理/T-INT-002_专题学习包_项目章程SOW项目管理计划与基准关系.md,章程 vs 计划,,,keep,Front 聚焦“章程 vs 计划”，Back 短句给出可判分答案，Extra 提供本卡专属题干信号。,ruankao ruankao::build::20260520_235046 ruankao::chapter::04 ruankao::domain::整体管理 ruankao::type::辨析卡 ruankao::importance::A ruankao::difficulty::2 ruankao::review::keep ruankao::topic_qa ruankao::topic::T-INT-002,sha256:dd0c156ba0fb59d97b65a261
软考::系统集成项目管理工程师::04_整体管理::专题问答卡::T-INT-002_项目章程_SOW_项目管理计划与基准体系,RuankaoTopicCard,项目章程为什么是启动阶段的关键文件？,因为它确认项目存在、说明高层目标并给项目经理正式授权。,<div>理解：本卡只围绕“项目章程”做判断，避免把整个专题压成目录卡。</div><div>题干信号：项目章程</div><div>来源：T-INT-002 / 项目章程</div>,topic_qa,概念卡,,,A,2,上午选择,整体管理,04,整体管理,T-INT-002,项目章程、SOW、项目管理计划与基准体系,SRC-T-INT-002-002,topic_learning_packages/topics/04_整体管理/T-INT-002_专题学习包_项目章程SOW项目管理计划与基准关系.md,项目章程,,,keep,Front 聚焦“项目章程”，Back 短句给出可判分答案，Extra 提供本卡专属题干信号。,ruankao ruankao::build::20260520_235046 ruankao::chapter::04 ruankao::domain::整体管理 ruankao::type::概念卡 ruankao::importance::A ruankao::difficulty::2 ruankao::review::keep ruankao::topic_qa ruankao::topic::T-INT-002,sha256:cb652ba7e69968484f1887e2
软考::系统集成项目管理工程师::04_整体管理::专题问答卡::T-INT-002_项目章程_SOW_项目管理计划与基准体系,RuankaoTopicCard,SOW 在章程形成中常起什么作用？,SOW 提供项目需要交付的产品、服务或成果描述，是制定章程的重要输入。,<div>理解：本卡只围绕“SOW”做判断，避免把整个专题压成目录卡。</div><div>题干信号：SOW</div><div>来源：T-INT-002 / SOW</div>,topic_qa,概念卡,,,B,3,上午选择,整体管理,04,整体管理,T-INT-002,项目章程、SOW、项目管理计划与基准体系,SRC-T-INT-002-003,topic_learning_packages/topics/04_整体管理/T-INT-002_专题学习包_项目章程SOW项目管理计划与基准关系.md,SOW,,,keep,Front 聚焦“SOW”，Back 短句给出可判分答案，Extra 提供本卡专属题干信号。,ruankao ruankao::build::20260520_235046 ruankao::chapter::04 ruankao::domain::整体管理 ruankao::type::概念卡 ruankao::importance::B ruankao::difficulty::3 ruankao::review::keep ruankao::topic_qa ruankao::topic::T-INT-002,sha256:b917d514a1abbdb86619677b
软考::系统集成项目管理工程师::04_整体管理::专题问答卡::T-INT-002_项目章程_SOW_项目管理计划与基准体系,RuankaoTopicCard,三大基准通常指哪三类？,范围基准、进度基准、成本基准。,<div>理解：本卡只围绕“三大基准”做判断，避免把整个专题压成目录卡。</div><div>题干信号：三大基准</div><div>来源：T-INT-002 / 三大基准</div>,topic_qa,概念卡,,,A,2,上午选择,整体管理,04,整体管理,T-INT-002,项目章程、SOW、项目管理计划与基准体系,SRC-T-INT-002-004,topic_learning_packages/topics/04_整体管理/T-INT-002_专题学习包_项目章程SOW项目管理计划与基准关系.md,三大基准,,,keep,Front 聚焦“三大基准”，Back 短句给出可判分答案，Extra 提供本卡专属题干信号。,ruankao ruankao::build::20260520_235046 ruankao::chapter::04 ruankao::domain::整体管理 ruankao::type::概念卡 ruankao::importance::A ruankao::difficulty::2 ruankao::review::keep ruankao::topic_qa ruankao::topic::T-INT-002,sha256:e2ba2ff01335146b14d04200
软考::系统集成项目管理工程师::04_整体管理::专题问答卡::T-INT-002_项目章程_SOW_项目管理计划与基准体系,RuankaoTopicCard,为什么项目管理计划不是“进度计划”的同义词？,项目管理计划整合多个子计划和基准，进度计划只是其中一部分。,<div>理解：本卡只围绕“计划边界”做判断，避免把整个专题压成目录卡。</div><div>题干信号：计划边界</div><div>来源：T-INT-002 / 计划边界</div>,topic_qa,陷阱卡,,,A,2,上午选择,整体管理,04,整体管理,T-INT-002,项目章程、SOW、项目管理计划与基准体系,SRC-T-INT-002-005,topic_learning_packages/topics/04_整体管理/T-INT-002_专题学习包_项目章程SOW项目管理计划与基准关系.md,计划边界,,,keep,Front 聚焦“计划边界”，Back 短句给出可判分答案，Extra 提供本卡专属题干信号。,ruankao ruankao::build::20260520_235046 ruankao::chapter::04 ruankao::domain::整体管理 ruankao::type::陷阱卡 ruankao::importance::A ruankao::difficulty::2 ruankao::review::keep ruankao::topic_qa ruankao::topic::T-INT-002,sha256:b7080b27e4ffc1e0c30a0ffa
软考::系统集成项目管理工程师::04_整体管理::专题问答卡::T-INT-002_项目章程_SOW_项目管理计划与基准体系,RuankaoTopicCard,题干出现“正式授权项目经理使用组织资源”应想到什么？,应想到项目章程。,<div>理解：本卡只围绕“章程信号”做判断，避免把整个专题压成目录卡。</div><div>题干信号：章程信号</div><div>来源：T-INT-002 / 章程信号</div>,topic_qa,关键词识别卡,,,A,2,上午选择,整体管理,04,整体管理,T-INT-002,项目章程、SOW、项目管理计划与基准体系,SRC-T-INT-002-006,topic_learning_packages/topics/04_整体管理/T-INT-002_专题学习包_项目章程SOW项目管理计划与基准关系.md,章程信号,,,keep,Front 聚焦“章程信号”，Back 短句给出可判分答案，Extra 提供本卡专属题干信号。,ruankao ruankao::build::20260520_235046 ruankao::chapter::04 ruankao::domain::整体管理 ruankao::type::关键词识别卡 ruankao::importance::A ruankao::difficulty::2 ruankao::review::keep ruankao::topic_qa ruankao::topic::T-INT-002,sha256:c399449c82380ea3b9709a6e
软考::系统集成项目管理工程师::04_整体管理::专题问答卡::T-INT-004_整体变更控制与CCB,RuankaoTopicCard,项目出现变更请求时，项目经理应先做什么？,先记录变更请求并组织影响分析，再按变更控制流程提交评审。,<div>理解：本卡只围绕“变更流程”做判断，避免把整个专题压成目录卡。</div><div>题干信号：变更流程</div><div>来源：T-INT-004 / 变更流程</div>,topic_qa,流程卡,,,A,2,案例分析,整体管理,04,整体管理,T-INT-004,整体变更控制与 CCB,SRC-T-INT-004-001,topic_learning_packages/topics/04_整体管理/T-INT-004_专题学习包_整体变更控制与CCB.md,变更流程,,,keep,Front 聚焦“变更流程”，Back 短句给出可判分答案，Extra 提供本卡专属题干信号。,ruankao ruankao::build::20260520_235046 ruankao::chapter::04 ruankao::domain::整体管理 ruankao::type::流程卡 ruankao::importance::A ruankao::difficulty::2 ruankao::review::keep ruankao::topic_qa ruankao::topic::T-INT-004,sha256:2f221b63a2d81df723397b96
软考::系统集成项目管理工程师::04_整体管理::专题问答卡::T-INT-004_整体变更控制与CCB,RuankaoTopicCard,CCB 的核心职责是什么？,审查变更影响并批准、否决、推迟或要求补充变更请求。,<div>理解：本卡只围绕“CCB”做判断，避免把整个专题压成目录卡。</div><div>题干信号：CCB</div><div>来源：T-INT-004 / CCB</div>,topic_qa,概念卡,,,A,2,上午选择,整体管理,04,整体管理,T-INT-004,整体变更控制与 CCB,SRC-T-INT-004-002,topic_learning_packages/topics/04_整体管理/T-INT-004_专题学习包_整体变更控制与CCB.md,CCB,,,keep,Front 聚焦“CCB”，Back 短句给出可判分答案，Extra 提供本卡专属题干信号。,ruankao ruankao::build::20260520_235046 ruankao::chapter::04 ruankao::domain::整体管理 ruankao::type::概念卡 ruankao::importance::A ruankao::difficulty::2 ruankao::review::keep ruankao::topic_qa ruankao::topic::T-INT-004,sha256:3732fca6419190d0cdd6fb0a
软考::系统集成项目管理工程师::04_整体管理::专题问答卡::T-INT-004_整体变更控制与CCB,RuankaoTopicCard,为什么项目经理不能口头同意客户新增需求？,新增需求可能影响范围、进度、成本和质量，必须走正式变更控制。,<div>理解：本卡只围绕“口头变更”做判断，避免把整个专题压成目录卡。</div><div>题干信号：口头变更</div><div>来源：T-INT-004 / 口头变更</div>,topic_qa,陷阱卡,,,A,2,案例分析,整体管理,04,整体管理,T-INT-004,整体变更控制与 CCB,SRC-T-INT-004-003,topic_learning_packages/topics/04_整体管理/T-INT-004_专题学习包_整体变更控制与CCB.md,口头变更,,,keep,Front 聚焦“口头变更”，Back 短句给出可判分答案，Extra 提供本卡专属题干信号。,ruankao ruankao::build::20260520_235046 ruankao::chapter::04 ruankao::domain::整体管理 ruankao::type::陷阱卡 ruankao::importance::A ruankao::difficulty::2 ruankao::review::keep ruankao::topic_qa ruankao::topic::T-INT-004,sha256:0d91790315d55afa57cfc917
软考::系统集成项目管理工程师::04_整体管理::专题问答卡::T-INT-004_整体变更控制与CCB,RuankaoTopicCard,纠正措施、预防措施、缺陷补救的区别是什么？,纠正措施处理已发生偏差，预防措施降低未来偏差风险，缺陷补救修复不合格产品。,<div>理解：本卡只围绕“变更请求类型”做判断，避免把整个专题压成目录卡。</div><div>题干信号：变更请求类型</div><div>来源：T-INT-004 / 变更请求类型</div>,topic_qa,辨析卡,,,A,2,跨域辨析,整体管理,04,整体管理,T-INT-004,整体变更控制与 CCB,SRC-T-INT-004-004,topic_learning_packages/topics/04_整体管理/T-INT-004_专题学习包_整体变更控制与CCB.md,变更请求类型,,,keep,Front 聚焦“变更请求类型”，Back 短句给出可判分答案，Extra 提供本卡专属题干信号。,ruankao ruankao::build::20260520_235046 ruankao::chapter::04 ruankao::domain::整体管理 ruankao::type::辨析卡 ruankao::importance::A ruankao::difficulty::2 ruankao::review::keep ruankao::topic_qa ruankao::topic::T-INT-004,sha256:da7f67d104ec673d6d24a4b8
软考::系统集成项目管理工程师::04_整体管理::专题问答卡::T-INT-004_整体变更控制与CCB,RuankaoTopicCard,变更控制和配置管理的关系是什么？,变更控制决定是否改，配置管理保证配置项、版本和基线状态可控。,<div>理解：本卡只围绕“变更 vs 配置”做判断，避免把整个专题压成目录卡。</div><div>题干信号：变更 vs 配置</div><div>来源：T-INT-004 / 变更 vs 配置</div>,topic_qa,辨析卡,,,A,2,跨域辨析,整体管理,04,整体管理,T-INT-004,整体变更控制与 CCB,SRC-T-INT-004-005,topic_learning_packages/topics/04_整体管理/T-INT-004_专题学习包_整体变更控制与CCB.md,变更 vs 配置,,,keep,Front 聚焦“变更 vs 配置”，Back 短句给出可判分答案，Extra 提供本卡专属题干信号。,ruankao ruankao::build::20260520_235046 ruankao::chapter::04 ruankao::domain::整体管理 ruankao::type::辨析卡 ruankao::importance::A ruankao::difficulty::2 ruankao::review::keep ruankao::topic_qa ruankao::topic::T-INT-004,sha256:6e35f31f2eed4eb9028b1009
软考::系统集成项目管理工程师::04_整体管理::专题问答卡::T-INT-004_整体变更控制与CCB,RuankaoTopicCard,批准变更后还需要做哪些管理动作？,更新基准和计划，通知干系人，实施变更并跟踪结果。,<div>理解：本卡只围绕“批准后动作”做判断，避免把整个专题压成目录卡。</div><div>题干信号：批准后动作</div><div>来源：T-INT-004 / 批准后动作</div>,topic_qa,流程卡,,,A,2,案例分析,整体管理,04,整体管理,T-INT-004,整体变更控制与 CCB,SRC-T-INT-004-006,topic_learning_packages/topics/04_整体管理/T-INT-004_专题学习包_整体变更控制与CCB.md,批准后动作,,,keep,Front 聚焦“批准后动作”，Back 短句给出可判分答案，Extra 提供本卡专属题干信号。,ruankao ruankao::build::20260520_235046 ruankao::chapter::04 ruankao::domain::整体管理 ruankao::type::流程卡 ruankao::importance::A ruankao::difficulty::2 ruankao::review::keep ruankao::topic_qa ruankao::topic::T-INT-004,sha256:ee8e13cc7ada5e1edbaf192a
软考::系统集成项目管理工程师::05_范围管理::专题问答卡::T-SCOPE-002_WBS_工作包_WBS字典与范围基准,RuankaoTopicCard,WBS 为什么必须以可交付成果为导向？,因为 WBS 用来定义项目范围并支撑估算、责任分配和验收，核心对象是成果而不是行动口号。,<div>理解：本卡只围绕“WBS”做判断，避免把整个专题压成目录卡。</div><div>题干信号：WBS</div><div>来源：T-SCOPE-002 / WBS</div>,topic_qa,概念卡,,,A,2,上午选择,范围管理,05,范围管理,T-SCOPE-002,WBS、工作包、WBS 字典与范围基准,SRC-T-SCOPE-002-001,topic_learning_packages/topics/05_范围管理/T-SCOPE-002_专题学习包_WBS工作包WBS字典与范围基准.md,WBS,,,keep,Front 聚焦“WBS”，Back 短句给出可判分答案，Extra 提供本卡专属题干信号。,ruankao ruankao::build::20260520_235046 ruankao::chapter::05 ruankao::domain::范围管理 ruankao::type::概念卡 ruankao::importance::A ruankao::difficulty::2 ruankao::review::keep ruankao::topic_qa ruankao::topic::T-SCOPE-002,sha256:55367f662d604df85c525935
软考::系统集成项目管理工程师::05_范围管理::专题问答卡::T-SCOPE-002_WBS_工作包_WBS字典与范围基准,RuankaoTopicCard,工作包和活动的核心区别是什么？,工作包是 WBS 最底层成果单元；活动是为完成工作包而安排的进度工作。,<div>理解：本卡只围绕“工作包 vs 活动”做判断，避免把整个专题压成目录卡。</div><div>题干信号：工作包 vs 活动</div><div>来源：T-SCOPE-002 / 工作包 vs 活动</div>,topic_qa,辨析卡,,,A,2,跨域辨析,范围管理,05,范围管理,T-SCOPE-002,WBS、工作包、WBS 字典与范围基准,SRC-T-SCOPE-002-002,topic_learning_packages/topics/05_范围管理/T-SCOPE-002_专题学习包_WBS工作包WBS字典与范围基准.md,工作包 vs 活动,,,keep,Front 聚焦“工作包 vs 活动”，Back 短句给出可判分答案，Extra 提供本卡专属题干信号。,ruankao ruankao::build::20260520_235046 ruankao::chapter::05 ruankao::domain::范围管理 ruankao::type::辨析卡 ruankao::importance::A ruankao::difficulty::2 ruankao::review::keep ruankao::topic_qa ruankao::topic::T-SCOPE-002,sha256:be38bba766d3f97524281ae6
软考::系统集成项目管理工程师::05_范围管理::专题问答卡::T-SCOPE-002_WBS_工作包_WBS字典与范围基准,RuankaoTopicCard,WBS 词典解决什么问题？,补充说明 WBS 组件的范围、责任、验收标准和相关信息。,<div>理解：本卡只围绕“WBS词典”做判断，避免把整个专题压成目录卡。</div><div>题干信号：WBS词典</div><div>来源：T-SCOPE-002 / WBS词典</div>,topic_qa,概念卡,,,B,3,上午选择,范围管理,05,范围管理,T-SCOPE-002,WBS、工作包、WBS 字典与范围基准,SRC-T-SCOPE-002-003,topic_learning_packages/topics/05_范围管理/T-SCOPE-002_专题学习包_WBS工作包WBS字典与范围基准.md,WBS词典,,,keep,Front 聚焦“WBS词典”，Back 短句给出可判分答案，Extra 提供本卡专属题干信号。,ruankao ruankao::build::20260520_235046 ruankao::chapter::05 ruankao::domain::范围管理 ruankao::type::概念卡 ruankao::importance::B ruankao::difficulty::3 ruankao::review::keep ruankao::topic_qa ruankao::topic::T-SCOPE-002,sha256:50a40abff4578e0df14ea721
软考::系统集成项目管理工程师::05_范围管理::专题问答卡::T-SCOPE-002_WBS_工作包_WBS字典与范围基准,RuankaoTopicCard,范围基准由什么组成？,项目范围说明书、WBS 和 WBS 词典。,<div>理解：本卡只围绕“范围基准”做判断，避免把整个专题压成目录卡。</div><div>题干信号：范围基准</div><div>来源：T-SCOPE-002 / 范围基准</div>,topic_qa,概念卡,,,A,2,上午选择,范围管理,05,范围管理,T-SCOPE-002,WBS、工作包、WBS 字典与范围基准,SRC-T-SCOPE-002-004,topic_learning_packages/topics/05_范围管理/T-SCOPE-002_专题学习包_WBS工作包WBS字典与范围基准.md,范围基准,,,keep,Front 聚焦“范围基准”，Back 短句给出可判分答案，Extra 提供本卡专属题干信号。,ruankao ruankao::build::20260520_235046 ruankao::chapter::05 ruankao::domain::范围管理 ruankao::type::概念卡 ruankao::importance::A ruankao::difficulty::2 ruankao::review::keep ruankao::topic_qa ruankao::topic::T-SCOPE-002,sha256:9705cd69b4dd7ab6ab36929d
软考::系统集成项目管理工程师::05_范围管理::专题问答卡::T-SCOPE-002_WBS_工作包_WBS字典与范围基准,RuankaoTopicCard,题干出现“客户正式接受可交付成果”应想到什么？,应想到确认范围。,<div>理解：本卡只围绕“确认范围信号”做判断，避免把整个专题压成目录卡。</div><div>题干信号：确认范围信号</div><div>来源：T-SCOPE-002 / 确认范围信号</div>,topic_qa,关键词识别卡,,,A,2,上午选择,范围管理,05,范围管理,T-SCOPE-002,WBS、工作包、WBS 字典与范围基准,SRC-T-SCOPE-002-005,topic_learning_packages/topics/05_范围管理/T-SCOPE-002_专题学习包_WBS工作包WBS字典与范围基准.md,确认范围信号,,,keep,Front 聚焦“确认范围信号”，Back 短句给出可判分答案，Extra 提供本卡专属题干信号。,ruankao ruankao::build::20260520_235046 ruankao::chapter::05 ruankao::domain::范围管理 ruankao::type::关键词识别卡 ruankao::importance::A ruankao::difficulty::2 ruankao::review::keep ruankao::topic_qa ruankao::topic::T-SCOPE-002,sha256:28d55e758cb6a8af179c59d6
软考::系统集成项目管理工程师::05_范围管理::专题问答卡::T-SCOPE-002_WBS_工作包_WBS字典与范围基准,RuankaoTopicCard,为什么 WBS 做完不能马上让成员按工作包开干？,还需要定义活动、排序、估算资源和历时、制定进度计划并分配责任。,<div>理解：本卡只围绕“WBS后续”做判断，避免把整个专题压成目录卡。</div><div>题干信号：WBS后续</div><div>来源：T-SCOPE-002 / WBS后续</div>,topic_qa,陷阱卡,,,A,2,上午选择,范围管理,05,范围管理,T-SCOPE-002,WBS、工作包、WBS 字典与范围基准,SRC-T-SCOPE-002-006,topic_learning_packages/topics/05_范围管理/T-SCOPE-002_专题学习包_WBS工作包WBS字典与范围基准.md,WBS后续,,,keep,Front 聚焦“WBS后续”，Back 短句给出可判分答案，Extra 提供本卡专属题干信号。,ruankao ruankao::build::20260520_235046 ruankao::chapter::05 ruankao::domain::范围管理 ruankao::type::陷阱卡 ruankao::importance::A ruankao::difficulty::2 ruankao::review::keep ruankao::topic_qa ruankao::topic::T-SCOPE-002,sha256:5dd9675b8d1a4feb2dcd4467
软考::系统集成项目管理工程师::06_进度管理::专题问答卡::T-SCH-002_活动排序_依赖关系_PDM_AOA与提前滞后量,RuankaoTopicCard,四种逻辑关系中最常见的是哪一种？,完成-开始 FS，即前置活动完成后后续活动才能开始。,<div>理解：本卡只围绕“FS”做判断，避免把整个专题压成目录卡。</div><div>题干信号：FS</div><div>来源：T-SCH-002 / FS</div>,topic_qa,概念卡,,,A,2,上午选择,进度管理,06,进度管理,T-SCH-002,活动排序、依赖关系、PDM/AOA 与提前滞后量,SRC-T-SCH-002-001,topic_learning_packages/topics/06_进度管理/T-SCH-002_专题学习包_活动排序依赖关系PDM_AOA与提前滞后量.md,FS,,,keep,Front 聚焦“FS”，Back 短句给出可判分答案，Extra 提供本卡专属题干信号。,ruankao ruankao::build::20260520_235046 ruankao::chapter::06 ruankao::domain::进度管理 ruankao::type::概念卡 ruankao::importance::A ruankao::difficulty::2 ruankao::review::keep ruankao::topic_qa ruankao::topic::T-SCH-002,sha256:2e454aa6aeb1dc90fc616e88
软考::系统集成项目管理工程师::06_进度管理::专题问答卡::T-SCH-002_活动排序_依赖关系_PDM_AOA与提前滞后量,RuankaoTopicCard,PDM/AON 与 ADM/AOA 的核心区别是什么？,PDM 用节点表示活动；ADM 用箭线表示活动并可能使用虚活动。,<div>理解：本卡只围绕“网络图类型”做判断，避免把整个专题压成目录卡。</div><div>题干信号：网络图类型</div><div>来源：T-SCH-002 / 网络图类型</div>,topic_qa,辨析卡,,,A,2,上午选择,进度管理,06,进度管理,T-SCH-002,活动排序、依赖关系、PDM/AOA 与提前滞后量,SRC-T-SCH-002-002,topic_learning_packages/topics/06_进度管理/T-SCH-002_专题学习包_活动排序依赖关系PDM_AOA与提前滞后量.md,网络图类型,,,keep,Front 聚焦“网络图类型”，Back 短句给出可判分答案，Extra 提供本卡专属题干信号。,ruankao ruankao::build::20260520_235046 ruankao::chapter::06 ruankao::domain::进度管理 ruankao::type::辨析卡 ruankao::importance::A ruankao::difficulty::2 ruankao::review::keep ruankao::topic_qa ruankao::topic::T-SCH-002,sha256:a42fd8c0fcbcee94b8d8d80e
软考::系统集成项目管理工程师::06_进度管理::专题问答卡::T-SCH-002_活动排序_依赖关系_PDM_AOA与提前滞后量,RuankaoTopicCard,强制性依赖和选择性依赖怎么区分？,强制性依赖来自客观技术或合同限制；选择性依赖来自最佳实践或团队偏好。,<div>理解：本卡只围绕“依赖确定方式”做判断，避免把整个专题压成目录卡。</div><div>题干信号：依赖确定方式</div><div>来源：T-SCH-002 / 依赖确定方式</div>,topic_qa,辨析卡,,,B,3,上午选择,进度管理,06,进度管理,T-SCH-002,活动排序、依赖关系、PDM/AOA 与提前滞后量,SRC-T-SCH-002-003,topic_learning_packages/topics/06_进度管理/T-SCH-002_专题学习包_活动排序依赖关系PDM_AOA与提前滞后量.md,依赖确定方式,,,keep,Front 聚焦“依赖确定方式”，Back 短句给出可判分答案，Extra 提供本卡专属题干信号。,ruankao ruankao::build::20260520_235046 ruankao::chapter::06 ruankao::domain::进度管理 ruankao::type::辨析卡 ruankao::importance::B ruankao::difficulty::3 ruankao::review::keep ruankao::topic_qa ruankao::topic::T-SCH-002,sha256:26bd6e53125ef0504e934b8b
软考::系统集成项目管理工程师::06_进度管理::专题问答卡::T-SCH-002_活动排序_依赖关系_PDM_AOA与提前滞后量,RuankaoTopicCard,提前量和滞后量的区别是什么？,提前量让后续活动提前开始；滞后量要求后续活动等待一段时间。,<div>理解：本卡只围绕“提前滞后”做判断，避免把整个专题压成目录卡。</div><div>题干信号：提前滞后</div><div>来源：T-SCH-002 / 提前滞后</div>,topic_qa,辨析卡,,,A,2,上午选择,进度管理,06,进度管理,T-SCH-002,活动排序、依赖关系、PDM/AOA 与提前滞后量,SRC-T-SCH-002-004,topic_learning_packages/topics/06_进度管理/T-SCH-002_专题学习包_活动排序依赖关系PDM_AOA与提前滞后量.md,提前滞后,,,keep,Front 聚焦“提前滞后”，Back 短句给出可判分答案，Extra 提供本卡专属题干信号。,ruankao ruankao::build::20260520_235046 ruankao::chapter::06 ruankao::domain::进度管理 ruankao::type::辨析卡 ruankao::importance::A ruankao::difficulty::2 ruankao::review::keep ruankao::topic_qa ruankao::topic::T-SCH-002,sha256:1e54d168097e21371e4de370
软考::系统集成项目管理工程师::06_进度管理::专题问答卡::T-SCH-002_活动排序_依赖关系_PDM_AOA与提前滞后量,RuankaoTopicCard,虚活动在 ADM 中有什么作用？,表达逻辑依赖，不消耗时间和资源。,<div>理解：本卡只围绕“虚活动”做判断，避免把整个专题压成目录卡。</div><div>题干信号：虚活动</div><div>来源：T-SCH-002 / 虚活动</div>,topic_qa,概念卡,,,A,2,上午选择,进度管理,06,进度管理,T-SCH-002,活动排序、依赖关系、PDM/AOA 与提前滞后量,SRC-T-SCH-002-005,topic_learning_packages/topics/06_进度管理/T-SCH-002_专题学习包_活动排序依赖关系PDM_AOA与提前滞后量.md,虚活动,,,keep,Front 聚焦“虚活动”，Back 短句给出可判分答案，Extra 提供本卡专属题干信号。,ruankao ruankao::build::20260520_235046 ruankao::chapter::06 ruankao::domain::进度管理 ruankao::type::概念卡 ruankao::importance::A ruankao::difficulty::2 ruankao::review::keep ruankao::topic_qa ruankao::topic::T-SCH-002,sha256:c01bf908d89c56bf6e757f43
软考::系统集成项目管理工程师::06_进度管理::专题问答卡::T-SCH-002_活动排序_依赖关系_PDM_AOA与提前滞后量,RuankaoTopicCard,题干出现“两个活动可搭接并行”应想到什么？,应想到提前量或快速跟进，具体看题干是否在描述逻辑关系还是压缩进度措施。,<div>理解：本卡只围绕“搭接信号”做判断，避免把整个专题压成目录卡。</div><div>题干信号：搭接信号</div><div>来源：T-SCH-002 / 搭接信号</div>,topic_qa,关键词识别卡,,,B,3,跨域辨析,进度管理,06,进度管理,T-SCH-002,活动排序、依赖关系、PDM/AOA 与提前滞后量,SRC-T-SCH-002-006,topic_learning_packages/topics/06_进度管理/T-SCH-002_专题学习包_活动排序依赖关系PDM_AOA与提前滞后量.md,搭接信号,,,keep,Front 聚焦“搭接信号”，Back 短句给出可判分答案，Extra 提供本卡专属题干信号。,ruankao ruankao::build::20260520_235046 ruankao::chapter::06 ruankao::domain::进度管理 ruankao::type::关键词识别卡 ruankao::importance::B ruankao::difficulty::3 ruankao::review::keep ruankao::topic_qa ruankao::topic::T-SCH-002,sha256:bb46027d5b54c5692596907e
软考::系统集成项目管理工程师::06_进度管理::专题问答卡::T-SCH-003_关键路径_总时差_自由时差与网络图判断,RuankaoTopicCard,关键路径如何快速识别？,列出从起点到终点的所有路径，持续时间最长的路径就是关键路径。,<div>理解：本卡只围绕“关键路径”做判断，避免把整个专题压成目录卡。</div><div>题干信号：关键路径</div><div>来源：T-SCH-003 / 关键路径</div>,topic_qa,流程卡,,,A,2,计算题,进度管理,06,进度管理,T-SCH-003,关键路径、总时差、自由时差与网络图判断,SRC-T-SCH-003-001,topic_learning_packages/topics/06_进度管理/T-SCH-003_专题学习包_关键路径总时差自由时差与网络图判断.md,关键路径,,,keep,Front 聚焦“关键路径”，Back 短句给出可判分答案，Extra 提供本卡专属题干信号。,ruankao ruankao::build::20260520_235046 ruankao::chapter::06 ruankao::domain::进度管理 ruankao::type::流程卡 ruankao::importance::A ruankao::difficulty::2 ruankao::review::keep ruankao::topic_qa ruankao::topic::T-SCH-003,sha256:afdf457c4bd86d2ae7fed4b5
软考::系统集成项目管理工程师::06_进度管理::专题问答卡::T-SCH-003_关键路径_总时差_自由时差与网络图判断,RuankaoTopicCard,正推法的核心规则是什么？,顺箭线计算 ES/EF，遇到汇合点取紧前 EF 的最大值。,<div>理解：本卡只围绕“正推法”做判断，避免把整个专题压成目录卡。</div><div>题干信号：正推法</div><div>来源：T-SCH-003 / 正推法</div>,topic_qa,公式卡,,,A,2,计算题,进度管理,06,进度管理,T-SCH-003,关键路径、总时差、自由时差与网络图判断,SRC-T-SCH-003-002,topic_learning_packages/topics/06_进度管理/T-SCH-003_专题学习包_关键路径总时差自由时差与网络图判断.md,正推法,,,keep,Front 聚焦“正推法”，Back 短句给出可判分答案，Extra 提供本卡专属题干信号。,ruankao ruankao::build::20260520_235046 ruankao::chapter::06 ruankao::domain::进度管理 ruankao::type::公式卡 ruankao::importance::A ruankao::difficulty::2 ruankao::review::keep ruankao::topic_qa ruankao::topic::T-SCH-003,sha256:f938cc9456ecdde10a4d4a71
软考::系统集成项目管理工程师::06_进度管理::专题问答卡::T-SCH-003_关键路径_总时差_自由时差与网络图判断,RuankaoTopicCard,逆推法的核心规则是什么？,逆箭线计算 LS/LF，遇到分支点取紧后 LS 的最小值。,<div>理解：本卡只围绕“逆推法”做判断，避免把整个专题压成目录卡。</div><div>题干信号：逆推法</div><div>来源：T-SCH-003 / 逆推法</div>,topic_qa,公式卡,,,A,2,计算题,进度管理,06,进度管理,T-SCH-003,关键路径、总时差、自由时差与网络图判断,SRC-T-SCH-003-003,topic_learning_packages/topics/06_进度管理/T-SCH-003_专题学习包_关键路径总时差自由时差与网络图判断.md,逆推法,,,keep,Front 聚焦“逆推法”，Back 短句给出可判分答案，Extra 提供本卡专属题干信号。,ruankao ruankao::build::20260520_235046 ruankao::chapter::06 ruankao::domain::进度管理 ruankao::type::公式卡 ruankao::importance::A ruankao::difficulty::2 ruankao::review::keep ruankao::topic_qa ruankao::topic::T-SCH-003,sha256:8e7fd2875c065edcb74b3748
软考::系统集成项目管理工程师::06_进度管理::专题问答卡::T-SCH-003_关键路径_总时差_自由时差与网络图判断,RuankaoTopicCard,总时差和自由时差的核心区别是什么？,总时差看是否影响项目完工；自由时差看是否影响紧后活动最早开始。,<div>理解：本卡只围绕“时差辨析”做判断，避免把整个专题压成目录卡。</div><div>题干信号：时差辨析</div><div>来源：T-SCH-003 / 时差辨析</div>,topic_qa,辨析卡,,,A,2,计算题,进度管理,06,进度管理,T-SCH-003,关键路径、总时差、自由时差与网络图判断,SRC-T-SCH-003-004,topic_learning_packages/topics/06_进度管理/T-SCH-003_专题学习包_关键路径总时差自由时差与网络图判断.md,时差辨析,,,keep,Front 聚焦“时差辨析”，Back 短句给出可判分答案，Extra 提供本卡专属题干信号。,ruankao ruankao::build::20260520_235046 ruankao::chapter::06 ruankao::domain::进度管理 ruankao::type::辨析卡 ruankao::importance::A ruankao::difficulty::2 ruankao::review::keep ruankao::topic_qa ruankao::topic::T-SCH-003,sha256:8426a90acb43be9b434344bc
软考::系统集成项目管理工程师::06_进度管理::专题问答卡::T-SCH-003_关键路径_总时差_自由时差与网络图判断,RuankaoTopicCard,关键路径上的活动延误一定影响总工期吗？,通常会，因为关键活动总时差为零；若存在特殊约束或多路径，仍要按网络图判断。,<div>理解：本卡只围绕“关键活动”做判断，避免把整个专题压成目录卡。</div><div>题干信号：关键活动</div><div>来源：T-SCH-003 / 关键活动</div>,topic_qa,陷阱卡,,,A,2,上午选择,进度管理,06,进度管理,T-SCH-003,关键路径、总时差、自由时差与网络图判断,SRC-T-SCH-003-005,topic_learning_packages/topics/06_进度管理/T-SCH-003_专题学习包_关键路径总时差自由时差与网络图判断.md,关键活动,,,keep,Front 聚焦“关键活动”，Back 短句给出可判分答案，Extra 提供本卡专属题干信号。,ruankao ruankao::build::20260520_235046 ruankao::chapter::06 ruankao::domain::进度管理 ruankao::type::陷阱卡 ruankao::importance::A ruankao::difficulty::2 ruankao::review::keep ruankao::topic_qa ruankao::topic::T-SCH-003,sha256:35047737677df9d5999ecd6c
软考::系统集成项目管理工程师::06_进度管理::专题问答卡::T-SCH-003_关键路径_总时差_自由时差与网络图判断,RuankaoTopicCard,为什么压缩工期应优先看关键路径？,只有压缩关键路径上的活动才可能缩短项目总工期。,<div>理解：本卡只围绕“进度压缩”做判断，避免把整个专题压成目录卡。</div><div>题干信号：进度压缩</div><div>来源：T-SCH-003 / 进度压缩</div>,topic_qa,概念卡,,,A,2,案例分析,进度管理,06,进度管理,T-SCH-003,关键路径、总时差、自由时差与网络图判断,SRC-T-SCH-003-006,topic_learning_packages/topics/06_进度管理/T-SCH-003_专题学习包_关键路径总时差自由时差与网络图判断.md,进度压缩,,,keep,Front 聚焦“进度压缩”，Back 短句给出可判分答案，Extra 提供本卡专属题干信号。,ruankao ruankao::build::20260520_235046 ruankao::chapter::06 ruankao::domain::进度管理 ruankao::type::概念卡 ruankao::importance::A ruankao::difficulty::2 ruankao::review::keep ruankao::topic_qa ruankao::topic::T-SCH-003,sha256:938d2d0983aa7a29f94b94c0
软考::系统集成项目管理工程师::07_成本管理::专题问答卡::T-COST-001_成本估算_成本预算_储备分析与成本基准,RuankaoTopicCard,类比估算和参数估算的区别是什么？,类比估算借用类似项目整体经验；参数估算用单位成本或生产率乘以数量。,<div>理解：本卡只围绕“估算方法”做判断，避免把整个专题压成目录卡。</div><div>题干信号：估算方法</div><div>来源：T-COST-001 / 估算方法</div>,topic_qa,辨析卡,,,A,2,上午选择,成本管理,07,成本管理,T-COST-001,成本估算、成本预算、储备分析与成本基准,SRC-T-COST-001-001,topic_learning_packages/topics/07_成本管理/T-COST-001_专题学习包_成本估算预算储备分析与成本基准.md,估算方法,,,keep,Front 聚焦“估算方法”，Back 短句给出可判分答案，Extra 提供本卡专属题干信号。,ruankao ruankao::build::20260520_235046 ruankao::chapter::07 ruankao::domain::成本管理 ruankao::type::辨析卡 ruankao::importance::A ruankao::difficulty::2 ruankao::review::keep ruankao::topic_qa ruankao::topic::T-COST-001,sha256:3955c127edf0192034125235
软考::系统集成项目管理工程师::07_成本管理::专题问答卡::T-COST-001_成本估算_成本预算_储备分析与成本基准,RuankaoTopicCard,自下而上估算适合什么场景？,WBS 和工作包较明确、需要较高准确度时，从底层估算逐级汇总。,<div>理解：本卡只围绕“自下而上”做判断，避免把整个专题压成目录卡。</div><div>题干信号：自下而上</div><div>来源：T-COST-001 / 自下而上</div>,topic_qa,概念卡,,,A,2,上午选择,成本管理,07,成本管理,T-COST-001,成本估算、成本预算、储备分析与成本基准,SRC-T-COST-001-002,topic_learning_packages/topics/07_成本管理/T-COST-001_专题学习包_成本估算预算储备分析与成本基准.md,自下而上,,,keep,Front 聚焦“自下而上”，Back 短句给出可判分答案，Extra 提供本卡专属题干信号。,ruankao ruankao::build::20260520_235046 ruankao::chapter::07 ruankao::domain::成本管理 ruankao::type::概念卡 ruankao::importance::A ruankao::difficulty::2 ruankao::review::keep ruankao::topic_qa ruankao::topic::T-COST-001,sha256:a474e33d22143c06f6daa5fa
软考::系统集成项目管理工程师::07_成本管理::专题问答卡::T-COST-001_成本估算_成本预算_储备分析与成本基准,RuankaoTopicCard,成本预算和成本估算的区别是什么？,估算是近似预测成本，预算是把批准成本分配到工作包和时间段形成基准。,<div>理解：本卡只围绕“估算 vs 预算”做判断，避免把整个专题压成目录卡。</div><div>题干信号：估算 vs 预算</div><div>来源：T-COST-001 / 估算 vs 预算</div>,topic_qa,辨析卡,,,A,2,上午选择,成本管理,07,成本管理,T-COST-001,成本估算、成本预算、储备分析与成本基准,SRC-T-COST-001-003,topic_learning_packages/topics/07_成本管理/T-COST-001_专题学习包_成本估算预算储备分析与成本基准.md,估算 vs 预算,,,keep,Front 聚焦“估算 vs 预算”，Back 短句给出可判分答案，Extra 提供本卡专属题干信号。,ruankao ruankao::build::20260520_235046 ruankao::chapter::07 ruankao::domain::成本管理 ruankao::type::辨析卡 ruankao::importance::A ruankao::difficulty::2 ruankao::review::keep ruankao::topic_qa ruankao::topic::T-COST-001,sha256:7974d6e105bbcc5ec594d396
软考::系统集成项目管理工程师::07_成本管理::专题问答卡::T-COST-001_成本估算_成本预算_储备分析与成本基准,RuankaoTopicCard,应急储备和管理储备的核心区别是什么？,应急储备用于已识别风险，通常在成本基准内；管理储备用于未知风险，通常不在成本基准内。,<div>理解：本卡只围绕“储备”做判断，避免把整个专题压成目录卡。</div><div>题干信号：储备</div><div>来源：T-COST-001 / 储备</div>,topic_qa,辨析卡,,,A,2,跨域辨析,成本管理,07,成本管理,T-COST-001,成本估算、成本预算、储备分析与成本基准,SRC-T-COST-001-004,topic_learning_packages/topics/07_成本管理/T-COST-001_专题学习包_成本估算预算储备分析与成本基准.md,储备,,,keep,Front 聚焦“储备”，Back 短句给出可判分答案，Extra 提供本卡专属题干信号。,ruankao ruankao::build::20260520_235046 ruankao::chapter::07 ruankao::domain::成本管理 ruankao::type::辨析卡 ruankao::importance::A ruankao::difficulty::2 ruankao::review::keep ruankao::topic_qa ruankao::topic::T-COST-001,sha256:7dae1f8a9d66fd9ddab835af
软考::系统集成项目管理工程师::07_成本管理::专题问答卡::T-COST-001_成本估算_成本预算_储备分析与成本基准,RuankaoTopicCard,题干出现“工作包估算加风险储备”应想到什么？,应想到形成更完整的成本估算，不能漏掉风险储备。,<div>理解：本卡只围绕“成本估算”做判断，避免把整个专题压成目录卡。</div><div>题干信号：成本估算</div><div>来源：T-COST-001 / 成本估算</div>,topic_qa,关键词识别卡,,,A,2,上午选择,成本管理,07,成本管理,T-COST-001,成本估算、成本预算、储备分析与成本基准,SRC-T-COST-001-005,topic_learning_packages/topics/07_成本管理/T-COST-001_专题学习包_成本估算预算储备分析与成本基准.md,成本估算,,,keep,Front 聚焦“成本估算”，Back 短句给出可判分答案，Extra 提供本卡专属题干信号。,ruankao ruankao::build::20260520_235046 ruankao::chapter::07 ruankao::domain::成本管理 ruankao::type::关键词识别卡 ruankao::importance::A ruankao::difficulty::2 ruankao::review::keep ruankao::topic_qa ruankao::topic::T-COST-001,sha256:3b0b4b30d008f833075d3e05
软考::系统集成项目管理工程师::07_成本管理::专题问答卡::T-COST-001_成本估算_成本预算_储备分析与成本基准,RuankaoTopicCard,为什么成本基准要按时间分布？,因为控制成本需要把实际支出与计划时间点上的预算进行比较。,<div>理解：本卡只围绕“成本基准”做判断，避免把整个专题压成目录卡。</div><div>题干信号：成本基准</div><div>来源：T-COST-001 / 成本基准</div>,topic_qa,概念卡,,,B,3,上午选择,成本管理,07,成本管理,T-COST-001,成本估算、成本预算、储备分析与成本基准,SRC-T-COST-001-006,topic_learning_packages/topics/07_成本管理/T-COST-001_专题学习包_成本估算预算储备分析与成本基准.md,成本基准,,,keep,Front 聚焦“成本基准”，Back 短句给出可判分答案，Extra 提供本卡专属题干信号。,ruankao ruankao::build::20260520_235046 ruankao::chapter::07 ruankao::domain::成本管理 ruankao::type::概念卡 ruankao::importance::B ruankao::difficulty::3 ruankao::review::keep ruankao::topic_qa ruankao::topic::T-COST-001,sha256:1ac7770b19b09d5c701074ce
软考::系统集成项目管理工程师::08_质量管理::专题问答卡::T-QUAL-001_质量保证_质量控制与质量审计,RuankaoTopicCard,质量 vs 等级的核心区别是什么？,质量是满足要求的程度；等级是用途相同但技术特性不同的分类。,<div>理解：本卡只围绕“质量 vs 等级”做判断，避免把整个专题压成目录卡。</div><div>题干信号：质量 vs 等级</div><div>来源：T-QUAL-001 / 质量 vs 等级</div>,topic_qa,辨析卡,,,A,2,上午选择,质量管理,08,质量管理,T-QUAL-001,质量保证、质量控制与质量审计,SRC-T-QUAL-001-001,topic_learning_packages/topics/08_质量管理/T-QUAL-001_专题学习包_质量保证质量控制与质量审计.md,质量 vs 等级,,,keep,Front 聚焦“质量 vs 等级”，Back 短句给出可判分答案，Extra 提供本卡专属题干信号。,ruankao ruankao::build::20260520_235046 ruankao::chapter::08 ruankao::domain::质量管理 ruankao::type::辨析卡 ruankao::importance::A ruankao::difficulty::2 ruankao::review::keep ruankao::topic_qa ruankao::topic::T-QUAL-001,sha256:a14eda3736fcaf2176e8b661
软考::系统集成项目管理工程师::08_质量管理::专题问答卡::T-QUAL-001_质量保证_质量控制与质量审计,RuankaoTopicCard,QA vs QC 的核心区别是什么？,QA 关注过程和预防；QC 关注成果检查和缺陷发现。,<div>理解：本卡只围绕“QA QC”做判断，避免把整个专题压成目录卡。</div><div>题干信号：QA QC</div><div>来源：T-QUAL-001 / QA QC</div>,topic_qa,辨析卡,,,A,2,跨域辨析,质量管理,08,质量管理,T-QUAL-001,质量保证、质量控制与质量审计,SRC-T-QUAL-001-002,topic_learning_packages/topics/08_质量管理/T-QUAL-001_专题学习包_质量保证质量控制与质量审计.md,QA QC,,,keep,Front 聚焦“QA QC”，Back 短句给出可判分答案，Extra 提供本卡专属题干信号。,ruankao ruankao::build::20260520_235046 ruankao::chapter::08 ruankao::domain::质量管理 ruankao::type::辨析卡 ruankao::importance::A ruankao::difficulty::2 ruankao::review::keep ruankao::topic_qa ruankao::topic::T-QUAL-001,sha256:0290c475c171e26fb89c8aa8
软考::系统集成项目管理工程师::08_质量管理::专题问答卡::T-QUAL-001_质量保证_质量控制与质量审计,RuankaoTopicCard,质量审计为什么通常属于质量保证工具？,因为它审查过程是否符合政策、程序和组织标准。,<div>理解：本卡只围绕“质量审计”做判断，避免把整个专题压成目录卡。</div><div>题干信号：质量审计</div><div>来源：T-QUAL-001 / 质量审计</div>,topic_qa,概念卡,,,A,2,上午选择,质量管理,08,质量管理,T-QUAL-001,质量保证、质量控制与质量审计,SRC-T-QUAL-001-003,topic_learning_packages/topics/08_质量管理/T-QUAL-001_专题学习包_质量保证质量控制与质量审计.md,质量审计,,,keep,Front 聚焦“质量审计”，Back 短句给出可判分答案，Extra 提供本卡专属题干信号。,ruankao ruankao::build::20260520_235046 ruankao::chapter::08 ruankao::domain::质量管理 ruankao::type::概念卡 ruankao::importance::A ruankao::difficulty::2 ruankao::review::keep ruankao::topic_qa ruankao::topic::T-QUAL-001,sha256:9b2ab909c4aa1be83a686a30
软考::系统集成项目管理工程师::08_质量管理::专题问答卡::T-QUAL-001_质量保证_质量控制与质量审计,RuankaoTopicCard,题干出现“测试、检查、缺陷记录”应想到 QA 还是 QC？,应优先想到质量控制 QC。,<div>理解：本卡只围绕“QC信号”做判断，避免把整个专题压成目录卡。</div><div>题干信号：QC信号</div><div>来源：T-QUAL-001 / QC信号</div>,topic_qa,关键词识别卡,,,A,2,上午选择,质量管理,08,质量管理,T-QUAL-001,质量保证、质量控制与质量审计,SRC-T-QUAL-001-004,topic_learning_packages/topics/08_质量管理/T-QUAL-001_专题学习包_质量保证质量控制与质量审计.md,QC信号,,,keep,Front 聚焦“QC信号”，Back 短句给出可判分答案，Extra 提供本卡专属题干信号。,ruankao ruankao::build::20260520_235046 ruankao::chapter::08 ruankao::domain::质量管理 ruankao::type::关键词识别卡 ruankao::importance::A ruankao::difficulty::2 ruankao::review::keep ruankao::topic_qa ruankao::topic::T-QUAL-001,sha256:2677ba0237d63488758705e1
软考::系统集成项目管理工程师::08_质量管理::专题问答卡::T-QUAL-001_质量保证_质量控制与质量审计,RuankaoTopicCard,题干出现“过程改进、审计、预防缺陷”应想到 QA 还是 QC？,应优先想到质量保证 QA。,<div>理解：本卡只围绕“QA信号”做判断，避免把整个专题压成目录卡。</div><div>题干信号：QA信号</div><div>来源：T-QUAL-001 / QA信号</div>,topic_qa,关键词识别卡,,,A,2,上午选择,质量管理,08,质量管理,T-QUAL-001,质量保证、质量控制与质量审计,SRC-T-QUAL-001-005,topic_learning_packages/topics/08_质量管理/T-QUAL-001_专题学习包_质量保证质量控制与质量审计.md,QA信号,,,keep,Front 聚焦“QA信号”，Back 短句给出可判分答案，Extra 提供本卡专属题干信号。,ruankao ruankao::build::20260520_235046 ruankao::chapter::08 ruankao::domain::质量管理 ruankao::type::关键词识别卡 ruankao::importance::A ruankao::difficulty::2 ruankao::review::keep ruankao::topic_qa ruankao::topic::T-QUAL-001,sha256:be6daebb04d15cbfb6f5bae6
软考::系统集成项目管理工程师::08_质量管理::专题问答卡::T-QUAL-001_质量保证_质量控制与质量审计,RuankaoTopicCard,为什么“等级低”不一定是质量差？,只要产品满足其既定要求，低等级产品也可以是高质量。,<div>理解：本卡只围绕“等级陷阱”做判断，避免把整个专题压成目录卡。</div><div>题干信号：等级陷阱</div><div>来源：T-QUAL-001 / 等级陷阱</div>,topic_qa,陷阱卡,,,A,2,上午选择,质量管理,08,质量管理,T-QUAL-001,质量保证、质量控制与质量审计,SRC-T-QUAL-001-006,topic_learning_packages/topics/08_质量管理/T-QUAL-001_专题学习包_质量保证质量控制与质量审计.md,等级陷阱,,,keep,Front 聚焦“等级陷阱”，Back 短句给出可判分答案，Extra 提供本卡专属题干信号。,ruankao ruankao::build::20260520_235046 ruankao::chapter::08 ruankao::domain::质量管理 ruankao::type::陷阱卡 ruankao::importance::A ruankao::difficulty::2 ruankao::review::keep ruankao::topic_qa ruankao::topic::T-QUAL-001,sha256:06b7e566d35a02ba9d156c33
软考::系统集成项目管理工程师::08_质量管理::专题问答卡::T-QUAL-002_质量管理七工具_新七工具与质量问题分析,RuankaoTopicCard,因果图适合解决什么问题？,适合系统分析质量问题的可能原因。,<div>理解：本卡只围绕“因果图”做判断，避免把整个专题压成目录卡。</div><div>题干信号：因果图</div><div>来源：T-QUAL-002 / 因果图</div>,topic_qa,关键词识别卡,,,A,2,上午选择,质量管理,08,质量管理,T-QUAL-002,质量管理七工具、新七工具与质量问题分析,SRC-T-QUAL-002-001,topic_learning_packages/topics/08_质量管理/T-QUAL-002_专题学习包_质量管理七工具新七工具与质量问题分析.md,因果图,,,keep,Front 聚焦“因果图”，Back 短句给出可判分答案，Extra 提供本卡专属题干信号。,ruankao ruankao::build::20260520_235046 ruankao::chapter::08 ruankao::domain::质量管理 ruankao::type::关键词识别卡 ruankao::importance::A ruankao::difficulty::2 ruankao::review::keep ruankao::topic_qa ruankao::topic::T-QUAL-002,sha256:c051082bf1f75fe5fd27f19d
软考::系统集成项目管理工程师::08_质量管理::专题问答卡::T-QUAL-002_质量管理七工具_新七工具与质量问题分析,RuankaoTopicCard,帕累托图适合解决什么问题？,适合识别造成多数问题的少数关键原因。,<div>理解：本卡只围绕“帕累托”做判断，避免把整个专题压成目录卡。</div><div>题干信号：帕累托</div><div>来源：T-QUAL-002 / 帕累托</div>,topic_qa,关键词识别卡,,,A,2,上午选择,质量管理,08,质量管理,T-QUAL-002,质量管理七工具、新七工具与质量问题分析,SRC-T-QUAL-002-002,topic_learning_packages/topics/08_质量管理/T-QUAL-002_专题学习包_质量管理七工具新七工具与质量问题分析.md,帕累托,,,keep,Front 聚焦“帕累托”，Back 短句给出可判分答案，Extra 提供本卡专属题干信号。,ruankao ruankao::build::20260520_235046 ruankao::chapter::08 ruankao::domain::质量管理 ruankao::type::关键词识别卡 ruankao::importance::A ruankao::difficulty::2 ruankao::review::keep ruankao::topic_qa ruankao::topic::T-QUAL-002,sha256:8d4281163ae3d2882f34876c
软考::系统集成项目管理工程师::08_质量管理::专题问答卡::T-QUAL-002_质量管理七工具_新七工具与质量问题分析,RuankaoTopicCard,控制图适合解决什么问题？,适合判断过程是否稳定、是否存在异常原因。,<div>理解：本卡只围绕“控制图”做判断，避免把整个专题压成目录卡。</div><div>题干信号：控制图</div><div>来源：T-QUAL-002 / 控制图</div>,topic_qa,关键词识别卡,,,A,2,上午选择,质量管理,08,质量管理,T-QUAL-002,质量管理七工具、新七工具与质量问题分析,SRC-T-QUAL-002-003,topic_learning_packages/topics/08_质量管理/T-QUAL-002_专题学习包_质量管理七工具新七工具与质量问题分析.md,控制图,,,keep,Front 聚焦“控制图”，Back 短句给出可判分答案，Extra 提供本卡专属题干信号。,ruankao ruankao::build::20260520_235046 ruankao::chapter::08 ruankao::domain::质量管理 ruankao::type::关键词识别卡 ruankao::importance::A ruankao::difficulty::2 ruankao::review::keep ruankao::topic_qa ruankao::topic::T-QUAL-002,sha256:35d108b244a1281716553633
软考::系统集成项目管理工程师::08_质量管理::专题问答卡::T-QUAL-002_质量管理七工具_新七工具与质量问题分析,RuankaoTopicCard,直方图和散点图区别是什么？,直方图看数据分布形态；散点图看两个变量间的相关关系。,<div>理解：本卡只围绕“质量工具辨析”做判断，避免把整个专题压成目录卡。</div><div>题干信号：质量工具辨析</div><div>来源：T-QUAL-002 / 质量工具辨析</div>,topic_qa,辨析卡,,,B,3,上午选择,质量管理,08,质量管理,T-QUAL-002,质量管理七工具、新七工具与质量问题分析,SRC-T-QUAL-002-004,topic_learning_packages/topics/08_质量管理/T-QUAL-002_专题学习包_质量管理七工具新七工具与质量问题分析.md,质量工具辨析,,,keep,Front 聚焦“质量工具辨析”，Back 短句给出可判分答案，Extra 提供本卡专属题干信号。,ruankao ruankao::build::20260520_235046 ruankao::chapter::08 ruankao::domain::质量管理 ruankao::type::辨析卡 ruankao::importance::B ruankao::difficulty::3 ruankao::review::keep ruankao::topic_qa ruankao::topic::T-QUAL-002,sha256:886a96b0dee99981b36ebfff
软考::系统集成项目管理工程师::08_质量管理::专题问答卡::T-QUAL-002_质量管理七工具_新七工具与质量问题分析,RuankaoTopicCard,检查表和核对单为什么容易混淆？,检查表偏收集和记录数据；核对单偏按清单确认步骤或事项。,<div>理解：本卡只围绕“检查表”做判断，避免把整个专题压成目录卡。</div><div>题干信号：检查表</div><div>来源：T-QUAL-002 / 检查表</div>,topic_qa,辨析卡,,,B,3,上午选择,质量管理,08,质量管理,T-QUAL-002,质量管理七工具、新七工具与质量问题分析,SRC-T-QUAL-002-005,topic_learning_packages/topics/08_质量管理/T-QUAL-002_专题学习包_质量管理七工具新七工具与质量问题分析.md,检查表,,,keep,Front 聚焦“检查表”，Back 短句给出可判分答案，Extra 提供本卡专属题干信号。,ruankao ruankao::build::20260520_235046 ruankao::chapter::08 ruankao::domain::质量管理 ruankao::type::辨析卡 ruankao::importance::B ruankao::difficulty::3 ruankao::review::keep ruankao::topic_qa ruankao::topic::T-QUAL-002,sha256:0e88272d623b193e92483604
软考::系统集成项目管理工程师::08_质量管理::专题问答卡::T-QUAL-002_质量管理七工具_新七工具与质量问题分析,RuankaoTopicCard,质量工具题的审题顺序是什么？,先看题干想解决“原因、重点、分布、趋势、相关、流程、数据收集”中的哪类问题。,<div>理解：本卡只围绕“工具选择”做判断，避免把整个专题压成目录卡。</div><div>题干信号：工具选择</div><div>来源：T-QUAL-002 / 工具选择</div>,topic_qa,流程卡,,,A,2,上午选择,质量管理,08,质量管理,T-QUAL-002,质量管理七工具、新七工具与质量问题分析,SRC-T-QUAL-002-006,topic_learning_packages/topics/08_质量管理/T-QUAL-002_专题学习包_质量管理七工具新七工具与质量问题分析.md,工具选择,,,keep,Front 聚焦“工具选择”，Back 短句给出可判分答案，Extra 提供本卡专属题干信号。,ruankao ruankao::build::20260520_235046 ruankao::chapter::08 ruankao::domain::质量管理 ruankao::type::流程卡 ruankao::importance::A ruankao::difficulty::2 ruankao::review::keep ruankao::topic_qa ruankao::topic::T-QUAL-002,sha256:520b80ac2983d66921b4357b
软考::系统集成项目管理工程师::08_质量管理::专题问答卡::T-QUAL-003_质量问题案例模板_缺陷_测试_验收与纠偏,RuankaoTopicCard,质量问题案例通常先从哪三类事实定位？,缺陷表现、测试/验收过程、纠偏和预防动作是否到位。,<div>理解：本卡只围绕“质量案例”做判断，避免把整个专题压成目录卡。</div><div>题干信号：质量案例</div><div>来源：T-QUAL-003 / 质量案例</div>,topic_qa,案例模板卡,,,A,2,案例分析,质量管理,08,质量管理,T-QUAL-003,质量问题案例模板：缺陷、测试、验收与纠偏,SRC-T-QUAL-003-001,topic_learning_packages/topics/08_质量管理/T-QUAL-003_专题学习包_质量问题案例模板缺陷测试验收与纠偏.md,质量案例,,,keep,Front 聚焦“质量案例”，Back 短句给出可判分答案，Extra 提供本卡专属题干信号。,ruankao ruankao::build::20260520_235046 ruankao::chapter::08 ruankao::domain::质量管理 ruankao::type::案例模板卡 ruankao::importance::A ruankao::difficulty::2 ruankao::review::keep ruankao::topic_qa ruankao::topic::T-QUAL-003,sha256:e89ed978b4d11e2818aea420
软考::系统集成项目管理工程师::08_质量管理::专题问答卡::T-QUAL-003_质量问题案例模板_缺陷_测试_验收与纠偏,RuankaoTopicCard,发现大量缺陷后，只安排加班修改为什么不够？,还应分析根因、完善质量保证和质量控制措施，防止重复缺陷。,<div>理解：本卡只围绕“缺陷处理”做判断，避免把整个专题压成目录卡。</div><div>题干信号：缺陷处理</div><div>来源：T-QUAL-003 / 缺陷处理</div>,topic_qa,陷阱卡,,,A,2,案例分析,质量管理,08,质量管理,T-QUAL-003,质量问题案例模板：缺陷、测试、验收与纠偏,SRC-T-QUAL-003-002,topic_learning_packages/topics/08_质量管理/T-QUAL-003_专题学习包_质量问题案例模板缺陷测试验收与纠偏.md,缺陷处理,,,keep,Front 聚焦“缺陷处理”，Back 短句给出可判分答案，Extra 提供本卡专属题干信号。,ruankao ruankao::build::20260520_235046 ruankao::chapter::08 ruankao::domain::质量管理 ruankao::type::陷阱卡 ruankao::importance::A ruankao::difficulty::2 ruankao::review::keep ruankao::topic_qa ruankao::topic::T-QUAL-003,sha256:1c79411bed687c3d3e77cb6a
软考::系统集成项目管理工程师::08_质量管理::专题问答卡::T-QUAL-003_质量问题案例模板_缺陷_测试_验收与纠偏,RuankaoTopicCard,测试通过是否等于客户已经确认范围？,不等于。测试偏质量控制，客户正式接受才偏确认范围。,<div>理解：本卡只围绕“测试 vs 验收”做判断，避免把整个专题压成目录卡。</div><div>题干信号：测试 vs 验收</div><div>来源：T-QUAL-003 / 测试 vs 验收</div>,topic_qa,辨析卡,,,A,2,跨域辨析,质量管理,08,质量管理,T-QUAL-003,质量问题案例模板：缺陷、测试、验收与纠偏,SRC-T-QUAL-003-003,topic_learning_packages/topics/08_质量管理/T-QUAL-003_专题学习包_质量问题案例模板缺陷测试验收与纠偏.md,测试 vs 验收,,,keep,Front 聚焦“测试 vs 验收”，Back 短句给出可判分答案，Extra 提供本卡专属题干信号。,ruankao ruankao::build::20260520_235046 ruankao::chapter::08 ruankao::domain::质量管理 ruankao::type::辨析卡 ruankao::importance::A ruankao::difficulty::2 ruankao::review::keep ruankao::topic_qa ruankao::topic::T-QUAL-003,sha256:48345ada1a8e3fc8b8c51dd0
软考::系统集成项目管理工程师::08_质量管理::专题问答卡::T-QUAL-003_质量问题案例模板_缺陷_测试_验收与纠偏,RuankaoTopicCard,质量案例中 QA 不足通常有哪些表现？,缺少质量计划、过程审查、规范培训、质量审计或预防机制。,<div>理解：本卡只围绕“QA不足”做判断，避免把整个专题压成目录卡。</div><div>题干信号：QA不足</div><div>来源：T-QUAL-003 / QA不足</div>,topic_qa,案例模板卡,,,A,2,案例分析,质量管理,08,质量管理,T-QUAL-003,质量问题案例模板：缺陷、测试、验收与纠偏,SRC-T-QUAL-003-004,topic_learning_packages/topics/08_质量管理/T-QUAL-003_专题学习包_质量问题案例模板缺陷测试验收与纠偏.md,QA不足,,,keep,Front 聚焦“QA不足”，Back 短句给出可判分答案，Extra 提供本卡专属题干信号。,ruankao ruankao::build::20260520_235046 ruankao::chapter::08 ruankao::domain::质量管理 ruankao::type::案例模板卡 ruankao::importance::A ruankao::difficulty::2 ruankao::review::keep ruankao::topic_qa ruankao::topic::T-QUAL-003,sha256:4c52256c6ba2aae8ad036c39
软考::系统集成项目管理工程师::08_质量管理::专题问答卡::T-QUAL-003_质量问题案例模板_缺陷_测试_验收与纠偏,RuankaoTopicCard,质量案例中 QC 不足通常有哪些表现？,测试不充分、检查周期不合理、缺陷记录和回归验证不足。,<div>理解：本卡只围绕“QC不足”做判断，避免把整个专题压成目录卡。</div><div>题干信号：QC不足</div><div>来源：T-QUAL-003 / QC不足</div>,topic_qa,案例模板卡,,,A,2,案例分析,质量管理,08,质量管理,T-QUAL-003,质量问题案例模板：缺陷、测试、验收与纠偏,SRC-T-QUAL-003-005,topic_learning_packages/topics/08_质量管理/T-QUAL-003_专题学习包_质量问题案例模板缺陷测试验收与纠偏.md,QC不足,,,keep,Front 聚焦“QC不足”，Back 短句给出可判分答案，Extra 提供本卡专属题干信号。,ruankao ruankao::build::20260520_235046 ruankao::chapter::08 ruankao::domain::质量管理 ruankao::type::案例模板卡 ruankao::importance::A ruankao::difficulty::2 ruankao::review::keep ruankao::topic_qa ruankao::topic::T-QUAL-003,sha256:e3579168f1ac7cfdca91b2db
软考::系统集成项目管理工程师::08_质量管理::专题问答卡::T-QUAL-003_质量问题案例模板_缺陷_测试_验收与纠偏,RuankaoTopicCard,质量纠偏措施应如何写得具体？,写清补测试、查根因、修流程、培训、审计、回归验证和更新经验库。,<div>理解：本卡只围绕“纠偏表达”做判断，避免把整个专题压成目录卡。</div><div>题干信号：纠偏表达</div><div>来源：T-QUAL-003 / 纠偏表达</div>,topic_qa,流程卡,,,B,3,案例分析,质量管理,08,质量管理,T-QUAL-003,质量问题案例模板：缺陷、测试、验收与纠偏,SRC-T-QUAL-003-006,topic_learning_packages/topics/08_质量管理/T-QUAL-003_专题学习包_质量问题案例模板缺陷测试验收与纠偏.md,纠偏表达,,,keep,Front 聚焦“纠偏表达”，Back 短句给出可判分答案，Extra 提供本卡专属题干信号。,ruankao ruankao::build::20260520_235046 ruankao::chapter::08 ruankao::domain::质量管理 ruankao::type::流程卡 ruankao::importance::B ruankao::difficulty::3 ruankao::review::keep ruankao::topic_qa ruankao::topic::T-QUAL-003,sha256:cccc4a89575aad5d1f6d1cbf
软考::系统集成项目管理工程师::09_人力资源与沟通管理::专题问答卡::T-COM-001_沟通渠道计算与干系人参与管理,RuankaoTopicCard,沟通渠道数公式是什么？,n 个成员的潜在沟通渠道数为 n(n-1)/2。,<div>理解：本卡只围绕“沟通渠道”做判断，避免把整个专题压成目录卡。</div><div>题干信号：沟通渠道</div><div>来源：T-COM-001 / 沟通渠道</div>,topic_qa,公式卡,,,A,2,计算题,人力资源与沟通管理,09,人力资源与沟通管理,T-COM-001,沟通渠道计算与干系人参与管理,SRC-T-COM-001-001,topic_learning_packages/topics/09_人力资源与沟通管理/T-COM-001_专题学习包_沟通渠道计算与干系人参与管理.md,沟通渠道,,,keep,Front 聚焦“沟通渠道”，Back 短句给出可判分答案，Extra 提供本卡专属题干信号。,ruankao ruankao::build::20260520_235046 ruankao::chapter::09 ruankao::domain::人力资源与沟通管理 ruankao::type::公式卡 ruankao::importance::A ruankao::difficulty::2 ruankao::review::keep ruankao::topic_qa ruankao::topic::T-COM-001,sha256:a2dec4ce8e265b6f76e63d28
软考::系统集成项目管理工程师::09_人力资源与沟通管理::专题问答卡::T-COM-001_沟通渠道计算与干系人参与管理,RuankaoTopicCard,新增 1 人为什么会显著增加沟通复杂度？,因为新增成员会与原有 n 人分别形成新沟通渠道。,<div>理解：本卡只围绕“新增成员”做判断，避免把整个专题压成目录卡。</div><div>题干信号：新增成员</div><div>来源：T-COM-001 / 新增成员</div>,topic_qa,陷阱卡,,,A,2,计算题,人力资源与沟通管理,09,人力资源与沟通管理,T-COM-001,沟通渠道计算与干系人参与管理,SRC-T-COM-001-002,topic_learning_packages/topics/09_人力资源与沟通管理/T-COM-001_专题学习包_沟通渠道计算与干系人参与管理.md,新增成员,,,keep,Front 聚焦“新增成员”，Back 短句给出可判分答案，Extra 提供本卡专属题干信号。,ruankao ruankao::build::20260520_235046 ruankao::chapter::09 ruankao::domain::人力资源与沟通管理 ruankao::type::陷阱卡 ruankao::importance::A ruankao::difficulty::2 ruankao::review::keep ruankao::topic_qa ruankao::topic::T-COM-001,sha256:fda22466404f3c2d54aa00d8
软考::系统集成项目管理工程师::09_人力资源与沟通管理::专题问答卡::T-COM-001_沟通渠道计算与干系人参与管理,RuankaoTopicCard,推式、拉式、交互式沟通如何区分？,推式发送给指定对象，拉式让对象按需获取，交互式双方实时交换。,<div>理解：本卡只围绕“沟通方式”做判断，避免把整个专题压成目录卡。</div><div>题干信号：沟通方式</div><div>来源：T-COM-001 / 沟通方式</div>,topic_qa,辨析卡,,,A,2,上午选择,人力资源与沟通管理,09,人力资源与沟通管理,T-COM-001,沟通渠道计算与干系人参与管理,SRC-T-COM-001-003,topic_learning_packages/topics/09_人力资源与沟通管理/T-COM-001_专题学习包_沟通渠道计算与干系人参与管理.md,沟通方式,,,keep,Front 聚焦“沟通方式”，Back 短句给出可判分答案，Extra 提供本卡专属题干信号。,ruankao ruankao::build::20260520_235046 ruankao::chapter::09 ruankao::domain::人力资源与沟通管理 ruankao::type::辨析卡 ruankao::importance::A ruankao::difficulty::2 ruankao::review::keep ruankao::topic_qa ruankao::topic::T-COM-001,sha256:a903620caa0cd1da46a03e16
软考::系统集成项目管理工程师::09_人力资源与沟通管理::专题问答卡::T-COM-001_沟通渠道计算与干系人参与管理,RuankaoTopicCard,沟通模型中“发送了”为什么不等于“沟通成功”？,还要经过编码、渠道、解码、反馈，并受噪声影响。,<div>理解：本卡只围绕“沟通模型”做判断，避免把整个专题压成目录卡。</div><div>题干信号：沟通模型</div><div>来源：T-COM-001 / 沟通模型</div>,topic_qa,陷阱卡,,,A,2,上午选择,人力资源与沟通管理,09,人力资源与沟通管理,T-COM-001,沟通渠道计算与干系人参与管理,SRC-T-COM-001-004,topic_learning_packages/topics/09_人力资源与沟通管理/T-COM-001_专题学习包_沟通渠道计算与干系人参与管理.md,沟通模型,,,keep,Front 聚焦“沟通模型”，Back 短句给出可判分答案，Extra 提供本卡专属题干信号。,ruankao ruankao::build::20260520_235046 ruankao::chapter::09 ruankao::domain::人力资源与沟通管理 ruankao::type::陷阱卡 ruankao::importance::A ruankao::difficulty::2 ruankao::review::keep ruankao::topic_qa ruankao::topic::T-COM-001,sha256:c1af8df383958d14a0d3ddfe
软考::系统集成项目管理工程师::09_人力资源与沟通管理::专题问答卡::T-COM-001_沟通渠道计算与干系人参与管理,RuankaoTopicCard,干系人参与度评估矩阵解决什么问题？,比较当前参与程度与期望参与程度，帮助制定参与策略。,<div>理解：本卡只围绕“参与度”做判断，避免把整个专题压成目录卡。</div><div>题干信号：参与度</div><div>来源：T-COM-001 / 参与度</div>,topic_qa,概念卡,,,B,3,上午选择,人力资源与沟通管理,09,人力资源与沟通管理,T-COM-001,沟通渠道计算与干系人参与管理,SRC-T-COM-001-005,topic_learning_packages/topics/09_人力资源与沟通管理/T-COM-001_专题学习包_沟通渠道计算与干系人参与管理.md,参与度,,,keep,Front 聚焦“参与度”，Back 短句给出可判分答案，Extra 提供本卡专属题干信号。,ruankao ruankao::build::20260520_235046 ruankao::chapter::09 ruankao::domain::人力资源与沟通管理 ruankao::type::概念卡 ruankao::importance::B ruankao::difficulty::3 ruankao::review::keep ruankao::topic_qa ruankao::topic::T-COM-001,sha256:af53ef4441a6e95e78d13421
软考::系统集成项目管理工程师::09_人力资源与沟通管理::专题问答卡::T-COM-001_沟通渠道计算与干系人参与管理,RuankaoTopicCard,题干出现“误解、未通知、反馈缺失”应想到什么？,应想到沟通管理问题，而不只是个人态度问题。,<div>理解：本卡只围绕“沟通信号”做判断，避免把整个专题压成目录卡。</div><div>题干信号：沟通信号</div><div>来源：T-COM-001 / 沟通信号</div>,topic_qa,关键词识别卡,,,A,2,案例分析,人力资源与沟通管理,09,人力资源与沟通管理,T-COM-001,沟通渠道计算与干系人参与管理,SRC-T-COM-001-006,topic_learning_packages/topics/09_人力资源与沟通管理/T-COM-001_专题学习包_沟通渠道计算与干系人参与管理.md,沟通信号,,,keep,Front 聚焦“沟通信号”，Back 短句给出可判分答案，Extra 提供本卡专属题干信号。,ruankao ruankao::build::20260520_235046 ruankao::chapter::09 ruankao::domain::人力资源与沟通管理 ruankao::type::关键词识别卡 ruankao::importance::A ruankao::difficulty::2 ruankao::review::keep ruankao::topic_qa ruankao::topic::T-COM-001,sha256:6c7973ca1edbe07709076a88
软考::系统集成项目管理工程师::09_人力资源与沟通管理::专题问答卡::T-HR-001_项目人力资源管理_组织计划_团队建设与团队管理,RuankaoTopicCard,RAM/RACI 解决什么问题？,把工作或成果与具体角色责任对应起来，减少职责不清。,<div>理解：本卡只围绕“RAM”做判断，避免把整个专题压成目录卡。</div><div>题干信号：RAM</div><div>来源：T-HR-001 / RAM</div>,topic_qa,概念卡,,,A,2,上午选择,人力资源与沟通管理,09,人力资源与沟通管理,T-HR-001,项目人力资源管理：组织计划、团队建设与团队管理,SRC-T-HR-001-001,topic_learning_packages/topics/09_人力资源与沟通管理/T-HR-001_专题学习包_项目人力资源管理组织计划团队建设与团队管理.md,RAM,,,keep,Front 聚焦“RAM”，Back 短句给出可判分答案，Extra 提供本卡专属题干信号。,ruankao ruankao::build::20260520_235046 ruankao::chapter::09 ruankao::domain::人力资源与沟通管理 ruankao::type::概念卡 ruankao::importance::A ruankao::difficulty::2 ruankao::review::keep ruankao::topic_qa ruankao::topic::T-HR-001,sha256:3b4120327617a1dbf521ae84
软考::系统集成项目管理工程师::09_人力资源与沟通管理::专题问答卡::T-HR-001_项目人力资源管理_组织计划_团队建设与团队管理,RuankaoTopicCard,WBS、OBS、RAM 的关系怎么理解？,WBS 看成果分解，OBS 看组织分解，RAM 把成果与责任人连接起来。,<div>理解：本卡只围绕“WBS OBS RAM”做判断，避免把整个专题压成目录卡。</div><div>题干信号：WBS OBS RAM</div><div>来源：T-HR-001 / WBS OBS RAM</div>,topic_qa,辨析卡,,,A,2,跨域辨析,人力资源与沟通管理,09,人力资源与沟通管理,T-HR-001,项目人力资源管理：组织计划、团队建设与团队管理,SRC-T-HR-001-002,topic_learning_packages/topics/09_人力资源与沟通管理/T-HR-001_专题学习包_项目人力资源管理组织计划团队建设与团队管理.md,WBS OBS RAM,,,keep,Front 聚焦“WBS OBS RAM”，Back 短句给出可判分答案，Extra 提供本卡专属题干信号。,ruankao ruankao::build::20260520_235046 ruankao::chapter::09 ruankao::domain::人力资源与沟通管理 ruankao::type::辨析卡 ruankao::importance::A ruankao::difficulty::2 ruankao::review::keep ruankao::topic_qa ruankao::topic::T-HR-001,sha256:13387c33e5c9fca597dc214a
软考::系统集成项目管理工程师::09_人力资源与沟通管理::专题问答卡::T-HR-001_项目人力资源管理_组织计划_团队建设与团队管理,RuankaoTopicCard,塔克曼模型中震荡阶段的典型表现是什么？,成员开始暴露分歧、冲突和角色磨合问题。,<div>理解：本卡只围绕“塔克曼”做判断，避免把整个专题压成目录卡。</div><div>题干信号：塔克曼</div><div>来源：T-HR-001 / 塔克曼</div>,topic_qa,概念卡,,,B,3,上午选择,人力资源与沟通管理,09,人力资源与沟通管理,T-HR-001,项目人力资源管理：组织计划、团队建设与团队管理,SRC-T-HR-001-003,topic_learning_packages/topics/09_人力资源与沟通管理/T-HR-001_专题学习包_项目人力资源管理组织计划团队建设与团队管理.md,塔克曼,,,keep,Front 聚焦“塔克曼”，Back 短句给出可判分答案，Extra 提供本卡专属题干信号。,ruankao ruankao::build::20260520_235046 ruankao::chapter::09 ruankao::domain::人力资源与沟通管理 ruankao::type::概念卡 ruankao::importance::B ruankao::difficulty::3 ruankao::review::keep ruankao::topic_qa ruankao::topic::T-HR-001,sha256:0cbde900bfe3868d122b5699
软考::系统集成项目管理工程师::09_人力资源与沟通管理::专题问答卡::T-HR-001_项目人力资源管理_组织计划_团队建设与团队管理,RuankaoTopicCard,冲突管理中最积极的解决方式通常是什么？,合作/解决问题，通过共同分析根因寻找双赢方案。,<div>理解：本卡只围绕“冲突管理”做判断，避免把整个专题压成目录卡。</div><div>题干信号：冲突管理</div><div>来源：T-HR-001 / 冲突管理</div>,topic_qa,概念卡,,,A,2,上午选择,人力资源与沟通管理,09,人力资源与沟通管理,T-HR-001,项目人力资源管理：组织计划、团队建设与团队管理,SRC-T-HR-001-004,topic_learning_packages/topics/09_人力资源与沟通管理/T-HR-001_专题学习包_项目人力资源管理组织计划团队建设与团队管理.md,冲突管理,,,keep,Front 聚焦“冲突管理”，Back 短句给出可判分答案，Extra 提供本卡专属题干信号。,ruankao ruankao::build::20260520_235046 ruankao::chapter::09 ruankao::domain::人力资源与沟通管理 ruankao::type::概念卡 ruankao::importance::A ruankao::difficulty::2 ruankao::review::keep ruankao::topic_qa ruankao::topic::T-HR-001,sha256:0984a3a489d97b6fb633e60a
软考::系统集成项目管理工程师::09_人力资源与沟通管理::专题问答卡::T-HR-001_项目人力资源管理_组织计划_团队建设与团队管理,RuankaoTopicCard,为什么奖励所有加班未必有利于团队建设？,若加班源于计划不周或效率低，奖励会强化错误行为并损害公平。,<div>理解：本卡只围绕“团队建设”做判断，避免把整个专题压成目录卡。</div><div>题干信号：团队建设</div><div>来源：T-HR-001 / 团队建设</div>,topic_qa,陷阱卡,,,B,3,上午选择,人力资源与沟通管理,09,人力资源与沟通管理,T-HR-001,项目人力资源管理：组织计划、团队建设与团队管理,SRC-T-HR-001-005,topic_learning_packages/topics/09_人力资源与沟通管理/T-HR-001_专题学习包_项目人力资源管理组织计划团队建设与团队管理.md,团队建设,,,keep,Front 聚焦“团队建设”，Back 短句给出可判分答案，Extra 提供本卡专属题干信号。,ruankao ruankao::build::20260520_235046 ruankao::chapter::09 ruankao::domain::人力资源与沟通管理 ruankao::type::陷阱卡 ruankao::importance::B ruankao::difficulty::3 ruankao::review::keep ruankao::topic_qa ruankao::topic::T-HR-001,sha256:47de37736f7f87ac0f099d92
软考::系统集成项目管理工程师::09_人力资源与沟通管理::专题问答卡::T-HR-001_项目人力资源管理_组织计划_团队建设与团队管理,RuankaoTopicCard,团队建设案例应从哪些角度答？,角色职责、规则、沟通、培训、激励、冲突处理和绩效反馈。,<div>理解：本卡只围绕“团队建设”做判断，避免把整个专题压成目录卡。</div><div>题干信号：团队建设</div><div>来源：T-HR-001 / 团队建设</div>,topic_qa,案例模板卡,,,A,2,案例分析,人力资源与沟通管理,09,人力资源与沟通管理,T-HR-001,项目人力资源管理：组织计划、团队建设与团队管理,SRC-T-HR-001-006,topic_learning_packages/topics/09_人力资源与沟通管理/T-HR-001_专题学习包_项目人力资源管理组织计划团队建设与团队管理.md,团队建设,,,keep,Front 聚焦“团队建设”，Back 短句给出可判分答案，Extra 提供本卡专属题干信号。,ruankao ruankao::build::20260520_235046 ruankao::chapter::09 ruankao::domain::人力资源与沟通管理 ruankao::type::案例模板卡 ruankao::importance::A ruankao::difficulty::2 ruankao::review::keep ruankao::topic_qa ruankao::topic::T-HR-001,sha256:4024f078e31fa05f22b19ccd
软考::系统集成项目管理工程师::10_干系人与风险管理::专题问答卡::T-RISK-001_风险识别_风险登记册与风险应对策略,RuankaoTopicCard,风险和问题的核心区别是什么？,风险是不确定且尚未发生的事件；问题是已经发生并需要处理的事实。,<div>理解：本卡只围绕“风险 vs 问题”做判断，避免把整个专题压成目录卡。</div><div>题干信号：风险 vs 问题</div><div>来源：T-RISK-001 / 风险 vs 问题</div>,topic_qa,辨析卡,,,A,2,跨域辨析,干系人与风险管理,10,干系人与风险管理,T-RISK-001,风险识别、风险登记册与风险应对策略,SRC-T-RISK-001-001,topic_learning_packages/topics/10_干系人与风险管理/T-RISK-001_专题学习包_风险识别风险登记册与风险应对策略.md,风险 vs 问题,,,keep,Front 聚焦“风险 vs 问题”，Back 短句给出可判分答案，Extra 提供本卡专属题干信号。,ruankao ruankao::build::20260520_235046 ruankao::chapter::10 ruankao::domain::干系人与风险管理 ruankao::type::辨析卡 ruankao::importance::A ruankao::difficulty::2 ruankao::review::keep ruankao::topic_qa ruankao::topic::T-RISK-001,sha256:c0eef1e6abf51b9b0085183f
软考::系统集成项目管理工程师::10_干系人与风险管理::专题问答卡::T-RISK-001_风险识别_风险登记册与风险应对策略,RuankaoTopicCard,风险登记册通常记录哪些内容？,风险描述、原因、影响、概率、责任人、应对措施和状态。,<div>理解：本卡只围绕“风险登记册”做判断，避免把整个专题压成目录卡。</div><div>题干信号：风险登记册</div><div>来源：T-RISK-001 / 风险登记册</div>,topic_qa,概念卡,,,A,2,上午选择,干系人与风险管理,10,干系人与风险管理,T-RISK-001,风险识别、风险登记册与风险应对策略,SRC-T-RISK-001-002,topic_learning_packages/topics/10_干系人与风险管理/T-RISK-001_专题学习包_风险识别风险登记册与风险应对策略.md,风险登记册,,,keep,Front 聚焦“风险登记册”，Back 短句给出可判分答案，Extra 提供本卡专属题干信号。,ruankao ruankao::build::20260520_235046 ruankao::chapter::10 ruankao::domain::干系人与风险管理 ruankao::type::概念卡 ruankao::importance::A ruankao::difficulty::2 ruankao::review::keep ruankao::topic_qa ruankao::topic::T-RISK-001,sha256:432fd6040e4e99df426e8f1d
软考::系统集成项目管理工程师::10_干系人与风险管理::专题问答卡::T-RISK-001_风险识别_风险登记册与风险应对策略,RuankaoTopicCard,规避、转移、减轻、接受如何区分？,规避消除威胁或条件，转移让第三方承担，减轻降低概率或影响，接受保留风险。,<div>理解：本卡只围绕“威胁应对”做判断，避免把整个专题压成目录卡。</div><div>题干信号：威胁应对</div><div>来源：T-RISK-001 / 威胁应对</div>,topic_qa,辨析卡,,,A,2,上午选择,干系人与风险管理,10,干系人与风险管理,T-RISK-001,风险识别、风险登记册与风险应对策略,SRC-T-RISK-001-003,topic_learning_packages/topics/10_干系人与风险管理/T-RISK-001_专题学习包_风险识别风险登记册与风险应对策略.md,威胁应对,,,keep,Front 聚焦“威胁应对”，Back 短句给出可判分答案，Extra 提供本卡专属题干信号。,ruankao ruankao::build::20260520_235046 ruankao::chapter::10 ruankao::domain::干系人与风险管理 ruankao::type::辨析卡 ruankao::importance::A ruankao::difficulty::2 ruankao::review::keep ruankao::topic_qa ruankao::topic::T-RISK-001,sha256:fb552b92d3149659a681f1d1
软考::系统集成项目管理工程师::10_干系人与风险管理::专题问答卡::T-RISK-001_风险识别_风险登记册与风险应对策略,RuankaoTopicCard,正面风险的开拓、分享、提高、接受怎么理解？,开拓确保机会发生，分享与第三方合作，提高增大概率或影响，接受不主动追求。,<div>理解：本卡只围绕“机会应对”做判断，避免把整个专题压成目录卡。</div><div>题干信号：机会应对</div><div>来源：T-RISK-001 / 机会应对</div>,topic_qa,辨析卡,,,B,3,上午选择,干系人与风险管理,10,干系人与风险管理,T-RISK-001,风险识别、风险登记册与风险应对策略,SRC-T-RISK-001-004,topic_learning_packages/topics/10_干系人与风险管理/T-RISK-001_专题学习包_风险识别风险登记册与风险应对策略.md,机会应对,,,keep,Front 聚焦“机会应对”，Back 短句给出可判分答案，Extra 提供本卡专属题干信号。,ruankao ruankao::build::20260520_235046 ruankao::chapter::10 ruankao::domain::干系人与风险管理 ruankao::type::辨析卡 ruankao::importance::B ruankao::difficulty::3 ruankao::review::keep ruankao::topic_qa ruankao::topic::T-RISK-001,sha256:5cbb0ae8951afd3024488024
软考::系统集成项目管理工程师::10_干系人与风险管理::专题问答卡::T-RISK-001_风险识别_风险登记册与风险应对策略,RuankaoTopicCard,残余风险和二次风险怎么区分？,残余风险是应对后仍剩的风险；二次风险是应对措施引出的新风险。,<div>理解：本卡只围绕“残余二次”做判断，避免把整个专题压成目录卡。</div><div>题干信号：残余二次</div><div>来源：T-RISK-001 / 残余二次</div>,topic_qa,辨析卡,,,A,2,跨域辨析,干系人与风险管理,10,干系人与风险管理,T-RISK-001,风险识别、风险登记册与风险应对策略,SRC-T-RISK-001-005,topic_learning_packages/topics/10_干系人与风险管理/T-RISK-001_专题学习包_风险识别风险登记册与风险应对策略.md,残余二次,,,keep,Front 聚焦“残余二次”，Back 短句给出可判分答案，Extra 提供本卡专属题干信号。,ruankao ruankao::build::20260520_235046 ruankao::chapter::10 ruankao::domain::干系人与风险管理 ruankao::type::辨析卡 ruankao::importance::A ruankao::difficulty::2 ruankao::review::keep ruankao::topic_qa ruankao::topic::T-RISK-001,sha256:cce861bc2381daca732c0dbc
软考::系统集成项目管理工程师::10_干系人与风险管理::专题问答卡::T-RISK-001_风险识别_风险登记册与风险应对策略,RuankaoTopicCard,题干出现“风险已经发生”时，答题重点应转向什么？,应转向问题处理、应急措施或变更控制，而不是继续当作未发生风险识别。,<div>理解：本卡只围绕“风险已发生”做判断，避免把整个专题压成目录卡。</div><div>题干信号：风险已发生</div><div>来源：T-RISK-001 / 风险已发生</div>,topic_qa,陷阱卡,,,A,2,案例分析,干系人与风险管理,10,干系人与风险管理,T-RISK-001,风险识别、风险登记册与风险应对策略,SRC-T-RISK-001-006,topic_learning_packages/topics/10_干系人与风险管理/T-RISK-001_专题学习包_风险识别风险登记册与风险应对策略.md,风险已发生,,,keep,Front 聚焦“风险已发生”，Back 短句给出可判分答案，Extra 提供本卡专属题干信号。,ruankao ruankao::build::20260520_235046 ruankao::chapter::10 ruankao::domain::干系人与风险管理 ruankao::type::陷阱卡 ruankao::importance::A ruankao::difficulty::2 ruankao::review::keep ruankao::topic_qa ruankao::topic::T-RISK-001,sha256:29e6376a1b3db6cd69910042
软考::系统集成项目管理工程师::10_干系人与风险管理::专题问答卡::T-RISK-002_定性_定量风险分析_EMV与决策树,RuankaoTopicCard,定性风险分析和定量风险分析的区别是什么？,定性分析排序优先级；定量分析用数值评估风险对目标的影响。,<div>理解：本卡只围绕“定性定量”做判断，避免把整个专题压成目录卡。</div><div>题干信号：定性定量</div><div>来源：T-RISK-002 / 定性定量</div>,topic_qa,辨析卡,,,A,2,上午选择,干系人与风险管理,10,干系人与风险管理,T-RISK-002,定性/定量风险分析、EMV 与决策树,SRC-T-RISK-002-001,topic_learning_packages/topics/10_干系人与风险管理/T-RISK-002_专题学习包_定性定量风险分析EMV与决策树.md,定性定量,,,keep,Front 聚焦“定性定量”，Back 短句给出可判分答案，Extra 提供本卡专属题干信号。,ruankao ruankao::build::20260520_235046 ruankao::chapter::10 ruankao::domain::干系人与风险管理 ruankao::type::辨析卡 ruankao::importance::A ruankao::difficulty::2 ruankao::review::keep ruankao::topic_qa ruankao::topic::T-RISK-002,sha256:7ba169fc84b3220263273ddc
软考::系统集成项目管理工程师::10_干系人与风险管理::专题问答卡::T-RISK-002_定性_定量风险分析_EMV与决策树,RuankaoTopicCard,概率影响矩阵主要解决什么问题？,根据风险概率和影响对风险进行优先级排序。,<div>理解：本卡只围绕“概率影响矩阵”做判断，避免把整个专题压成目录卡。</div><div>题干信号：概率影响矩阵</div><div>来源：T-RISK-002 / 概率影响矩阵</div>,topic_qa,概念卡,,,A,2,上午选择,干系人与风险管理,10,干系人与风险管理,T-RISK-002,定性/定量风险分析、EMV 与决策树,SRC-T-RISK-002-002,topic_learning_packages/topics/10_干系人与风险管理/T-RISK-002_专题学习包_定性定量风险分析EMV与决策树.md,概率影响矩阵,,,keep,Front 聚焦“概率影响矩阵”，Back 短句给出可判分答案，Extra 提供本卡专属题干信号。,ruankao ruankao::build::20260520_235046 ruankao::chapter::10 ruankao::domain::干系人与风险管理 ruankao::type::概念卡 ruankao::importance::A ruankao::difficulty::2 ruankao::review::keep ruankao::topic_qa ruankao::topic::T-RISK-002,sha256:13d74037c6185e3421517201
软考::系统集成项目管理工程师::10_干系人与风险管理::专题问答卡::T-RISK-002_定性_定量风险分析_EMV与决策树,RuankaoTopicCard,EMV 的计算公式是什么？,EMV = 概率 × 影响值，多个结果则求各分支 EMV 之和。,<div>理解：本卡只围绕“EMV”做判断，避免把整个专题压成目录卡。</div><div>题干信号：EMV</div><div>来源：T-RISK-002 / EMV</div>,topic_qa,公式卡,,,A,2,计算题,干系人与风险管理,10,干系人与风险管理,T-RISK-002,定性/定量风险分析、EMV 与决策树,SRC-T-RISK-002-003,topic_learning_packages/topics/10_干系人与风险管理/T-RISK-002_专题学习包_定性定量风险分析EMV与决策树.md,EMV,,,keep,Front 聚焦“EMV”，Back 短句给出可判分答案，Extra 提供本卡专属题干信号。,ruankao ruankao::build::20260520_235046 ruankao::chapter::10 ruankao::domain::干系人与风险管理 ruankao::type::公式卡 ruankao::importance::A ruankao::difficulty::2 ruankao::review::keep ruankao::topic_qa ruankao::topic::T-RISK-002,sha256:486fc627267d7db54f88dacb
软考::系统集成项目管理工程师::10_干系人与风险管理::专题问答卡::T-RISK-002_定性_定量风险分析_EMV与决策树,RuankaoTopicCard,决策树题的计算顺序是什么？,从末端分支开始计算 EMV，再向前折算到决策节点比较方案。,<div>理解：本卡只围绕“决策树”做判断，避免把整个专题压成目录卡。</div><div>题干信号：决策树</div><div>来源：T-RISK-002 / 决策树</div>,topic_qa,流程卡,,,A,2,计算题,干系人与风险管理,10,干系人与风险管理,T-RISK-002,定性/定量风险分析、EMV 与决策树,SRC-T-RISK-002-004,topic_learning_packages/topics/10_干系人与风险管理/T-RISK-002_专题学习包_定性定量风险分析EMV与决策树.md,决策树,,,keep,Front 聚焦“决策树”，Back 短句给出可判分答案，Extra 提供本卡专属题干信号。,ruankao ruankao::build::20260520_235046 ruankao::chapter::10 ruankao::domain::干系人与风险管理 ruankao::type::流程卡 ruankao::importance::A ruankao::difficulty::2 ruankao::review::keep ruankao::topic_qa ruankao::topic::T-RISK-002,sha256:17dc6bdd99bd212aeaf0dd9e
软考::系统集成项目管理工程师::10_干系人与风险管理::专题问答卡::T-RISK-002_定性_定量风险分析_EMV与决策树,RuankaoTopicCard,EMV 题中机会和威胁如何处理符号？,机会收益通常取正值，威胁损失通常取负值或作为成本扣减。,<div>理解：本卡只围绕“EMV符号”做判断，避免把整个专题压成目录卡。</div><div>题干信号：EMV符号</div><div>来源：T-RISK-002 / EMV符号</div>,topic_qa,陷阱卡,,,A,2,计算题,干系人与风险管理,10,干系人与风险管理,T-RISK-002,定性/定量风险分析、EMV 与决策树,SRC-T-RISK-002-005,topic_learning_packages/topics/10_干系人与风险管理/T-RISK-002_专题学习包_定性定量风险分析EMV与决策树.md,EMV符号,,,keep,Front 聚焦“EMV符号”，Back 短句给出可判分答案，Extra 提供本卡专属题干信号。,ruankao ruankao::build::20260520_235046 ruankao::chapter::10 ruankao::domain::干系人与风险管理 ruankao::type::陷阱卡 ruankao::importance::A ruankao::difficulty::2 ruankao::review::keep ruankao::topic_qa ruankao::topic::T-RISK-002,sha256:737478a0d034844b664e33b7
软考::系统集成项目管理工程师::10_干系人与风险管理::专题问答卡::T-RISK-002_定性_定量风险分析_EMV与决策树,RuankaoTopicCard,敏感性分析通常回答什么问题？,识别哪些不确定因素对项目目标影响最大。,<div>理解：本卡只围绕“敏感性分析”做判断，避免把整个专题压成目录卡。</div><div>题干信号：敏感性分析</div><div>来源：T-RISK-002 / 敏感性分析</div>,topic_qa,概念卡,,,B,3,上午选择,干系人与风险管理,10,干系人与风险管理,T-RISK-002,定性/定量风险分析、EMV 与决策树,SRC-T-RISK-002-006,topic_learning_packages/topics/10_干系人与风险管理/T-RISK-002_专题学习包_定性定量风险分析EMV与决策树.md,敏感性分析,,,keep,Front 聚焦“敏感性分析”，Back 短句给出可判分答案，Extra 提供本卡专属题干信号。,ruankao ruankao::build::20260520_235046 ruankao::chapter::10 ruankao::domain::干系人与风险管理 ruankao::type::概念卡 ruankao::importance::B ruankao::difficulty::3 ruankao::review::keep ruankao::topic_qa ruankao::topic::T-RISK-002,sha256:16b6c8f66e75590456bf2d79
软考::系统集成项目管理工程师::11_采购与合同管理::专题问答卡::T-PROC-001_合同类型_风险分配与采购决策,RuankaoTopicCard,固定总价、成本补偿、工料合同的风险分配怎么记？,固定总价卖方成本风险高；成本补偿买方风险高；工料合同居中。,<div>理解：本卡只围绕“合同风险”做判断，避免把整个专题压成目录卡。</div><div>题干信号：合同风险</div><div>来源：T-PROC-001 / 合同风险</div>,topic_qa,辨析卡,,,A,2,上午选择,采购与合同管理,11,采购与合同管理,T-PROC-001,合同类型、风险分配与采购决策,SRC-T-PROC-001-001,topic_learning_packages/topics/11_采购与合同管理/T-PROC-001_专题学习包_合同类型选择与风险分配.md,合同风险,,,keep,Front 聚焦“合同风险”，Back 短句给出可判分答案，Extra 提供本卡专属题干信号。,ruankao ruankao::build::20260520_235046 ruankao::chapter::11 ruankao::domain::采购与合同管理 ruankao::type::辨析卡 ruankao::importance::A ruankao::difficulty::2 ruankao::review::keep ruankao::topic_qa ruankao::topic::T-PROC-001,sha256:19f608c064149cecd444ab3f
软考::系统集成项目管理工程师::11_采购与合同管理::专题问答卡::T-PROC-001_合同类型_风险分配与采购决策,RuankaoTopicCard,需求明确、范围稳定时通常适合哪类合同？,通常适合固定总价合同。,<div>理解：本卡只围绕“固定总价”做判断，避免把整个专题压成目录卡。</div><div>题干信号：固定总价</div><div>来源：T-PROC-001 / 固定总价</div>,topic_qa,关键词识别卡,,,A,2,上午选择,采购与合同管理,11,采购与合同管理,T-PROC-001,合同类型、风险分配与采购决策,SRC-T-PROC-001-002,topic_learning_packages/topics/11_采购与合同管理/T-PROC-001_专题学习包_合同类型选择与风险分配.md,固定总价,,,keep,Front 聚焦“固定总价”，Back 短句给出可判分答案，Extra 提供本卡专属题干信号。,ruankao ruankao::build::20260520_235046 ruankao::chapter::11 ruankao::domain::采购与合同管理 ruankao::type::关键词识别卡 ruankao::importance::A ruankao::difficulty::2 ruankao::review::keep ruankao::topic_qa ruankao::topic::T-PROC-001,sha256:de8ebe871ad1391170d08ce7
软考::系统集成项目管理工程师::11_采购与合同管理::专题问答卡::T-PROC-001_合同类型_风险分配与采购决策,RuankaoTopicCard,需求不清、研发探索性强时通常适合哪类合同？,更可能适合成本补偿类合同，但买方需加强成本控制。,<div>理解：本卡只围绕“成本补偿”做判断，避免把整个专题压成目录卡。</div><div>题干信号：成本补偿</div><div>来源：T-PROC-001 / 成本补偿</div>,topic_qa,关键词识别卡,,,A,2,上午选择,采购与合同管理,11,采购与合同管理,T-PROC-001,合同类型、风险分配与采购决策,SRC-T-PROC-001-003,topic_learning_packages/topics/11_采购与合同管理/T-PROC-001_专题学习包_合同类型选择与风险分配.md,成本补偿,,,keep,Front 聚焦“成本补偿”，Back 短句给出可判分答案，Extra 提供本卡专属题干信号。,ruankao ruankao::build::20260520_235046 ruankao::chapter::11 ruankao::domain::采购与合同管理 ruankao::type::关键词识别卡 ruankao::importance::A ruankao::difficulty::2 ruankao::review::keep ruankao::topic_qa ruankao::topic::T-PROC-001,sha256:4041945c9efb50d618355062
软考::系统集成项目管理工程师::11_采购与合同管理::专题问答卡::T-PROC-001_合同类型_风险分配与采购决策,RuankaoTopicCard,自制外购分析应考虑哪些因素？,成本、能力、资源、风险、保密性、进度和战略控制。,<div>理解：本卡只围绕“自制外购”做判断，避免把整个专题压成目录卡。</div><div>题干信号：自制外购</div><div>来源：T-PROC-001 / 自制外购</div>,topic_qa,概念卡,,,A,2,上午选择,采购与合同管理,11,采购与合同管理,T-PROC-001,合同类型、风险分配与采购决策,SRC-T-PROC-001-004,topic_learning_packages/topics/11_采购与合同管理/T-PROC-001_专题学习包_合同类型选择与风险分配.md,自制外购,,,keep,Front 聚焦“自制外购”，Back 短句给出可判分答案，Extra 提供本卡专属题干信号。,ruankao ruankao::build::20260520_235046 ruankao::chapter::11 ruankao::domain::采购与合同管理 ruankao::type::概念卡 ruankao::importance::A ruankao::difficulty::2 ruankao::review::keep ruankao::topic_qa ruankao::topic::T-PROC-001,sha256:fba0dd6eecdc93350c2f12f8
软考::系统集成项目管理工程师::11_采购与合同管理::专题问答卡::T-PROC-001_合同类型_风险分配与采购决策,RuankaoTopicCard,为什么最低报价不一定是最佳采购选择？,还要考虑技术能力、质量、风险、合同条件和全生命周期成本。,<div>理解：本卡只围绕“采购决策”做判断，避免把整个专题压成目录卡。</div><div>题干信号：采购决策</div><div>来源：T-PROC-001 / 采购决策</div>,topic_qa,陷阱卡,,,A,2,案例分析,采购与合同管理,11,采购与合同管理,T-PROC-001,合同类型、风险分配与采购决策,SRC-T-PROC-001-005,topic_learning_packages/topics/11_采购与合同管理/T-PROC-001_专题学习包_合同类型选择与风险分配.md,采购决策,,,keep,Front 聚焦“采购决策”，Back 短句给出可判分答案，Extra 提供本卡专属题干信号。,ruankao ruankao::build::20260520_235046 ruankao::chapter::11 ruankao::domain::采购与合同管理 ruankao::type::陷阱卡 ruankao::importance::A ruankao::difficulty::2 ruankao::review::keep ruankao::topic_qa ruankao::topic::T-PROC-001,sha256:3a2e95099f4e3698b25f5e50
软考::系统集成项目管理工程师::11_采购与合同管理::专题问答卡::T-PROC-001_合同类型_风险分配与采购决策,RuankaoTopicCard,合同类型题的题干信号怎么抓？,看范围是否清楚、成本风险由谁承担、是否按成本报销或按工时材料结算。,<div>理解：本卡只围绕“合同信号”做判断，避免把整个专题压成目录卡。</div><div>题干信号：合同信号</div><div>来源：T-PROC-001 / 合同信号</div>,topic_qa,关键词识别卡,,,A,2,上午选择,采购与合同管理,11,采购与合同管理,T-PROC-001,合同类型、风险分配与采购决策,SRC-T-PROC-001-006,topic_learning_packages/topics/11_采购与合同管理/T-PROC-001_专题学习包_合同类型选择与风险分配.md,合同信号,,,keep,Front 聚焦“合同信号”，Back 短句给出可判分答案，Extra 提供本卡专属题干信号。,ruankao ruankao::build::20260520_235046 ruankao::chapter::11 ruankao::domain::采购与合同管理 ruankao::type::关键词识别卡 ruankao::importance::A ruankao::difficulty::2 ruankao::review::keep ruankao::topic_qa ruankao::topic::T-PROC-001,sha256:149bd13bf0fc34e4cd856a21
软考::系统集成项目管理工程师::11_采购与合同管理::专题问答卡::T-PROC-002_招投标_政府采购与采购流程管理,RuankaoTopicCard,公开招标和邀请招标的核心区别是什么？,公开招标面向不特定供应商发布公告；邀请招标向特定供应商发出邀请。,<div>理解：本卡只围绕“招标方式”做判断，避免把整个专题压成目录卡。</div><div>题干信号：招标方式</div><div>来源：T-PROC-002 / 招标方式</div>,topic_qa,辨析卡,,,A,2,上午选择,采购与合同管理,11,采购与合同管理,T-PROC-002,招投标、政府采购与采购流程管理,SRC-T-PROC-002-001,topic_learning_packages/topics/11_采购与合同管理/T-PROC-002_专题学习包_招投标政府采购与采购流程管理.md,招标方式,,,keep,Front 聚焦“招标方式”，Back 短句给出可判分答案，Extra 提供本卡专属题干信号。,ruankao ruankao::build::20260520_235046 ruankao::chapter::11 ruankao::domain::采购与合同管理 ruankao::type::辨析卡 ruankao::importance::A ruankao::difficulty::2 ruankao::review::keep ruankao::topic_qa ruankao::topic::T-PROC-002,sha256:b98f028c3b664380ba501a8b
软考::系统集成项目管理工程师::待核验与复查,RuankaoTopicCard,政府采购方式中单一来源为什么要谨慎制卡？,它涉及法规条件和比例口径，具体数字必须核验现行法规和教材。,<div>理解：本卡只围绕“单一来源”做判断，避免把整个专题压成目录卡。</div><div>题干信号：单一来源</div><div>来源：T-PROC-002 / 单一来源</div>,topic_qa,待核验卡,,,C,3,待核验,采购与合同管理,11,采购与合同管理,T-PROC-002,招投标、政府采购与采购流程管理,SRC-T-PROC-002-002,topic_learning_packages/topics/11_采购与合同管理/T-PROC-002_专题学习包_招投标政府采购与采购流程管理.md,单一来源,,,needs_human_review,涉及法规数字或教材口径，不能进入主复习；保留为人工核验提醒。,ruankao ruankao::build::20260520_235046 ruankao::chapter::11 ruankao::domain::采购与合同管理 ruankao::type::待核验卡 ruankao::importance::C ruankao::difficulty::3 ruankao::review::needs_human_review ruankao::topic_qa ruankao::topic::T-PROC-002 ruankao::needs_review ruankao::not_for_main_review,sha256:c8626e445e24d2baadfb0079
软考::系统集成项目管理工程师::11_采购与合同管理::专题问答卡::T-PROC-002_招投标_政府采购与采购流程管理,RuankaoTopicCard,招投标流程题通常抓哪些节点？,招标、投标、开标、评标、中标和签订合同。,<div>理解：本卡只围绕“招投标流程”做判断，避免把整个专题压成目录卡。</div><div>题干信号：招投标流程</div><div>来源：T-PROC-002 / 招投标流程</div>,topic_qa,流程卡,,,A,2,上午选择,采购与合同管理,11,采购与合同管理,T-PROC-002,招投标、政府采购与采购流程管理,SRC-T-PROC-002-003,topic_learning_packages/topics/11_采购与合同管理/T-PROC-002_专题学习包_招投标政府采购与采购流程管理.md,招投标流程,,,keep,Front 聚焦“招投标流程”，Back 短句给出可判分答案，Extra 提供本卡专属题干信号。,ruankao ruankao::build::20260520_235046 ruankao::chapter::11 ruankao::domain::采购与合同管理 ruankao::type::流程卡 ruankao::importance::A ruankao::difficulty::2 ruankao::review::keep ruankao::topic_qa ruankao::topic::T-PROC-002,sha256:3c18d5f2d47999b9d7486a04
软考::系统集成项目管理工程师::11_采购与合同管理::专题问答卡::T-PROC-002_招投标_政府采购与采购流程管理,RuankaoTopicCard,否决投标和废标为什么不能混用？,否决投标针对具体投标文件不合格；废标通常影响本次采购或招标整体结果。,<div>理解：本卡只围绕“否决废标”做判断，避免把整个专题压成目录卡。</div><div>题干信号：否决废标</div><div>来源：T-PROC-002 / 否决废标</div>,topic_qa,辨析卡,,,B,3,上午选择,采购与合同管理,11,采购与合同管理,T-PROC-002,招投标、政府采购与采购流程管理,SRC-T-PROC-002-004,topic_learning_packages/topics/11_采购与合同管理/T-PROC-002_专题学习包_招投标政府采购与采购流程管理.md,否决废标,,,keep,Front 聚焦“否决废标”，Back 短句给出可判分答案，Extra 提供本卡专属题干信号。,ruankao ruankao::build::20260520_235046 ruankao::chapter::11 ruankao::domain::采购与合同管理 ruankao::type::辨析卡 ruankao::importance::B ruankao::difficulty::3 ruankao::review::keep ruankao::topic_qa ruankao::topic::T-PROC-002,sha256:dc20b7020f6621f6a61df7ac
软考::系统集成项目管理工程师::11_采购与合同管理::专题问答卡::T-PROC-002_招投标_政府采购与采购流程管理,RuankaoTopicCard,中标通知书发出后为什么不能随意反悔？,它会触发招标人与中标人后续签约义务，随意反悔可能承担法律责任。,<div>理解：本卡只围绕“中标通知书”做判断，避免把整个专题压成目录卡。</div><div>题干信号：中标通知书</div><div>来源：T-PROC-002 / 中标通知书</div>,topic_qa,陷阱卡,,,B,3,上午选择,采购与合同管理,11,采购与合同管理,T-PROC-002,招投标、政府采购与采购流程管理,SRC-T-PROC-002-005,topic_learning_packages/topics/11_采购与合同管理/T-PROC-002_专题学习包_招投标政府采购与采购流程管理.md,中标通知书,,,keep,Front 聚焦“中标通知书”，Back 短句给出可判分答案，Extra 提供本卡专属题干信号。,ruankao ruankao::build::20260520_235046 ruankao::chapter::11 ruankao::domain::采购与合同管理 ruankao::type::陷阱卡 ruankao::importance::B ruankao::difficulty::3 ruankao::review::keep ruankao::topic_qa ruankao::topic::T-PROC-002,sha256:05522f59e232dd1066f1020b
软考::系统集成项目管理工程师::11_采购与合同管理::专题问答卡::T-PROC-002_招投标_政府采购与采购流程管理,RuankaoTopicCard,法规数字类招投标卡如何处理？,进入待核验与复查，不进主复习，避免背错版本数字。,<div>理解：本卡只围绕“法规数字”做判断，避免把整个专题压成目录卡。</div><div>题干信号：法规数字</div><div>来源：T-PROC-002 / 法规数字</div>,topic_qa,流程卡,,,C,3,待核验,采购与合同管理,11,采购与合同管理,T-PROC-002,招投标、政府采购与采购流程管理,SRC-T-PROC-002-006,topic_learning_packages/topics/11_采购与合同管理/T-PROC-002_专题学习包_招投标政府采购与采购流程管理.md,法规数字,,,keep,Front 聚焦“法规数字”，Back 短句给出可判分答案，Extra 提供本卡专属题干信号。,ruankao ruankao::build::20260520_235046 ruankao::chapter::11 ruankao::domain::采购与合同管理 ruankao::type::流程卡 ruankao::importance::C ruankao::difficulty::3 ruankao::review::keep ruankao::topic_qa ruankao::topic::T-PROC-002,sha256:5faf47b831a74b0d18c47481
软考::系统集成项目管理工程师::12_配置变更知识产权与法律法规::专题问答卡::T-CFG-001_配置管理_配置项_基线_配置库与版本控制,RuankaoTopicCard,配置项和基线的核心区别是什么？,配置项是受控对象；基线是经过批准的一组配置项，作为后续变更依据。,<div>理解：本卡只围绕“配置项 vs 基线”做判断，避免把整个专题压成目录卡。</div><div>题干信号：配置项 vs 基线</div><div>来源：T-CFG-001 / 配置项 vs 基线</div>,topic_qa,辨析卡,,,A,2,上午选择,配置变更知识产权与法律法规,12,配置变更知识产权与法律法规,T-CFG-001,配置管理：配置项、基线、配置库与版本控制,SRC-T-CFG-001-001,topic_learning_packages/topics/12_配置变更知识产权与法律法规/T-CFG-001_专题学习包_配置管理配置项基线配置库与版本控制.md,配置项 vs 基线,,,keep,Front 聚焦“配置项 vs 基线”，Back 短句给出可判分答案，Extra 提供本卡专属题干信号。,ruankao ruankao::build::20260520_235046 ruankao::chapter::12 ruankao::domain::配置变更知识产权与法律法规 ruankao::type::辨析卡 ruankao::importance::A ruankao::difficulty::2 ruankao::review::keep ruankao::topic_qa ruankao::topic::T-CFG-001,sha256:0d855e0278be0ac2712cbe51
软考::系统集成项目管理工程师::12_配置变更知识产权与法律法规::专题问答卡::T-CFG-001_配置管理_配置项_基线_配置库与版本控制,RuankaoTopicCard,开发库、受控库、产品库如何区分？,开发库供开发修改，受控库存放评审后受控版本，产品库存放发布交付版本。,<div>理解：本卡只围绕“配置库”做判断，避免把整个专题压成目录卡。</div><div>题干信号：配置库</div><div>来源：T-CFG-001 / 配置库</div>,topic_qa,辨析卡,,,A,2,上午选择,配置变更知识产权与法律法规,12,配置变更知识产权与法律法规,T-CFG-001,配置管理：配置项、基线、配置库与版本控制,SRC-T-CFG-001-002,topic_learning_packages/topics/12_配置变更知识产权与法律法规/T-CFG-001_专题学习包_配置管理配置项基线配置库与版本控制.md,配置库,,,keep,Front 聚焦“配置库”，Back 短句给出可判分答案，Extra 提供本卡专属题干信号。,ruankao ruankao::build::20260520_235046 ruankao::chapter::12 ruankao::domain::配置变更知识产权与法律法规 ruankao::type::辨析卡 ruankao::importance::A ruankao::difficulty::2 ruankao::review::keep ruankao::topic_qa ruankao::topic::T-CFG-001,sha256:b1fe5b2919f62aab4fbcdebb
软考::系统集成项目管理工程师::12_配置变更知识产权与法律法规::专题问答卡::T-CFG-001_配置管理_配置项_基线_配置库与版本控制,RuankaoTopicCard,配置管理和变更管理的核心区别是什么？,配置管理管版本和状态，变更管理管修改请求的审批与实施流程。,<div>理解：本卡只围绕“配置 vs 变更”做判断，避免把整个专题压成目录卡。</div><div>题干信号：配置 vs 变更</div><div>来源：T-CFG-001 / 配置 vs 变更</div>,topic_qa,辨析卡,,,A,2,跨域辨析,配置变更知识产权与法律法规,12,配置变更知识产权与法律法规,T-CFG-001,配置管理：配置项、基线、配置库与版本控制,SRC-T-CFG-001-003,topic_learning_packages/topics/12_配置变更知识产权与法律法规/T-CFG-001_专题学习包_配置管理配置项基线配置库与版本控制.md,配置 vs 变更,,,keep,Front 聚焦“配置 vs 变更”，Back 短句给出可判分答案，Extra 提供本卡专属题干信号。,ruankao ruankao::build::20260520_235046 ruankao::chapter::12 ruankao::domain::配置变更知识产权与法律法规 ruankao::type::辨析卡 ruankao::importance::A ruankao::difficulty::2 ruankao::review::keep ruankao::topic_qa ruankao::topic::T-CFG-001,sha256:4098fe0b24fd38e4f8376d87
软考::系统集成项目管理工程师::12_配置变更知识产权与法律法规::专题问答卡::T-CFG-001_配置管理_配置项_基线_配置库与版本控制,RuankaoTopicCard,为什么建立基线后不能随意修改配置项？,基线是后续开发、测试、交付和变更控制的稳定参照。,<div>理解：本卡只围绕“基线”做判断，避免把整个专题压成目录卡。</div><div>题干信号：基线</div><div>来源：T-CFG-001 / 基线</div>,topic_qa,陷阱卡,,,A,2,上午选择,配置变更知识产权与法律法规,12,配置变更知识产权与法律法规,T-CFG-001,配置管理：配置项、基线、配置库与版本控制,SRC-T-CFG-001-004,topic_learning_packages/topics/12_配置变更知识产权与法律法规/T-CFG-001_专题学习包_配置管理配置项基线配置库与版本控制.md,基线,,,keep,Front 聚焦“基线”，Back 短句给出可判分答案，Extra 提供本卡专属题干信号。,ruankao ruankao::build::20260520_235046 ruankao::chapter::12 ruankao::domain::配置变更知识产权与法律法规 ruankao::type::陷阱卡 ruankao::importance::A ruankao::difficulty::2 ruankao::review::keep ruankao::topic_qa ruankao::topic::T-CFG-001,sha256:5e29ea639050fcfd76670c01
软考::系统集成项目管理工程师::12_配置变更知识产权与法律法规::专题问答卡::T-CFG-001_配置管理_配置项_基线_配置库与版本控制,RuankaoTopicCard,配置审计关注什么？,关注配置项的完整性、一致性和是否符合配置管理要求。,<div>理解：本卡只围绕“配置审计”做判断，避免把整个专题压成目录卡。</div><div>题干信号：配置审计</div><div>来源：T-CFG-001 / 配置审计</div>,topic_qa,概念卡,,,B,3,上午选择,配置变更知识产权与法律法规,12,配置变更知识产权与法律法规,T-CFG-001,配置管理：配置项、基线、配置库与版本控制,SRC-T-CFG-001-005,topic_learning_packages/topics/12_配置变更知识产权与法律法规/T-CFG-001_专题学习包_配置管理配置项基线配置库与版本控制.md,配置审计,,,keep,Front 聚焦“配置审计”，Back 短句给出可判分答案，Extra 提供本卡专属题干信号。,ruankao ruankao::build::20260520_235046 ruankao::chapter::12 ruankao::domain::配置变更知识产权与法律法规 ruankao::type::概念卡 ruankao::importance::B ruankao::difficulty::3 ruankao::review::keep ruankao::topic_qa ruankao::topic::T-CFG-001,sha256:69e15704d2da8c36e4c3b016
软考::系统集成项目管理工程师::12_配置变更知识产权与法律法规::专题问答卡::T-CFG-001_配置管理_配置项_基线_配置库与版本控制,RuankaoTopicCard,题干出现“版本混乱、发布包不一致”应想到什么？,应想到配置管理不足，尤其是配置库、基线和版本控制问题。,<div>理解：本卡只围绕“配置问题”做判断，避免把整个专题压成目录卡。</div><div>题干信号：配置问题</div><div>来源：T-CFG-001 / 配置问题</div>,topic_qa,关键词识别卡,,,A,2,案例分析,配置变更知识产权与法律法规,12,配置变更知识产权与法律法规,T-CFG-001,配置管理：配置项、基线、配置库与版本控制,SRC-T-CFG-001-006,topic_learning_packages/topics/12_配置变更知识产权与法律法规/T-CFG-001_专题学习包_配置管理配置项基线配置库与版本控制.md,配置问题,,,keep,Front 聚焦“配置问题”，Back 短句给出可判分答案，Extra 提供本卡专属题干信号。,ruankao ruankao::build::20260520_235046 ruankao::chapter::12 ruankao::domain::配置变更知识产权与法律法规 ruankao::type::关键词识别卡 ruankao::importance::A ruankao::difficulty::2 ruankao::review::keep ruankao::topic_qa ruankao::topic::T-CFG-001,sha256:aa249ba4c1c362f811e49ad2
软考::系统集成项目管理工程师::12_配置变更知识产权与法律法规::专题问答卡::T-LAW-001_法律法规基础_合同法_招投标法与政府采购法考点,RuankaoTopicCard,要约和承诺的核心区别是什么？,要约是希望订立合同的具体意思表示；承诺是受要约人同意要约。,<div>理解：本卡只围绕“要约承诺”做判断，避免把整个专题压成目录卡。</div><div>题干信号：要约承诺</div><div>来源：T-LAW-001 / 要约承诺</div>,topic_qa,辨析卡,,,B,3,上午选择,配置变更知识产权与法律法规,12,配置变更知识产权与法律法规,T-LAW-001,法律法规基础、合同法、招投标法与政府采购法考点,SRC-T-LAW-001-001,topic_learning_packages/topics/12_配置变更知识产权与法律法规/T-LAW-001_专题学习包_法律法规基础合同法招投标法与政府采购法考点.md,要约承诺,,,keep,Front 聚焦“要约承诺”，Back 短句给出可判分答案，Extra 提供本卡专属题干信号。,ruankao ruankao::build::20260520_235046 ruankao::chapter::12 ruankao::domain::配置变更知识产权与法律法规 ruankao::type::辨析卡 ruankao::importance::B ruankao::difficulty::3 ruankao::review::keep ruankao::topic_qa ruankao::topic::T-LAW-001,sha256:928456920f47fe6b8463aef9
软考::系统集成项目管理工程师::12_配置变更知识产权与法律法规::专题问答卡::T-LAW-001_法律法规基础_合同法_招投标法与政府采购法考点,RuankaoTopicCard,合同无效题通常关注哪些信号？,违法、恶意串通、损害公共利益、无民事行为能力或虚假意思表示等。,<div>理解：本卡只围绕“合同无效”做判断，避免把整个专题压成目录卡。</div><div>题干信号：合同无效</div><div>来源：T-LAW-001 / 合同无效</div>,topic_qa,关键词识别卡,,,B,3,上午选择,配置变更知识产权与法律法规,12,配置变更知识产权与法律法规,T-LAW-001,法律法规基础、合同法、招投标法与政府采购法考点,SRC-T-LAW-001-002,topic_learning_packages/topics/12_配置变更知识产权与法律法规/T-LAW-001_专题学习包_法律法规基础合同法招投标法与政府采购法考点.md,合同无效,,,keep,Front 聚焦“合同无效”，Back 短句给出可判分答案，Extra 提供本卡专属题干信号。,ruankao ruankao::build::20260520_235046 ruankao::chapter::12 ruankao::domain::配置变更知识产权与法律法规 ruankao::type::关键词识别卡 ruankao::importance::B ruankao::difficulty::3 ruankao::review::keep ruankao::topic_qa ruankao::topic::T-LAW-001,sha256:55fa42185e409667bb0ed015
软考::系统集成项目管理工程师::12_配置变更知识产权与法律法规::专题问答卡::T-LAW-001_法律法规基础_合同法_招投标法与政府采购法考点,RuankaoTopicCard,著作权和专利权的核心区别是什么？,著作权保护表达成果，专利权保护技术方案。,<div>理解：本卡只围绕“知识产权”做判断，避免把整个专题压成目录卡。</div><div>题干信号：知识产权</div><div>来源：T-LAW-001 / 知识产权</div>,topic_qa,辨析卡,,,A,2,上午选择,配置变更知识产权与法律法规,12,配置变更知识产权与法律法规,T-LAW-001,法律法规基础、合同法、招投标法与政府采购法考点,SRC-T-LAW-001-003,topic_learning_packages/topics/12_配置变更知识产权与法律法规/T-LAW-001_专题学习包_法律法规基础合同法招投标法与政府采购法考点.md,知识产权,,,keep,Front 聚焦“知识产权”，Back 短句给出可判分答案，Extra 提供本卡专属题干信号。,ruankao ruankao::build::20260520_235046 ruankao::chapter::12 ruankao::domain::配置变更知识产权与法律法规 ruankao::type::辨析卡 ruankao::importance::A ruankao::difficulty::2 ruankao::review::keep ruankao::topic_qa ruankao::topic::T-LAW-001,sha256:c62a545fd52837192fdd0ba5
软考::系统集成项目管理工程师::待核验与复查,RuankaoTopicCard,标准代号类内容为什么多数需要待核验？,标准编号、版本和法规口径可能变化，背错会直接影响选择题答案。,<div>理解：本卡只围绕“标准代号”做判断，避免把整个专题压成目录卡。</div><div>题干信号：标准代号</div><div>来源：T-LAW-001 / 标准代号</div>,topic_qa,待核验卡,,,C,3,待核验,配置变更知识产权与法律法规,12,配置变更知识产权与法律法规,T-LAW-001,法律法规基础、合同法、招投标法与政府采购法考点,SRC-T-LAW-001-004,topic_learning_packages/topics/12_配置变更知识产权与法律法规/T-LAW-001_专题学习包_法律法规基础合同法招投标法与政府采购法考点.md,标准代号,,,needs_human_review,涉及法规数字或教材口径，不能进入主复习；保留为人工核验提醒。,ruankao ruankao::build::20260520_235046 ruankao::chapter::12 ruankao::domain::配置变更知识产权与法律法规 ruankao::type::待核验卡 ruankao::importance::C ruankao::difficulty::3 ruankao::review::needs_human_review ruankao::topic_qa ruankao::topic::T-LAW-001 ruankao::needs_review ruankao::not_for_main_review,sha256:60b42b2eb489d1d787db990d
软考::系统集成项目管理工程师::12_配置变更知识产权与法律法规::专题问答卡::T-LAW-001_法律法规基础_合同法_招投标法与政府采购法考点,RuankaoTopicCard,违约责任题应优先从什么角度判断？,先看合同约定、违约事实、损失和责任承担方式。,<div>理解：本卡只围绕“违约责任”做判断，避免把整个专题压成目录卡。</div><div>题干信号：违约责任</div><div>来源：T-LAW-001 / 违约责任</div>,topic_qa,关键词识别卡,,,B,3,上午选择,配置变更知识产权与法律法规,12,配置变更知识产权与法律法规,T-LAW-001,法律法规基础、合同法、招投标法与政府采购法考点,SRC-T-LAW-001-005,topic_learning_packages/topics/12_配置变更知识产权与法律法规/T-LAW-001_专题学习包_法律法规基础合同法招投标法与政府采购法考点.md,违约责任,,,keep,Front 聚焦“违约责任”，Back 短句给出可判分答案，Extra 提供本卡专属题干信号。,ruankao ruankao::build::20260520_235046 ruankao::chapter::12 ruankao::domain::配置变更知识产权与法律法规 ruankao::type::关键词识别卡 ruankao::importance::B ruankao::difficulty::3 ruankao::review::keep ruankao::topic_qa ruankao::topic::T-LAW-001,sha256:88d5a8b253380a0d5bab1b32
软考::系统集成项目管理工程师::12_配置变更知识产权与法律法规::专题问答卡::T-LAW-001_法律法规基础_合同法_招投标法与政府采购法考点,RuankaoTopicCard,法律法规卡为什么不能大段背条文？,软考更常考识别和适用边界，具体条号和数字应以现行法规核验。,<div>理解：本卡只围绕“法律学习”做判断，避免把整个专题压成目录卡。</div><div>题干信号：法律学习</div><div>来源：T-LAW-001 / 法律学习</div>,topic_qa,陷阱卡,,,B,3,上午选择,配置变更知识产权与法律法规,12,配置变更知识产权与法律法规,T-LAW-001,法律法规基础、合同法、招投标法与政府采购法考点,SRC-T-LAW-001-006,topic_learning_packages/topics/12_配置变更知识产权与法律法规/T-LAW-001_专题学习包_法律法规基础合同法招投标法与政府采购法考点.md,法律学习,,,keep,Front 聚焦“法律学习”，Back 短句给出可判分答案，Extra 提供本卡专属题干信号。,ruankao ruankao::build::20260520_235046 ruankao::chapter::12 ruankao::domain::配置变更知识产权与法律法规 ruankao::type::陷阱卡 ruankao::importance::B ruankao::difficulty::3 ruankao::review::keep ruankao::topic_qa ruankao::topic::T-LAW-001,sha256:da39f306631dc4c438ada100
软考::系统集成项目管理工程师::13_信息系统技术基础::专题问答卡::T-INFO-002_企业信息化系统_ERP_CRM_SCM_BI_EAI辨析,RuankaoTopicCard,ERP、CRM、SCM、BI、EAI 的快速区分线是什么？,ERP 管内部资源，CRM 管客户，SCM 管供应链，BI 做分析决策，EAI 做应用集成。,<div>理解：本卡只围绕“五系统辨析”做判断，避免把整个专题压成目录卡。</div><div>题干信号：五系统辨析</div><div>来源：T-INFO-002 / 五系统辨析</div>,topic_qa,辨析卡,,,A,2,上午选择,信息系统技术基础,13,信息系统技术基础,T-INFO-002,企业信息化系统：ERP、CRM、SCM、BI、EAI 辨析,SRC-T-INFO-002-001,topic_learning_packages/topics/13_信息系统技术基础/T-INFO-002_专题学习包_企业信息化系统ERP_CRM_SCM_BI_EAI辨析.md,五系统辨析,,,keep,Front 聚焦“五系统辨析”，Back 短句给出可判分答案，Extra 提供本卡专属题干信号。,ruankao ruankao::build::20260520_235046 ruankao::chapter::13 ruankao::domain::信息系统技术基础 ruankao::type::辨析卡 ruankao::importance::A ruankao::difficulty::2 ruankao::review::keep ruankao::topic_qa ruankao::topic::T-INFO-002,sha256:8f8d5bdb53c25d9fa8e945d5
软考::系统集成项目管理工程师::13_信息系统技术基础::专题问答卡::T-INFO-002_企业信息化系统_ERP_CRM_SCM_BI_EAI辨析,RuankaoTopicCard,题干出现“客户满意度、销售、营销、服务”应想到什么？,应想到 CRM。,<div>理解：本卡只围绕“CRM信号”做判断，避免把整个专题压成目录卡。</div><div>题干信号：CRM信号</div><div>来源：T-INFO-002 / CRM信号</div>,topic_qa,关键词识别卡,,,A,2,上午选择,信息系统技术基础,13,信息系统技术基础,T-INFO-002,企业信息化系统：ERP、CRM、SCM、BI、EAI 辨析,SRC-T-INFO-002-002,topic_learning_packages/topics/13_信息系统技术基础/T-INFO-002_专题学习包_企业信息化系统ERP_CRM_SCM_BI_EAI辨析.md,CRM信号,,,keep,Front 聚焦“CRM信号”，Back 短句给出可判分答案，Extra 提供本卡专属题干信号。,ruankao ruankao::build::20260520_235046 ruankao::chapter::13 ruankao::domain::信息系统技术基础 ruankao::type::关键词识别卡 ruankao::importance::A ruankao::difficulty::2 ruankao::review::keep ruankao::topic_qa ruankao::topic::T-INFO-002,sha256:e5c12fd59c0764c91cd7329b
软考::系统集成项目管理工程师::13_信息系统技术基础::专题问答卡::T-INFO-002_企业信息化系统_ERP_CRM_SCM_BI_EAI辨析,RuankaoTopicCard,题干出现“商业信息搜集、管理和分析、洞察决策”应想到什么？,应想到 BI。,<div>理解：本卡只围绕“BI信号”做判断，避免把整个专题压成目录卡。</div><div>题干信号：BI信号</div><div>来源：T-INFO-002 / BI信号</div>,topic_qa,关键词识别卡,,,A,2,上午选择,信息系统技术基础,13,信息系统技术基础,T-INFO-002,企业信息化系统：ERP、CRM、SCM、BI、EAI 辨析,SRC-T-INFO-002-003,topic_learning_packages/topics/13_信息系统技术基础/T-INFO-002_专题学习包_企业信息化系统ERP_CRM_SCM_BI_EAI辨析.md,BI信号,,,keep,Front 聚焦“BI信号”，Back 短句给出可判分答案，Extra 提供本卡专属题干信号。,ruankao ruankao::build::20260520_235046 ruankao::chapter::13 ruankao::domain::信息系统技术基础 ruankao::type::关键词识别卡 ruankao::importance::A ruankao::difficulty::2 ruankao::review::keep ruankao::topic_qa ruankao::topic::T-INFO-002,sha256:5e5e64191c8612a6234174d2
软考::系统集成项目管理工程师::13_信息系统技术基础::专题问答卡::T-INFO-002_企业信息化系统_ERP_CRM_SCM_BI_EAI辨析,RuankaoTopicCard,题干出现“上下游供应商协同、库存和物流”应想到什么？,应想到 SCM。,<div>理解：本卡只围绕“SCM信号”做判断，避免把整个专题压成目录卡。</div><div>题干信号：SCM信号</div><div>来源：T-INFO-002 / SCM信号</div>,topic_qa,关键词识别卡,,,A,2,上午选择,信息系统技术基础,13,信息系统技术基础,T-INFO-002,企业信息化系统：ERP、CRM、SCM、BI、EAI 辨析,SRC-T-INFO-002-004,topic_learning_packages/topics/13_信息系统技术基础/T-INFO-002_专题学习包_企业信息化系统ERP_CRM_SCM_BI_EAI辨析.md,SCM信号,,,keep,Front 聚焦“SCM信号”，Back 短句给出可判分答案，Extra 提供本卡专属题干信号。,ruankao ruankao::build::20260520_235046 ruankao::chapter::13 ruankao::domain::信息系统技术基础 ruankao::type::关键词识别卡 ruankao::importance::A ruankao::difficulty::2 ruankao::review::keep ruankao::topic_qa ruankao::topic::T-INFO-002,sha256:0d3d709c1bc407e79959d34d
软考::系统集成项目管理工程师::13_信息系统技术基础::专题问答卡::T-INFO-002_企业信息化系统_ERP_CRM_SCM_BI_EAI辨析,RuankaoTopicCard,EAI 和 ERP 为什么不能混淆？,EAI 关注应用系统之间集成；ERP 关注企业内部资源计划和业务流程一体化。,<div>理解：本卡只围绕“EAI vs ERP”做判断，避免把整个专题压成目录卡。</div><div>题干信号：EAI vs ERP</div><div>来源：T-INFO-002 / EAI vs ERP</div>,topic_qa,辨析卡,,,A,2,上午选择,信息系统技术基础,13,信息系统技术基础,T-INFO-002,企业信息化系统：ERP、CRM、SCM、BI、EAI 辨析,SRC-T-INFO-002-005,topic_learning_packages/topics/13_信息系统技术基础/T-INFO-002_专题学习包_企业信息化系统ERP_CRM_SCM_BI_EAI辨析.md,EAI vs ERP,,,keep,Front 聚焦“EAI vs ERP”，Back 短句给出可判分答案，Extra 提供本卡专属题干信号。,ruankao ruankao::build::20260520_235046 ruankao::chapter::13 ruankao::domain::信息系统技术基础 ruankao::type::辨析卡 ruankao::importance::A ruankao::difficulty::2 ruankao::review::keep ruankao::topic_qa ruankao::topic::T-INFO-002,sha256:821ee8ea60fb7af0e4f8e639
软考::系统集成项目管理工程师::13_信息系统技术基础::专题问答卡::T-INFO-002_企业信息化系统_ERP_CRM_SCM_BI_EAI辨析,RuankaoTopicCard,企业信息化系统题的排除法怎么用？,先找题干对象：客户选 CRM，供应链选 SCM，内部资源选 ERP，分析决策选 BI，系统互通选 EAI。,<div>理解：本卡只围绕“系统排除法”做判断，避免把整个专题压成目录卡。</div><div>题干信号：系统排除法</div><div>来源：T-INFO-002 / 系统排除法</div>,topic_qa,流程卡,,,A,2,上午选择,信息系统技术基础,13,信息系统技术基础,T-INFO-002,企业信息化系统：ERP、CRM、SCM、BI、EAI 辨析,SRC-T-INFO-002-006,topic_learning_packages/topics/13_信息系统技术基础/T-INFO-002_专题学习包_企业信息化系统ERP_CRM_SCM_BI_EAI辨析.md,系统排除法,,,keep,Front 聚焦“系统排除法”，Back 短句给出可判分答案，Extra 提供本卡专属题干信号。,ruankao ruankao::build::20260520_235046 ruankao::chapter::13 ruankao::domain::信息系统技术基础 ruankao::type::流程卡 ruankao::importance::A ruankao::difficulty::2 ruankao::review::keep ruankao::topic_qa ruankao::topic::T-INFO-002,sha256:dd59a7ebb776cce20399e6b0
软考::系统集成项目管理工程师::14_案例分析专题::专题问答卡::T-CASE-001_下午案例题通用审题与答题方法,RuankaoTopicCard,下午案例审题第一步应抓什么？,先抓角色、时间、数字、异常事件和题目问法。,<div>理解：本卡只围绕“审题第一步”做判断，避免把整个专题压成目录卡。</div><div>题干信号：审题第一步</div><div>来源：T-CASE-001 / 审题第一步</div>,topic_qa,流程卡,,,A,2,案例分析,案例分析专题,14,案例分析专题,T-CASE-001,下午案例题通用审题与答题方法,SRC-T-CASE-001-001,topic_learning_packages/topics/14_案例分析专题/T-CASE-001_专题学习包_下午案例题通用审题与答题方法.md,审题第一步,,,keep,Front 聚焦“审题第一步”，Back 短句给出可判分答案，Extra 提供本卡专属题干信号。,ruankao ruankao::build::20260520_235046 ruankao::chapter::14 ruankao::domain::案例分析专题 ruankao::type::流程卡 ruankao::importance::A ruankao::difficulty::2 ruankao::review::keep ruankao::topic_qa ruankao::topic::T-CASE-001,sha256:9c6974c636625ea7ca3dd61c
软考::系统集成项目管理工程师::14_案例分析专题::专题问答卡::T-CASE-001_下午案例题通用审题与答题方法,RuankaoTopicCard,案例题为什么不能只背模板？,得分点来自案例事实与知识域动作的匹配，空泛模板很难得分。,<div>理解：本卡只围绕“模板陷阱”做判断，避免把整个专题压成目录卡。</div><div>题干信号：模板陷阱</div><div>来源：T-CASE-001 / 模板陷阱</div>,topic_qa,陷阱卡,,,A,2,案例分析,案例分析专题,14,案例分析专题,T-CASE-001,下午案例题通用审题与答题方法,SRC-T-CASE-001-002,topic_learning_packages/topics/14_案例分析专题/T-CASE-001_专题学习包_下午案例题通用审题与答题方法.md,模板陷阱,,,keep,Front 聚焦“模板陷阱”，Back 短句给出可判分答案，Extra 提供本卡专属题干信号。,ruankao ruankao::build::20260520_235046 ruankao::chapter::14 ruankao::domain::案例分析专题 ruankao::type::陷阱卡 ruankao::importance::A ruankao::difficulty::2 ruankao::review::keep ruankao::topic_qa ruankao::topic::T-CASE-001,sha256:fc1bb7d385a6924a588c606e
软考::系统集成项目管理工程师::14_案例分析专题::专题问答卡::T-CASE-001_下午案例题通用审题与答题方法,RuankaoTopicCard,找问题题应如何组织答案？,按案例事实逐条指出不妥做法，并对应到知识域或管理过程。,<div>理解：本卡只围绕“找问题”做判断，避免把整个专题压成目录卡。</div><div>题干信号：找问题</div><div>来源：T-CASE-001 / 找问题</div>,topic_qa,案例模板卡,,,A,2,案例分析,案例分析专题,14,案例分析专题,T-CASE-001,下午案例题通用审题与答题方法,SRC-T-CASE-001-003,topic_learning_packages/topics/14_案例分析专题/T-CASE-001_专题学习包_下午案例题通用审题与答题方法.md,找问题,,,keep,Front 聚焦“找问题”，Back 短句给出可判分答案，Extra 提供本卡专属题干信号。,ruankao ruankao::build::20260520_235046 ruankao::chapter::14 ruankao::domain::案例分析专题 ruankao::type::案例模板卡 ruankao::importance::A ruankao::difficulty::2 ruankao::review::keep ruankao::topic_qa ruankao::topic::T-CASE-001,sha256:29b5e3d0ff6e6695ffa1fb38
软考::系统集成项目管理工程师::14_案例分析专题::专题问答卡::T-CASE-001_下午案例题通用审题与答题方法,RuankaoTopicCard,原因分析题应如何组织答案？,从计划、过程、人员、沟通、风险、变更和质量等角度解释问题形成原因。,<div>理解：本卡只围绕“原因分析”做判断，避免把整个专题压成目录卡。</div><div>题干信号：原因分析</div><div>来源：T-CASE-001 / 原因分析</div>,topic_qa,案例模板卡,,,A,2,案例分析,案例分析专题,14,案例分析专题,T-CASE-001,下午案例题通用审题与答题方法,SRC-T-CASE-001-004,topic_learning_packages/topics/14_案例分析专题/T-CASE-001_专题学习包_下午案例题通用审题与答题方法.md,原因分析,,,keep,Front 聚焦“原因分析”，Back 短句给出可判分答案，Extra 提供本卡专属题干信号。,ruankao ruankao::build::20260520_235046 ruankao::chapter::14 ruankao::domain::案例分析专题 ruankao::type::案例模板卡 ruankao::importance::A ruankao::difficulty::2 ruankao::review::keep ruankao::topic_qa ruankao::topic::T-CASE-001,sha256:c1dd6df0888616e4e0fad4e6
软考::系统集成项目管理工程师::14_案例分析专题::专题问答卡::T-CASE-001_下午案例题通用审题与答题方法,RuankaoTopicCard,措施建议题应如何写得可得分？,措施要和原因对应，写成具体管理动作，而不是“加强管理”。,<div>理解：本卡只围绕“措施建议”做判断，避免把整个专题压成目录卡。</div><div>题干信号：措施建议</div><div>来源：T-CASE-001 / 措施建议</div>,topic_qa,案例模板卡,,,A,2,案例分析,案例分析专题,14,案例分析专题,T-CASE-001,下午案例题通用审题与答题方法,SRC-T-CASE-001-005,topic_learning_packages/topics/14_案例分析专题/T-CASE-001_专题学习包_下午案例题通用审题与答题方法.md,措施建议,,,keep,Front 聚焦“措施建议”，Back 短句给出可判分答案，Extra 提供本卡专属题干信号。,ruankao ruankao::build::20260520_235046 ruankao::chapter::14 ruankao::domain::案例分析专题 ruankao::type::案例模板卡 ruankao::importance::A ruankao::difficulty::2 ruankao::review::keep ruankao::topic_qa ruankao::topic::T-CASE-001,sha256:784f819e640b640c697fb7a3
软考::系统集成项目管理工程师::14_案例分析专题::专题问答卡::T-CASE-001_下午案例题通用审题与答题方法,RuankaoTopicCard,数字异常在案例题中有什么作用？,数字常提示进度、成本、资源、质量或风险问题，需要先算再解释。,<div>理解：本卡只围绕“数字异常”做判断，避免把整个专题压成目录卡。</div><div>题干信号：数字异常</div><div>来源：T-CASE-001 / 数字异常</div>,topic_qa,关键词识别卡,,,A,2,案例分析,案例分析专题,14,案例分析专题,T-CASE-001,下午案例题通用审题与答题方法,SRC-T-CASE-001-006,topic_learning_packages/topics/14_案例分析专题/T-CASE-001_专题学习包_下午案例题通用审题与答题方法.md,数字异常,,,keep,Front 聚焦“数字异常”，Back 短句给出可判分答案，Extra 提供本卡专属题干信号。,ruankao ruankao::build::20260520_235046 ruankao::chapter::14 ruankao::domain::案例分析专题 ruankao::type::关键词识别卡 ruankao::importance::A ruankao::difficulty::2 ruankao::review::keep ruankao::topic_qa ruankao::topic::T-CASE-001,sha256:15f6afbc5402342567e084ab
软考::系统集成项目管理工程师::14_案例分析专题::专题问答卡::T-CASE-002_进度延误与成本超支案例专项模板,RuankaoTopicCard,进度延误案例的诊断框架是什么？,查计划是否合理、关键路径是否延误、资源是否冲突、变更是否受控、风险是否应对。,<div>理解：本卡只围绕“进度延误”做判断，避免把整个专题压成目录卡。</div><div>题干信号：进度延误</div><div>来源：T-CASE-002 / 进度延误</div>,topic_qa,案例模板卡,,,A,2,案例分析,案例分析专题,14,案例分析专题,T-CASE-002,进度延误与成本超支案例专项模板,SRC-T-CASE-002-001,topic_learning_packages/topics/14_案例分析专题/T-CASE-002_专题学习包_进度延误与成本超支案例专项模板.md,进度延误,,,keep,Front 聚焦“进度延误”，Back 短句给出可判分答案，Extra 提供本卡专属题干信号。,ruankao ruankao::build::20260520_235046 ruankao::chapter::14 ruankao::domain::案例分析专题 ruankao::type::案例模板卡 ruankao::importance::A ruankao::difficulty::2 ruankao::review::keep ruankao::topic_qa ruankao::topic::T-CASE-002,sha256:012134454fa166ea0ce0da53
软考::系统集成项目管理工程师::14_案例分析专题::专题问答卡::T-CASE-002_进度延误与成本超支案例专项模板,RuankaoTopicCard,成本超支案例的诊断框架是什么？,查估算预算、范围变更、返工质量、采购成本、资源效率和成本控制。,<div>理解：本卡只围绕“成本超支”做判断，避免把整个专题压成目录卡。</div><div>题干信号：成本超支</div><div>来源：T-CASE-002 / 成本超支</div>,topic_qa,案例模板卡,,,A,2,案例分析,案例分析专题,14,案例分析专题,T-CASE-002,进度延误与成本超支案例专项模板,SRC-T-CASE-002-002,topic_learning_packages/topics/14_案例分析专题/T-CASE-002_专题学习包_进度延误与成本超支案例专项模板.md,成本超支,,,keep,Front 聚焦“成本超支”，Back 短句给出可判分答案，Extra 提供本卡专属题干信号。,ruankao ruankao::build::20260520_235046 ruankao::chapter::14 ruankao::domain::案例分析专题 ruankao::type::案例模板卡 ruankao::importance::A ruankao::difficulty::2 ruankao::review::keep ruankao::topic_qa ruankao::topic::T-CASE-002,sha256:2fb5827263fa6cdea3040198
软考::系统集成项目管理工程师::14_案例分析专题::专题问答卡::T-CASE-002_进度延误与成本超支案例专项模板,RuankaoTopicCard,进度延误措施题常写哪些动作？,重排计划、分析关键路径、资源优化、赶工或快速跟进、控制变更、加强监控。,<div>理解：本卡只围绕“进度措施”做判断，避免把整个专题压成目录卡。</div><div>题干信号：进度措施</div><div>来源：T-CASE-002 / 进度措施</div>,topic_qa,案例模板卡,,,A,2,案例分析,案例分析专题,14,案例分析专题,T-CASE-002,进度延误与成本超支案例专项模板,SRC-T-CASE-002-003,topic_learning_packages/topics/14_案例分析专题/T-CASE-002_专题学习包_进度延误与成本超支案例专项模板.md,进度措施,,,keep,Front 聚焦“进度措施”，Back 短句给出可判分答案，Extra 提供本卡专属题干信号。,ruankao ruankao::build::20260520_235046 ruankao::chapter::14 ruankao::domain::案例分析专题 ruankao::type::案例模板卡 ruankao::importance::A ruankao::difficulty::2 ruankao::review::keep ruankao::topic_qa ruankao::topic::T-CASE-002,sha256:d0244a5680c91774a106353f
软考::系统集成项目管理工程师::14_案例分析专题::专题问答卡::T-CASE-002_进度延误与成本超支案例专项模板,RuankaoTopicCard,成本超支措施题常写哪些动作？,复核估算、控制范围变更、减少返工、优化采购、跟踪 EVM 指标并采取纠偏。,<div>理解：本卡只围绕“成本措施”做判断，避免把整个专题压成目录卡。</div><div>题干信号：成本措施</div><div>来源：T-CASE-002 / 成本措施</div>,topic_qa,案例模板卡,,,A,2,案例分析,案例分析专题,14,案例分析专题,T-CASE-002,进度延误与成本超支案例专项模板,SRC-T-CASE-002-004,topic_learning_packages/topics/14_案例分析专题/T-CASE-002_专题学习包_进度延误与成本超支案例专项模板.md,成本措施,,,keep,Front 聚焦“成本措施”，Back 短句给出可判分答案，Extra 提供本卡专属题干信号。,ruankao ruankao::build::20260520_235046 ruankao::chapter::14 ruankao::domain::案例分析专题 ruankao::type::案例模板卡 ruankao::importance::A ruankao::difficulty::2 ruankao::review::keep ruankao::topic_qa ruankao::topic::T-CASE-002,sha256:6e98ba0ad0f09bbe330fa2f7
软考::系统集成项目管理工程师::14_案例分析专题::专题问答卡::T-CASE-002_进度延误与成本超支案例专项模板,RuankaoTopicCard,赶工和快速跟进在案例中如何选择？,资源可投入且可接受成本增加时考虑赶工；可并行且可接受返工风险时考虑快速跟进。,<div>理解：本卡只围绕“压缩选择”做判断，避免把整个专题压成目录卡。</div><div>题干信号：压缩选择</div><div>来源：T-CASE-002 / 压缩选择</div>,topic_qa,辨析卡,,,A,2,案例分析,案例分析专题,14,案例分析专题,T-CASE-002,进度延误与成本超支案例专项模板,SRC-T-CASE-002-005,topic_learning_packages/topics/14_案例分析专题/T-CASE-002_专题学习包_进度延误与成本超支案例专项模板.md,压缩选择,,,keep,Front 聚焦“压缩选择”，Back 短句给出可判分答案，Extra 提供本卡专属题干信号。,ruankao ruankao::build::20260520_235046 ruankao::chapter::14 ruankao::domain::案例分析专题 ruankao::type::辨析卡 ruankao::importance::A ruankao::difficulty::2 ruankao::review::keep ruankao::topic_qa ruankao::topic::T-CASE-002,sha256:666d4adb80b54bfb35e7218d
软考::系统集成项目管理工程师::14_案例分析专题::专题问答卡::T-CASE-002_进度延误与成本超支案例专项模板,RuankaoTopicCard,只说“加快进度”为什么不够？,没有说明压缩关键路径、资源安排、风险和成本影响，难以形成得分点。,<div>理解：本卡只围绕“空泛措施”做判断，避免把整个专题压成目录卡。</div><div>题干信号：空泛措施</div><div>来源：T-CASE-002 / 空泛措施</div>,topic_qa,陷阱卡,,,B,3,案例分析,案例分析专题,14,案例分析专题,T-CASE-002,进度延误与成本超支案例专项模板,SRC-T-CASE-002-006,topic_learning_packages/topics/14_案例分析专题/T-CASE-002_专题学习包_进度延误与成本超支案例专项模板.md,空泛措施,,,keep,Front 聚焦“空泛措施”，Back 短句给出可判分答案，Extra 提供本卡专属题干信号。,ruankao ruankao::build::20260520_235046 ruankao::chapter::14 ruankao::domain::案例分析专题 ruankao::type::陷阱卡 ruankao::importance::B ruankao::difficulty::3 ruankao::review::keep ruankao::topic_qa ruankao::topic::T-CASE-002,sha256:8361f5c9c1551d63954d0b39
软考::系统集成项目管理工程师::14_案例分析专题::专题问答卡::T-CASE-003_范围蔓延_变更失控与合同纠纷案例模板,RuankaoTopicCard,范围蔓延案例的典型表现是什么？,未经批准增加需求、口头承诺、验收标准不清、基准未更新。,<div>理解：本卡只围绕“范围蔓延”做判断，避免把整个专题压成目录卡。</div><div>题干信号：范围蔓延</div><div>来源：T-CASE-003 / 范围蔓延</div>,topic_qa,案例模板卡,,,A,2,案例分析,案例分析专题,14,案例分析专题,T-CASE-003,范围蔓延、变更失控与合同纠纷案例模板,SRC-T-CASE-003-001,topic_learning_packages/topics/14_案例分析专题/T-CASE-003_专题学习包_范围蔓延变更失控与合同纠纷案例模板.md,范围蔓延,,,keep,Front 聚焦“范围蔓延”，Back 短句给出可判分答案，Extra 提供本卡专属题干信号。,ruankao ruankao::build::20260520_235046 ruankao::chapter::14 ruankao::domain::案例分析专题 ruankao::type::案例模板卡 ruankao::importance::A ruankao::difficulty::2 ruankao::review::keep ruankao::topic_qa ruankao::topic::T-CASE-003,sha256:0890d96bd12548e9f139dc9f
软考::系统集成项目管理工程师::14_案例分析专题::专题问答卡::T-CASE-003_范围蔓延_变更失控与合同纠纷案例模板,RuankaoTopicCard,变更失控案例应按什么链条答？,记录变更请求、分析影响、提交审批、批准后更新基准、通知干系人并跟踪。,<div>理解：本卡只围绕“变更链条”做判断，避免把整个专题压成目录卡。</div><div>题干信号：变更链条</div><div>来源：T-CASE-003 / 变更链条</div>,topic_qa,流程卡,,,A,2,案例分析,案例分析专题,14,案例分析专题,T-CASE-003,范围蔓延、变更失控与合同纠纷案例模板,SRC-T-CASE-003-002,topic_learning_packages/topics/14_案例分析专题/T-CASE-003_专题学习包_范围蔓延变更失控与合同纠纷案例模板.md,变更链条,,,keep,Front 聚焦“变更链条”，Back 短句给出可判分答案，Extra 提供本卡专属题干信号。,ruankao ruankao::build::20260520_235046 ruankao::chapter::14 ruankao::domain::案例分析专题 ruankao::type::流程卡 ruankao::importance::A ruankao::difficulty::2 ruankao::review::keep ruankao::topic_qa ruankao::topic::T-CASE-003,sha256:c940c8170bc9a21beab4713b
软考::系统集成项目管理工程师::14_案例分析专题::专题问答卡::T-CASE-003_范围蔓延_变更失控与合同纠纷案例模板,RuankaoTopicCard,合同纠纷案例的诊断框架是什么？,查合同范围、验收标准、变更记录、交付证据、付款和索赔依据。,<div>理解：本卡只围绕“合同纠纷”做判断，避免把整个专题压成目录卡。</div><div>题干信号：合同纠纷</div><div>来源：T-CASE-003 / 合同纠纷</div>,topic_qa,案例模板卡,,,A,2,案例分析,案例分析专题,14,案例分析专题,T-CASE-003,范围蔓延、变更失控与合同纠纷案例模板,SRC-T-CASE-003-003,topic_learning_packages/topics/14_案例分析专题/T-CASE-003_专题学习包_范围蔓延变更失控与合同纠纷案例模板.md,合同纠纷,,,keep,Front 聚焦“合同纠纷”，Back 短句给出可判分答案，Extra 提供本卡专属题干信号。,ruankao ruankao::build::20260520_235046 ruankao::chapter::14 ruankao::domain::案例分析专题 ruankao::type::案例模板卡 ruankao::importance::A ruankao::difficulty::2 ruankao::review::keep ruankao::topic_qa ruankao::topic::T-CASE-003,sha256:0e06e4a04d82fae6a70b5882
软考::系统集成项目管理工程师::14_案例分析专题::专题问答卡::T-CASE-003_范围蔓延_变更失控与合同纠纷案例模板,RuankaoTopicCard,客户口头要求增加功能时项目经理应怎么处理？,不能直接答应，应引导形成变更请求并评估影响。,<div>理解：本卡只围绕“口头需求”做判断，避免把整个专题压成目录卡。</div><div>题干信号：口头需求</div><div>来源：T-CASE-003 / 口头需求</div>,topic_qa,陷阱卡,,,A,2,案例分析,案例分析专题,14,案例分析专题,T-CASE-003,范围蔓延、变更失控与合同纠纷案例模板,SRC-T-CASE-003-004,topic_learning_packages/topics/14_案例分析专题/T-CASE-003_专题学习包_范围蔓延变更失控与合同纠纷案例模板.md,口头需求,,,keep,Front 聚焦“口头需求”，Back 短句给出可判分答案，Extra 提供本卡专属题干信号。,ruankao ruankao::build::20260520_235046 ruankao::chapter::14 ruankao::domain::案例分析专题 ruankao::type::陷阱卡 ruankao::importance::A ruankao::difficulty::2 ruankao::review::keep ruankao::topic_qa ruankao::topic::T-CASE-003,sha256:cfc451e11f4135e0003ba546
软考::系统集成项目管理工程师::14_案例分析专题::专题问答卡::T-CASE-003_范围蔓延_变更失控与合同纠纷案例模板,RuankaoTopicCard,范围确认和最终验收在案例中如何区分？,范围确认可针对阶段或可交付成果正式接受；最终验收更偏项目或合同交付结束。,<div>理解：本卡只围绕“确认 vs 终验”做判断，避免把整个专题压成目录卡。</div><div>题干信号：确认 vs 终验</div><div>来源：T-CASE-003 / 确认 vs 终验</div>,topic_qa,辨析卡,,,B,3,案例分析,案例分析专题,14,案例分析专题,T-CASE-003,范围蔓延、变更失控与合同纠纷案例模板,SRC-T-CASE-003-005,topic_learning_packages/topics/14_案例分析专题/T-CASE-003_专题学习包_范围蔓延变更失控与合同纠纷案例模板.md,确认 vs 终验,,,keep,Front 聚焦“确认 vs 终验”，Back 短句给出可判分答案，Extra 提供本卡专属题干信号。,ruankao ruankao::build::20260520_235046 ruankao::chapter::14 ruankao::domain::案例分析专题 ruankao::type::辨析卡 ruankao::importance::B ruankao::difficulty::3 ruankao::review::keep ruankao::topic_qa ruankao::topic::T-CASE-003,sha256:40bdf6b23b425ff7418d9ed2
软考::系统集成项目管理工程师::14_案例分析专题::专题问答卡::T-CASE-003_范围蔓延_变更失控与合同纠纷案例模板,RuankaoTopicCard,合同纠纷措施题为什么要强调证据链？,合同、变更单、会议纪要、验收记录和测试报告决定责任判断。,<div>理解：本卡只围绕“证据链”做判断，避免把整个专题压成目录卡。</div><div>题干信号：证据链</div><div>来源：T-CASE-003 / 证据链</div>,topic_qa,关键词识别卡,,,B,3,案例分析,案例分析专题,14,案例分析专题,T-CASE-003,范围蔓延、变更失控与合同纠纷案例模板,SRC-T-CASE-003-006,topic_learning_packages/topics/14_案例分析专题/T-CASE-003_专题学习包_范围蔓延变更失控与合同纠纷案例模板.md,证据链,,,keep,Front 聚焦“证据链”，Back 短句给出可判分答案，Extra 提供本卡专属题干信号。,ruankao ruankao::build::20260520_235046 ruankao::chapter::14 ruankao::domain::案例分析专题 ruankao::type::关键词识别卡 ruankao::importance::B ruankao::difficulty::3 ruankao::review::keep ruankao::topic_qa ruankao::topic::T-CASE-003,sha256:1ddc0b3a116d89613a4688ae
软考::系统集成项目管理工程师::14_案例分析专题::专题问答卡::T-COM-002_沟通管理与干系人冲突案例模板,RuankaoTopicCard,干系人冲突案例通常从哪三问诊断？,谁受影响、期望差在哪里、沟通和参与机制是否到位。,<div>理解：本卡只围绕“冲突诊断”做判断，避免把整个专题压成目录卡。</div><div>题干信号：冲突诊断</div><div>来源：T-COM-002 / 冲突诊断</div>,topic_qa,案例模板卡,,,A,2,案例分析,案例分析专题,14,案例分析专题,T-COM-002,沟通管理与干系人冲突案例模板,SRC-T-COM-002-001,topic_learning_packages/topics/14_案例分析专题/T-COM-002_专题学习包_沟通管理与干系人冲突案例模板.md,冲突诊断,,,keep,Front 聚焦“冲突诊断”，Back 短句给出可判分答案，Extra 提供本卡专属题干信号。,ruankao ruankao::build::20260520_235046 ruankao::chapter::14 ruankao::domain::案例分析专题 ruankao::type::案例模板卡 ruankao::importance::A ruankao::difficulty::2 ruankao::review::keep ruankao::topic_qa ruankao::topic::T-COM-002,sha256:97b09440063beba860914876
软考::系统集成项目管理工程师::14_案例分析专题::专题问答卡::T-COM-002_沟通管理与干系人冲突案例模板,RuankaoTopicCard,沟通管理不足常见表现有哪些？,未识别关键干系人、沟通频率和方式不当、反馈缺失、信息不透明。,<div>理解：本卡只围绕“沟通不足”做判断，避免把整个专题压成目录卡。</div><div>题干信号：沟通不足</div><div>来源：T-COM-002 / 沟通不足</div>,topic_qa,案例模板卡,,,A,2,案例分析,案例分析专题,14,案例分析专题,T-COM-002,沟通管理与干系人冲突案例模板,SRC-T-COM-002-002,topic_learning_packages/topics/14_案例分析专题/T-COM-002_专题学习包_沟通管理与干系人冲突案例模板.md,沟通不足,,,keep,Front 聚焦“沟通不足”，Back 短句给出可判分答案，Extra 提供本卡专属题干信号。,ruankao ruankao::build::20260520_235046 ruankao::chapter::14 ruankao::domain::案例分析专题 ruankao::type::案例模板卡 ruankao::importance::A ruankao::difficulty::2 ruankao::review::keep ruankao::topic_qa ruankao::topic::T-COM-002,sha256:e8b4fa09aab6778921199b61
软考::系统集成项目管理工程师::14_案例分析专题::专题问答卡::T-COM-002_沟通管理与干系人冲突案例模板,RuankaoTopicCard,干系人参与策略应基于什么制定？,基于干系人的权力、利益、态度、影响和当前/期望参与差距。,<div>理解：本卡只围绕“参与策略”做判断，避免把整个专题压成目录卡。</div><div>题干信号：参与策略</div><div>来源：T-COM-002 / 参与策略</div>,topic_qa,概念卡,,,A,2,案例分析,案例分析专题,14,案例分析专题,T-COM-002,沟通管理与干系人冲突案例模板,SRC-T-COM-002-003,topic_learning_packages/topics/14_案例分析专题/T-COM-002_专题学习包_沟通管理与干系人冲突案例模板.md,参与策略,,,keep,Front 聚焦“参与策略”，Back 短句给出可判分答案，Extra 提供本卡专属题干信号。,ruankao ruankao::build::20260520_235046 ruankao::chapter::14 ruankao::domain::案例分析专题 ruankao::type::概念卡 ruankao::importance::A ruankao::difficulty::2 ruankao::review::keep ruankao::topic_qa ruankao::topic::T-COM-002,sha256:4d64abb6ff6309188d7b0577
软考::系统集成项目管理工程师::14_案例分析专题::专题问答卡::T-COM-002_沟通管理与干系人冲突案例模板,RuankaoTopicCard,冲突出现后项目经理是否应回避？,通常不应回避，应及时沟通、澄清事实并寻求合作解决。,<div>理解：本卡只围绕“冲突处理”做判断，避免把整个专题压成目录卡。</div><div>题干信号：冲突处理</div><div>来源：T-COM-002 / 冲突处理</div>,topic_qa,陷阱卡,,,B,3,案例分析,案例分析专题,14,案例分析专题,T-COM-002,沟通管理与干系人冲突案例模板,SRC-T-COM-002-004,topic_learning_packages/topics/14_案例分析专题/T-COM-002_专题学习包_沟通管理与干系人冲突案例模板.md,冲突处理,,,keep,Front 聚焦“冲突处理”，Back 短句给出可判分答案，Extra 提供本卡专属题干信号。,ruankao ruankao::build::20260520_235046 ruankao::chapter::14 ruankao::domain::案例分析专题 ruankao::type::陷阱卡 ruankao::importance::B ruankao::difficulty::3 ruankao::review::keep ruankao::topic_qa ruankao::topic::T-COM-002,sha256:ea8c0b16dcd245dbd09e602a
软考::系统集成项目管理工程师::14_案例分析专题::专题问答卡::T-COM-002_沟通管理与干系人冲突案例模板,RuankaoTopicCard,题干出现“用户部门不配合、期望不一致”应想到什么？,应想到干系人识别和参与管理不足。,<div>理解：本卡只围绕“干系人信号”做判断，避免把整个专题压成目录卡。</div><div>题干信号：干系人信号</div><div>来源：T-COM-002 / 干系人信号</div>,topic_qa,关键词识别卡,,,A,2,案例分析,案例分析专题,14,案例分析专题,T-COM-002,沟通管理与干系人冲突案例模板,SRC-T-COM-002-005,topic_learning_packages/topics/14_案例分析专题/T-COM-002_专题学习包_沟通管理与干系人冲突案例模板.md,干系人信号,,,keep,Front 聚焦“干系人信号”，Back 短句给出可判分答案，Extra 提供本卡专属题干信号。,ruankao ruankao::build::20260520_235046 ruankao::chapter::14 ruankao::domain::案例分析专题 ruankao::type::关键词识别卡 ruankao::importance::A ruankao::difficulty::2 ruankao::review::keep ruankao::topic_qa ruankao::topic::T-COM-002,sha256:af30b4a09fecdbe4b550466e
软考::系统集成项目管理工程师::14_案例分析专题::专题问答卡::T-COM-002_沟通管理与干系人冲突案例模板,RuankaoTopicCard,沟通冲突措施题怎么写？,识别干系人、更新沟通计划、明确责任与期望、建立反馈机制并持续跟踪。,<div>理解：本卡只围绕“沟通措施”做判断，避免把整个专题压成目录卡。</div><div>题干信号：沟通措施</div><div>来源：T-COM-002 / 沟通措施</div>,topic_qa,流程卡,,,A,2,案例分析,案例分析专题,14,案例分析专题,T-COM-002,沟通管理与干系人冲突案例模板,SRC-T-COM-002-006,topic_learning_packages/topics/14_案例分析专题/T-COM-002_专题学习包_沟通管理与干系人冲突案例模板.md,沟通措施,,,keep,Front 聚焦“沟通措施”，Back 短句给出可判分答案，Extra 提供本卡专属题干信号。,ruankao ruankao::build::20260520_235046 ruankao::chapter::14 ruankao::domain::案例分析专题 ruankao::type::流程卡 ruankao::importance::A ruankao::difficulty::2 ruankao::review::keep ruankao::topic_qa ruankao::topic::T-COM-002,sha256:8fc9912faf437c04d2f10eec
软考::系统集成项目管理工程师::99_综合专题与跨域辨析::专题问答卡::T-CROSS-001_高频跨域概念辨析与易错点,RuankaoTopicCard,项目章程 vs 项目管理计划的选择题信号是什么？,授权、批准项目选章程；子计划、基准、执行控制选项目管理计划。,<div>理解：本卡只围绕“章程计划”做判断，避免把整个专题压成目录卡。</div><div>题干信号：章程计划</div><div>来源：T-CROSS-001 / 章程计划</div>,topic_qa,关键词识别卡,,,A,2,跨域辨析,综合专题与跨域辨析,99,综合专题与跨域辨析,T-CROSS-001,高频跨域概念辨析与易错点,SRC-T-CROSS-001-001,topic_learning_packages/topics/99_综合专题与跨域辨析/T-CROSS-001_专题学习包_高频跨域概念辨析与易错点.md,章程计划,,,keep,Front 聚焦“章程计划”，Back 短句给出可判分答案，Extra 提供本卡专属题干信号。,ruankao ruankao::build::20260520_235046 ruankao::chapter::99 ruankao::domain::综合专题与跨域辨析 ruankao::type::关键词识别卡 ruankao::importance::A ruankao::difficulty::2 ruankao::review::keep ruankao::topic_qa ruankao::topic::T-CROSS-001,sha256:c64f0ad46078a8161ac1a5ab
软考::系统集成项目管理工程师::99_综合专题与跨域辨析::专题问答卡::T-CROSS-001_高频跨域概念辨析与易错点,RuankaoTopicCard,确认范围 vs 控制质量的选择题信号是什么？,验收、签字、接受选确认范围；测试、检查、缺陷选控制质量。,<div>理解：本卡只围绕“确认范围QC”做判断，避免把整个专题压成目录卡。</div><div>题干信号：确认范围QC</div><div>来源：T-CROSS-001 / 确认范围QC</div>,topic_qa,关键词识别卡,,,A,2,跨域辨析,综合专题与跨域辨析,99,综合专题与跨域辨析,T-CROSS-001,高频跨域概念辨析与易错点,SRC-T-CROSS-001-002,topic_learning_packages/topics/99_综合专题与跨域辨析/T-CROSS-001_专题学习包_高频跨域概念辨析与易错点.md,确认范围QC,,,keep,Front 聚焦“确认范围QC”，Back 短句给出可判分答案，Extra 提供本卡专属题干信号。,ruankao ruankao::build::20260520_235046 ruankao::chapter::99 ruankao::domain::综合专题与跨域辨析 ruankao::type::关键词识别卡 ruankao::importance::A ruankao::difficulty::2 ruankao::review::keep ruankao::topic_qa ruankao::topic::T-CROSS-001,sha256:2a02457f1aaf33c5c2b2d371
软考::系统集成项目管理工程师::99_综合专题与跨域辨析::专题问答卡::T-CROSS-001_高频跨域概念辨析与易错点,RuankaoTopicCard,纠正措施 vs 预防措施 vs 缺陷补救怎么分？,纠正已发生偏差，预防未来偏差，缺陷补救修复不合格产品。,<div>理解：本卡只围绕“措施类型”做判断，避免把整个专题压成目录卡。</div><div>题干信号：措施类型</div><div>来源：T-CROSS-001 / 措施类型</div>,topic_qa,辨析卡,,,A,2,跨域辨析,综合专题与跨域辨析,99,综合专题与跨域辨析,T-CROSS-001,高频跨域概念辨析与易错点,SRC-T-CROSS-001-003,topic_learning_packages/topics/99_综合专题与跨域辨析/T-CROSS-001_专题学习包_高频跨域概念辨析与易错点.md,措施类型,,,keep,Front 聚焦“措施类型”，Back 短句给出可判分答案，Extra 提供本卡专属题干信号。,ruankao ruankao::build::20260520_235046 ruankao::chapter::99 ruankao::domain::综合专题与跨域辨析 ruankao::type::辨析卡 ruankao::importance::A ruankao::difficulty::2 ruankao::review::keep ruankao::topic_qa ruankao::topic::T-CROSS-001,sha256:ce5ebacc4bb328f40c76f107
软考::系统集成项目管理工程师::99_综合专题与跨域辨析::专题问答卡::T-CROSS-001_高频跨域概念辨析与易错点,RuankaoTopicCard,风险登记册 vs 问题日志怎么分？,风险登记册记录未发生不确定事件；问题日志记录已经发生的问题和处理状态。,<div>理解：本卡只围绕“风险问题”做判断，避免把整个专题压成目录卡。</div><div>题干信号：风险问题</div><div>来源：T-CROSS-001 / 风险问题</div>,topic_qa,辨析卡,,,A,2,跨域辨析,综合专题与跨域辨析,99,综合专题与跨域辨析,T-CROSS-001,高频跨域概念辨析与易错点,SRC-T-CROSS-001-004,topic_learning_packages/topics/99_综合专题与跨域辨析/T-CROSS-001_专题学习包_高频跨域概念辨析与易错点.md,风险问题,,,keep,Front 聚焦“风险问题”，Back 短句给出可判分答案，Extra 提供本卡专属题干信号。,ruankao ruankao::build::20260520_235046 ruankao::chapter::99 ruankao::domain::综合专题与跨域辨析 ruankao::type::辨析卡 ruankao::importance::A ruankao::difficulty::2 ruankao::review::keep ruankao::topic_qa ruankao::topic::T-CROSS-001,sha256:3ed09557dc53f6e13022f290
软考::系统集成项目管理工程师::99_综合专题与跨域辨析::专题问答卡::T-CROSS-001_高频跨域概念辨析与易错点,RuankaoTopicCard,工作绩效数据、信息、报告怎么分？,数据是原始测量，信息是分析结果，报告是传递给干系人的呈现。,<div>理解：本卡只围绕“绩效三层”做判断，避免把整个专题压成目录卡。</div><div>题干信号：绩效三层</div><div>来源：T-CROSS-001 / 绩效三层</div>,topic_qa,辨析卡,,,B,3,跨域辨析,综合专题与跨域辨析,99,综合专题与跨域辨析,T-CROSS-001,高频跨域概念辨析与易错点,SRC-T-CROSS-001-005,topic_learning_packages/topics/99_综合专题与跨域辨析/T-CROSS-001_专题学习包_高频跨域概念辨析与易错点.md,绩效三层,,,keep,Front 聚焦“绩效三层”，Back 短句给出可判分答案，Extra 提供本卡专属题干信号。,ruankao ruankao::build::20260520_235046 ruankao::chapter::99 ruankao::domain::综合专题与跨域辨析 ruankao::type::辨析卡 ruankao::importance::B ruankao::difficulty::3 ruankao::review::keep ruankao::topic_qa ruankao::topic::T-CROSS-001,sha256:7f1689304a48788a367c72bc
软考::系统集成项目管理工程师::99_综合专题与跨域辨析::专题问答卡::T-CROSS-001_高频跨域概念辨析与易错点,RuankaoTopicCard,管理收尾 vs 合同收尾怎么快速判断？,项目/阶段结束和经验教训偏管理收尾；供应商、尾款、索赔偏合同收尾。,<div>理解：本卡只围绕“收尾边界”做判断，避免把整个专题压成目录卡。</div><div>题干信号：收尾边界</div><div>来源：T-CROSS-001 / 收尾边界</div>,topic_qa,关键词识别卡,,,A,2,跨域辨析,综合专题与跨域辨析,99,综合专题与跨域辨析,T-CROSS-001,高频跨域概念辨析与易错点,SRC-T-CROSS-001-006,topic_learning_packages/topics/99_综合专题与跨域辨析/T-CROSS-001_专题学习包_高频跨域概念辨析与易错点.md,收尾边界,,,keep,Front 聚焦“收尾边界”，Back 短句给出可判分答案，Extra 提供本卡专属题干信号。,ruankao ruankao::build::20260520_235046 ruankao::chapter::99 ruankao::domain::综合专题与跨域辨析 ruankao::type::关键词识别卡 ruankao::importance::A ruankao::difficulty::2 ruankao::review::keep ruankao::topic_qa ruankao::topic::T-CROSS-001,sha256:319fd8658a00a17cb4c04d29
软考::系统集成项目管理工程师::99_综合专题与跨域辨析::专题问答卡::T-ORG-001_组织结构_项目经理权限与PMO,RuankaoTopicCard,职能型、矩阵型、项目型组织中项目经理权限如何变化？,职能型最弱，矩阵型居中并随弱/平衡/强矩阵增强，项目型最强。,<div>理解：本卡只围绕“组织权限”做判断，避免把整个专题压成目录卡。</div><div>题干信号：组织权限</div><div>来源：T-ORG-001 / 组织权限</div>,topic_qa,辨析卡,,,A,2,上午选择,综合专题与跨域辨析,99,综合专题与跨域辨析,T-ORG-001,组织结构、项目经理权限与 PMO,SRC-T-ORG-001-001,topic_learning_packages/topics/99_综合专题与跨域辨析/T-ORG-001_专题学习包_组织结构项目经理权限与PMO.md,组织权限,,,keep,Front 聚焦“组织权限”，Back 短句给出可判分答案，Extra 提供本卡专属题干信号。,ruankao ruankao::build::20260520_235046 ruankao::chapter::99 ruankao::domain::综合专题与跨域辨析 ruankao::type::辨析卡 ruankao::importance::A ruankao::difficulty::2 ruankao::review::keep ruankao::topic_qa ruankao::topic::T-ORG-001,sha256:320919d136a336f3c144f043
软考::系统集成项目管理工程师::99_综合专题与跨域辨析::专题问答卡::T-ORG-001_组织结构_项目经理权限与PMO,RuankaoTopicCard,弱矩阵和强矩阵的核心区别是什么？,弱矩阵更接近职能型，项目经理权限弱；强矩阵更接近项目型，项目经理权限强。,<div>理解：本卡只围绕“矩阵”做判断，避免把整个专题压成目录卡。</div><div>题干信号：矩阵</div><div>来源：T-ORG-001 / 矩阵</div>,topic_qa,辨析卡,,,A,2,上午选择,综合专题与跨域辨析,99,综合专题与跨域辨析,T-ORG-001,组织结构、项目经理权限与 PMO,SRC-T-ORG-001-002,topic_learning_packages/topics/99_综合专题与跨域辨析/T-ORG-001_专题学习包_组织结构项目经理权限与PMO.md,矩阵,,,keep,Front 聚焦“矩阵”，Back 短句给出可判分答案，Extra 提供本卡专属题干信号。,ruankao ruankao::build::20260520_235046 ruankao::chapter::99 ruankao::domain::综合专题与跨域辨析 ruankao::type::辨析卡 ruankao::importance::A ruankao::difficulty::2 ruankao::review::keep ruankao::topic_qa ruankao::topic::T-ORG-001,sha256:262226279bda70de5a546be2
软考::系统集成项目管理工程师::99_综合专题与跨域辨析::专题问答卡::T-ORG-001_组织结构_项目经理权限与PMO,RuankaoTopicCard,职能型组织中是否可以有项目？,可以，项目通常在职能部门内部运作，项目经理权限较弱。,<div>理解：本卡只围绕“职能型”做判断，避免把整个专题压成目录卡。</div><div>题干信号：职能型</div><div>来源：T-ORG-001 / 职能型</div>,topic_qa,陷阱卡,,,A,2,上午选择,综合专题与跨域辨析,99,综合专题与跨域辨析,T-ORG-001,组织结构、项目经理权限与 PMO,SRC-T-ORG-001-003,topic_learning_packages/topics/99_综合专题与跨域辨析/T-ORG-001_专题学习包_组织结构项目经理权限与PMO.md,职能型,,,keep,Front 聚焦“职能型”，Back 短句给出可判分答案，Extra 提供本卡专属题干信号。,ruankao ruankao::build::20260520_235046 ruankao::chapter::99 ruankao::domain::综合专题与跨域辨析 ruankao::type::陷阱卡 ruankao::importance::A ruankao::difficulty::2 ruankao::review::keep ruankao::topic_qa ruankao::topic::T-ORG-001,sha256:7ef99f7b7e32d85e5c868d24
软考::系统集成项目管理工程师::99_综合专题与跨域辨析::专题问答卡::T-ORG-001_组织结构_项目经理权限与PMO,RuankaoTopicCard,PMO 三种类型如何区分？,支持型提供模板和咨询，控制型要求遵循方法，指令型直接管理项目。,<div>理解：本卡只围绕“PMO类型”做判断，避免把整个专题压成目录卡。</div><div>题干信号：PMO类型</div><div>来源：T-ORG-001 / PMO类型</div>,topic_qa,辨析卡,,,B,3,上午选择,综合专题与跨域辨析,99,综合专题与跨域辨析,T-ORG-001,组织结构、项目经理权限与 PMO,SRC-T-ORG-001-004,topic_learning_packages/topics/99_综合专题与跨域辨析/T-ORG-001_专题学习包_组织结构项目经理权限与PMO.md,PMO类型,,,keep,Front 聚焦“PMO类型”，Back 短句给出可判分答案，Extra 提供本卡专属题干信号。,ruankao ruankao::build::20260520_235046 ruankao::chapter::99 ruankao::domain::综合专题与跨域辨析 ruankao::type::辨析卡 ruankao::importance::B ruankao::difficulty::3 ruankao::review::keep ruankao::topic_qa ruankao::topic::T-ORG-001,sha256:f5f728f97f38f6de63aeb246
软考::系统集成项目管理工程师::99_综合专题与跨域辨析::专题问答卡::T-ORG-001_组织结构_项目经理权限与PMO,RuankaoTopicCard,题干出现“项目经理几乎无权调配资源”应想到什么组织？,更可能是职能型或弱矩阵组织。,<div>理解：本卡只围绕“权限信号”做判断，避免把整个专题压成目录卡。</div><div>题干信号：权限信号</div><div>来源：T-ORG-001 / 权限信号</div>,topic_qa,关键词识别卡,,,A,2,上午选择,综合专题与跨域辨析,99,综合专题与跨域辨析,T-ORG-001,组织结构、项目经理权限与 PMO,SRC-T-ORG-001-005,topic_learning_packages/topics/99_综合专题与跨域辨析/T-ORG-001_专题学习包_组织结构项目经理权限与PMO.md,权限信号,,,keep,Front 聚焦“权限信号”，Back 短句给出可判分答案，Extra 提供本卡专属题干信号。,ruankao ruankao::build::20260520_235046 ruankao::chapter::99 ruankao::domain::综合专题与跨域辨析 ruankao::type::关键词识别卡 ruankao::importance::A ruankao::difficulty::2 ruankao::review::keep ruankao::topic_qa ruankao::topic::T-ORG-001,sha256:877ab266e53d1eb854f8350e
软考::系统集成项目管理工程师::99_综合专题与跨域辨析::专题问答卡::T-ORG-001_组织结构_项目经理权限与PMO,RuankaoTopicCard,组织结构题为什么要同时看资源和汇报关系？,项目经理权限往往体现在资源控制、预算控制和成员汇报对象上。,<div>理解：本卡只围绕“组织判断”做判断，避免把整个专题压成目录卡。</div><div>题干信号：组织判断</div><div>来源：T-ORG-001 / 组织判断</div>,topic_qa,流程卡,,,B,3,上午选择,综合专题与跨域辨析,99,综合专题与跨域辨析,T-ORG-001,组织结构、项目经理权限与 PMO,SRC-T-ORG-001-006,topic_learning_packages/topics/99_综合专题与跨域辨析/T-ORG-001_专题学习包_组织结构项目经理权限与PMO.md,组织判断,,,keep,Front 聚焦“组织判断”，Back 短句给出可判分答案，Extra 提供本卡专属题干信号。,ruankao ruankao::build::20260520_235046 ruankao::chapter::99 ruankao::domain::综合专题与跨域辨析 ruankao::type::流程卡 ruankao::importance::B ruankao::difficulty::3 ruankao::review::keep ruankao::topic_qa ruankao::topic::T-ORG-001,sha256:58a0aabd3eb97aa3c66a8916
软考::系统集成项目管理工程师::99_综合专题与跨域辨析::专题问答卡::T-RISK-003_风险_问题_变更与应急措施的跨域辨析,RuankaoTopicCard,风险、问题、变更三者怎么连起来理解？,风险未发生，发生后成为问题；问题处理若影响基准或范围，可能形成变更请求。,<div>理解：本卡只围绕“风险问题变更”做判断，避免把整个专题压成目录卡。</div><div>题干信号：风险问题变更</div><div>来源：T-RISK-003 / 风险问题变更</div>,topic_qa,辨析卡,,,A,2,跨域辨析,综合专题与跨域辨析,99,综合专题与跨域辨析,T-RISK-003,风险、问题、变更与应急措施的跨域辨析,SRC-T-RISK-003-001,topic_learning_packages/topics/99_综合专题与跨域辨析/T-RISK-003_专题学习包_风险问题变更与应急措施跨域辨析.md,风险问题变更,,,keep,Front 聚焦“风险问题变更”，Back 短句给出可判分答案，Extra 提供本卡专属题干信号。,ruankao ruankao::build::20260520_235046 ruankao::chapter::99 ruankao::domain::综合专题与跨域辨析 ruankao::type::辨析卡 ruankao::importance::A ruankao::difficulty::2 ruankao::review::keep ruankao::topic_qa ruankao::topic::T-RISK-003,sha256:bdd9e677fa4c639a19e2b7e1
软考::系统集成项目管理工程师::99_综合专题与跨域辨析::专题问答卡::T-RISK-003_风险_问题_变更与应急措施的跨域辨析,RuankaoTopicCard,应急措施和权变措施如何区分？,应急措施通常针对已规划的风险应对；权变措施针对未计划或突发情况的临时响应。,<div>理解：本卡只围绕“应急权变”做判断，避免把整个专题压成目录卡。</div><div>题干信号：应急权变</div><div>来源：T-RISK-003 / 应急权变</div>,topic_qa,辨析卡,,,B,3,跨域辨析,综合专题与跨域辨析,99,综合专题与跨域辨析,T-RISK-003,风险、问题、变更与应急措施的跨域辨析,SRC-T-RISK-003-002,topic_learning_packages/topics/99_综合专题与跨域辨析/T-RISK-003_专题学习包_风险问题变更与应急措施跨域辨析.md,应急权变,,,keep,Front 聚焦“应急权变”，Back 短句给出可判分答案，Extra 提供本卡专属题干信号。,ruankao ruankao::build::20260520_235046 ruankao::chapter::99 ruankao::domain::综合专题与跨域辨析 ruankao::type::辨析卡 ruankao::importance::B ruankao::difficulty::3 ruankao::review::keep ruankao::topic_qa ruankao::topic::T-RISK-003,sha256:b1e5f6e310d6d02d362a82c7
软考::系统集成项目管理工程师::99_综合专题与跨域辨析::专题问答卡::T-RISK-003_风险_问题_变更与应急措施的跨域辨析,RuankaoTopicCard,问题是否一定要提交变更请求？,不一定；只有解决问题需要改变基准、范围、计划或正式文件时才形成变更请求。,<div>理解：本卡只围绕“问题变更”做判断，避免把整个专题压成目录卡。</div><div>题干信号：问题变更</div><div>来源：T-RISK-003 / 问题变更</div>,topic_qa,陷阱卡,,,A,2,跨域辨析,综合专题与跨域辨析,99,综合专题与跨域辨析,T-RISK-003,风险、问题、变更与应急措施的跨域辨析,SRC-T-RISK-003-003,topic_learning_packages/topics/99_综合专题与跨域辨析/T-RISK-003_专题学习包_风险问题变更与应急措施跨域辨析.md,问题变更,,,keep,Front 聚焦“问题变更”，Back 短句给出可判分答案，Extra 提供本卡专属题干信号。,ruankao ruankao::build::20260520_235046 ruankao::chapter::99 ruankao::domain::综合专题与跨域辨析 ruankao::type::陷阱卡 ruankao::importance::A ruankao::difficulty::2 ruankao::review::keep ruankao::topic_qa ruankao::topic::T-RISK-003,sha256:8fc1d9b1c3372d8a3dfc081d
软考::系统集成项目管理工程师::99_综合专题与跨域辨析::专题问答卡::T-RISK-003_风险_问题_变更与应急措施的跨域辨析,RuankaoTopicCard,已发生风险应如何记录和跟踪？,作为问题进入问题日志，同时根据影响决定是否触发变更或风险应对。,<div>理解：本卡只围绕“风险发生”做判断，避免把整个专题压成目录卡。</div><div>题干信号：风险发生</div><div>来源：T-RISK-003 / 风险发生</div>,topic_qa,流程卡,,,A,2,案例分析,综合专题与跨域辨析,99,综合专题与跨域辨析,T-RISK-003,风险、问题、变更与应急措施的跨域辨析,SRC-T-RISK-003-004,topic_learning_packages/topics/99_综合专题与跨域辨析/T-RISK-003_专题学习包_风险问题变更与应急措施跨域辨析.md,风险发生,,,keep,Front 聚焦“风险发生”，Back 短句给出可判分答案，Extra 提供本卡专属题干信号。,ruankao ruankao::build::20260520_235046 ruankao::chapter::99 ruankao::domain::综合专题与跨域辨析 ruankao::type::流程卡 ruankao::importance::A ruankao::difficulty::2 ruankao::review::keep ruankao::topic_qa ruankao::topic::T-RISK-003,sha256:a82aef9ed8f22875054b802b
软考::系统集成项目管理工程师::99_综合专题与跨域辨析::专题问答卡::T-RISK-003_风险_问题_变更与应急措施的跨域辨析,RuankaoTopicCard,题干出现“未预见事件突然发生”应想到什么？,应想到权变措施或问题处理，而不是照搬原风险应对计划。,<div>理解：本卡只围绕“突发事件”做判断，避免把整个专题压成目录卡。</div><div>题干信号：突发事件</div><div>来源：T-RISK-003 / 突发事件</div>,topic_qa,关键词识别卡,,,B,3,案例分析,综合专题与跨域辨析,99,综合专题与跨域辨析,T-RISK-003,风险、问题、变更与应急措施的跨域辨析,SRC-T-RISK-003-005,topic_learning_packages/topics/99_综合专题与跨域辨析/T-RISK-003_专题学习包_风险问题变更与应急措施跨域辨析.md,突发事件,,,keep,Front 聚焦“突发事件”，Back 短句给出可判分答案，Extra 提供本卡专属题干信号。,ruankao ruankao::build::20260520_235046 ruankao::chapter::99 ruankao::domain::综合专题与跨域辨析 ruankao::type::关键词识别卡 ruankao::importance::B ruankao::difficulty::3 ruankao::review::keep ruankao::topic_qa ruankao::topic::T-RISK-003,sha256:862b2231256edf1c86091231
软考::系统集成项目管理工程师::99_综合专题与跨域辨析::专题问答卡::T-RISK-003_风险_问题_变更与应急措施的跨域辨析,RuankaoTopicCard,风险应对措施带来新风险时应叫什么？,二次风险。,<div>理解：本卡只围绕“二次风险”做判断，避免把整个专题压成目录卡。</div><div>题干信号：二次风险</div><div>来源：T-RISK-003 / 二次风险</div>,topic_qa,概念卡,,,A,2,上午选择,综合专题与跨域辨析,99,综合专题与跨域辨析,T-RISK-003,风险、问题、变更与应急措施的跨域辨析,SRC-T-RISK-003-006,topic_learning_packages/topics/99_综合专题与跨域辨析/T-RISK-003_专题学习包_风险问题变更与应急措施跨域辨析.md,二次风险,,,keep,Front 聚焦“二次风险”，Back 短句给出可判分答案，Extra 提供本卡专属题干信号。,ruankao ruankao::build::20260520_235046 ruankao::chapter::99 ruankao::domain::综合专题与跨域辨析 ruankao::type::概念卡 ruankao::importance::A ruankao::difficulty::2 ruankao::review::keep ruankao::topic_qa ruankao::topic::T-RISK-003,sha256:7c86ab95adc7376afb80872a
软考::系统集成项目管理工程师::99_综合专题与跨域辨析::专题问答卡::T-SCOPE-003_范围确认_质量控制_验收与测试的边界辨析,RuankaoTopicCard,确认范围、质量控制、验收、测试四者的核心区别是什么？,测试找缺陷，质量控制判质量，确认范围求正式接受，验收多用于交付接受场景。,<div>理解：本卡只围绕“四者边界”做判断，避免把整个专题压成目录卡。</div><div>题干信号：四者边界</div><div>来源：T-SCOPE-003 / 四者边界</div>,topic_qa,辨析卡,,,A,2,跨域辨析,综合专题与跨域辨析,99,综合专题与跨域辨析,T-SCOPE-003,范围确认、质量控制、验收与测试的边界辨析,SRC-T-SCOPE-003-001,topic_learning_packages/topics/99_综合专题与跨域辨析/T-SCOPE-003_专题学习包_范围确认质量控制验收与测试边界辨析.md,四者边界,,,keep,Front 聚焦“四者边界”，Back 短句给出可判分答案，Extra 提供本卡专属题干信号。,ruankao ruankao::build::20260520_235046 ruankao::chapter::99 ruankao::domain::综合专题与跨域辨析 ruankao::type::辨析卡 ruankao::importance::A ruankao::difficulty::2 ruankao::review::keep ruankao::topic_qa ruankao::topic::T-SCOPE-003,sha256:7c4881d0f629d8b3c666ce17
软考::系统集成项目管理工程师::99_综合专题与跨域辨析::专题问答卡::T-SCOPE-003_范围确认_质量控制_验收与测试的边界辨析,RuankaoTopicCard,测试通过是否等于确认范围完成？,不等于。测试通过说明质量检查较好，确认范围还需要客户或发起人正式接受。,<div>理解：本卡只围绕“测试确认”做判断，避免把整个专题压成目录卡。</div><div>题干信号：测试确认</div><div>来源：T-SCOPE-003 / 测试确认</div>,topic_qa,陷阱卡,,,A,2,跨域辨析,综合专题与跨域辨析,99,综合专题与跨域辨析,T-SCOPE-003,范围确认、质量控制、验收与测试的边界辨析,SRC-T-SCOPE-003-002,topic_learning_packages/topics/99_综合专题与跨域辨析/T-SCOPE-003_专题学习包_范围确认质量控制验收与测试边界辨析.md,测试确认,,,keep,Front 聚焦“测试确认”，Back 短句给出可判分答案，Extra 提供本卡专属题干信号。,ruankao ruankao::build::20260520_235046 ruankao::chapter::99 ruankao::domain::综合专题与跨域辨析 ruankao::type::陷阱卡 ruankao::importance::A ruankao::difficulty::2 ruankao::review::keep ruankao::topic_qa ruankao::topic::T-SCOPE-003,sha256:7b681b73e48a6619d040fd14
软考::系统集成项目管理工程师::99_综合专题与跨域辨析::专题问答卡::T-SCOPE-003_范围确认_质量控制_验收与测试的边界辨析,RuankaoTopicCard,确认范围和控制范围怎么分？,确认范围关注接受已完成成果；控制范围关注监督范围状态和管理范围变更。,<div>理解：本卡只围绕“确认控制范围”做判断，避免把整个专题压成目录卡。</div><div>题干信号：确认控制范围</div><div>来源：T-SCOPE-003 / 确认控制范围</div>,topic_qa,辨析卡,,,A,2,上午选择,综合专题与跨域辨析,99,综合专题与跨域辨析,T-SCOPE-003,范围确认、质量控制、验收与测试的边界辨析,SRC-T-SCOPE-003-003,topic_learning_packages/topics/99_综合专题与跨域辨析/T-SCOPE-003_专题学习包_范围确认质量控制验收与测试边界辨析.md,确认控制范围,,,keep,Front 聚焦“确认控制范围”，Back 短句给出可判分答案，Extra 提供本卡专属题干信号。,ruankao ruankao::build::20260520_235046 ruankao::chapter::99 ruankao::domain::综合专题与跨域辨析 ruankao::type::辨析卡 ruankao::importance::A ruankao::difficulty::2 ruankao::review::keep ruankao::topic_qa ruankao::topic::T-SCOPE-003,sha256:a2be53a5b2cc0f107a3d354b
软考::系统集成项目管理工程师::99_综合专题与跨域辨析::专题问答卡::T-SCOPE-003_范围确认_质量控制_验收与测试的边界辨析,RuankaoTopicCard,题干出现“验收标准不一致、客户不认可”应想到什么？,应想到范围确认、验收标准和需求跟踪问题。,<div>理解：本卡只围绕“验收争议”做判断，避免把整个专题压成目录卡。</div><div>题干信号：验收争议</div><div>来源：T-SCOPE-003 / 验收争议</div>,topic_qa,关键词识别卡,,,A,2,案例分析,综合专题与跨域辨析,99,综合专题与跨域辨析,T-SCOPE-003,范围确认、质量控制、验收与测试的边界辨析,SRC-T-SCOPE-003-004,topic_learning_packages/topics/99_综合专题与跨域辨析/T-SCOPE-003_专题学习包_范围确认质量控制验收与测试边界辨析.md,验收争议,,,keep,Front 聚焦“验收争议”，Back 短句给出可判分答案，Extra 提供本卡专属题干信号。,ruankao ruankao::build::20260520_235046 ruankao::chapter::99 ruankao::domain::综合专题与跨域辨析 ruankao::type::关键词识别卡 ruankao::importance::A ruankao::difficulty::2 ruankao::review::keep ruankao::topic_qa ruankao::topic::T-SCOPE-003,sha256:de563daff1b39105ce54d0f1
软考::系统集成项目管理工程师::99_综合专题与跨域辨析::专题问答卡::T-SCOPE-003_范围确认_质量控制_验收与测试的边界辨析,RuankaoTopicCard,题干出现“检查发现缺陷、返工、测试不通过”应想到什么？,应想到质量控制或测试活动。,<div>理解：本卡只围绕“缺陷信号”做判断，避免把整个专题压成目录卡。</div><div>题干信号：缺陷信号</div><div>来源：T-SCOPE-003 / 缺陷信号</div>,topic_qa,关键词识别卡,,,A,2,案例分析,综合专题与跨域辨析,99,综合专题与跨域辨析,T-SCOPE-003,范围确认、质量控制、验收与测试的边界辨析,SRC-T-SCOPE-003-005,topic_learning_packages/topics/99_综合专题与跨域辨析/T-SCOPE-003_专题学习包_范围确认质量控制验收与测试边界辨析.md,缺陷信号,,,keep,Front 聚焦“缺陷信号”，Back 短句给出可判分答案，Extra 提供本卡专属题干信号。,ruankao ruankao::build::20260520_235046 ruankao::chapter::99 ruankao::domain::综合专题与跨域辨析 ruankao::type::关键词识别卡 ruankao::importance::A ruankao::difficulty::2 ruankao::review::keep ruankao::topic_qa ruankao::topic::T-SCOPE-003,sha256:f75a2c6510514ab2a55da2c4
软考::系统集成项目管理工程师::99_综合专题与跨域辨析::专题问答卡::T-SCOPE-003_范围确认_质量控制_验收与测试的边界辨析,RuankaoTopicCard,为什么范围确认常发生在控制质量之后？,通常先确认成果符合质量要求，再提交客户或发起人正式接受。,<div>理解：本卡只围绕“QC后确认”做判断，避免把整个专题压成目录卡。</div><div>题干信号：QC后确认</div><div>来源：T-SCOPE-003 / QC后确认</div>,topic_qa,流程卡,,,B,3,上午选择,综合专题与跨域辨析,99,综合专题与跨域辨析,T-SCOPE-003,范围确认、质量控制、验收与测试的边界辨析,SRC-T-SCOPE-003-006,topic_learning_packages/topics/99_综合专题与跨域辨析/T-SCOPE-003_专题学习包_范围确认质量控制验收与测试边界辨析.md,QC后确认,,,keep,Front 聚焦“QC后确认”，Back 短句给出可判分答案，Extra 提供本卡专属题干信号。,ruankao ruankao::build::20260520_235046 ruankao::chapter::99 ruankao::domain::综合专题与跨域辨析 ruankao::type::流程卡 ruankao::importance::B ruankao::difficulty::3 ruankao::review::keep ruankao::topic_qa ruankao::topic::T-SCOPE-003,sha256:a3e86bf274541b4cd2ae5e8f
软考::系统集成项目管理工程师::07_成本管理::专题问答卡::T-COST-002_挣值管理与成本绩效分析,RuankaoTopicCard,挣值管理 EVM 试图同时回答哪三个问题？,按计划应该完成多少、实际完成了多少、实际花了多少钱。,<div>理解：对应三个基础量：PV、EV、AC。EVM 的价值是把范围、进度、成本放到同一货币口径下比较。</div><div>来源：T-COST-002 试制黄金样例 / 挣值管理专题</div>,topic_qa,概念卡,,,B,2,上午选择,成本管理,07,成本管理,T-COST-002,挣值管理与成本绩效分析,SRC-T-COST-002-PILOT-001,anki_pilot/T-COST-002/cards.csv,T-COST-002 黄金样例,,,keep,沿用 EVM 黄金样例，Front 短、Back 可判分，Extra 指向该公式或陷阱的具体理解。,ruankao ruankao::build::20260520_235046 ruankao::chapter::07 ruankao::domain::成本管理 ruankao::type::概念卡 ruankao::importance::B ruankao::difficulty::2 ruankao::review::keep ruankao::topic_qa ruankao::topic::T-COST-002,sha256:2c753f8048e4dd8c21d0be70
软考::系统集成项目管理工程师::07_成本管理::专题问答卡::T-COST-002_挣值管理与成本绩效分析,RuankaoTopicCard,PV（Planned Value）是什么？,计划价值：到某一时点，按计划应该完成工作的预算价值。,<div>理解：关键词是“计划应该”。PV 不看实际完成情况。项目完工时 PV 总额等于 BAC。</div><div>来源：T-COST-002 试制黄金样例 / 挣值管理专题</div>,topic_qa,概念卡,,,B,2,上午选择,成本管理,07,成本管理,T-COST-002,挣值管理与成本绩效分析,SRC-T-COST-002-PILOT-002,anki_pilot/T-COST-002/cards.csv,T-COST-002 黄金样例,,,keep,沿用 EVM 黄金样例，Front 短、Back 可判分，Extra 指向该公式或陷阱的具体理解。,ruankao ruankao::build::20260520_235046 ruankao::chapter::07 ruankao::domain::成本管理 ruankao::type::概念卡 ruankao::importance::B ruankao::difficulty::2 ruankao::review::keep ruankao::topic_qa ruankao::topic::T-COST-002,sha256:90c1df4c499b5ec0259ec5a1
软考::系统集成项目管理工程师::07_成本管理::专题问答卡::T-COST-002_挣值管理与成本绩效分析,RuankaoTopicCard,EV（Earned Value）是什么？,挣值：实际完成工作的预算价值。,<div>理解：EV 不是实际花费，而是“已完成产出按预算值多少钱”。它是 EVM 中最关键也最容易混的量。</div><div>来源：T-COST-002 试制黄金样例 / 挣值管理专题</div>,topic_qa,概念卡,,,B,2,上午选择,成本管理,07,成本管理,T-COST-002,挣值管理与成本绩效分析,SRC-T-COST-002-PILOT-003,anki_pilot/T-COST-002/cards.csv,T-COST-002 黄金样例,,,keep,沿用 EVM 黄金样例，Front 短、Back 可判分，Extra 指向该公式或陷阱的具体理解。,ruankao ruankao::build::20260520_235046 ruankao::chapter::07 ruankao::domain::成本管理 ruankao::type::概念卡 ruankao::importance::B ruankao::difficulty::2 ruankao::review::keep ruankao::topic_qa ruankao::topic::T-COST-002,sha256:2fe76865e7a2e77d696c844f
软考::系统集成项目管理工程师::07_成本管理::专题问答卡::T-COST-002_挣值管理与成本绩效分析,RuankaoTopicCard,AC（Actual Cost）是什么？,实际成本：完成与 EV 对应工作实际发生的成本。,<div>理解：AC 来自实际花费，但口径要和 PV/EV 保持一致，比如是否包含间接成本。</div><div>来源：T-COST-002 试制黄金样例 / 挣值管理专题</div>,topic_qa,概念卡,,,B,2,上午选择,成本管理,07,成本管理,T-COST-002,挣值管理与成本绩效分析,SRC-T-COST-002-PILOT-004,anki_pilot/T-COST-002/cards.csv,T-COST-002 黄金样例,,,keep,沿用 EVM 黄金样例，Front 短、Back 可判分，Extra 指向该公式或陷阱的具体理解。,ruankao ruankao::build::20260520_235046 ruankao::chapter::07 ruankao::domain::成本管理 ruankao::type::概念卡 ruankao::importance::B ruankao::difficulty::2 ruankao::review::keep ruankao::topic_qa ruankao::topic::T-COST-002,sha256:c30c03afdaf622579b96ed7c
软考::系统集成项目管理工程师::07_成本管理::专题问答卡::T-COST-002_挣值管理与成本绩效分析,RuankaoTopicCard,BAC 在挣值管理中表示什么？,完工预算，即项目全部计划工作的总预算。,<div>理解：BAC 是预测 EAC、VAC、TCPI 的基准。</div><div>来源：T-COST-002 试制黄金样例 / 挣值管理专题</div>,topic_qa,概念卡,,,B,2,上午选择,成本管理,07,成本管理,T-COST-002,挣值管理与成本绩效分析,SRC-T-COST-002-PILOT-005,anki_pilot/T-COST-002/cards.csv,T-COST-002 黄金样例,,,keep,沿用 EVM 黄金样例，Front 短、Back 可判分，Extra 指向该公式或陷阱的具体理解。,ruankao ruankao::build::20260520_235046 ruankao::chapter::07 ruankao::domain::成本管理 ruankao::type::概念卡 ruankao::importance::B ruankao::difficulty::2 ruankao::review::keep ruankao::topic_qa ruankao::topic::T-COST-002,sha256:71119eea4c3172d04740e2d1
软考::系统集成项目管理工程师::07_成本管理::专题问答卡::T-COST-002_挣值管理与成本绩效分析,RuankaoTopicCard,为什么说 EV 是 EVM 的核心？,因为 EV 把实际完成量转换成预算价值，使进度和成本都能用同一口径比较。,<div>理解：进度比较 EV 与 PV；成本比较 EV 与 AC。没有 EV，很多绩效判断不能成立。</div><div>来源：T-COST-002 试制黄金样例 / 挣值管理专题</div>,topic_qa,概念卡,,,B,3,上午选择,成本管理,07,成本管理,T-COST-002,挣值管理与成本绩效分析,SRC-T-COST-002-PILOT-006,anki_pilot/T-COST-002/cards.csv,T-COST-002 黄金样例,,,keep,沿用 EVM 黄金样例，Front 短、Back 可判分，Extra 指向该公式或陷阱的具体理解。,ruankao ruankao::build::20260520_235046 ruankao::chapter::07 ruankao::domain::成本管理 ruankao::type::概念卡 ruankao::importance::B ruankao::difficulty::3 ruankao::review::keep ruankao::topic_qa ruankao::topic::T-COST-002,sha256:179d407b32927fba0f3bc693
软考::系统集成项目管理工程师::07_成本管理::专题问答卡::T-COST-002_挣值管理与成本绩效分析,RuankaoTopicCard,SV 和 CV 的单位是什么？,货币单位，如元、万元。,<div>理解：SV/CV 是差值，不是天数或百分比。SPI/CPI 才是无量纲指数。</div><div>来源：T-COST-002 试制黄金样例 / 挣值管理专题</div>,topic_qa,概念卡,,,B,2,上午选择,成本管理,07,成本管理,T-COST-002,挣值管理与成本绩效分析,SRC-T-COST-002-PILOT-007,anki_pilot/T-COST-002/cards.csv,T-COST-002 黄金样例,,,keep,沿用 EVM 黄金样例，Front 短、Back 可判分，Extra 指向该公式或陷阱的具体理解。,ruankao ruankao::build::20260520_235046 ruankao::chapter::07 ruankao::domain::成本管理 ruankao::type::概念卡 ruankao::importance::B ruankao::difficulty::2 ruankao::review::keep ruankao::topic_qa ruankao::topic::T-COST-002,sha256:8d00b300459029a0920d2465
软考::系统集成项目管理工程师::07_成本管理::专题问答卡::T-COST-002_挣值管理与成本绩效分析,RuankaoTopicCard,SPI 和 CPI 的判断阈值是什么？,大于 1 通常表示好，等于 1 符合计划，小于 1 表示差。,<div>理解：SPI < 1 是进度效率低于计划；CPI < 1 是成本效率低于计划。</div><div>来源：T-COST-002 试制黄金样例 / 挣值管理专题</div>,topic_qa,概念卡,,,B,2,上午选择,成本管理,07,成本管理,T-COST-002,挣值管理与成本绩效分析,SRC-T-COST-002-PILOT-008,anki_pilot/T-COST-002/cards.csv,T-COST-002 黄金样例,,,keep,沿用 EVM 黄金样例，Front 短、Back 可判分，Extra 指向该公式或陷阱的具体理解。,ruankao ruankao::build::20260520_235046 ruankao::chapter::07 ruankao::domain::成本管理 ruankao::type::概念卡 ruankao::importance::B ruankao::difficulty::2 ruankao::review::keep ruankao::topic_qa ruankao::topic::T-COST-002,sha256:866e4cefcfb40464303b0f39
软考::系统集成项目管理工程师::07_成本管理::专题问答卡::T-COST-002_挣值管理与成本绩效分析,RuankaoTopicCard,EAC 表示什么？,完工估算：根据当前绩效和假设预测项目完工总成本。,<div>理解：EAC 不是固定公式，公式取决于题干对未来绩效的假设。</div><div>来源：T-COST-002 试制黄金样例 / 挣值管理专题</div>,topic_qa,概念卡,,,B,3,上午选择,成本管理,07,成本管理,T-COST-002,挣值管理与成本绩效分析,SRC-T-COST-002-PILOT-009,anki_pilot/T-COST-002/cards.csv,T-COST-002 黄金样例,,,keep,沿用 EVM 黄金样例，Front 短、Back 可判分，Extra 指向该公式或陷阱的具体理解。,ruankao ruankao::build::20260520_235046 ruankao::chapter::07 ruankao::domain::成本管理 ruankao::type::概念卡 ruankao::importance::B ruankao::difficulty::3 ruankao::review::keep ruankao::topic_qa ruankao::topic::T-COST-002,sha256:f039d536caed7ee24ce78268
软考::系统集成项目管理工程师::07_成本管理::专题问答卡::T-COST-002_挣值管理与成本绩效分析,RuankaoTopicCard,ETC 表示什么？,完工尚需估算：从当前到完工还需要的成本。,<div>理解：常用关系：ETC = EAC - AC。</div><div>来源：T-COST-002 试制黄金样例 / 挣值管理专题</div>,topic_qa,概念卡,,,B,2,上午选择,成本管理,07,成本管理,T-COST-002,挣值管理与成本绩效分析,SRC-T-COST-002-PILOT-010,anki_pilot/T-COST-002/cards.csv,T-COST-002 黄金样例,,,keep,沿用 EVM 黄金样例，Front 短、Back 可判分，Extra 指向该公式或陷阱的具体理解。,ruankao ruankao::build::20260520_235046 ruankao::chapter::07 ruankao::domain::成本管理 ruankao::type::概念卡 ruankao::importance::B ruankao::difficulty::2 ruankao::review::keep ruankao::topic_qa ruankao::topic::T-COST-002,sha256:3156f29595eada31b643da3c
软考::系统集成项目管理工程师::07_成本管理::专题问答卡::T-COST-002_挣值管理与成本绩效分析,RuankaoTopicCard,VAC 表示什么？,完工偏差：预算 BAC 与完工估算 EAC 的差异。,<div>理解：VAC = BAC - EAC。VAC < 0 表示预计超预算。</div><div>来源：T-COST-002 试制黄金样例 / 挣值管理专题</div>,topic_qa,概念卡,,,B,2,上午选择,成本管理,07,成本管理,T-COST-002,挣值管理与成本绩效分析,SRC-T-COST-002-PILOT-011,anki_pilot/T-COST-002/cards.csv,T-COST-002 黄金样例,,,keep,沿用 EVM 黄金样例，Front 短、Back 可判分，Extra 指向该公式或陷阱的具体理解。,ruankao ruankao::build::20260520_235046 ruankao::chapter::07 ruankao::domain::成本管理 ruankao::type::概念卡 ruankao::importance::B ruankao::difficulty::2 ruankao::review::keep ruankao::topic_qa ruankao::topic::T-COST-002,sha256:37d7b5225fb7fec17fc03727
软考::系统集成项目管理工程师::07_成本管理::专题问答卡::T-COST-002_挣值管理与成本绩效分析,RuankaoTopicCard,TCPI 是回顾性指标还是前瞻性指标？,前瞻性指标。,<div>理解：TCPI 表示为了实现 BAC 或 EAC，剩余工作必须达到的成本绩效水平。</div><div>来源：T-COST-002 试制黄金样例 / 挣值管理专题</div>,topic_qa,概念卡,,,B,3,上午选择,成本管理,07,成本管理,T-COST-002,挣值管理与成本绩效分析,SRC-T-COST-002-PILOT-012,anki_pilot/T-COST-002/cards.csv,T-COST-002 黄金样例,,,keep,沿用 EVM 黄金样例，Front 短、Back 可判分，Extra 指向该公式或陷阱的具体理解。,ruankao ruankao::build::20260520_235046 ruankao::chapter::07 ruankao::domain::成本管理 ruankao::type::概念卡 ruankao::importance::B ruankao::difficulty::3 ruankao::review::keep ruankao::topic_qa ruankao::topic::T-COST-002,sha256:2db853a990241776f9fa0d42
软考::系统集成项目管理工程师::07_成本管理::专题问答卡::T-COST-002_挣值管理与成本绩效分析,RuankaoTopicCard,SV 的公式、含义和判断规则是什么？,SV = EV - PV。SV > 0 进度提前；SV = 0 符合计划；SV < 0 进度滞后。,<div>理解：例：EV=90，PV=100，则 SV=-10，进度滞后。</div><div>来源：T-COST-002 试制黄金样例 / 挣值管理专题</div>,topic_qa,公式卡,,,A,2,计算题,成本管理,07,成本管理,T-COST-002,挣值管理与成本绩效分析,SRC-T-COST-002-PILOT-013,anki_pilot/T-COST-002/cards.csv,T-COST-002 黄金样例,,,keep,沿用 EVM 黄金样例，Front 短、Back 可判分，Extra 指向该公式或陷阱的具体理解。,ruankao ruankao::build::20260520_235046 ruankao::chapter::07 ruankao::domain::成本管理 ruankao::type::公式卡 ruankao::importance::A ruankao::difficulty::2 ruankao::review::keep ruankao::topic_qa ruankao::topic::T-COST-002 ruankao::formula,sha256:4fb8c4d784e672ea81bbe67e
软考::系统集成项目管理工程师::07_成本管理::专题问答卡::T-COST-002_挣值管理与成本绩效分析,RuankaoTopicCard,CV 的公式、含义和判断规则是什么？,CV = EV - AC。CV > 0 成本节约；CV = 0 符合预算；CV < 0 成本超支。,<div>理解：例：EV=90，AC=110，则 CV=-20，成本超支。</div><div>来源：T-COST-002 试制黄金样例 / 挣值管理专题</div>,topic_qa,公式卡,,,A,2,计算题,成本管理,07,成本管理,T-COST-002,挣值管理与成本绩效分析,SRC-T-COST-002-PILOT-014,anki_pilot/T-COST-002/cards.csv,T-COST-002 黄金样例,,,keep,沿用 EVM 黄金样例，Front 短、Back 可判分，Extra 指向该公式或陷阱的具体理解。,ruankao ruankao::build::20260520_235046 ruankao::chapter::07 ruankao::domain::成本管理 ruankao::type::公式卡 ruankao::importance::A ruankao::difficulty::2 ruankao::review::keep ruankao::topic_qa ruankao::topic::T-COST-002 ruankao::formula,sha256:72432e5e95f4db06fb01f4a6
软考::系统集成项目管理工程师::07_成本管理::专题问答卡::T-COST-002_挣值管理与成本绩效分析,RuankaoTopicCard,SPI 的公式、含义和判断规则是什么？,SPI = EV / PV。SPI > 1 进度效率高于计划；SPI < 1 进度效率低于计划。,<div>理解：例：EV=80，PV=100，则 SPI=0.8，进度滞后。</div><div>来源：T-COST-002 试制黄金样例 / 挣值管理专题</div>,topic_qa,公式卡,,,A,2,计算题,成本管理,07,成本管理,T-COST-002,挣值管理与成本绩效分析,SRC-T-COST-002-PILOT-015,anki_pilot/T-COST-002/cards.csv,T-COST-002 黄金样例,,,keep,沿用 EVM 黄金样例，Front 短、Back 可判分，Extra 指向该公式或陷阱的具体理解。,ruankao ruankao::build::20260520_235046 ruankao::chapter::07 ruankao::domain::成本管理 ruankao::type::公式卡 ruankao::importance::A ruankao::difficulty::2 ruankao::review::keep ruankao::topic_qa ruankao::topic::T-COST-002 ruankao::formula,sha256:1b04cf478a9f9ce6bfc61783
软考::系统集成项目管理工程师::07_成本管理::专题问答卡::T-COST-002_挣值管理与成本绩效分析,RuankaoTopicCard,CPI 的公式、含义和判断规则是什么？,CPI = EV / AC。CPI > 1 成本效率高；CPI < 1 成本效率低，成本超支。,<div>理解：例：EV=80，AC=100，则 CPI=0.8，每花 1 元只挣得 0.8 元预算价值。</div><div>来源：T-COST-002 试制黄金样例 / 挣值管理专题</div>,topic_qa,公式卡,,,A,2,计算题,成本管理,07,成本管理,T-COST-002,挣值管理与成本绩效分析,SRC-T-COST-002-PILOT-016,anki_pilot/T-COST-002/cards.csv,T-COST-002 黄金样例,,,keep,沿用 EVM 黄金样例，Front 短、Back 可判分，Extra 指向该公式或陷阱的具体理解。,ruankao ruankao::build::20260520_235046 ruankao::chapter::07 ruankao::domain::成本管理 ruankao::type::公式卡 ruankao::importance::A ruankao::difficulty::2 ruankao::review::keep ruankao::topic_qa ruankao::topic::T-COST-002 ruankao::formula,sha256:75b898180b71498b02615a75
软考::系统集成项目管理工程师::07_成本管理::专题问答卡::T-COST-002_挣值管理与成本绩效分析,RuankaoTopicCard,非典型偏差下 EAC 怎么算？,EAC = AC + (BAC - EV)。,<div>理解：题干信号：一次性、偶然、不会再出现、已纠正。例：AC=200，BAC=500，EV=180，则 EAC=520。</div><div>来源：T-COST-002 试制黄金样例 / 挣值管理专题</div>,topic_qa,公式卡,,,A,3,计算题,成本管理,07,成本管理,T-COST-002,挣值管理与成本绩效分析,SRC-T-COST-002-PILOT-017,anki_pilot/T-COST-002/cards.csv,T-COST-002 黄金样例,,,keep,沿用 EVM 黄金样例，Front 短、Back 可判分，Extra 指向该公式或陷阱的具体理解。,ruankao ruankao::build::20260520_235046 ruankao::chapter::07 ruankao::domain::成本管理 ruankao::type::公式卡 ruankao::importance::A ruankao::difficulty::3 ruankao::review::keep ruankao::topic_qa ruankao::topic::T-COST-002 ruankao::formula,sha256:204856c127bcf814691a0a20
软考::系统集成项目管理工程师::07_成本管理::专题问答卡::T-COST-002_挣值管理与成本绩效分析,RuankaoTopicCard,典型偏差会延续时 EAC 怎么算？,EAC = BAC / CPI。,<div>理解：题干信号：当前绩效将持续、按目前趋势、没有改善迹象。例：BAC=1000，CPI=0.8，则 EAC=1250。</div><div>来源：T-COST-002 试制黄金样例 / 挣值管理专题</div>,topic_qa,公式卡,,,A,3,计算题,成本管理,07,成本管理,T-COST-002,挣值管理与成本绩效分析,SRC-T-COST-002-PILOT-018,anki_pilot/T-COST-002/cards.csv,T-COST-002 黄金样例,,,keep,沿用 EVM 黄金样例，Front 短、Back 可判分，Extra 指向该公式或陷阱的具体理解。,ruankao ruankao::build::20260520_235046 ruankao::chapter::07 ruankao::domain::成本管理 ruankao::type::公式卡 ruankao::importance::A ruankao::difficulty::3 ruankao::review::keep ruankao::topic_qa ruankao::topic::T-COST-002 ruankao::formula,sha256:9cfb1872e65a8bb0596b5f0d
软考::系统集成项目管理工程师::07_成本管理::专题问答卡::T-COST-002_挣值管理与成本绩效分析,RuankaoTopicCard,重新估算剩余工作时 EAC 怎么算？,EAC = AC + 自下而上重新估算的 ETC。,<div>理解：适用：原估算假设严重失效，需要重新估算剩余工作。</div><div>来源：T-COST-002 试制黄金样例 / 挣值管理专题</div>,topic_qa,公式卡,,,A,3,计算题,成本管理,07,成本管理,T-COST-002,挣值管理与成本绩效分析,SRC-T-COST-002-PILOT-019,anki_pilot/T-COST-002/cards.csv,T-COST-002 黄金样例,,,keep,沿用 EVM 黄金样例，Front 短、Back 可判分，Extra 指向该公式或陷阱的具体理解。,ruankao ruankao::build::20260520_235046 ruankao::chapter::07 ruankao::domain::成本管理 ruankao::type::公式卡 ruankao::importance::A ruankao::difficulty::3 ruankao::review::keep ruankao::topic_qa ruankao::topic::T-COST-002 ruankao::formula,sha256:bdb85b9bbe1d71f35ec202e8
软考::系统集成项目管理工程师::待核验与复查,RuankaoTopicCard,同时考虑 CPI 和 SPI 的 EAC 扩展公式是什么？,EAC = AC + (BAC - EV) / (CPI × SPI)。,<div>理解：用于题干明确要求同时考虑成本和进度影响。本专题将该口径列为需回查教材的待核验项，制卡时应保留提醒。</div><div>来源：T-COST-002 试制黄金样例 / 挣值管理专题</div>,topic_qa,公式卡,,,A,4,计算题,成本管理,07,成本管理,T-COST-002,挣值管理与成本绩效分析,SRC-T-COST-002-PILOT-020,anki_pilot/T-COST-002/cards.csv,T-COST-002 黄金样例,,,needs_human_review,涉及教材口径待核验的扩展公式，隔离给人工确认。,ruankao ruankao::build::20260520_235046 ruankao::chapter::07 ruankao::domain::成本管理 ruankao::type::公式卡 ruankao::importance::A ruankao::difficulty::4 ruankao::review::needs_human_review ruankao::topic_qa ruankao::topic::T-COST-002 ruankao::needs_review ruankao::not_for_main_review ruankao::formula,sha256:cb011494d483d47f60c60735
软考::系统集成项目管理工程师::07_成本管理::专题问答卡::T-COST-002_挣值管理与成本绩效分析,RuankaoTopicCard,ETC 的常用公式是什么？,ETC = EAC - AC。,<div>理解：例：EAC=950，AC=380，则 ETC=570。</div><div>来源：T-COST-002 试制黄金样例 / 挣值管理专题</div>,topic_qa,公式卡,,,A,2,计算题,成本管理,07,成本管理,T-COST-002,挣值管理与成本绩效分析,SRC-T-COST-002-PILOT-021,anki_pilot/T-COST-002/cards.csv,T-COST-002 黄金样例,,,keep,沿用 EVM 黄金样例，Front 短、Back 可判分，Extra 指向该公式或陷阱的具体理解。,ruankao ruankao::build::20260520_235046 ruankao::chapter::07 ruankao::domain::成本管理 ruankao::type::公式卡 ruankao::importance::A ruankao::difficulty::2 ruankao::review::keep ruankao::topic_qa ruankao::topic::T-COST-002 ruankao::formula,sha256:423325c2845bac9d4455537b
软考::系统集成项目管理工程师::07_成本管理::专题问答卡::T-COST-002_挣值管理与成本绩效分析,RuankaoTopicCard,VAC 的公式和判断规则是什么？,VAC = BAC - EAC。VAC > 0 预计结余；VAC < 0 预计超预算。,<div>理解：例：BAC=800，EAC=950，则 VAC=-150，预计超预算 150。</div><div>来源：T-COST-002 试制黄金样例 / 挣值管理专题</div>,topic_qa,公式卡,,,A,2,计算题,成本管理,07,成本管理,T-COST-002,挣值管理与成本绩效分析,SRC-T-COST-002-PILOT-022,anki_pilot/T-COST-002/cards.csv,T-COST-002 黄金样例,,,keep,沿用 EVM 黄金样例，Front 短、Back 可判分，Extra 指向该公式或陷阱的具体理解。,ruankao ruankao::build::20260520_235046 ruankao::chapter::07 ruankao::domain::成本管理 ruankao::type::公式卡 ruankao::importance::A ruankao::difficulty::2 ruankao::review::keep ruankao::topic_qa ruankao::topic::T-COST-002 ruankao::formula,sha256:373647cf59640ab698c403cd
软考::系统集成项目管理工程师::07_成本管理::专题问答卡::T-COST-002_挣值管理与成本绩效分析,RuankaoTopicCard,以 BAC 为目标的 TCPI 怎么算？,TCPI = (BAC - EV) / (BAC - AC)。,<div>理解：例：BAC=800，EV=300，AC=360，则 TCPI=500/440≈1.14。</div><div>来源：T-COST-002 试制黄金样例 / 挣值管理专题</div>,topic_qa,公式卡,,,A,4,计算题,成本管理,07,成本管理,T-COST-002,挣值管理与成本绩效分析,SRC-T-COST-002-PILOT-023,anki_pilot/T-COST-002/cards.csv,T-COST-002 黄金样例,,,keep,沿用 EVM 黄金样例，Front 短、Back 可判分，Extra 指向该公式或陷阱的具体理解。,ruankao ruankao::build::20260520_235046 ruankao::chapter::07 ruankao::domain::成本管理 ruankao::type::公式卡 ruankao::importance::A ruankao::difficulty::4 ruankao::review::keep ruankao::topic_qa ruankao::topic::T-COST-002 ruankao::formula,sha256:866bcff281aef8b75eef8156
软考::系统集成项目管理工程师::07_成本管理::专题问答卡::T-COST-002_挣值管理与成本绩效分析,RuankaoTopicCard,PV=100，EV=90，AC=110。计算 SV 和 CV，并判断状态。,SV=90-100=-10；CV=90-110=-20。进度滞后，成本超支。,<div>理解：常见错法：把 PV 或 AC 当被减数。记住 EV 永远在前：SV=EV-PV，CV=EV-AC。</div><div>来源：T-COST-002 试制黄金样例 / 挣值管理专题</div>,calculation,计算卡,,,A,2,计算题,成本管理,07,成本管理,T-COST-002,挣值管理与成本绩效分析,SRC-T-COST-002-PILOT-024,anki_pilot/T-COST-002/cards.csv,T-COST-002 黄金样例,,,keep,沿用 EVM 黄金样例，Front 短、Back 可判分，Extra 指向该公式或陷阱的具体理解。,ruankao ruankao::build::20260520_235046 ruankao::chapter::07 ruankao::domain::成本管理 ruankao::type::计算卡 ruankao::importance::A ruankao::difficulty::2 ruankao::review::keep ruankao::calculation ruankao::topic::T-COST-002,sha256:61473dffc1de6d7a1b22087e
软考::系统集成项目管理工程师::07_成本管理::专题问答卡::T-COST-002_挣值管理与成本绩效分析,RuankaoTopicCard,PV=200，EV=240，AC=220。计算 SPI、CPI，并判断状态。,SPI=240/200=1.2，进度提前；CPI=240/220≈1.09，成本节约。,<div>理解：指数大于 1 通常是好。</div><div>来源：T-COST-002 试制黄金样例 / 挣值管理专题</div>,calculation,计算卡,,,A,2,计算题,成本管理,07,成本管理,T-COST-002,挣值管理与成本绩效分析,SRC-T-COST-002-PILOT-025,anki_pilot/T-COST-002/cards.csv,T-COST-002 黄金样例,,,keep,沿用 EVM 黄金样例，Front 短、Back 可判分，Extra 指向该公式或陷阱的具体理解。,ruankao ruankao::build::20260520_235046 ruankao::chapter::07 ruankao::domain::成本管理 ruankao::type::计算卡 ruankao::importance::A ruankao::difficulty::2 ruankao::review::keep ruankao::calculation ruankao::topic::T-COST-002,sha256:e143cb6114de9ff98b3a56ee
软考::系统集成项目管理工程师::07_成本管理::专题问答卡::T-COST-002_挣值管理与成本绩效分析,RuankaoTopicCard,SPI=0.8，CPI=1.2。如何判断项目状态？,进度滞后，成本节约。,<div>理解：SPI 管进度，CPI 管成本。两者可以一好一坏。</div><div>来源：T-COST-002 试制黄金样例 / 挣值管理专题</div>,calculation,计算卡,,,A,2,计算题,成本管理,07,成本管理,T-COST-002,挣值管理与成本绩效分析,SRC-T-COST-002-PILOT-026,anki_pilot/T-COST-002/cards.csv,T-COST-002 黄金样例,,,keep,沿用 EVM 黄金样例，Front 短、Back 可判分，Extra 指向该公式或陷阱的具体理解。,ruankao ruankao::build::20260520_235046 ruankao::chapter::07 ruankao::domain::成本管理 ruankao::type::计算卡 ruankao::importance::A ruankao::difficulty::2 ruankao::review::keep ruankao::calculation ruankao::topic::T-COST-002,sha256:d59cdfe265c0c06022ebacc5
软考::系统集成项目管理工程师::07_成本管理::专题问答卡::T-COST-002_挣值管理与成本绩效分析,RuankaoTopicCard,BAC=500，AC=200，EV=180，偏差为一次性且不会再出现。EAC 是多少？,EAC=AC+(BAC-EV)=200+(500-180)=520。,<div>理解：题干“不会再出现”触发非典型偏差公式。</div><div>来源：T-COST-002 试制黄金样例 / 挣值管理专题</div>,calculation,计算卡,,,A,3,计算题,成本管理,07,成本管理,T-COST-002,挣值管理与成本绩效分析,SRC-T-COST-002-PILOT-027,anki_pilot/T-COST-002/cards.csv,T-COST-002 黄金样例,,,keep,沿用 EVM 黄金样例，Front 短、Back 可判分，Extra 指向该公式或陷阱的具体理解。,ruankao ruankao::build::20260520_235046 ruankao::chapter::07 ruankao::domain::成本管理 ruankao::type::计算卡 ruankao::importance::A ruankao::difficulty::3 ruankao::review::keep ruankao::calculation ruankao::topic::T-COST-002,sha256:909f221f4567e79a7848f96d
软考::系统集成项目管理工程师::07_成本管理::专题问答卡::T-COST-002_挣值管理与成本绩效分析,RuankaoTopicCard,BAC=1000，EV=400，AC=500，当前成本绩效将持续。EAC 是多少？,CPI=400/500=0.8；EAC=BAC/CPI=1000/0.8=1250。,<div>理解：题干“将持续”触发典型偏差公式。</div><div>来源：T-COST-002 试制黄金样例 / 挣值管理专题</div>,calculation,计算卡,,,A,3,计算题,成本管理,07,成本管理,T-COST-002,挣值管理与成本绩效分析,SRC-T-COST-002-PILOT-028,anki_pilot/T-COST-002/cards.csv,T-COST-002 黄金样例,,,keep,沿用 EVM 黄金样例，Front 短、Back 可判分，Extra 指向该公式或陷阱的具体理解。,ruankao ruankao::build::20260520_235046 ruankao::chapter::07 ruankao::domain::成本管理 ruankao::type::计算卡 ruankao::importance::A ruankao::difficulty::3 ruankao::review::keep ruankao::calculation ruankao::topic::T-COST-002,sha256:c2e6bf8d07c03f5aa49e3da1
软考::系统集成项目管理工程师::07_成本管理::专题问答卡::T-COST-002_挣值管理与成本绩效分析,RuankaoTopicCard,BAC=800，EV=300，AC=360。若仍要按 BAC 完工，TCPI 是多少？,TCPI=(800-300)/(800-360)=500/440≈1.14。,<div>理解：TCPI > 1 表示剩余工作必须比预算效率更高。</div><div>来源：T-COST-002 试制黄金样例 / 挣值管理专题</div>,calculation,计算卡,,,A,4,计算题,成本管理,07,成本管理,T-COST-002,挣值管理与成本绩效分析,SRC-T-COST-002-PILOT-029,anki_pilot/T-COST-002/cards.csv,T-COST-002 黄金样例,,,keep,沿用 EVM 黄金样例，Front 短、Back 可判分，Extra 指向该公式或陷阱的具体理解。,ruankao ruankao::build::20260520_235046 ruankao::chapter::07 ruankao::domain::成本管理 ruankao::type::计算卡 ruankao::importance::A ruankao::difficulty::4 ruankao::review::keep ruankao::calculation ruankao::topic::T-COST-002,sha256:030844bcb000ff566dd618c3
软考::系统集成项目管理工程师::07_成本管理::专题问答卡::T-COST-002_挣值管理与成本绩效分析,RuankaoTopicCard,PV=600，EV=540，AC=630，BAC=1200。计算 SPI/CPI 并判断状态。,SPI=540/600=0.9，进度滞后；CPI=540/630≈0.857，成本超支。,<div>理解：如果按当前 CPI 持续，EAC≈1200/0.857≈1400，预计超预算。</div><div>来源：T-COST-002 试制黄金样例 / 挣值管理专题</div>,calculation,计算卡,,,A,4,计算题,成本管理,07,成本管理,T-COST-002,挣值管理与成本绩效分析,SRC-T-COST-002-PILOT-030,anki_pilot/T-COST-002/cards.csv,T-COST-002 黄金样例,,,keep,沿用 EVM 黄金样例，Front 短、Back 可判分，Extra 指向该公式或陷阱的具体理解。,ruankao ruankao::build::20260520_235046 ruankao::chapter::07 ruankao::domain::成本管理 ruankao::type::计算卡 ruankao::importance::A ruankao::difficulty::4 ruankao::review::keep ruankao::calculation ruankao::topic::T-COST-002,sha256:7edc45cdf03c234c04b76b18
软考::系统集成项目管理工程师::07_成本管理::专题问答卡::T-COST-002_挣值管理与成本绩效分析,RuankaoTopicCard,PV=400，EV=320，AC=380。计算 SV、CV、SPI、CPI。,SV=-80；CV=-60；SPI=0.8；CPI≈0.842。,<div>理解：下午案例中还要写文字结论：进度滞后且成本超支。</div><div>来源：T-COST-002 试制黄金样例 / 挣值管理专题</div>,calculation,计算卡,,,A,3,计算题,成本管理,07,成本管理,T-COST-002,挣值管理与成本绩效分析,SRC-T-COST-002-PILOT-031,anki_pilot/T-COST-002/cards.csv,T-COST-002 黄金样例,,,keep,沿用 EVM 黄金样例，Front 短、Back 可判分，Extra 指向该公式或陷阱的具体理解。,ruankao ruankao::build::20260520_235046 ruankao::chapter::07 ruankao::domain::成本管理 ruankao::type::计算卡 ruankao::importance::A ruankao::difficulty::3 ruankao::review::keep ruankao::calculation ruankao::topic::T-COST-002,sha256:a2e5f072cf3c67ad959d8e5c
软考::系统集成项目管理工程师::07_成本管理::专题问答卡::T-COST-002_挣值管理与成本绩效分析,RuankaoTopicCard,只给 PV=25 万、AC=28 万，没有 EV。能否判断成本超支？,不能。信息不足。,<div>理解：成本偏差 CV=EV-AC，缺 EV 就不知道完成工作的预算价值。</div><div>来源：T-COST-002 试制黄金样例 / 挣值管理专题</div>,calculation,计算卡,,,A,3,计算题,成本管理,07,成本管理,T-COST-002,挣值管理与成本绩效分析,SRC-T-COST-002-PILOT-032,anki_pilot/T-COST-002/cards.csv,T-COST-002 黄金样例,,,keep,沿用 EVM 黄金样例，Front 短、Back 可判分，Extra 指向该公式或陷阱的具体理解。,ruankao ruankao::build::20260520_235046 ruankao::chapter::07 ruankao::domain::成本管理 ruankao::type::计算卡 ruankao::importance::A ruankao::difficulty::3 ruankao::review::keep ruankao::calculation ruankao::topic::T-COST-002,sha256:91221697bf23b39f8cd6d03f
软考::系统集成项目管理工程师::07_成本管理::专题问答卡::T-COST-002_挣值管理与成本绩效分析,RuankaoTopicCard,BAC=800，EAC=950。VAC 是多少？含义是什么？,VAC=800-950=-150，表示预计超预算 150。,<div>理解：VAC 是预测偏差，不是当前偏差。</div><div>来源：T-COST-002 试制黄金样例 / 挣值管理专题</div>,calculation,计算卡,,,A,2,计算题,成本管理,07,成本管理,T-COST-002,挣值管理与成本绩效分析,SRC-T-COST-002-PILOT-033,anki_pilot/T-COST-002/cards.csv,T-COST-002 黄金样例,,,keep,沿用 EVM 黄金样例，Front 短、Back 可判分，Extra 指向该公式或陷阱的具体理解。,ruankao ruankao::build::20260520_235046 ruankao::chapter::07 ruankao::domain::成本管理 ruankao::type::计算卡 ruankao::importance::A ruankao::difficulty::2 ruankao::review::keep ruankao::calculation ruankao::topic::T-COST-002,sha256:d96d6094171f912590fc7ef1
软考::系统集成项目管理工程师::07_成本管理::专题问答卡::T-COST-002_挣值管理与成本绩效分析,RuankaoTopicCard,CV 和 SV 的核心区别是什么？,CV 比较 EV 与 AC，判断成本；SV 比较 EV 与 PV，判断进度。,<div>理解：两者都是 EV 在前。CV 的对手是实际花费，SV 的对手是计划价值。</div><div>来源：T-COST-002 试制黄金样例 / 挣值管理专题</div>,topic_qa,辨析卡,,,A,2,上午选择,成本管理,07,成本管理,T-COST-002,挣值管理与成本绩效分析,SRC-T-COST-002-PILOT-034,anki_pilot/T-COST-002/cards.csv,T-COST-002 黄金样例,,,keep,沿用 EVM 黄金样例，Front 短、Back 可判分，Extra 指向该公式或陷阱的具体理解。,ruankao ruankao::build::20260520_235046 ruankao::chapter::07 ruankao::domain::成本管理 ruankao::type::辨析卡 ruankao::importance::A ruankao::difficulty::2 ruankao::review::keep ruankao::topic_qa ruankao::topic::T-COST-002,sha256:37cf5ee31e537c92a0114a01
软考::系统集成项目管理工程师::07_成本管理::专题问答卡::T-COST-002_挣值管理与成本绩效分析,RuankaoTopicCard,CPI 和 SPI 的核心区别是什么？,CPI=EV/AC 判断成本效率；SPI=EV/PV 判断进度效率。,<div>理解：CPI 看花钱效率，SPI 看完成计划效率。</div><div>来源：T-COST-002 试制黄金样例 / 挣值管理专题</div>,topic_qa,辨析卡,,,A,2,上午选择,成本管理,07,成本管理,T-COST-002,挣值管理与成本绩效分析,SRC-T-COST-002-PILOT-035,anki_pilot/T-COST-002/cards.csv,T-COST-002 黄金样例,,,keep,沿用 EVM 黄金样例，Front 短、Back 可判分，Extra 指向该公式或陷阱的具体理解。,ruankao ruankao::build::20260520_235046 ruankao::chapter::07 ruankao::domain::成本管理 ruankao::type::辨析卡 ruankao::importance::A ruankao::difficulty::2 ruankao::review::keep ruankao::topic_qa ruankao::topic::T-COST-002,sha256:ec6a99eb6afeedf282717cb4
软考::系统集成项目管理工程师::07_成本管理::专题问答卡::T-COST-002_挣值管理与成本绩效分析,RuankaoTopicCard,PV、EV、AC 三者分别回答什么问题？,PV：按计划应完成值多少；EV：实际完成值多少；AC：实际花了多少。,<div>理解：不要把 EV 当 AC。EV 是产出价值，AC 是投入成本。</div><div>来源：T-COST-002 试制黄金样例 / 挣值管理专题</div>,topic_qa,辨析卡,,,A,2,上午选择,成本管理,07,成本管理,T-COST-002,挣值管理与成本绩效分析,SRC-T-COST-002-PILOT-036,anki_pilot/T-COST-002/cards.csv,T-COST-002 黄金样例,,,keep,沿用 EVM 黄金样例，Front 短、Back 可判分，Extra 指向该公式或陷阱的具体理解。,ruankao ruankao::build::20260520_235046 ruankao::chapter::07 ruankao::domain::成本管理 ruankao::type::辨析卡 ruankao::importance::A ruankao::difficulty::2 ruankao::review::keep ruankao::topic_qa ruankao::topic::T-COST-002,sha256:e73b5d95deebd554edd7fe21
软考::系统集成项目管理工程师::07_成本管理::专题问答卡::T-COST-002_挣值管理与成本绩效分析,RuankaoTopicCard,成本超支和进度落后一定同时出现吗？,不一定。,<div>理解：可能进度落后但成本节约，也可能进度超前但成本超支。要分别看 CPI/CV 和 SPI/SV。</div><div>来源：T-COST-002 试制黄金样例 / 挣值管理专题</div>,topic_qa,辨析卡,,,A,2,上午选择,成本管理,07,成本管理,T-COST-002,挣值管理与成本绩效分析,SRC-T-COST-002-PILOT-037,anki_pilot/T-COST-002/cards.csv,T-COST-002 黄金样例,,,keep,沿用 EVM 黄金样例，Front 短、Back 可判分，Extra 指向该公式或陷阱的具体理解。,ruankao ruankao::build::20260520_235046 ruankao::chapter::07 ruankao::domain::成本管理 ruankao::type::辨析卡 ruankao::importance::A ruankao::difficulty::2 ruankao::review::keep ruankao::topic_qa ruankao::topic::T-COST-002,sha256:9c449655f46d1b4dd55a0ecc
软考::系统集成项目管理工程师::07_成本管理::专题问答卡::T-COST-002_挣值管理与成本绩效分析,RuankaoTopicCard,SV < 0 是否表示项目延误了具体多少天？,不是。SV 的单位是货币，表示完成的预算价值低于计划值。,<div>理解：要判断关键路径和具体工期，还需结合进度网络。</div><div>来源：T-COST-002 试制黄金样例 / 挣值管理专题</div>,topic_qa,辨析卡,,,A,3,上午选择,成本管理,07,成本管理,T-COST-002,挣值管理与成本绩效分析,SRC-T-COST-002-PILOT-038,anki_pilot/T-COST-002/cards.csv,T-COST-002 黄金样例,,,keep,沿用 EVM 黄金样例，Front 短、Back 可判分，Extra 指向该公式或陷阱的具体理解。,ruankao ruankao::build::20260520_235046 ruankao::chapter::07 ruankao::domain::成本管理 ruankao::type::辨析卡 ruankao::importance::A ruankao::difficulty::3 ruankao::review::keep ruankao::topic_qa ruankao::topic::T-COST-002,sha256:0536ef9c80022bda05e582ec
软考::系统集成项目管理工程师::07_成本管理::专题问答卡::T-COST-002_挣值管理与成本绩效分析,RuankaoTopicCard,SPI > 1 是否保证项目一定按期或提前完工？,不保证。,<div>理解：SPI 是总体工作量效率，不专门测关键路径。关键路径活动仍可能延误。</div><div>来源：T-COST-002 试制黄金样例 / 挣值管理专题</div>,topic_qa,辨析卡,,,A,4,上午选择,成本管理,07,成本管理,T-COST-002,挣值管理与成本绩效分析,SRC-T-COST-002-PILOT-039,anki_pilot/T-COST-002/cards.csv,T-COST-002 黄金样例,,,keep,沿用 EVM 黄金样例，Front 短、Back 可判分，Extra 指向该公式或陷阱的具体理解。,ruankao ruankao::build::20260520_235046 ruankao::chapter::07 ruankao::domain::成本管理 ruankao::type::辨析卡 ruankao::importance::A ruankao::difficulty::4 ruankao::review::keep ruankao::topic_qa ruankao::topic::T-COST-002,sha256:e85468cc5dc55960e2959cab
软考::系统集成项目管理工程师::07_成本管理::专题问答卡::T-COST-002_挣值管理与成本绩效分析,RuankaoTopicCard,典型偏差和非典型偏差如何区分？,典型偏差会持续影响后续；非典型偏差是一次性、偶然、已解决。,<div>理解：典型常用 EAC=BAC/CPI；非典型常用 EAC=AC+(BAC-EV)。</div><div>来源：T-COST-002 试制黄金样例 / 挣值管理专题</div>,topic_qa,辨析卡,,,A,3,上午选择,成本管理,07,成本管理,T-COST-002,挣值管理与成本绩效分析,SRC-T-COST-002-PILOT-040,anki_pilot/T-COST-002/cards.csv,T-COST-002 黄金样例,,,keep,沿用 EVM 黄金样例，Front 短、Back 可判分，Extra 指向该公式或陷阱的具体理解。,ruankao ruankao::build::20260520_235046 ruankao::chapter::07 ruankao::domain::成本管理 ruankao::type::辨析卡 ruankao::importance::A ruankao::difficulty::3 ruankao::review::keep ruankao::topic_qa ruankao::topic::T-COST-002,sha256:76f57c3e48803564e28529ab
软考::系统集成项目管理工程师::07_成本管理::专题问答卡::T-COST-002_挣值管理与成本绩效分析,RuankaoTopicCard,EAC 和 ETC 的区别是什么？,EAC 是预计完工总成本；ETC 是从现在到完工还需要的成本。,<div>理解：ETC=EAC-AC。</div><div>来源：T-COST-002 试制黄金样例 / 挣值管理专题</div>,topic_qa,辨析卡,,,A,2,上午选择,成本管理,07,成本管理,T-COST-002,挣值管理与成本绩效分析,SRC-T-COST-002-PILOT-041,anki_pilot/T-COST-002/cards.csv,T-COST-002 黄金样例,,,keep,沿用 EVM 黄金样例，Front 短、Back 可判分，Extra 指向该公式或陷阱的具体理解。,ruankao ruankao::build::20260520_235046 ruankao::chapter::07 ruankao::domain::成本管理 ruankao::type::辨析卡 ruankao::importance::A ruankao::difficulty::2 ruankao::review::keep ruankao::topic_qa ruankao::topic::T-COST-002,sha256:dd50b5f57db802e08f03ae58
软考::系统集成项目管理工程师::07_成本管理::专题问答卡::T-COST-002_挣值管理与成本绩效分析,RuankaoTopicCard,VAC 和 CV 的区别是什么？,CV 是当前成本偏差；VAC 是完工时预计偏差。,<div>理解：CV=EV-AC，VAC=BAC-EAC。一个看当前，一个看预测。</div><div>来源：T-COST-002 试制黄金样例 / 挣值管理专题</div>,topic_qa,辨析卡,,,A,3,上午选择,成本管理,07,成本管理,T-COST-002,挣值管理与成本绩效分析,SRC-T-COST-002-PILOT-042,anki_pilot/T-COST-002/cards.csv,T-COST-002 黄金样例,,,keep,沿用 EVM 黄金样例，Front 短、Back 可判分，Extra 指向该公式或陷阱的具体理解。,ruankao ruankao::build::20260520_235046 ruankao::chapter::07 ruankao::domain::成本管理 ruankao::type::辨析卡 ruankao::importance::A ruankao::difficulty::3 ruankao::review::keep ruankao::topic_qa ruankao::topic::T-COST-002,sha256:88f2632b5e1f94e58b0e2ace
软考::系统集成项目管理工程师::07_成本管理::专题问答卡::T-COST-002_挣值管理与成本绩效分析,RuankaoTopicCard,为什么只有 PV 和 AC 不能判断绩效？,因为缺少 EV，不知道实际完成工作的预算价值。,<div>理解：没有 EV，就无法计算 SV、CV、SPI、CPI。</div><div>来源：T-COST-002 试制黄金样例 / 挣值管理专题</div>,topic_qa,辨析卡,,,A,3,上午选择,成本管理,07,成本管理,T-COST-002,挣值管理与成本绩效分析,SRC-T-COST-002-PILOT-043,anki_pilot/T-COST-002/cards.csv,T-COST-002 黄金样例,,,keep,沿用 EVM 黄金样例，Front 短、Back 可判分，Extra 指向该公式或陷阱的具体理解。,ruankao ruankao::build::20260520_235046 ruankao::chapter::07 ruankao::domain::成本管理 ruankao::type::辨析卡 ruankao::importance::A ruankao::difficulty::3 ruankao::review::keep ruankao::topic_qa ruankao::topic::T-COST-002,sha256:828557d4db4594d8f7707ae3
软考::系统集成项目管理工程师::07_成本管理::专题问答卡::T-COST-002_挣值管理与成本绩效分析,RuankaoTopicCard,下午案例中给出 PV、EV、AC，答题第一步写什么？,先列公式并计算 SV、CV、SPI、CPI。,<div>理解：然后用文字判断：进度提前/滞后、成本节约/超支。不要只写数字。</div><div>来源：T-COST-002 试制黄金样例 / 挣值管理专题</div>,topic_qa,案例模板卡,,,B,3,上午选择,成本管理,07,成本管理,T-COST-002,挣值管理与成本绩效分析,SRC-T-COST-002-PILOT-044,anki_pilot/T-COST-002/cards.csv,T-COST-002 黄金样例,,,keep,沿用 EVM 黄金样例，Front 短、Back 可判分，Extra 指向该公式或陷阱的具体理解。,ruankao ruankao::build::20260520_235046 ruankao::chapter::07 ruankao::domain::成本管理 ruankao::type::案例模板卡 ruankao::importance::B ruankao::difficulty::3 ruankao::review::keep ruankao::topic_qa ruankao::topic::T-COST-002,sha256:c45a31159206e69f249fb941
软考::系统集成项目管理工程师::07_成本管理::专题问答卡::T-COST-002_挣值管理与成本绩效分析,RuankaoTopicCard,案例题中如何判断“成本超支”？,优先看 CV<0 或 CPI<1。,<div>理解：表达模板：CV 为负、CPI 小于 1，说明实际花费超过已完成工作的预算价值，项目成本超支。</div><div>来源：T-COST-002 试制黄金样例 / 挣值管理专题</div>,topic_qa,案例模板卡,,,B,3,上午选择,成本管理,07,成本管理,T-COST-002,挣值管理与成本绩效分析,SRC-T-COST-002-PILOT-045,anki_pilot/T-COST-002/cards.csv,T-COST-002 黄金样例,,,keep,沿用 EVM 黄金样例，Front 短、Back 可判分，Extra 指向该公式或陷阱的具体理解。,ruankao ruankao::build::20260520_235046 ruankao::chapter::07 ruankao::domain::成本管理 ruankao::type::案例模板卡 ruankao::importance::B ruankao::difficulty::3 ruankao::review::keep ruankao::topic_qa ruankao::topic::T-COST-002,sha256:6a6b17b39c45d9292ac22a55
软考::系统集成项目管理工程师::07_成本管理::专题问答卡::T-COST-002_挣值管理与成本绩效分析,RuankaoTopicCard,案例题中如何判断“进度落后”？,优先看 SV<0 或 SPI<1。,<div>理解：表达模板：SV 为负、SPI 小于 1，说明实际完成工作的预算价值低于计划值，项目进度落后。</div><div>来源：T-COST-002 试制黄金样例 / 挣值管理专题</div>,topic_qa,案例模板卡,,,B,3,上午选择,成本管理,07,成本管理,T-COST-002,挣值管理与成本绩效分析,SRC-T-COST-002-PILOT-046,anki_pilot/T-COST-002/cards.csv,T-COST-002 黄金样例,,,keep,沿用 EVM 黄金样例，Front 短、Back 可判分，Extra 指向该公式或陷阱的具体理解。,ruankao ruankao::build::20260520_235046 ruankao::chapter::07 ruankao::domain::成本管理 ruankao::type::案例模板卡 ruankao::importance::B ruankao::difficulty::3 ruankao::review::keep ruankao::topic_qa ruankao::topic::T-COST-002,sha256:e76ab7fbc32d09319fadb26e
软考::系统集成项目管理工程师::07_成本管理::专题问答卡::T-COST-002_挣值管理与成本绩效分析,RuankaoTopicCard,挣值案例题的完整答题链是什么？,计算指标 → 判断状态 → 预测 EAC/ETC/VAC → 分析原因 → 提出措施。,<div>理解：措施要对应原因，例如范围蔓延走变更控制，效率低做资源优化，关键路径延误考虑赶工/快速跟进。</div><div>来源：T-COST-002 试制黄金样例 / 挣值管理专题</div>,topic_qa,案例模板卡,,,B,4,上午选择,成本管理,07,成本管理,T-COST-002,挣值管理与成本绩效分析,SRC-T-COST-002-PILOT-047,anki_pilot/T-COST-002/cards.csv,T-COST-002 黄金样例,,,keep,沿用 EVM 黄金样例，Front 短、Back 可判分，Extra 指向该公式或陷阱的具体理解。,ruankao ruankao::build::20260520_235046 ruankao::chapter::07 ruankao::domain::成本管理 ruankao::type::案例模板卡 ruankao::importance::B ruankao::difficulty::4 ruankao::review::keep ruankao::topic_qa ruankao::topic::T-COST-002,sha256:5dbf1bcc0cbb02878a0311c7
软考::系统集成项目管理工程师::07_成本管理::专题问答卡::T-COST-002_挣值管理与成本绩效分析,RuankaoTopicCard,成本控制措施题应从哪些方面组织答案？,影响成本基准变更因素、确保变更获批、监督绩效、记录偏差、防止未批准变更、通知干系人、采取纠偏措施。,<div>理解：用自己的话写也可以，但要具体，避免只写“加强成本管理”。</div><div>来源：T-COST-002 试制黄金样例 / 挣值管理专题</div>,topic_qa,案例模板卡,,,B,4,上午选择,成本管理,07,成本管理,T-COST-002,挣值管理与成本绩效分析,SRC-T-COST-002-PILOT-048,anki_pilot/T-COST-002/cards.csv,T-COST-002 黄金样例,,,keep,沿用 EVM 黄金样例，Front 短、Back 可判分，Extra 指向该公式或陷阱的具体理解。,ruankao ruankao::build::20260520_235046 ruankao::chapter::07 ruankao::domain::成本管理 ruankao::type::案例模板卡 ruankao::importance::B ruankao::difficulty::4 ruankao::review::keep ruankao::topic_qa ruankao::topic::T-COST-002,sha256:c10321377a70ad39d338b8a6
软考::系统集成项目管理工程师::07_成本管理::专题问答卡::T-COST-002_挣值管理与成本绩效分析,RuankaoTopicCard,EVM 指标如何回到管理动作？,先判断偏差方向，再追根因，最后选择进度、成本、范围、变更和沟通措施。,<div>理解：例：SPI<1 可查关键路径和资源效率；CPI<1 可查返工、采购成本、范围蔓延。</div><div>来源：T-COST-002 试制黄金样例 / 挣值管理专题</div>,topic_qa,案例模板卡,,,B,4,上午选择,成本管理,07,成本管理,T-COST-002,挣值管理与成本绩效分析,SRC-T-COST-002-PILOT-049,anki_pilot/T-COST-002/cards.csv,T-COST-002 黄金样例,,,keep,沿用 EVM 黄金样例，Front 短、Back 可判分，Extra 指向该公式或陷阱的具体理解。,ruankao ruankao::build::20260520_235046 ruankao::chapter::07 ruankao::domain::成本管理 ruankao::type::案例模板卡 ruankao::importance::B ruankao::difficulty::4 ruankao::review::keep ruankao::topic_qa ruankao::topic::T-COST-002,sha256:bfeafe739ceb0e107e20de13
软考::系统集成项目管理工程师::07_成本管理::专题问答卡::T-COST-002_挣值管理与成本绩效分析,RuankaoTopicCard,陷阱：AC 大于 PV 是否一定成本超支？,不一定。,<div>理解：成本是否超支看 EV 与 AC，不是 PV 与 AC。缺 EV 时无法判断。</div><div>来源：T-COST-002 试制黄金样例 / 挣值管理专题</div>,topic_qa,陷阱卡,,,B,3,上午选择,成本管理,07,成本管理,T-COST-002,挣值管理与成本绩效分析,SRC-T-COST-002-PILOT-050,anki_pilot/T-COST-002/cards.csv,T-COST-002 黄金样例,,,keep,沿用 EVM 黄金样例，Front 短、Back 可判分，Extra 指向该公式或陷阱的具体理解。,ruankao ruankao::build::20260520_235046 ruankao::chapter::07 ruankao::domain::成本管理 ruankao::type::陷阱卡 ruankao::importance::B ruankao::difficulty::3 ruankao::review::keep ruankao::topic_qa ruankao::topic::T-COST-002,sha256:068e833e9d59173cb203b516
软考::系统集成项目管理工程师::07_成本管理::专题问答卡::T-COST-002_挣值管理与成本绩效分析,RuankaoTopicCard,陷阱：CPI < 1 的含义是什么？,成本超支或成本效率低。,<div>理解：不要理解成“完成了 1%”。CPI 是 EV/AC。</div><div>来源：T-COST-002 试制黄金样例 / 挣值管理专题</div>,topic_qa,陷阱卡,,,B,2,上午选择,成本管理,07,成本管理,T-COST-002,挣值管理与成本绩效分析,SRC-T-COST-002-PILOT-051,anki_pilot/T-COST-002/cards.csv,T-COST-002 黄金样例,,,keep,沿用 EVM 黄金样例，Front 短、Back 可判分，Extra 指向该公式或陷阱的具体理解。,ruankao ruankao::build::20260520_235046 ruankao::chapter::07 ruankao::domain::成本管理 ruankao::type::陷阱卡 ruankao::importance::B ruankao::difficulty::2 ruankao::review::keep ruankao::topic_qa ruankao::topic::T-COST-002,sha256:2aae381140149ac1494c3169
软考::系统集成项目管理工程师::07_成本管理::专题问答卡::T-COST-002_挣值管理与成本绩效分析,RuankaoTopicCard,陷阱：SPI < 1 的含义是什么？,进度滞后或进度效率低。,<div>理解：SPI 是 EV/PV，不是实际工期/计划工期。</div><div>来源：T-COST-002 试制黄金样例 / 挣值管理专题</div>,topic_qa,陷阱卡,,,B,2,上午选择,成本管理,07,成本管理,T-COST-002,挣值管理与成本绩效分析,SRC-T-COST-002-PILOT-052,anki_pilot/T-COST-002/cards.csv,T-COST-002 黄金样例,,,keep,沿用 EVM 黄金样例，Front 短、Back 可判分，Extra 指向该公式或陷阱的具体理解。,ruankao ruankao::build::20260520_235046 ruankao::chapter::07 ruankao::domain::成本管理 ruankao::type::陷阱卡 ruankao::importance::B ruankao::difficulty::2 ruankao::review::keep ruankao::topic_qa ruankao::topic::T-COST-002,sha256:d190d3a255ce54712fda5ccb
软考::系统集成项目管理工程师::07_成本管理::专题问答卡::T-COST-002_挣值管理与成本绩效分析,RuankaoTopicCard,陷阱：CV/SV 和 CPI/SPI 的量纲有什么不同？,CV/SV 是货币差值；CPI/SPI 是无量纲指数。,<div>理解：差值看绝对偏差，指数看效率比例。</div><div>来源：T-COST-002 试制黄金样例 / 挣值管理专题</div>,topic_qa,陷阱卡,,,B,2,上午选择,成本管理,07,成本管理,T-COST-002,挣值管理与成本绩效分析,SRC-T-COST-002-PILOT-053,anki_pilot/T-COST-002/cards.csv,T-COST-002 黄金样例,,,keep,沿用 EVM 黄金样例，Front 短、Back 可判分，Extra 指向该公式或陷阱的具体理解。,ruankao ruankao::build::20260520_235046 ruankao::chapter::07 ruankao::domain::成本管理 ruankao::type::陷阱卡 ruankao::importance::B ruankao::difficulty::2 ruankao::review::keep ruankao::topic_qa ruankao::topic::T-COST-002,sha256:32b7f7d00f8ea671447522c2
软考::系统集成项目管理工程师::07_成本管理::专题问答卡::T-COST-002_挣值管理与成本绩效分析,RuankaoTopicCard,陷阱：EV 是否等于实际成本？,不等于。EV 是实际完成工作的预算价值；AC 才是实际成本。,<div>理解：这是挣值题最常见坑。</div><div>来源：T-COST-002 试制黄金样例 / 挣值管理专题</div>,topic_qa,陷阱卡,,,B,2,上午选择,成本管理,07,成本管理,T-COST-002,挣值管理与成本绩效分析,SRC-T-COST-002-PILOT-054,anki_pilot/T-COST-002/cards.csv,T-COST-002 黄金样例,,,keep,沿用 EVM 黄金样例，Front 短、Back 可判分，Extra 指向该公式或陷阱的具体理解。,ruankao ruankao::build::20260520_235046 ruankao::chapter::07 ruankao::domain::成本管理 ruankao::type::陷阱卡 ruankao::importance::B ruankao::difficulty::2 ruankao::review::keep ruankao::topic_qa ruankao::topic::T-COST-002,sha256:50d3e46dc76d1aec6b3272fa
软考::系统集成项目管理工程师::07_成本管理::专题问答卡::T-COST-002_挣值管理与成本绩效分析,RuankaoTopicCard,陷阱：EAC 公式是不是固定只有一个？,不是。,<div>理解：EAC 取决于未来绩效假设：非典型、典型、重新估算、同时考虑进度成本等。</div><div>来源：T-COST-002 试制黄金样例 / 挣值管理专题</div>,topic_qa,陷阱卡,,,B,3,上午选择,成本管理,07,成本管理,T-COST-002,挣值管理与成本绩效分析,SRC-T-COST-002-PILOT-055,anki_pilot/T-COST-002/cards.csv,T-COST-002 黄金样例,,,keep,沿用 EVM 黄金样例，Front 短、Back 可判分，Extra 指向该公式或陷阱的具体理解。,ruankao ruankao::build::20260520_235046 ruankao::chapter::07 ruankao::domain::成本管理 ruankao::type::陷阱卡 ruankao::importance::B ruankao::difficulty::3 ruankao::review::keep ruankao::topic_qa ruankao::topic::T-COST-002,sha256:0c4d2efb6637864b7d3080bc
软考::系统集成项目管理工程师::07_成本管理::专题问答卡::T-COST-002_挣值管理与成本绩效分析,RuankaoTopicCard,陷阱：计算完 EVM 指标，案例题是否就答完了？,没有。,<div>理解：下午案例还要写状态判断、原因分析、预测和管理措施。只写公式通常不够。</div><div>来源：T-COST-002 试制黄金样例 / 挣值管理专题</div>,topic_qa,陷阱卡,,,B,3,上午选择,成本管理,07,成本管理,T-COST-002,挣值管理与成本绩效分析,SRC-T-COST-002-PILOT-056,anki_pilot/T-COST-002/cards.csv,T-COST-002 黄金样例,,,keep,沿用 EVM 黄金样例，Front 短、Back 可判分，Extra 指向该公式或陷阱的具体理解。,ruankao ruankao::build::20260520_235046 ruankao::chapter::07 ruankao::domain::成本管理 ruankao::type::陷阱卡 ruankao::importance::B ruankao::difficulty::3 ruankao::review::keep ruankao::topic_qa ruankao::topic::T-COST-002,sha256:8689b61762fbec51c6b39f5b
软考::系统集成项目管理工程师::计算专题卡::关键路径与时差,RuankaoTopicCard,关键路径计算：路径 A-C-F=12 天，A-D-G=15 天，B-E-G=14 天，关键路径和工期是什么？,关键路径是 A-D-G，项目最短工期 15 天。,<div>理解：列出所有路径并取总工期最长者。</div><div>来源：T-SCH-003 / topic_build_full 16_计算题专题</div>,calculation,计算卡,,,A,3,计算题,进度管理,06,进度管理,T-SCH-003,关键路径与时差,SRC-CALC-001,topic_build_full/topics/16_计算题专题,计算专题,,,keep,这张计算卡数据简单、Back 分步可判分，并补充了本题最容易错的判断点。,ruankao ruankao::build::20260520_235046 ruankao::chapter::06 ruankao::domain::进度管理 ruankao::type::计算卡 ruankao::importance::A ruankao::difficulty::3 ruankao::review::keep ruankao::calculation ruankao::topic::T-SCH-003,sha256:d72d4cab0055b0853b75147d
软考::系统集成项目管理工程师::计算专题卡::关键路径与时差,RuankaoTopicCard,活动 ES=5、EF=10、LS=8、LF=13，总时差是多少？,总时差 = LF-EF = 13-10 = 3 天，也可用 LS-ES = 3 天。,<div>理解：总时差看不延误项目完工的缓冲。</div><div>来源：T-SCH-003 / topic_build_full 16_计算题专题</div>,calculation,计算卡,,,A,3,计算题,进度管理,06,进度管理,T-SCH-003,关键路径与时差,SRC-CALC-002,topic_build_full/topics/16_计算题专题,计算专题,,,keep,这张计算卡数据简单、Back 分步可判分，并补充了本题最容易错的判断点。,ruankao ruankao::build::20260520_235046 ruankao::chapter::06 ruankao::domain::进度管理 ruankao::type::计算卡 ruankao::importance::A ruankao::difficulty::3 ruankao::review::keep ruankao::calculation ruankao::topic::T-SCH-003,sha256:343e3aca9366b64ddc482087
软考::系统集成项目管理工程师::计算专题卡::关键路径与时差,RuankaoTopicCard,活动 X 的 EF=10，紧后活动最早开始分别为 12 和 15，自由时差是多少？,"自由时差 = min(12,15)-10 = 2 天。",<div>理解：自由时差看不影响紧后活动最早开始。</div><div>来源：T-SCH-003 / topic_build_full 16_计算题专题</div>,calculation,计算卡,,,A,3,计算题,进度管理,06,进度管理,T-SCH-003,关键路径与时差,SRC-CALC-003,topic_build_full/topics/16_计算题专题,计算专题,,,keep,这张计算卡数据简单、Back 分步可判分，并补充了本题最容易错的判断点。,ruankao ruankao::build::20260520_235046 ruankao::chapter::06 ruankao::domain::进度管理 ruankao::type::计算卡 ruankao::importance::A ruankao::difficulty::3 ruankao::review::keep ruankao::calculation ruankao::topic::T-SCH-003,sha256:2ed749ca88eabbc0378572d6
软考::系统集成项目管理工程师::计算专题卡::关键路径与时差,RuankaoTopicCard,正推法遇到多个紧前活动时取最大还是最小？,取最大 EF 作为本活动 ES。,<div>理解：多个紧前都完成后才能开始，所以取最大。</div><div>来源：T-SCH-003 / topic_build_full 16_计算题专题</div>,calculation,陷阱卡,,,A,3,计算题,进度管理,06,进度管理,T-SCH-003,关键路径与时差,SRC-CALC-004,topic_build_full/topics/16_计算题专题,计算专题,,,keep,这张计算卡数据简单、Back 分步可判分，并补充了本题最容易错的判断点。,ruankao ruankao::build::20260520_235046 ruankao::chapter::06 ruankao::domain::进度管理 ruankao::type::陷阱卡 ruankao::importance::A ruankao::difficulty::3 ruankao::review::keep ruankao::calculation ruankao::topic::T-SCH-003,sha256:75ea9ce1672879e5f56292c9
软考::系统集成项目管理工程师::计算专题卡::关键路径与时差,RuankaoTopicCard,逆推法遇到多个紧后活动时取最大还是最小？,取最小 LS 作为本活动 LF。,<div>理解：要保证所有紧后活动都不被延误，所以取最小。</div><div>来源：T-SCH-003 / topic_build_full 16_计算题专题</div>,calculation,陷阱卡,,,A,3,计算题,进度管理,06,进度管理,T-SCH-003,关键路径与时差,SRC-CALC-005,topic_build_full/topics/16_计算题专题,计算专题,,,keep,这张计算卡数据简单、Back 分步可判分，并补充了本题最容易错的判断点。,ruankao ruankao::build::20260520_235046 ruankao::chapter::06 ruankao::domain::进度管理 ruankao::type::陷阱卡 ruankao::importance::A ruankao::difficulty::3 ruankao::review::keep ruankao::calculation ruankao::topic::T-SCH-003,sha256:07482f701c71d7d1b2f4dbe6
软考::系统集成项目管理工程师::计算专题卡::PERT 三点估算,RuankaoTopicCard,乐观 3 天、最可能 4 天、悲观 8 天，PERT 期望工期是多少？,(3+4×4+8)/6 = 4.5 天。,<div>理解：PERT 期望值 = (O+4M+P)/6。</div><div>来源：T-SCH-002 / topic_build_full 16_计算题专题</div>,calculation,计算卡,,,A,3,计算题,进度管理,06,进度管理,T-SCH-002,PERT 三点估算,SRC-CALC-006,topic_build_full/topics/16_计算题专题,计算专题,,,keep,这张计算卡数据简单、Back 分步可判分，并补充了本题最容易错的判断点。,ruankao ruankao::build::20260520_235046 ruankao::chapter::06 ruankao::domain::进度管理 ruankao::type::计算卡 ruankao::importance::A ruankao::difficulty::3 ruankao::review::keep ruankao::calculation ruankao::topic::T-SCH-002,sha256:68b5bcb39af72d6bc6e5f84c
软考::系统集成项目管理工程师::计算专题卡::PERT 三点估算,RuankaoTopicCard,两个子任务 PERT 期望分别为 4.5 天和 6.5 天，总估算历时是多少？,总估算历时 = 4.5+6.5 = 11 天。,<div>理解：串行子任务的期望历时相加。</div><div>来源：T-SCH-002 / topic_build_full 16_计算题专题</div>,calculation,计算卡,,,A,3,计算题,进度管理,06,进度管理,T-SCH-002,PERT 三点估算,SRC-CALC-007,topic_build_full/topics/16_计算题专题,计算专题,,,keep,这张计算卡数据简单、Back 分步可判分，并补充了本题最容易错的判断点。,ruankao ruankao::build::20260520_235046 ruankao::chapter::06 ruankao::domain::进度管理 ruankao::type::计算卡 ruankao::importance::A ruankao::difficulty::3 ruankao::review::keep ruankao::calculation ruankao::topic::T-SCH-002,sha256:6ae24b18c2022cad846bb9c6
软考::系统集成项目管理工程师::计算专题卡::沟通渠道,RuankaoTopicCard,项目团队 6 人，潜在沟通渠道数是多少？,6×5/2 = 15 条。,<div>理解：沟通渠道数 = n(n-1)/2。</div><div>来源：T-COM-001 / topic_build_full 16_计算题专题</div>,calculation,计算卡,,,A,3,计算题,人力资源与沟通管理,09,人力资源与沟通管理,T-COM-001,沟通渠道,SRC-CALC-008,topic_build_full/topics/16_计算题专题,计算专题,,,keep,这张计算卡数据简单、Back 分步可判分，并补充了本题最容易错的判断点。,ruankao ruankao::build::20260520_235046 ruankao::chapter::09 ruankao::domain::人力资源与沟通管理 ruankao::type::计算卡 ruankao::importance::A ruankao::difficulty::3 ruankao::review::keep ruankao::calculation ruankao::topic::T-COM-001,sha256:bb67cb140843994ad9f45a18
软考::系统集成项目管理工程师::计算专题卡::沟通渠道,RuankaoTopicCard,团队从 5 人增加到 6 人，沟通渠道增加多少？,5 人为 10 条，6 人为 15 条，增加 5 条。,<div>理解：新增 1 人会与原 5 人形成 5 条新渠道。</div><div>来源：T-COM-001 / topic_build_full 16_计算题专题</div>,calculation,计算卡,,,A,3,计算题,人力资源与沟通管理,09,人力资源与沟通管理,T-COM-001,沟通渠道,SRC-CALC-009,topic_build_full/topics/16_计算题专题,计算专题,,,keep,这张计算卡数据简单、Back 分步可判分，并补充了本题最容易错的判断点。,ruankao ruankao::build::20260520_235046 ruankao::chapter::09 ruankao::domain::人力资源与沟通管理 ruankao::type::计算卡 ruankao::importance::A ruankao::difficulty::3 ruankao::review::keep ruankao::calculation ruankao::topic::T-COM-001,sha256:4a22ce1a64a4d5c0d7444645
软考::系统集成项目管理工程师::计算专题卡::EMV 与决策树,RuankaoTopicCard,某风险发生概率 30%，损失 10 万元，EMV 是多少？,EMV = 0.3 × (-10) = -3 万元。,<div>理解：威胁通常按负值处理。</div><div>来源：T-RISK-002 / topic_build_full 16_计算题专题</div>,calculation,计算卡,,,A,3,计算题,干系人与风险管理,10,干系人与风险管理,T-RISK-002,EMV 与决策树,SRC-CALC-010,topic_build_full/topics/16_计算题专题,计算专题,,,keep,这张计算卡数据简单、Back 分步可判分，并补充了本题最容易错的判断点。,ruankao ruankao::build::20260520_235046 ruankao::chapter::10 ruankao::domain::干系人与风险管理 ruankao::type::计算卡 ruankao::importance::A ruankao::difficulty::3 ruankao::review::keep ruankao::calculation ruankao::topic::T-RISK-002,sha256:dbf919947f02e6e62296cd7d
软考::系统集成项目管理工程师::计算专题卡::EMV 与决策树,RuankaoTopicCard,方案 A 有 60% 概率收益 20 万、40% 概率损失 5 万，EMV 是多少？,EMV = 0.6×20 + 0.4×(-5) = 10 万元。,<div>理解：机会和威胁要带符号求和。</div><div>来源：T-RISK-002 / topic_build_full 16_计算题专题</div>,calculation,计算卡,,,A,3,计算题,干系人与风险管理,10,干系人与风险管理,T-RISK-002,EMV 与决策树,SRC-CALC-011,topic_build_full/topics/16_计算题专题,计算专题,,,keep,这张计算卡数据简单、Back 分步可判分，并补充了本题最容易错的判断点。,ruankao ruankao::build::20260520_235046 ruankao::chapter::10 ruankao::domain::干系人与风险管理 ruankao::type::计算卡 ruankao::importance::A ruankao::difficulty::3 ruankao::review::keep ruankao::calculation ruankao::topic::T-RISK-002,sha256:86c9038e4d8ca5f429cad9f7
软考::系统集成项目管理工程师::待核验与复查,RuankaoTopicCard,投资回收期类数字为什么本轮不进入主复习？,具体公式口径和教材版本需核验，先进入待核验。,<div>理解：经济评价公式涉及教材口径，不强行背。</div><div>来源：T-FEA-001 / topic_build_full 16_计算题专题</div>,calculation,待核验卡,,,C,3,待核验,立项管理,03,立项管理,T-FEA-001,经济评价基础,SRC-CALC-012,topic_build_full/topics/16_计算题专题,计算专题,,,needs_human_review,经济评价公式涉及教材口径，先隔离待人工核验。,ruankao ruankao::build::20260520_235046 ruankao::chapter::03 ruankao::domain::立项管理 ruankao::type::待核验卡 ruankao::importance::C ruankao::difficulty::3 ruankao::review::needs_human_review ruankao::calculation ruankao::topic::T-FEA-001 ruankao::needs_review ruankao::not_for_main_review,sha256:171e244add9d3ad3e1a19710
软考::系统集成项目管理工程师::真题刷题卡::上午选择题,RuankaoTopicCard,"【2019 下半年 上午 第 2 题】以下哪项不属于供应链系统设计的原则？
A. 分析市场需求和竞争环境
B. 自顶向下和自底向上相结合
C. 简洁
D. 取长补短",<div>【答案】</div><div>A</div>,<div>为什么选 A：供应链系统设计原则包括自顶向下和自底向上结合、简洁、取长补短等；分析市场需求和竞争环境更偏战略分析。</div><div>错项分析：请先按题干信号排除与题目对象不匹配的选项；本卡保留原选项用于刷题。</div><div>题干信号：以下哪项不属于供应链系统设计的原则？</div><div>关联专题：T-INFO-002</div><div>可迁移考点：信息系统技术基础</div>,question,真题刷题卡,,,A,3,上午选择,信息系统技术基础,13,信息系统技术基础,T-INFO-002,信息系统技术基础,SRC-Q-2019-H2-AM-Q02,questions.full.clean.md,2019-H2-AM-Q02,2019-H2-AM-Q02,T-INFO-002,keep,题干、四个选项和答案边界在源材料附近可定位；Back 只给答案，Extra 解释选择理由和迁移考点。,ruankao ruankao::build::20260520_235046 ruankao::chapter::13 ruankao::domain::信息系统技术基础 ruankao::type::真题刷题卡 ruankao::importance::A ruankao::difficulty::3 ruankao::review::keep ruankao::question ruankao::source::past_exam ruankao::topic::T-INFO-002 ruankao::question_id::2019-H2-AM-Q02,sha256:48086ae5703d415da0044fc8
软考::系统集成项目管理工程师::真题刷题卡::上午选择题,RuankaoTopicCard,"【2019 下半年 上午 第 3 题】在 ERP 系统中，不属于物流管理模块功能的是哪项？
A. 库存控制
B. 销售管理
C. 物料需求计划管理
D. 采购管理",<div>【答案】</div><div>C</div>,<div>为什么选 C：ERP 物流管理常含销售、库存、采购；物料需求计划更偏生产控制管理。</div><div>错项分析：请先按题干信号排除与题目对象不匹配的选项；本卡保留原选项用于刷题。</div><div>题干信号：在 ERP 系统中，不属于物流管理模块功能的是哪项？</div><div>关联专题：T-INFO-002</div><div>可迁移考点：信息系统技术基础</div>,question,真题刷题卡,,,A,3,上午选择,信息系统技术基础,13,信息系统技术基础,T-INFO-002,信息系统技术基础,SRC-Q-2019-H2-AM-Q03,questions.full.clean.md,2019-H2-AM-Q03,2019-H2-AM-Q03,T-INFO-002,keep,题干、四个选项和答案边界在源材料附近可定位；Back 只给答案，Extra 解释选择理由和迁移考点。,ruankao ruankao::build::20260520_235046 ruankao::chapter::13 ruankao::domain::信息系统技术基础 ruankao::type::真题刷题卡 ruankao::importance::A ruankao::difficulty::3 ruankao::review::keep ruankao::question ruankao::source::past_exam ruankao::topic::T-INFO-002 ruankao::question_id::2019-H2-AM-Q03,sha256:ad646583418b2eb3e9faed40
软考::系统集成项目管理工程师::真题刷题卡::上午选择题,RuankaoTopicCard,"【2019 下半年 上午 第 4 题】哪项准确说明了 CRM 的定位？
A. CRM 注重提高客户满意度，也把帮助企业提高获利能力作为重要指标
B. CRM 有统一客户数据库
C. CRM 提供销售、服务和营销自动化工具
D. CRM 应有可扩展性并可分类客户数据",<div>【答案】</div><div>A</div>,<div>为什么选 A：B/C/D 更偏 CRM 功能、设计原则或数据分类；A 更能概括 CRM 的经营定位。</div><div>错项分析：请先按题干信号排除与题目对象不匹配的选项；本卡保留原选项用于刷题。</div><div>题干信号：哪项准确说明了 CRM 的定位？</div><div>关联专题：T-INFO-002</div><div>可迁移考点：信息系统技术基础</div>,question,真题刷题卡,,,A,3,上午选择,信息系统技术基础,13,信息系统技术基础,T-INFO-002,信息系统技术基础,SRC-Q-2019-H2-AM-Q04,questions.full.clean.md,2019-H2-AM-Q04,2019-H2-AM-Q04,T-INFO-002,keep,题干、四个选项和答案边界在源材料附近可定位；Back 只给答案，Extra 解释选择理由和迁移考点。,ruankao ruankao::build::20260520_235046 ruankao::chapter::13 ruankao::domain::信息系统技术基础 ruankao::type::真题刷题卡 ruankao::importance::A ruankao::difficulty::3 ruankao::review::keep ruankao::question ruankao::source::past_exam ruankao::topic::T-INFO-002 ruankao::question_id::2019-H2-AM-Q04,sha256:011c372250b5628d78bcfeeb
软考::系统集成项目管理工程师::真题刷题卡::上午选择题,RuankaoTopicCard,"【2019 下半年 上午 第 5 题】通过搜集、管理和分析商业信息，使决策者获得洞察并做出有利决策的技术是？
A. CRM
B. OA
C. ERP
D. BI",<div>【答案】</div><div>D</div>,<div>为什么选 D：题干“商业信息分析、洞察、支持决策”是 BI 的典型信号。</div><div>错项分析：请先按题干信号排除与题目对象不匹配的选项；本卡保留原选项用于刷题。</div><div>题干信号：通过搜集、管理和分析商业信息，使决策者获得洞察并做出有利决策的技术是？</div><div>关联专题：T-INFO-002</div><div>可迁移考点：信息系统技术基础</div>,question,真题刷题卡,,,A,3,上午选择,信息系统技术基础,13,信息系统技术基础,T-INFO-002,信息系统技术基础,SRC-Q-2019-H2-AM-Q05,questions.full.clean.md,2019-H2-AM-Q05,2019-H2-AM-Q05,T-INFO-002,keep,题干、四个选项和答案边界在源材料附近可定位；Back 只给答案，Extra 解释选择理由和迁移考点。,ruankao ruankao::build::20260520_235046 ruankao::chapter::13 ruankao::domain::信息系统技术基础 ruankao::type::真题刷题卡 ruankao::importance::A ruankao::difficulty::3 ruankao::review::keep ruankao::question ruankao::source::past_exam ruankao::topic::T-INFO-002 ruankao::question_id::2019-H2-AM-Q05,sha256:913ecfb520003c78dd9a0f1d
软考::系统集成项目管理工程师::真题刷题卡::上午选择题,RuankaoTopicCard,"【2019 下半年 上午 第 7 题】以质量为中心的信息系统工程控制管理三方不包括哪项？
A. 主建方
B. 承建方
C. 评测单位
D. 监理单位",<div>【答案】</div><div>C</div>,<div>为什么选 C：材料说明三方为主建方、承建方和监理单位，不含评测单位。</div><div>错项分析：请先按题干信号排除与题目对象不匹配的选项；本卡保留原选项用于刷题。</div><div>题干信号：以质量为中心的信息系统工程控制管理三方不包括哪项？</div><div>关联专题：T-QUAL-001</div><div>可迁移考点：质量管理</div>,question,真题刷题卡,,,A,3,上午选择,质量管理,08,质量管理,T-QUAL-001,质量管理,SRC-Q-2019-H2-AM-Q07,questions.full.clean.md,2019-H2-AM-Q07,2019-H2-AM-Q07,T-QUAL-001,keep,题干、四个选项和答案边界在源材料附近可定位；Back 只给答案，Extra 解释选择理由和迁移考点。,ruankao ruankao::build::20260520_235046 ruankao::chapter::08 ruankao::domain::质量管理 ruankao::type::真题刷题卡 ruankao::importance::A ruankao::difficulty::3 ruankao::review::keep ruankao::question ruankao::source::past_exam ruankao::topic::T-QUAL-001 ruankao::question_id::2019-H2-AM-Q07,sha256:1f79f95f44dd2c423d81df5a
软考::系统集成项目管理工程师::真题刷题卡::上午选择题,RuankaoTopicCard,"【2019 下半年 上午 第 8 题】典型信息系统项目开发过程中，哪个阶段拟定系统目标、范围和要求？
A. 概要设计
B. 需求分析
C. 详细设计
D. 程序设计",<div>【答案】</div><div>B</div>,<div>为什么选 B：需求分析回答系统要做什么，并明确目标、范围和要求。</div><div>错项分析：请先按题干信号排除与题目对象不匹配的选项；本卡保留原选项用于刷题。</div><div>题干信号：典型信息系统项目开发过程中，哪个阶段拟定系统目标、范围和要求？</div><div>关联专题：T-INFO-001</div><div>可迁移考点：信息化与信息系统</div>,question,真题刷题卡,,,A,3,上午选择,信息化与信息系统,01,信息化与信息系统,T-INFO-001,信息化与信息系统,SRC-Q-2019-H2-AM-Q08,questions.full.clean.md,2019-H2-AM-Q08,2019-H2-AM-Q08,T-INFO-001,keep,题干、四个选项和答案边界在源材料附近可定位；Back 只给答案，Extra 解释选择理由和迁移考点。,ruankao ruankao::build::20260520_235046 ruankao::chapter::01 ruankao::domain::信息化与信息系统 ruankao::type::真题刷题卡 ruankao::importance::A ruankao::difficulty::3 ruankao::review::keep ruankao::question ruankao::source::past_exam ruankao::topic::T-INFO-001 ruankao::question_id::2019-H2-AM-Q08,sha256:f47dce0dcb5b629eadaf43e7
软考::系统集成项目管理工程师::真题刷题卡::上午选择题,RuankaoTopicCard,"【2010 上半年 上午 第 33 题】集成项目包括软件开发和现场安装调试，关于生命周期的说法正确的是？
A. 软件开发团队可把软件开发和现场安装调试视为两个不同项目/阶段
B. 需求确认前不能开发
C. 启动计划执行监督收尾最适合作为生命周期
D. 项目内部只能有一个生命周期模型",<div>【答案】</div><div>A</div>,<div>为什么选 A：材料解析明确站在软件团队负责人立场，可把软件开发和现场安装调试视为不同项目或阶段。</div><div>错项分析：请先按题干信号排除与题目对象不匹配的选项；本卡保留原选项用于刷题。</div><div>题干信号：集成项目包括软件开发和现场安装调试，关于生命周期的说法正确的是？</div><div>关联专题：T-PM-002</div><div>可迁移考点：项目管理基础</div>,question,真题刷题卡,,,A,3,上午选择,项目管理基础,02,项目管理基础,T-PM-002,项目管理基础,SRC-Q-2010-H1-AM-Q33,questions.full.clean.md,2010-H1-AM-Q33,2010-H1-AM-Q33,T-PM-002,keep,题干、四个选项和答案边界在源材料附近可定位；Back 只给答案，Extra 解释选择理由和迁移考点。,ruankao ruankao::build::20260520_235046 ruankao::chapter::02 ruankao::domain::项目管理基础 ruankao::type::真题刷题卡 ruankao::importance::A ruankao::difficulty::3 ruankao::review::keep ruankao::question ruankao::source::past_exam ruankao::topic::T-PM-002 ruankao::question_id::2010-H1-AM-Q33,sha256:75e39b5322aaad3f2d8ba805
软考::系统集成项目管理工程师::真题刷题卡::上午选择题,RuankaoTopicCard,"【2010 上半年 上午 第 34 题】关于企业组织类别，正确的是？
A. 职能型组织中不会有项目组织
B. 职能型和项目型运作方式完全不同
C. 通常只分职能型和项目型
D. 职能型组织内可以有项目存在，项目通常在职能部门内部运作",<div>【答案】</div><div>D</div>,<div>为什么选 D：职能型组织也可以存在项目，只是项目通常在职能部门内部运作。</div><div>错项分析：请先按题干信号排除与题目对象不匹配的选项；本卡保留原选项用于刷题。</div><div>题干信号：关于企业组织类别，正确的是？</div><div>关联专题：T-ORG-001</div><div>可迁移考点：综合专题与跨域辨析</div>,question,真题刷题卡,,,A,3,上午选择,综合专题与跨域辨析,99,综合专题与跨域辨析,T-ORG-001,综合专题与跨域辨析,SRC-Q-2010-H1-AM-Q34,questions.full.clean.md,2010-H1-AM-Q34,2010-H1-AM-Q34,T-ORG-001,keep,题干、四个选项和答案边界在源材料附近可定位；Back 只给答案，Extra 解释选择理由和迁移考点。,ruankao ruankao::build::20260520_235046 ruankao::chapter::99 ruankao::domain::综合专题与跨域辨析 ruankao::type::真题刷题卡 ruankao::importance::A ruankao::difficulty::3 ruankao::review::keep ruankao::question ruankao::source::past_exam ruankao::topic::T-ORG-001 ruankao::question_id::2010-H1-AM-Q34,sha256:3f126fe336a86ad3d7b85f1a
软考::系统集成项目管理工程师::真题刷题卡::上午选择题,RuankaoTopicCard,"【2010 上半年 上午 第 35 题】张工同时在其他项目担任重要角色，为避免资源冲突，资源估算时应提交什么？
A. 专家评审意见
B. 活动属性
C. 资源类比估算清单
D. 活动资源日历",<div>【答案】</div><div>D</div>,<div>为什么选 D：题干核心是资源时间冲突，活动资源日历用于反映资源可用时间。</div><div>错项分析：请先按题干信号排除与题目对象不匹配的选项；本卡保留原选项用于刷题。</div><div>题干信号：张工同时在其他项目担任重要角色，为避免资源冲突，资源估算时应提交什么？</div><div>关联专题：T-HR-001</div><div>可迁移考点：人力资源与沟通管理</div>,question,真题刷题卡,,,A,3,上午选择,人力资源与沟通管理,09,人力资源与沟通管理,T-HR-001,人力资源与沟通管理,SRC-Q-2010-H1-AM-Q35,questions.full.clean.md,2010-H1-AM-Q35,2010-H1-AM-Q35,T-HR-001,keep,题干、四个选项和答案边界在源材料附近可定位；Back 只给答案，Extra 解释选择理由和迁移考点。,ruankao ruankao::build::20260520_235046 ruankao::chapter::09 ruankao::domain::人力资源与沟通管理 ruankao::type::真题刷题卡 ruankao::importance::A ruankao::difficulty::3 ruankao::review::keep ruankao::question ruankao::source::past_exam ruankao::topic::T-HR-001 ruankao::question_id::2010-H1-AM-Q35,sha256:a32621915f7243f83c57ac67
软考::系统集成项目管理工程师::真题刷题卡::上午选择题,RuankaoTopicCard,"【2010 上半年 上午 第 36 题】子任务 I 乐观3、最可能4、悲观8；子任务 II 乐观5、最可能6、悲观10。任务估算历时为？
A. 10
B. 11
C. 12
D. 13",<div>【答案】</div><div>B</div>,<div>为什么选 B：PERT 期望：I=(3+4×4+8)/6=4.5，II=(5+4×6+10)/6=6.5，总计 11。</div><div>错项分析：请先按题干信号排除与题目对象不匹配的选项；本卡保留原选项用于刷题。</div><div>题干信号：子任务 I 乐观3、最可能4、悲观8；子任务 II 乐观5、最可能6、悲观10。</div><div>关联专题：T-SCH-003</div><div>可迁移考点：进度管理</div>,question,真题刷题卡,,,A,3,上午选择,进度管理,06,进度管理,T-SCH-003,进度管理,SRC-Q-2010-H1-AM-Q36,questions.full.clean.md,2010-H1-AM-Q36,2010-H1-AM-Q36,T-SCH-003,keep,题干、四个选项和答案边界在源材料附近可定位；Back 只给答案，Extra 解释选择理由和迁移考点。,ruankao ruankao::build::20260520_235046 ruankao::chapter::06 ruankao::domain::进度管理 ruankao::type::真题刷题卡 ruankao::importance::A ruankao::difficulty::3 ruankao::review::keep ruankao::question ruankao::source::past_exam ruankao::topic::T-SCH-003 ruankao::question_id::2010-H1-AM-Q36,sha256:3b1e9730bdd50d655d959dad
软考::系统集成项目管理工程师::真题刷题卡::上午选择题,RuankaoTopicCard,"【2010 上半年 上午 第 38 题】WBS 分解完成后，哪种做法不正确？
A. 范围管理计划可在项目管理计划中说明
B. 范围定义记录交付信息系统的过程和结果
C. 范围定义后开始 WBS 分解
D. WBS 完成后成员马上按 WBS 活动开展工作",<div>【答案】</div><div>D</div>,<div>为什么选 D：WBS 后还要活动定义、排序、资源估算、历时估算和进度计划，不能马上按工作包开工。</div><div>错项分析：请先按题干信号排除与题目对象不匹配的选项；本卡保留原选项用于刷题。</div><div>题干信号：WBS 分解完成后，哪种做法不正确？</div><div>关联专题：T-SCOPE-002</div><div>可迁移考点：范围管理</div>,question,真题刷题卡,,,A,3,上午选择,范围管理,05,范围管理,T-SCOPE-002,范围管理,SRC-Q-2010-H1-AM-Q38,questions.full.clean.md,2010-H1-AM-Q38,2010-H1-AM-Q38,T-SCOPE-002,keep,题干、四个选项和答案边界在源材料附近可定位；Back 只给答案，Extra 解释选择理由和迁移考点。,ruankao ruankao::build::20260520_235046 ruankao::chapter::05 ruankao::domain::范围管理 ruankao::type::真题刷题卡 ruankao::importance::A ruankao::difficulty::3 ruankao::review::keep ruankao::question ruankao::source::past_exam ruankao::topic::T-SCOPE-002 ruankao::question_id::2010-H1-AM-Q38,sha256:900652ff2bade84606bff5e9
软考::系统集成项目管理工程师::真题刷题卡::上午选择题,RuankaoTopicCard,"【未知年份 上午 第 2 题】瀑布模型中，系统测试阶段的目标主要来自哪个阶段定义的规划？
A. 问题定义
B. 可行性研究
C. 软件需求分析
D. 系统总体设计",<div>【答案】</div><div>C</div>,<div>为什么选 C：系统测试验证系统是否满足需求规格，因此目标来自软件需求分析。</div><div>错项分析：请先按题干信号排除与题目对象不匹配的选项；本卡保留原选项用于刷题。</div><div>题干信号：瀑布模型中，系统测试阶段的目标主要来自哪个阶段定义的规划？</div><div>关联专题：T-INFO-001</div><div>可迁移考点：信息化与信息系统</div>,question,真题刷题卡,,,A,3,上午选择,信息化与信息系统,01,信息化与信息系统,T-INFO-001,信息化与信息系统,SRC-Q-UNKNOWN-AM-Q-WATERFALL-ST,questions.full.clean.md,UNKNOWN-AM-Q-WATERFALL-ST,UNKNOWN-AM-Q-WATERFALL-ST,T-INFO-001,keep,题干、四个选项和答案边界在源材料附近可定位；Back 只给答案，Extra 解释选择理由和迁移考点。,ruankao ruankao::build::20260520_235046 ruankao::chapter::01 ruankao::domain::信息化与信息系统 ruankao::type::真题刷题卡 ruankao::importance::A ruankao::difficulty::3 ruankao::review::keep ruankao::question ruankao::source::past_exam ruankao::topic::T-INFO-001 ruankao::question_id::UNKNOWN-AM-Q-WATERFALL-ST,sha256:48e225d1c7269f4471a79737
软考::系统集成项目管理工程师::真题刷题卡::上午选择题,RuankaoTopicCard,"【未知年份 上午 第 3 题】项目早期不确定因素多、参与人员不能完全理解范围和需求，采用哪类模型更合适？
A. 增量迭代模型或螺旋模型
B. 瀑布模型
C. 面向对象模型或快速模型
D. 部分并行瀑布模型",<div>【答案】</div><div>A</div>,<div>为什么选 A：需求不明确且风险较大，增量迭代或螺旋模型更能逐步澄清并处理风险。</div><div>错项分析：请先按题干信号排除与题目对象不匹配的选项；本卡保留原选项用于刷题。</div><div>题干信号：项目早期不确定因素多、参与人员不能完全理解范围和需求，采用哪类模型更合适？</div><div>关联专题：T-INFO-001</div><div>可迁移考点：信息化与信息系统</div>,question,真题刷题卡,,,A,3,上午选择,信息化与信息系统,01,信息化与信息系统,T-INFO-001,信息化与信息系统,SRC-Q-UNKNOWN-AM-Q-RISK-MODEL,questions.full.clean.md,UNKNOWN-AM-Q-RISK-MODEL,UNKNOWN-AM-Q-RISK-MODEL,T-INFO-001,keep,题干、四个选项和答案边界在源材料附近可定位；Back 只给答案，Extra 解释选择理由和迁移考点。,ruankao ruankao::build::20260520_235046 ruankao::chapter::01 ruankao::domain::信息化与信息系统 ruankao::type::真题刷题卡 ruankao::importance::A ruankao::difficulty::3 ruankao::review::keep ruankao::question ruankao::source::past_exam ruankao::topic::T-INFO-001 ruankao::question_id::UNKNOWN-AM-Q-RISK-MODEL,sha256:cb5264ff7e663bc655fb0b25
软考::系统集成项目管理工程师::真题刷题卡::上午选择题,RuankaoTopicCard,"【未知年份 上午 第 4 题】企业通过网页向消费者提供记次收费的信息浏览和下载，属于哪种电子商务模式？
A. B2B 在线付费浏览
B. B2C 在线付费浏览
C. C2C 在线付费浏览
D. 实物商品消费",<div>【答案】</div><div>B</div>,<div>为什么选 B：企业 Business 面向消费者 Customer，属于 B2C。</div><div>错项分析：请先按题干信号排除与题目对象不匹配的选项；本卡保留原选项用于刷题。</div><div>题干信号：企业通过网页向消费者提供记次收费的信息浏览和下载，属于哪种电子商务模式？</div><div>关联专题：T-INFO-001</div><div>可迁移考点：信息化与信息系统</div>,question,真题刷题卡,,,A,3,上午选择,信息化与信息系统,01,信息化与信息系统,T-INFO-001,信息化与信息系统,SRC-Q-UNKNOWN-AM-Q-B2C,questions.full.clean.md,UNKNOWN-AM-Q-B2C,UNKNOWN-AM-Q-B2C,T-INFO-001,keep,题干、四个选项和答案边界在源材料附近可定位；Back 只给答案，Extra 解释选择理由和迁移考点。,ruankao ruankao::build::20260520_235046 ruankao::chapter::01 ruankao::domain::信息化与信息系统 ruankao::type::真题刷题卡 ruankao::importance::A ruankao::difficulty::3 ruankao::review::keep ruankao::question ruankao::source::past_exam ruankao::topic::T-INFO-001 ruankao::question_id::UNKNOWN-AM-Q-B2C,sha256:8299e4cc0b1c11fb0ec2b3dc
软考::系统集成项目管理工程师::真题刷题卡::上午选择题,RuankaoTopicCard,"【未知年份 上午 第 6 题】哪项不属于信息资源管理标准化的指导原则？
A. 效益原则
B. 系统原则
C. 优化原则
D. 行政原则",<div>【答案】</div><div>D</div>,<div>为什么选 D：材料列出效益、系统、动态、优化和协商原则，不含行政原则。</div><div>错项分析：请先按题干信号排除与题目对象不匹配的选项；本卡保留原选项用于刷题。</div><div>题干信号：哪项不属于信息资源管理标准化的指导原则？</div><div>关联专题：T-LAW-001</div><div>可迁移考点：配置变更知识产权与法律法规</div>,question,真题刷题卡,,,A,3,上午选择,配置变更知识产权与法律法规,12,配置变更知识产权与法律法规,T-LAW-001,配置变更知识产权与法律法规,SRC-Q-UNKNOWN-AM-Q-STANDARD,questions.full.clean.md,UNKNOWN-AM-Q-STANDARD,UNKNOWN-AM-Q-STANDARD,T-LAW-001,keep,题干、四个选项和答案边界在源材料附近可定位；Back 只给答案，Extra 解释选择理由和迁移考点。,ruankao ruankao::build::20260520_235046 ruankao::chapter::12 ruankao::domain::配置变更知识产权与法律法规 ruankao::type::真题刷题卡 ruankao::importance::A ruankao::difficulty::3 ruankao::review::keep ruankao::question ruankao::source::past_exam ruankao::topic::T-LAW-001 ruankao::question_id::UNKNOWN-AM-Q-STANDARD,sha256:36b714b0cf30646629c052b0
软考::系统集成项目管理工程师::真题刷题卡::上午选择题,RuankaoTopicCard,"【未知年份 上午 第 32 题】企业信息化建设中，决策层对实施方案择优和取舍的主要决策依据是？
A. 需求分析
B. 项目建议书
C. 可行性研究报告
D. 项目评估报告",<div>【答案】</div><div>D</div>,<div>为什么选 D：材料解析指出可研报告提供多方案比较，项目评估报告通常作为择优取舍的决策依据。</div><div>错项分析：请先按题干信号排除与题目对象不匹配的选项；本卡保留原选项用于刷题。</div><div>题干信号：企业信息化建设中，决策层对实施方案择优和取舍的主要决策依据是？</div><div>关联专题：T-FEA-001</div><div>可迁移考点：立项管理</div>,question,真题刷题卡,,,A,3,上午选择,立项管理,03,立项管理,T-FEA-001,立项管理,SRC-Q-UNKNOWN-AM-Q-FEA32,questions.full.clean.md,UNKNOWN-AM-Q-FEA32,UNKNOWN-AM-Q-FEA32,T-FEA-001,keep,题干、四个选项和答案边界在源材料附近可定位；Back 只给答案，Extra 解释选择理由和迁移考点。,ruankao ruankao::build::20260520_235046 ruankao::chapter::03 ruankao::domain::立项管理 ruankao::type::真题刷题卡 ruankao::importance::A ruankao::difficulty::3 ruankao::review::keep ruankao::question ruankao::source::past_exam ruankao::topic::T-FEA-001 ruankao::question_id::UNKNOWN-AM-Q-FEA32,sha256:f5911359f851c800cccaca91
软考::系统集成项目管理工程师::真题刷题卡::上午选择题,RuankaoTopicCard,"【未知年份 上午 第 34 题】项目管理中通常将哪些基准合并为绩效测量基准，用于挣值测量？
A. 范围基准、成本基准、进度基准
B. 质量基准、成本基准、范围基准
C. 质量基准、进度基准、范围基准
D. 质量基准、进度基准、成本基准",<div>【答案】</div><div>A</div>,<div>为什么选 A：挣值测量整合范围、进度和成本三类基准。</div><div>错项分析：请先按题干信号排除与题目对象不匹配的选项；本卡保留原选项用于刷题。</div><div>题干信号：项目管理中通常将哪些基准合并为绩效测量基准，用于挣值测量？</div><div>关联专题：T-INT-002</div><div>可迁移考点：整体管理</div>,question,真题刷题卡,,,A,3,上午选择,整体管理,04,整体管理,T-INT-002,整体管理,SRC-Q-UNKNOWN-AM-Q-PMB,questions.full.clean.md,UNKNOWN-AM-Q-PMB,UNKNOWN-AM-Q-PMB,T-INT-002,keep,题干、四个选项和答案边界在源材料附近可定位；Back 只给答案，Extra 解释选择理由和迁移考点。,ruankao ruankao::build::20260520_235046 ruankao::chapter::04 ruankao::domain::整体管理 ruankao::type::真题刷题卡 ruankao::importance::A ruankao::difficulty::3 ruankao::review::keep ruankao::question ruankao::source::past_exam ruankao::topic::T-INT-002 ruankao::question_id::UNKNOWN-AM-Q-PMB,sha256:d1aa88bf2774d0daa58fbff0
软考::系统集成项目管理工程师::真题刷题卡::上午选择题,RuankaoTopicCard,"【未知年份 上午 第 35 题】关于活动历时估算，哪项正确？
A. 不应给出变化范围
B. 多方案分析法是常用历时估算方法
C. 常用方法包括类比、参数、三点估算和后备分析
D. 类比估算也称自下而上估算",<div>【答案】</div><div>C</div>,<div>为什么选 C：材料解析列出专家判断、类比、参数、三点估算和后备分析等方法。</div><div>错项分析：请先按题干信号排除与题目对象不匹配的选项；本卡保留原选项用于刷题。</div><div>题干信号：关于活动历时估算，哪项正确？</div><div>关联专题：T-SCH-003</div><div>可迁移考点：进度管理</div>,question,真题刷题卡,,,A,3,上午选择,进度管理,06,进度管理,T-SCH-003,进度管理,SRC-Q-UNKNOWN-AM-Q-DURATION,questions.full.clean.md,UNKNOWN-AM-Q-DURATION,UNKNOWN-AM-Q-DURATION,T-SCH-003,keep,题干、四个选项和答案边界在源材料附近可定位；Back 只给答案，Extra 解释选择理由和迁移考点。,ruankao ruankao::build::20260520_235046 ruankao::chapter::06 ruankao::domain::进度管理 ruankao::type::真题刷题卡 ruankao::importance::A ruankao::difficulty::3 ruankao::review::keep ruankao::question ruankao::source::past_exam ruankao::topic::T-SCH-003 ruankao::question_id::UNKNOWN-AM-Q-DURATION,sha256:6402214a02003e69e30989a4
软考::系统集成项目管理工程师::真题刷题卡::上午选择题,RuankaoTopicCard,"【未知年份 上午 第 38 题】对快速跟进的正确理解是？
A. 调整部分工作顺序关系，尽可能并行进行
B. 利用周末或晚上实施
C. 通过绩效考核提升技能
D. 加强干系人沟通以加快进度",<div>【答案】</div><div>A</div>,<div>为什么选 A：快速跟进通过并行原本顺序进行的活动来压缩工期。</div><div>错项分析：请先按题干信号排除与题目对象不匹配的选项；本卡保留原选项用于刷题。</div><div>题干信号：对快速跟进的正确理解是？</div><div>关联专题：T-CROSS-001</div><div>可迁移考点：综合专题与跨域辨析</div>,question,真题刷题卡,,,A,3,上午选择,综合专题与跨域辨析,99,综合专题与跨域辨析,T-CROSS-001,综合专题与跨域辨析,SRC-Q-UNKNOWN-AM-Q-FASTTRACK,questions.full.clean.md,UNKNOWN-AM-Q-FASTTRACK,UNKNOWN-AM-Q-FASTTRACK,T-CROSS-001,keep,题干、四个选项和答案边界在源材料附近可定位；Back 只给答案，Extra 解释选择理由和迁移考点。,ruankao ruankao::build::20260520_235046 ruankao::chapter::99 ruankao::domain::综合专题与跨域辨析 ruankao::type::真题刷题卡 ruankao::importance::A ruankao::difficulty::3 ruankao::review::keep ruankao::question ruankao::source::past_exam ruankao::topic::T-CROSS-001 ruankao::question_id::UNKNOWN-AM-Q-FASTTRACK,sha256:9c4eb444fd05f6bcbc2dd6e4
软考::系统集成项目管理工程师::真题刷题卡::上午选择题,RuankaoTopicCard,"【未知年份 上午 第 43 题】客户未经项目经理通知就要求修改产品，测试结果与计划不同，主要由于什么？
A. 测试计划定义不完善
B. 没有做好范围变更控制
C. 质量管理计划不完善
D. 没有坚持沟通计划",<div>【答案】</div><div>B</div>,<div>为什么选 B：客户直接修改产品需求且结果偏离计划，核心是范围变更控制缺失。</div><div>错项分析：请先按题干信号排除与题目对象不匹配的选项；本卡保留原选项用于刷题。</div><div>题干信号：客户未经项目经理通知就要求修改产品，测试结果与计划不同，主要由于什么？</div><div>关联专题：T-CASE-003</div><div>可迁移考点：案例分析专题</div>,question,真题刷题卡,,,A,3,上午选择,案例分析专题,14,案例分析专题,T-CASE-003,案例分析专题,SRC-Q-UNKNOWN-AM-Q-SCOPECHANGE,questions.full.clean.md,UNKNOWN-AM-Q-SCOPECHANGE,UNKNOWN-AM-Q-SCOPECHANGE,T-CASE-003,keep,题干、四个选项和答案边界在源材料附近可定位；Back 只给答案，Extra 解释选择理由和迁移考点。,ruankao ruankao::build::20260520_235046 ruankao::chapter::14 ruankao::domain::案例分析专题 ruankao::type::真题刷题卡 ruankao::importance::A ruankao::difficulty::3 ruankao::review::keep ruankao::question ruankao::source::past_exam ruankao::topic::T-CASE-003 ruankao::question_id::UNKNOWN-AM-Q-SCOPECHANGE,sha256:4f58244f697a5e315a4485d9
软考::系统集成项目管理工程师::真题刷题卡::上午选择题,RuankaoTopicCard,"【未知年份 上午 第 44 题】为客户采购并交付使用的 5 台服务器成本属于项目的什么成本？
A. 直接成本
B. 间接成本
C. 固定成本
D. 机会成本",<div>【答案】</div><div>A</div>,<div>为什么选 A：服务器直接归属于该项目交付工作，属于直接成本。</div><div>错项分析：请先按题干信号排除与题目对象不匹配的选项；本卡保留原选项用于刷题。</div><div>题干信号：为客户采购并交付使用的 5 台服务器成本属于项目的什么成本？</div><div>关联专题：T-COST-001</div><div>可迁移考点：成本管理</div>,question,真题刷题卡,,,A,3,上午选择,成本管理,07,成本管理,T-COST-001,成本管理,SRC-Q-UNKNOWN-AM-Q-DIRECTCOST,questions.full.clean.md,UNKNOWN-AM-Q-DIRECTCOST,UNKNOWN-AM-Q-DIRECTCOST,T-COST-001,keep,题干、四个选项和答案边界在源材料附近可定位；Back 只给答案，Extra 解释选择理由和迁移考点。,ruankao ruankao::build::20260520_235046 ruankao::chapter::07 ruankao::domain::成本管理 ruankao::type::真题刷题卡 ruankao::importance::A ruankao::difficulty::3 ruankao::review::keep ruankao::question ruankao::source::past_exam ruankao::topic::T-COST-001 ruankao::question_id::UNKNOWN-AM-Q-DIRECTCOST,sha256:e8d744f0d429473e2aa5ed86
软考::系统集成项目管理工程师::真题刷题卡::上午选择题,RuankaoTopicCard,"【未知年份 上午 第 45 题】完成 WBS 和每个工作包成本估算后，要编制项目成本估算，应做什么？
A. 使用 WBS 最高层类比估算
B. 计算工作包估算和风险储备的总和
C. 把工作包估算累计为项目总和
D. 获得专家对总计划意见",<div>【答案】</div><div>B</div>,<div>为什么选 B：成本估算应包括工作包估算和用于风险的储备。</div><div>错项分析：请先按题干信号排除与题目对象不匹配的选项；本卡保留原选项用于刷题。</div><div>题干信号：完成 WBS 和每个工作包成本估算后，要编制项目成本估算，应做什么？</div><div>关联专题：T-COST-001</div><div>可迁移考点：成本管理</div>,question,真题刷题卡,,,A,3,上午选择,成本管理,07,成本管理,T-COST-001,成本管理,SRC-Q-UNKNOWN-AM-Q-COSTEST,questions.full.clean.md,UNKNOWN-AM-Q-COSTEST,UNKNOWN-AM-Q-COSTEST,T-COST-001,keep,题干、四个选项和答案边界在源材料附近可定位；Back 只给答案，Extra 解释选择理由和迁移考点。,ruankao ruankao::build::20260520_235046 ruankao::chapter::07 ruankao::domain::成本管理 ruankao::type::真题刷题卡 ruankao::importance::A ruankao::difficulty::3 ruankao::review::keep ruankao::question ruankao::source::past_exam ruankao::topic::T-COST-001 ruankao::question_id::UNKNOWN-AM-Q-COSTEST,sha256:d25cc3315cdc21310b4172fd
软考::系统集成项目管理工程师::真题刷题卡::上午选择题,RuankaoTopicCard,"【未知年份 上午 第 46 题】12 个模块，每个预算 5 万，每月开发 1 个。第 3 月底完成 2 个模块，实际花费 15 万。按当前绩效预计总成本？
A. 90 万
B. 75 万
C. 70 万
D. 66.7 万",<div>【答案】</div><div>A</div>,<div>为什么选 A：当前每完成 1 个模块花费 7.5 万，12 个模块预计 90 万。</div><div>错项分析：请先按题干信号排除与题目对象不匹配的选项；本卡保留原选项用于刷题。</div><div>题干信号：12 个模块，每个预算 5 万，每月开发 1 个。第 3 月底完成 2 个模块，</div><div>关联专题：T-COST-002</div><div>可迁移考点：成本管理</div>,question,真题刷题卡,,,A,3,上午选择,成本管理,07,成本管理,T-COST-002,成本管理,SRC-Q-UNKNOWN-AM-Q-EVM46,questions.full.clean.md,UNKNOWN-AM-Q-EVM46,UNKNOWN-AM-Q-EVM46,T-COST-002,keep,题干、四个选项和答案边界在源材料附近可定位；Back 只给答案，Extra 解释选择理由和迁移考点。,ruankao ruankao::build::20260520_235046 ruankao::chapter::07 ruankao::domain::成本管理 ruankao::type::真题刷题卡 ruankao::importance::A ruankao::difficulty::3 ruankao::review::keep ruankao::question ruankao::source::past_exam ruankao::topic::T-COST-002 ruankao::question_id::UNKNOWN-AM-Q-EVM46,sha256:f6ec40c37865a35457fb6830
软考::系统集成项目管理工程师::真题刷题卡::上午选择题,RuankaoTopicCard,"【未知年份 上午 第 48 题】项目经理哪种做法可能不利于团队建设？
A. 鼓励团队成员沟通
B. 奖励加班的成员
C. 尽早建立团队规则
D. 尽早发现冲突并私下直接合法处理",<div>【答案】</div><div>B</div>,<div>为什么选 B：若加班来自计划不周或效率低，奖励加班可能破坏团队建设。</div><div>错项分析：请先按题干信号排除与题目对象不匹配的选项；本卡保留原选项用于刷题。</div><div>题干信号：项目经理哪种做法可能不利于团队建设？</div><div>关联专题：T-HR-001</div><div>可迁移考点：人力资源与沟通管理</div>,question,真题刷题卡,,,A,3,上午选择,人力资源与沟通管理,09,人力资源与沟通管理,T-HR-001,人力资源与沟通管理,SRC-Q-UNKNOWN-AM-Q-TEAM48,questions.full.clean.md,UNKNOWN-AM-Q-TEAM48,UNKNOWN-AM-Q-TEAM48,T-HR-001,keep,题干、四个选项和答案边界在源材料附近可定位；Back 只给答案，Extra 解释选择理由和迁移考点。,ruankao ruankao::build::20260520_235046 ruankao::chapter::09 ruankao::domain::人力资源与沟通管理 ruankao::type::真题刷题卡 ruankao::importance::A ruankao::difficulty::3 ruankao::review::keep ruankao::question ruankao::source::past_exam ruankao::topic::T-HR-001 ruankao::question_id::UNKNOWN-AM-Q-TEAM48,sha256:c747966fc89aa6b9dfa14ad3
软考::系统集成项目管理工程师::真题刷题卡::下午案例题,RuankaoTopicCard,【2010 上半年下午试题一】合同范围与需求变更纠纷中，答题应先抓哪条主线？,先确认合同范围和验收标准，再处理需求变更、文档清单、遗留问题和终验移交。,<div>答题提醒：先贴案例事实，再写对应管理动作。</div><div>关联专题：T-CASE-003</div><div>来源：questions.full.clean.md / 下午题解析片段</div>,question,案例题拆解卡,,,A,3,下午案例,范围蔓延与合同纠纷,14,案例分析专题,T-CASE-003,范围蔓延与合同纠纷,SRC-Q-CASE-2010-P1-SCOPE,questions.full.clean.md,CASE-2010-P1-SCOPE,CASE-2010-P1-SCOPE,T-CASE-003,keep,案例卡没有塞大题全文，只保留场景定位和可复用答题动作，便于下午题迁移。,ruankao ruankao::build::20260520_235046 ruankao::chapter::14 ruankao::domain::范围蔓延与合同纠纷 ruankao::type::案例题拆解卡 ruankao::importance::A ruankao::difficulty::3 ruankao::review::keep ruankao::question ruankao::source::past_exam ruankao::topic::T-CASE-003,sha256:7226b88e638fff3a37ecd80d
软考::系统集成项目管理工程师::真题刷题卡::下午案例题,RuankaoTopicCard,【2010 上半年下午试题二】下午案例给出任务预算和实际完成情况时，第一步应做什么？,先按计划完成量、实际完成量和实际成本计算 PV、EV、AC，再判断进度和成本状态。,<div>答题提醒：先贴案例事实，再写对应管理动作。</div><div>关联专题：T-COST-002</div><div>来源：questions.full.clean.md / 下午题解析片段</div>,question,案例题拆解卡,,,A,3,下午案例,挣值案例,07,成本管理,T-COST-002,挣值案例,SRC-Q-CASE-2010-P2-EVM,questions.full.clean.md,CASE-2010-P2-EVM,CASE-2010-P2-EVM,T-COST-002,keep,案例卡没有塞大题全文，只保留场景定位和可复用答题动作，便于下午题迁移。,ruankao ruankao::build::20260520_235046 ruankao::chapter::07 ruankao::domain::挣值案例 ruankao::type::案例题拆解卡 ruankao::importance::A ruankao::difficulty::3 ruankao::review::keep ruankao::question ruankao::source::past_exam ruankao::topic::T-COST-002,sha256:b636fdb74d8a962e166ea3c5
软考::系统集成项目管理工程师::真题刷题卡::下午案例题,RuankaoTopicCard,【2010 上半年下午试题三】质量案例中“程序员兼任 QA”为什么不妥？,质量保证应由相对独立且有质量经验的人员或部门执行，兼任容易削弱过程审查。,<div>答题提醒：先贴案例事实，再写对应管理动作。</div><div>关联专题：T-QUAL-003</div><div>来源：questions.full.clean.md / 下午题解析片段</div>,question,案例题拆解卡,,,A,3,下午案例,质量案例,08,质量管理,T-QUAL-003,质量案例,SRC-Q-CASE-2010-P3-QA,questions.full.clean.md,CASE-2010-P3-QA,CASE-2010-P3-QA,T-QUAL-003,keep,案例卡没有塞大题全文，只保留场景定位和可复用答题动作，便于下午题迁移。,ruankao ruankao::build::20260520_235046 ruankao::chapter::08 ruankao::domain::质量案例 ruankao::type::案例题拆解卡 ruankao::importance::A ruankao::difficulty::3 ruankao::review::keep ruankao::question ruankao::source::past_exam ruankao::topic::T-QUAL-003,sha256:8b56161d572d13d4a28fd16a
软考::系统集成项目管理工程师::真题刷题卡::下午案例题,RuankaoTopicCard,【下午案例通用】进度延误且成本超支的措施答案应避免什么？,避免只写“加强管理”；应分别对应关键路径、资源、变更、返工、采购和成本控制措施。,<div>答题提醒：先贴案例事实，再写对应管理动作。</div><div>关联专题：T-CASE-002</div><div>来源：questions.full.clean.md / 下午题解析片段</div>,question,案例题拆解卡,,,A,3,下午案例,进度成本案例,14,案例分析专题,T-CASE-002,进度成本案例,SRC-Q-CASE-SCHEDULE-COST,questions.full.clean.md,CASE-SCHEDULE-COST,CASE-SCHEDULE-COST,T-CASE-002,keep,案例卡没有塞大题全文，只保留场景定位和可复用答题动作，便于下午题迁移。,ruankao ruankao::build::20260520_235046 ruankao::chapter::14 ruankao::domain::进度成本案例 ruankao::type::案例题拆解卡 ruankao::importance::A ruankao::difficulty::3 ruankao::review::keep ruankao::question ruankao::source::past_exam ruankao::topic::T-CASE-002,sha256:92e40edb9c286b48566d9f31
软考::系统集成项目管理工程师::真题刷题卡::下午案例题,RuankaoTopicCard,【下午案例通用】干系人冲突案例中，项目经理应先补哪类管理动作？,识别关键干系人和期望差距，更新沟通计划，建立反馈和参与机制。,<div>答题提醒：先贴案例事实，再写对应管理动作。</div><div>关联专题：T-COM-002</div><div>来源：questions.full.clean.md / 下午题解析片段</div>,question,案例题拆解卡,,,A,3,下午案例,沟通干系人案例,14,案例分析专题,T-COM-002,沟通干系人案例,SRC-Q-CASE-COM-STAKE,questions.full.clean.md,CASE-COM-STAKE,CASE-COM-STAKE,T-COM-002,keep,案例卡没有塞大题全文，只保留场景定位和可复用答题动作，便于下午题迁移。,ruankao ruankao::build::20260520_235046 ruankao::chapter::14 ruankao::domain::沟通干系人案例 ruankao::type::案例题拆解卡 ruankao::importance::A ruankao::difficulty::3 ruankao::review::keep ruankao::question ruankao::source::past_exam ruankao::topic::T-COM-002,sha256:cf53f2378160514afe022af5
