KnowledgePointID,TopicID,TopicName,Domain,SourceIDs,SourceFiles,HeadingPath,KnowledgePoint,WhyExamRelevant,CardTypes,ExamUse,Importance,Difficulty,NeedsVerification,RelatedTopicIDs,RelatedQuestionIDs,RejectRisk
KP-0001,T-INFO-001,信息化、信息系统生命周期与系统集成基础,信息化与系统集成基础,SRC-T-INFO-001-0001,topic_learning_packages/topics/01_信息化与信息系统/T-INFO-001_专题学习包_信息化信息系统生命周期与系统集成基础.md,信息化、信息系统生命周期与系统集成基础,"T-INFO-001｜信息化、信息系统生命周期与系统集成基础 本专题用于学习""信息化与系统集成基础""中的核心总览内容：信息与信息化的概念、信息系统生命周期（立项/开发/运维/消亡）、系统集成项目的特点、信息化与项目管理的对接点。它不与 ERP/CRM/SCM 等具体应用专题重复，而是提供一个基础框架。",可用于定义识别、场景判断、流程边界或案例答题。,概念卡,上午选择,B,3,False,,,
KP-0002,T-INFO-001,信息化、信息系统生命周期与系统集成基础,信息化与系统集成基础,SRC-T-INFO-001-0002,topic_learning_packages/topics/01_信息化与信息系统/T-INFO-001_专题学习包_信息化信息系统生命周期与系统集成基础.md,信息化、信息系统生命周期与系统集成基础 > 先看这个专题的主线,先看这个专题的主线 信息化与系统集成基础是上午选择题的固定考点（通常 3-5 分），内容分布较散——既有概念题（信息 vs 信息化）、生命期题（各阶段做什么）、技术题（开发方法、测试）、也有法规题（监理、资质）。 ---,可用于定义识别、场景判断、流程边界或案例答题。,辨析卡,上午选择,B,3,True,,,verification
KP-0003,T-INFO-001,信息化、信息系统生命周期与系统集成基础,信息化与系统集成基础,SRC-T-INFO-001-0003,topic_learning_packages/topics/01_信息化与信息系统/T-INFO-001_专题学习包_信息化信息系统生命周期与系统集成基础.md,信息化、信息系统生命周期与系统集成基础 > 信息、信息系统与信息化,信息、信息系统与信息化 [概念组｜三个基本概念] - 信息：经过加工后能减少不确定性的内容。数据是信息的载体，信息是有含义的数据。,可用于定义识别、场景判断、流程边界或案例答题。,流程卡,上午选择,B,3,False,,,
KP-0004,T-INFO-001,信息化、信息系统生命周期与系统集成基础,信息化与系统集成基础,SRC-T-INFO-001-0004,topic_learning_packages/topics/01_信息化与信息系统/T-INFO-001_专题学习包_信息化信息系统生命周期与系统集成基础.md,信息化、信息系统生命周期与系统集成基础 > 信息系统生命周期,信息系统生命周期 [概念组｜信息系统生命周期四阶段] 1. 立项阶段：提出系统建设的初步设想，形成项目建议书，进行可行性研究。 2. 开发阶段：需求分析→系统设计→编码实现→测试。,可用于定义识别、场景判断、流程边界或案例答题。,辨析卡,上午选择,B,3,False,,,
KP-0005,T-INFO-001,信息化、信息系统生命周期与系统集成基础,信息化与系统集成基础,SRC-T-INFO-001-0005,topic_learning_packages/topics/01_信息化与信息系统/T-INFO-001_专题学习包_信息化信息系统生命周期与系统集成基础.md,信息化、信息系统生命周期与系统集成基础 > 系统集成项目的特点,系统集成项目的特点 系统集成项目为什么比普通项目更难管？因为它有几个鲜明的特征： - 需求不明确：客户常常说不清到底要什么，需要项目过程中不断澄清和确认→需求管理和变更管理极为重要 - 干系人多：涉及建设方、承建方、监理方、最终用户、运维团队等多方→干系人管理和沟通管理挑战大 - 软硬件服务组合：不只是软件，还包括硬件、网络、培训、运维等多种交付物→范围管理,可用于定义识别、场景判断、流程边界或案例答题。,概念卡,上午选择,B,3,False,,,
KP-0006,T-INFO-001,信息化、信息系统生命周期与系统集成基础,信息化与系统集成基础,SRC-T-INFO-001-0006,topic_learning_packages/topics/01_信息化与信息系统/T-INFO-001_专题学习包_信息化信息系统生命周期与系统集成基础.md,信息化、信息系统生命周期与系统集成基础 > 典型题详解与举一反三,"典型题详解与举一反三 例题 1｜信息 vs 信息化 以下哪项描述的是""信息化""而非""信息系统""？ A. 企业内部的 ERP 管理平台 B. 政府部门的网上办事大厅 C. 用信息技术改造组织的业务流程 D. 学校的教务管理系统 A、B、D 都是具体的信息系统（产品）。",可用于定义识别、场景判断、流程边界或案例答题。,流程卡;辨析卡,上午选择,B,3,False,,,
KP-0007,T-INFO-001,信息化、信息系统生命周期与系统集成基础,信息化与系统集成基础,SRC-T-INFO-001-0007,topic_learning_packages/topics/01_信息化与信息系统/T-INFO-001_专题学习包_信息化信息系统生命周期与系统集成基础.md,信息化、信息系统生命周期与系统集成基础 > 本轮真题覆盖增强：信息系统集成核心识别,本轮真题覆盖增强：信息系统集成核心识别 本节把 questions.full.clean.md 与既有真题映射中的高频考法反查回本专题。2010 上半年上午题解析中出现“信息系统集成核心是软件”、系统生命周期、测试和信息化小概念等考法。,可用于定义识别、场景判断、流程边界或案例答题。,关键词识别卡;案例模板卡;流程卡;辨析卡,下午案例,B,3,True,,,verification
KP-0008,T-INFO-001,信息化、信息系统生命周期与系统集成基础,信息化与系统集成基础,SRC-T-INFO-001-0009,topic_learning_packages/topics/01_信息化与信息系统/T-INFO-001_专题学习包_信息化信息系统生命周期与系统集成基础.md,信息化、信息系统生命周期与系统集成基础 > 本专题的最小掌握标准,本专题的最小掌握标准 至少能做到：① 区分信息、信息系统、信息化三个概念；② 说出信息系统生命周期的四个阶段并判断给定活动属于哪个阶段；③ 识别系统集成项目的五个核心特征；④ 区分信息系统生命周期和项目生命周期。 ---,可用于定义识别、场景判断、流程边界或案例答题。,概念卡,上午选择,B,3,True,,,verification
KP-0009,T-INFO-001,信息化、信息系统生命周期与系统集成基础,信息化与系统集成基础,SRC-T-INFO-001-0010,topic_learning_packages/topics/01_信息化与信息系统/T-INFO-001_专题学习包_信息化信息系统生命周期与系统集成基础.md,信息化、信息系统生命周期与系统集成基础 > 待核验与后续改进,待核验与后续改进 - 信息化体系的具体要素（如国家信息化体系六要素）在教程中的表述需确认。[待核验] - 建议与 T-INFO-002（ERP/CRM/SCM/EAI/BI）和 T-INFO-004（开发方法与测试）组合学习，构成本知识域的完整覆盖。,可用于定义识别、场景判断、流程边界或案例答题。,概念卡,上午选择,B,3,True,,,verification
KP-0010,T-PM-002,五大过程组、十大知识域与 PDCA,项目管理基础,SRC-T-PM-002-0001,topic_learning_packages/topics/02_项目管理基础/T-PM-002_专题学习包_五大过程组十大知识域与PDCA.md,五大过程组、十大知识域与 PDCA,"T-PM-002｜五大过程组、十大知识域与 PDCA 本专题用于学习""项目管理基础""中为后续所有知识域提供框架的一组核心内容：五大过程组（启动、规划、执行、监控、收尾）、十大知识领域、过程组与知识域的矩阵关系、PDCA 循环、项目阶段与过程组的关系、关键管理过程的过程组归属。它们不是需要死记硬背的列表，而是围绕一个核心问题展开：项目管理工作从开始到结束，要在",可用于定义识别、场景判断、流程边界或案例答题。,案例模板卡,下午案例,A,3,False,,,
KP-0011,T-PM-002,五大过程组、十大知识域与 PDCA,项目管理基础,SRC-T-PM-002-0002,topic_learning_packages/topics/02_项目管理基础/T-PM-002_专题学习包_五大过程组十大知识域与PDCA.md,五大过程组、十大知识域与 PDCA > 先看这个专题的主线,"先看这个专题的主线 很多同学第一步就是背""五大过程组、十大知识域、47 个过程""，但背完仍然不知道怎么用。因为过程组和知识域不是""目录""——它们是项目经理的""工作组织框架""。",可用于定义识别、场景判断、流程边界或案例答题。,公式卡;案例模板卡;计算卡,计算题,A,3,False,,,
KP-0012,T-PM-002,五大过程组、十大知识域与 PDCA,项目管理基础,SRC-T-PM-002-0003,topic_learning_packages/topics/02_项目管理基础/T-PM-002_专题学习包_五大过程组十大知识域与PDCA.md,五大过程组、十大知识域与 PDCA > 为什么不能只按知识域学习？,为什么不能只按知识域学习？ 很多同学按知识域一个一个学——范围管理学完学进度、进度学完学成本——这样学完一门忘一门，而且无法理解过程之间的联系。,可用于定义识别、场景判断、流程边界或案例答题。,概念卡,上午选择,A,3,False,,,
KP-0013,T-PM-002,五大过程组、十大知识域与 PDCA,项目管理基础,SRC-T-PM-002-0004,topic_learning_packages/topics/02_项目管理基础/T-PM-002_专题学习包_五大过程组十大知识域与PDCA.md,"五大过程组、十大知识域与 PDCA > 五大过程组：管理的""时间维度""","五大过程组：管理的""时间维度"" [概念组｜五大过程组] 1. 启动过程组：定义一个新项目或现有项目的一个新阶段，授权开始该项目或阶段。核心输出：项目章程（批准项目存在、任命项目经理、授权动用资源）、识别干系人（形成干系人登记册）。",可用于定义识别、场景判断、流程边界或案例答题。,流程卡;辨析卡,上午选择,A,3,False,,,
KP-0014,T-PM-002,五大过程组、十大知识域与 PDCA,项目管理基础,SRC-T-PM-002-0005,topic_learning_packages/topics/02_项目管理基础/T-PM-002_专题学习包_五大过程组十大知识域与PDCA.md,"五大过程组、十大知识域与 PDCA > 十大知识域：管理的""内容维度""","十大知识域：管理的""内容维度"" 系统集成项目管理工程师的十大知识域及核心管理问题： 知识域 核心管理问题 关键词 --------- 整体管理 如何把所有要素整合为协调一致的整体 章程、计划、执行、监控、变更、收尾 范围管理 项目要做什么、不做什么 WBS、范围说明书、需求、确认、蔓延 进度管理 项目什么时候完成 活动、网络图、关键路径、PERT、压缩 成本",可用于定义识别、场景判断、流程边界或案例答题。,公式卡;关键词识别卡;计算卡,计算题,A,3,True,,,verification
KP-0015,T-PM-002,五大过程组、十大知识域与 PDCA,项目管理基础,SRC-T-PM-002-0006,topic_learning_packages/topics/02_项目管理基础/T-PM-002_专题学习包_五大过程组十大知识域与PDCA.md,五大过程组、十大知识域与 PDCA > PDCA 循环与过程组的关系,PDCA 循环与过程组的关系 [概念｜PDCA] PDCA 循环（Plan-Do-Check-Act）是由休哈特提出、戴明推广的持续改进循环。在项目管理中： - Plan（计划） → 对应规划过程组：确定目标、制定方案 - Do（执行） → 对应执行过程组：按计划开展工作 - Check（检查） → 对应监控过程组：测量绩效、发现偏差 - Act（处理/行动,可用于定义识别、场景判断、流程边界或案例答题。,公式卡;案例模板卡;流程卡;计算卡,计算题,A,3,False,,,
KP-0016,T-PM-002,五大过程组、十大知识域与 PDCA,项目管理基础,SRC-T-PM-002-0007,topic_learning_packages/topics/02_项目管理基础/T-PM-002_专题学习包_五大过程组十大知识域与PDCA.md,五大过程组、十大知识域与 PDCA > 过程组 × 知识域矩阵：考试定位系统,过程组 × 知识域矩阵：考试定位系统 以下矩阵帮助你快速判断每个管理过程属于哪个过程组和知识域。记住关键过程的位置，是做选择题和案例题时的基础导航能力。,可用于定义识别、场景判断、流程边界或案例答题。,案例模板卡;辨析卡,下午案例,A,3,False,,,
KP-0017,T-PM-002,五大过程组、十大知识域与 PDCA,项目管理基础,SRC-T-PM-002-0008,topic_learning_packages/topics/02_项目管理基础/T-PM-002_专题学习包_五大过程组十大知识域与PDCA.md,五大过程组、十大知识域与 PDCA > 案例题中如何利用过程组/知识域框架定位问题,"案例题中如何利用过程组/知识域框架定位问题 这个框架在下午案例题中是最核心的""定位系统""。当你读到一个案例场景时，可以用以下流程快速归类： 这个流程的价值在于：你不会拿到案例题后脑子一片空白。",可用于定义识别、场景判断、流程边界或案例答题。,关键词识别卡;案例模板卡;流程卡,下午案例,A,3,False,,,
KP-0018,T-PM-002,五大过程组、十大知识域与 PDCA,项目管理基础,SRC-T-PM-002-0009,topic_learning_packages/topics/02_项目管理基础/T-PM-002_专题学习包_五大过程组十大知识域与PDCA.md,五大过程组、十大知识域与 PDCA > 典型题详解与举一反三,典型题详解与举一反三 例题 1｜过程组 vs 阶段（高频） 以下关于项目过程组和项目阶段的说法，哪项是正确的？ A. 五大过程组就是项目的五个阶段 B. 每个项目阶段内可以包含全部五个过程组 C. 过程组必须按顺序严格执行，不能重叠 D. 启动过程组只在项目开始时执行一次 正确答案是 B。,可用于定义识别、场景判断、流程边界或案例答题。,公式卡;关键词识别卡;案例模板卡;流程卡;计算卡;辨析卡,计算题,A,3,True,,,verification
KP-0019,T-PM-002,五大过程组、十大知识域与 PDCA,项目管理基础,SRC-T-PM-002-0010,topic_learning_packages/topics/02_项目管理基础/T-PM-002_专题学习包_五大过程组十大知识域与PDCA.md,五大过程组、十大知识域与 PDCA > 本轮真题覆盖增强：过程组归属与 PDCA 定位,本轮真题覆盖增强：过程组归属与 PDCA 定位 本节把 questions.full.clean.md 与既有真题映射中的高频考法反查回本专题。题库反复考“创建 WBS 属于规划过程组”“过程组不是项目阶段”“PDCA 与监控闭环”。,可用于定义识别、场景判断、流程边界或案例答题。,公式卡;关键词识别卡;案例模板卡;流程卡;计算卡;辨析卡,计算题,A,3,False,,,
KP-0020,T-PM-002,五大过程组、十大知识域与 PDCA,项目管理基础,SRC-T-PM-002-0012,topic_learning_packages/topics/02_项目管理基础/T-PM-002_专题学习包_五大过程组十大知识域与PDCA.md,五大过程组、十大知识域与 PDCA > 本专题的最小掌握标准,本专题的最小掌握标准 学完本专题后，你至少应该能做到五件事。 第一，能解释过程组和阶段的本质区别——过程组是按管理活动类型分的（不是按时间），每个阶段内可以包含全部过程组。,可用于定义识别、场景判断、流程边界或案例答题。,公式卡;案例模板卡;计算卡;辨析卡,计算题,A,3,True,,,verification
KP-0021,T-PM-002,五大过程组、十大知识域与 PDCA,项目管理基础,SRC-T-PM-002-0013,topic_learning_packages/topics/02_项目管理基础/T-PM-002_专题学习包_五大过程组十大知识域与PDCA.md,五大过程组、十大知识域与 PDCA > 待核验与后续改进,"待核验与后续改进 - 软考教程第二版中过程的数量和名称可能与 PMBOK 第五版/第六版存在差异，本专题的关键归属判断以系统集成项目管理工程师教程为准。[待核验] - ""确认范围""在考试中的过程组归属是否被所有真题一致归类为监控过程组，建议用 1-2 道真题验证。",可用于定义识别、场景判断、流程边界或案例答题。,概念卡,上午选择,A,3,True,,,verification
KP-0022,T-FEA-001,立项管理：项目建议书、可行性研究与项目论证,立项管理,SRC-T-FEA-001-0001,topic_learning_packages/topics/03_立项管理/T-FEA-001_专题学习包_立项管理项目建议书可行性研究与项目论证.md,立项管理：项目建议书、可行性研究与项目论证,"T-FEA-001｜立项管理：项目建议书、可行性研究与项目论证 本专题用于学习""项目立项管理""的核心内容：项目建议书、可行性研究（内容与七步法）、机会研究与初步/详细可研、项目论证与项目评估、投资估算与经济评价基础。它们围绕一个核心问题展开：在项目正式启动之前，如何证明这个项目值得做、必须做、可以做？",可用于定义识别、场景判断、流程边界或案例答题。,概念卡,上午选择,B,3,False,,,
KP-0023,T-FEA-001,立项管理：项目建议书、可行性研究与项目论证,立项管理,SRC-T-FEA-001-0002,topic_learning_packages/topics/03_立项管理/T-FEA-001_专题学习包_立项管理项目建议书可行性研究与项目论证.md,立项管理：项目建议书、可行性研究与项目论证 > 先看这个专题的主线,先看这个专题的主线 立项管理是整个项目管理知识体系的前置环节——发生在项目章程之前。很多同学跳过它直接学十大知识域，但选择题和案例题中立项管理是独立考点。,可用于定义识别、场景判断、流程边界或案例答题。,案例模板卡,下午案例,B,3,False,,,
KP-0024,T-FEA-001,立项管理：项目建议书、可行性研究与项目论证,立项管理,SRC-T-FEA-001-0003,topic_learning_packages/topics/03_立项管理/T-FEA-001_专题学习包_立项管理项目建议书可行性研究与项目论证.md,立项管理：项目建议书、可行性研究与项目论证 > 项目建议书,"项目建议书 [定义｜项目建议书] 项目建议书是项目发起人向主管部门报送的，请求批准项目立项的书面文件。它是立项的第一步，内容相对粗略，主要回答""为什么要做这个项目""和""大致要做什么""。",可用于定义识别、场景判断、流程边界或案例答题。,概念卡,上午选择,B,3,False,,,
KP-0025,T-FEA-001,立项管理：项目建议书、可行性研究与项目论证,立项管理,SRC-T-FEA-001-0004,topic_learning_packages/topics/03_立项管理/T-FEA-001_专题学习包_立项管理项目建议书可行性研究与项目论证.md,立项管理：项目建议书、可行性研究与项目论证 > 可行性研究：内容与步骤,可行性研究：内容与步骤 [概念组｜可行性研究] 可行性研究是对拟建项目在技术、经济、社会、环境等方面的可行性和合理性进行全面分析论证的过程。 可行性研究的四个主要方面（常考）： 1. 技术可行性：技术方案是否成熟可用？,可用于定义识别、场景判断、流程边界或案例答题。,流程卡,上午选择,B,3,True,,,verification
KP-0026,T-FEA-001,立项管理：项目建议书、可行性研究与项目论证,立项管理,SRC-T-FEA-001-0005,topic_learning_packages/topics/03_立项管理/T-FEA-001_专题学习包_立项管理项目建议书可行性研究与项目论证.md,立项管理：项目建议书、可行性研究与项目论证 > 机会研究、初步可研与详细可研,"机会研究、初步可研与详细可研 [辨析｜三级可研] - 机会研究：最粗略的可行性判断。主要回答""有没有机会？",可用于定义识别、场景判断、流程边界或案例答题。,辨析卡,上午选择,B,3,False,,,
KP-0027,T-FEA-001,立项管理：项目建议书、可行性研究与项目论证,立项管理,SRC-T-FEA-001-0006,topic_learning_packages/topics/03_立项管理/T-FEA-001_专题学习包_立项管理项目建议书可行性研究与项目论证.md,立项管理：项目建议书、可行性研究与项目论证 > 项目论证与项目评估,项目论证与项目评估 [辨析｜项目论证 vs 项目评估] 项目论证：项目团队/组织内部对项目的必要性、可行性、合理性进行分析论证。主体是项目方自己。,可用于定义识别、场景判断、流程边界或案例答题。,流程卡;辨析卡,上午选择,B,3,False,,,
KP-0028,T-FEA-001,立项管理：项目建议书、可行性研究与项目论证,立项管理,SRC-T-FEA-001-0007,topic_learning_packages/topics/03_立项管理/T-FEA-001_专题学习包_立项管理项目建议书可行性研究与项目论证.md,立项管理：项目建议书、可行性研究与项目论证 > 投资估算与经济评价基础,投资估算与经济评价基础 投资估算方法与成本估算方法相通（类比/参数/自下而上）。经济评价主要关注：投资回收期、净现值（NPV）、内部收益率（IRR）等指标。,可用于定义识别、场景判断、流程边界或案例答题。,公式卡;计算卡,计算题,B,3,False,,,
KP-0029,T-FEA-001,立项管理：项目建议书、可行性研究与项目论证,立项管理,SRC-T-FEA-001-0008,topic_learning_packages/topics/03_立项管理/T-FEA-001_专题学习包_立项管理项目建议书可行性研究与项目论证.md,立项管理：项目建议书、可行性研究与项目论证 > 典型题详解与举一反三,典型题详解与举一反三 例题 1｜可行性研究内容 可行性研究通常不包括以下哪方面？ A. 技术可行性 B. 经济可行性 C. 社会可行性 D. 美学可行性 正确答案是 D。,可用于定义识别、场景判断、流程边界或案例答题。,辨析卡,上午选择,B,3,False,,,
KP-0030,T-FEA-001,立项管理：项目建议书、可行性研究与项目论证,立项管理,SRC-T-FEA-001-0009,topic_learning_packages/topics/03_立项管理/T-FEA-001_专题学习包_立项管理项目建议书可行性研究与项目论证.md,立项管理：项目建议书、可行性研究与项目论证 > 本轮真题覆盖增强：立项材料与可研深度,本轮真题覆盖增强：立项材料与可研深度 本节把 questions.full.clean.md 与既有真题映射中的高频考法反查回本专题。上午题常考项目建议书、可行性研究、项目论证/评估的先后关系；案例题常用“未充分可研”解释后续失控。,可用于定义识别、场景判断、流程边界或案例答题。,关键词识别卡;案例模板卡;流程卡;辨析卡,下午案例,B,3,False,,,
KP-0031,T-FEA-001,立项管理：项目建议书、可行性研究与项目论证,立项管理,SRC-T-FEA-001-0011,topic_learning_packages/topics/03_立项管理/T-FEA-001_专题学习包_立项管理项目建议书可行性研究与项目论证.md,立项管理：项目建议书、可行性研究与项目论证 > 本专题的最小掌握标准,本专题的最小掌握标准 至少能做到：① 说出可行性研究的四个方面；② 区分三级可研的精度递进关系；③ 区分项目论证（内部）和项目评估（外部/第三方）；④ 知道立项管理的完整流程顺序。 ---,可用于定义识别、场景判断、流程边界或案例答题。,流程卡,上午选择,B,3,True,,,verification
KP-0032,T-FEA-001,立项管理：项目建议书、可行性研究与项目论证,立项管理,SRC-T-FEA-001-0012,topic_learning_packages/topics/03_立项管理/T-FEA-001_专题学习包_立项管理项目建议书可行性研究与项目论证.md,立项管理：项目建议书、可行性研究与项目论证 > 待核验与后续改进,待核验与后续改进 - 软考教程中立项管理的具体流程节点（特别是审批权限）需与教材核对。[待核验] - 投资估算的误差容差范围可能因教材版本有差异。,可用于定义识别、场景判断、流程边界或案例答题。,流程卡,上午选择,B,3,True,,,verification
KP-0033,T-CLOSE-001,项目收尾：管理收尾、合同收尾与验收,整体管理,SRC-T-CLOSE-001-0001,topic_learning_packages/topics/04_整体管理/T-CLOSE-001_专题学习包_项目收尾管理收尾合同收尾与验收.md,项目收尾：管理收尾、合同收尾与验收,"T-CLOSE-001｜项目收尾：管理收尾、合同收尾与验收 本专题用于学习""项目收尾管理""中最容易出辨析题和流程题的核心内容：管理收尾（行政收尾）与合同收尾的区别、验收与移交、经验教训总结、项目档案归档、资源释放、收尾过程的输入输出。它们不是""项目做完了签个字""这么简单，而是围绕一个核心问题展开：如何确保项目的结束不是""人去楼空""，而是有序、完整、可追溯的正",可用于定义识别、场景判断、流程边界或案例答题。,流程卡;辨析卡,上午选择,B,3,False,,,
KP-0034,T-CLOSE-001,项目收尾：管理收尾、合同收尾与验收,整体管理,SRC-T-CLOSE-001-0002,topic_learning_packages/topics/04_整体管理/T-CLOSE-001_专题学习包_项目收尾管理收尾合同收尾与验收.md,项目收尾：管理收尾、合同收尾与验收 > 先看这个专题的主线,"先看这个专题的主线 收尾管理最容易被轻视——选择题总觉得""收尾没什么可考的""，案例题也经常漏掉收尾环节。但实际上收尾有一组固定的辨析考点：管理收尾 vs 合同收尾、收尾 vs PDCA 的 Act、验收 vs 确认范围。",可用于定义识别、场景判断、流程边界或案例答题。,公式卡;案例模板卡;计算卡;辨析卡,计算题,B,3,False,,,
KP-0035,T-CLOSE-001,项目收尾：管理收尾、合同收尾与验收,整体管理,SRC-T-CLOSE-001-0003,topic_learning_packages/topics/04_整体管理/T-CLOSE-001_专题学习包_项目收尾管理收尾合同收尾与验收.md,项目收尾：管理收尾、合同收尾与验收 > 管理收尾 vs 合同收尾,管理收尾 vs 合同收尾 [高频辨析｜管理收尾 vs 合同收尾] 管理收尾（行政收尾）：项目或阶段结束时的全面收尾活动。包括：获得最终验收、移交成果、总结经验教训、归档文件、释放资源。,可用于定义识别、场景判断、流程边界或案例答题。,流程卡;辨析卡,上午选择,B,3,False,,,
KP-0036,T-CLOSE-001,项目收尾：管理收尾、合同收尾与验收,整体管理,SRC-T-CLOSE-001-0004,topic_learning_packages/topics/04_整体管理/T-CLOSE-001_专题学习包_项目收尾管理收尾合同收尾与验收.md,项目收尾：管理收尾、合同收尾与验收 > 验收与确认范围的关系,验收与确认范围的关系 [辨析｜验收 vs 确认范围] 确认范围（监控过程组）：过程中对已完成可交付成果的阶段性验收。发生在项目执行过程中，每个可交付成果完成后都可以做一次确认范围。,可用于定义识别、场景判断、流程边界或案例答题。,辨析卡,上午选择,B,3,False,,,
KP-0037,T-CLOSE-001,项目收尾：管理收尾、合同收尾与验收,整体管理,SRC-T-CLOSE-001-0005,topic_learning_packages/topics/04_整体管理/T-CLOSE-001_专题学习包_项目收尾管理收尾合同收尾与验收.md,项目收尾：管理收尾、合同收尾与验收 > 典型题详解与举一反三,典型题详解与举一反三 例题 1｜收尾顺序 项目进入收尾阶段，以下哪个顺序是正确的？ A. 管理收尾 → 合同收尾 B. 合同收尾 → 管理收尾 C. 两者同时进行 D. 不分先后 正确答案是 B。,可用于定义识别、场景判断、流程边界或案例答题。,公式卡;流程卡;计算卡;辨析卡,计算题,B,3,False,,,
KP-0038,T-CLOSE-001,项目收尾：管理收尾、合同收尾与验收,整体管理,SRC-T-CLOSE-001-0006,topic_learning_packages/topics/04_整体管理/T-CLOSE-001_专题学习包_项目收尾管理收尾合同收尾与验收.md,项目收尾：管理收尾、合同收尾与验收 > 本轮真题覆盖增强：验收、合同收尾与管理收尾,本轮真题覆盖增强：验收、合同收尾与管理收尾 本节把 questions.full.clean.md 与既有真题映射中的高频考法反查回本专题。2019 下午合同案例和多类案例题都会追问验收、索赔、归档、经验教训，收尾不是“项目做完就散”。,可用于定义识别、场景判断、流程边界或案例答题。,关键词识别卡;案例模板卡;流程卡;辨析卡,下午案例,B,3,False,,,
KP-0039,T-CLOSE-001,项目收尾：管理收尾、合同收尾与验收,整体管理,SRC-T-CLOSE-001-0008,topic_learning_packages/topics/04_整体管理/T-CLOSE-001_专题学习包_项目收尾管理收尾合同收尾与验收.md,项目收尾：管理收尾、合同收尾与验收 > 本专题的最小掌握标准,本专题的最小掌握标准 至少能做到：① 区分管理收尾和合同收尾；② 知道合同收尾在管理收尾之前；③ 区分最终验收和确认范围；④ 知道收尾 ≠ PDCA 的 Act。 ---,可用于定义识别、场景判断、流程边界或案例答题。,公式卡;计算卡,计算题,B,3,True,,,verification
KP-0040,T-INT-002,项目章程、SOW、项目管理计划与基准体系,整体管理,SRC-T-INT-002-0001,topic_learning_packages/topics/04_整体管理/T-INT-002_专题学习包_项目章程SOW项目管理计划与基准关系.md,项目章程、SOW、项目管理计划与基准体系,"T-INT-002｜项目章程、SOW、项目管理计划与基准体系 本专题用于学习""项目整体管理""中定义项目起点和管理框架的一组核心内容：项目章程（内容、作用、发布者）、工作说明书 SOW、项目管理计划（总计划与子计划体系）、三大基准（范围/进度/成本基准）、章程与计划的关系与区别。它们不是独立文档，而是围绕一个核心问题展开：一个项目从""被批准存在""到""有可执行的",可用于定义识别、场景判断、流程边界或案例答题。,辨析卡,上午选择,A,3,False,,,
KP-0041,T-INT-002,项目章程、SOW、项目管理计划与基准体系,整体管理,SRC-T-INT-002-0002,topic_learning_packages/topics/04_整体管理/T-INT-002_专题学习包_项目章程SOW项目管理计划与基准关系.md,项目章程、SOW、项目管理计划与基准体系 > 先看这个专题的主线,"先看这个专题的主线 项目章程和项目管理计划是软考选择题中最高频的""调换陷阱""——题目把章程的内容说成计划的，把计划的特征说成章程的。要破解这类题，关键是抓住两个文档的不同本质。",可用于定义识别、场景判断、流程边界或案例答题。,概念卡,上午选择,A,3,False,,,
KP-0042,T-INT-002,项目章程、SOW、项目管理计划与基准体系,整体管理,SRC-T-INT-002-0003,topic_learning_packages/topics/04_整体管理/T-INT-002_专题学习包_项目章程SOW项目管理计划与基准关系.md,"项目章程、SOW、项目管理计划与基准体系 > 项目章程：项目的""出生证""","项目章程：项目的""出生证"" [定义｜项目章程] 项目章程是正式批准项目存在、授权项目经理动用组织资源开展项目活动的文件。由发起人（或项目以外的管理层）发布，是项目的起点。",可用于定义识别、场景判断、流程边界或案例答题。,概念卡,上午选择,A,3,False,,,
KP-0043,T-INT-002,项目章程、SOW、项目管理计划与基准体系,整体管理,SRC-T-INT-002-0004,topic_learning_packages/topics/04_整体管理/T-INT-002_专题学习包_项目章程SOW项目管理计划与基准关系.md,项目章程、SOW、项目管理计划与基准体系 > 工作说明书 SOW,工作说明书 SOW [定义｜SOW] 工作说明书（Statement of Work）是对项目需交付的产品或服务的叙述性说明。它可以来自发起人、客户或其他干系人。,可用于定义识别、场景判断、流程边界或案例答题。,概念卡,上午选择,A,3,False,,,
KP-0044,T-INT-002,项目章程、SOW、项目管理计划与基准体系,整体管理,SRC-T-INT-002-0005,topic_learning_packages/topics/04_整体管理/T-INT-002_专题学习包_项目章程SOW项目管理计划与基准关系.md,"项目章程、SOW、项目管理计划与基准体系 > 项目管理计划：项目的""操作手册""","项目管理计划：项目的""操作手册"" [定义｜项目管理计划] 项目管理计划是说明项目将如何执行、监督和控制的文件。它整合了所有子管理计划和基准，由项目经理领导制定，是项目工作的总指南。",可用于定义识别、场景判断、流程边界或案例答题。,流程卡;辨析卡,上午选择,A,3,False,,,
KP-0045,T-INT-002,项目章程、SOW、项目管理计划与基准体系,整体管理,SRC-T-INT-002-0006,topic_learning_packages/topics/04_整体管理/T-INT-002_专题学习包_项目章程SOW项目管理计划与基准关系.md,项目章程、SOW、项目管理计划与基准体系 > 三大基准,"三大基准 [概念组｜项目管理三大基准] 1. 范围基准：范围说明书 + WBS + WBS 词典。回答""项目要交付什么""。",可用于定义识别、场景判断、流程边界或案例答题。,流程卡,上午选择,A,3,False,,,
KP-0046,T-INT-002,项目章程、SOW、项目管理计划与基准体系,整体管理,SRC-T-INT-002-0007,topic_learning_packages/topics/04_整体管理/T-INT-002_专题学习包_项目章程SOW项目管理计划与基准关系.md,项目章程、SOW、项目管理计划与基准体系 > 典型题详解与举一反三,典型题详解与举一反三 例题 1｜章程 vs 计划内容 以下哪项是项目章程的内容？ A. 详细的 WBS B. 成本绩效基准 C. 任命项目经理并授权 D. 风险应对计划 A、B、D 属于项目管理计划或子计划的产物。,可用于定义识别、场景判断、流程边界或案例答题。,流程卡;辨析卡,上午选择,A,3,False,,,
KP-0047,T-INT-002,项目章程、SOW、项目管理计划与基准体系,整体管理,SRC-T-INT-002-0008,topic_learning_packages/topics/04_整体管理/T-INT-002_专题学习包_项目章程SOW项目管理计划与基准关系.md,项目章程、SOW、项目管理计划与基准体系 > 本轮真题覆盖增强：章程、SOW、计划和基准,本轮真题覆盖增强：章程、SOW、计划和基准 本节把 questions.full.clean.md 与既有真题映射中的高频考法反查回本专题。上午题常用文件内容设陷阱：授权项目经理是章程，整合各分计划的是项目管理计划，经批准的范围/进度/成本形成基准。,可用于定义识别、场景判断、流程边界或案例答题。,关键词识别卡;案例模板卡;流程卡;辨析卡,下午案例,A,3,False,,,
KP-0048,T-INT-002,项目章程、SOW、项目管理计划与基准体系,整体管理,SRC-T-INT-002-0010,topic_learning_packages/topics/04_整体管理/T-INT-002_专题学习包_项目章程SOW项目管理计划与基准关系.md,项目章程、SOW、项目管理计划与基准体系 > 本专题的最小掌握标准,"本专题的最小掌握标准 至少能做到：① 区分章程和计划各自的内容和发布者；② 知道三大基准由什么组成；③ 理解基准修改必须走变更控制流程；④ 不做""章程=计划""的调换题。 ---",可用于定义识别、场景判断、流程边界或案例答题。,流程卡,上午选择,A,3,True,,,verification
KP-0049,T-INT-004,整体变更控制与 CCB,整体管理,SRC-T-INT-004-0001,topic_learning_packages/topics/04_整体管理/T-INT-004_专题学习包_整体变更控制与CCB.md,整体变更控制与 CCB,"T-INT-004｜整体变更控制与 CCB 本专题用于学习""项目整体管理""中必出选择题和案例题的一组核心内容：整体变更控制、变更控制委员会（CCB）、变更请求的四种类型、变更控制流程、批准后更新。它们不是孤立管理动作，而是围绕一个核心问题展开：当项目需要改变时，如何确保这种改变是经过评估、经过授权、经过记录、经过沟通的——而不是""谁嗓门大谁说了算""？",可用于定义识别、场景判断、流程边界或案例答题。,案例模板卡;流程卡,下午案例,A,3,False,,,
KP-0050,T-INT-004,整体变更控制与 CCB,整体管理,SRC-T-INT-004-0002,topic_learning_packages/topics/04_整体管理/T-INT-004_专题学习包_整体变更控制与CCB.md,整体变更控制与 CCB > 先看这个专题的主线,"先看这个专题的主线 变更控制在很多同学看来就是""填个表、领导签个字""。但软考对变更控制的考查远超这个层次——它会从变更和配置的关系、CCB 的角色边界、不同类型的变更请求、变更后必须更新哪些文件等多个维度出题。",可用于定义识别、场景判断、流程边界或案例答题。,案例模板卡;流程卡;辨析卡,下午案例,A,3,False,,,
KP-0051,T-INT-004,整体变更控制与 CCB,整体管理,SRC-T-INT-004-0003,topic_learning_packages/topics/04_整体管理/T-INT-004_专题学习包_整体变更控制与CCB.md,整体变更控制与 CCB > 变更控制的核心理念,变更控制的核心理念 [定义｜整体变更控制] 整体变更控制是审查所有变更请求、批准变更、管理对可交付成果、组织过程资产、项目文件和项目管理计划的变更，并对变更处理结果进行沟通的过程。它贯穿项目始终，项目经理对此负最终责任。,可用于定义识别、场景判断、流程边界或案例答题。,流程卡,上午选择,A,3,False,,,
KP-0052,T-INT-004,整体变更控制与 CCB,整体管理,SRC-T-INT-004-0004,topic_learning_packages/topics/04_整体管理/T-INT-004_专题学习包_整体变更控制与CCB.md,整体变更控制与 CCB > CCB：变更控制委员会的角色与边界,CCB：变更控制委员会的角色与边界 [定义｜CCB] 变更控制委员会（Change Control Board）是一个正式组成的团体，负责审查、评价、批准、推迟或否决项目变更，以及记录和传达变更处理决定。 关于 CCB，有几个高频考点： CCB 批什么？,可用于定义识别、场景判断、流程边界或案例答题。,流程卡;辨析卡,上午选择,A,3,False,,,
KP-0053,T-INT-004,整体变更控制与 CCB,整体管理,SRC-T-INT-004-0005,topic_learning_packages/topics/04_整体管理/T-INT-004_专题学习包_整体变更控制与CCB.md,整体变更控制与 CCB > 四种变更请求,四种变更请求 软考中会出现的变更请求类型不止一种。能够区分它们是理解变更管理的基础。,可用于定义识别、场景判断、流程边界或案例答题。,关键词识别卡;案例模板卡;流程卡,下午案例,A,3,False,,,
KP-0054,T-INT-004,整体变更控制与 CCB,整体管理,SRC-T-INT-004-0006,topic_learning_packages/topics/04_整体管理/T-INT-004_专题学习包_整体变更控制与CCB.md,整体变更控制与 CCB > 变更控制与配置管理：两个密切相关但不同的概念,"变更控制与配置管理：两个密切相关但不同的概念 这是一个高考频的辨析点： [辨析｜变更控制 vs 配置管理] 变更控制关注的是""允许不允许改、怎么改、谁批准""。它的核心问题是：对一个变更请求，应该批准、否决还是推迟？",可用于定义识别、场景判断、流程边界或案例答题。,辨析卡,上午选择,A,3,True,,,verification
KP-0055,T-INT-004,整体变更控制与 CCB,整体管理,SRC-T-INT-004-0007,topic_learning_packages/topics/04_整体管理/T-INT-004_专题学习包_整体变更控制与CCB.md,整体变更控制与 CCB > 典型题详解与举一反三,典型题详解与举一反三 例题 1｜CCB 审批范围 以下哪项通常需要提交给 CCB 审批？ A. 项目团队成员的请假申请 B. 增加新功能的变更请求 C. 周报中发现的进度偏差 D. 项目例会的会议纪要 A 属于日常人员管理，不需要 CCB；C 是监控发现的问题，可能需要分析后提出变更请求，但偏差本身不需要 CCB 审批；D 是例行文档，不需要 CCB。,可用于定义识别、场景判断、流程边界或案例答题。,关键词识别卡;案例模板卡;流程卡;辨析卡,下午案例,A,3,False,,,
KP-0056,T-INT-004,整体变更控制与 CCB,整体管理,SRC-T-INT-004-0008,topic_learning_packages/topics/04_整体管理/T-INT-004_专题学习包_整体变更控制与CCB.md,整体变更控制与 CCB > 本轮真题覆盖增强：变更请求到 CCB 闭环,本轮真题覆盖增强：变更请求到 CCB 闭环 本节把 questions.full.clean.md 与既有真题映射中的高频考法反查回本专题。2019 范围案例和多类下午题都把“口头变更、客户直接找开发、领导直接指示”作为变更失控证据。,可用于定义识别、场景判断、流程边界或案例答题。,关键词识别卡;案例模板卡;流程卡;辨析卡,下午案例,A,3,False,,,
KP-0057,T-INT-004,整体变更控制与 CCB,整体管理,SRC-T-INT-004-0010,topic_learning_packages/topics/04_整体管理/T-INT-004_专题学习包_整体变更控制与CCB.md,整体变更控制与 CCB > 本专题的最小掌握标准,本专题的最小掌握标准 学完本专题后，你至少应该能做到五件事。 第一，能画出变更控制的完整流程（从发现需求到更新记录+通知），并说出每个环节的关键动作。,可用于定义识别、场景判断、流程边界或案例答题。,关键词识别卡;案例模板卡;流程卡;辨析卡,下午案例,A,3,True,,,verification
KP-0058,T-INT-004,整体变更控制与 CCB,整体管理,SRC-T-INT-004-0011,topic_learning_packages/topics/04_整体管理/T-INT-004_专题学习包_整体变更控制与CCB.md,整体变更控制与 CCB > 待核验与后续改进,待核验与后续改进 - 四种变更请求的教材中文表述可能与 PMBOK 标准中文版有细微差异，建议与教程第 6 章对照。[待核验],可用于定义识别、场景判断、流程边界或案例答题。,概念卡,上午选择,A,3,True,,,verification
KP-0059,T-SCOPE-002,WBS、工作包、WBS 字典与范围基准,范围管理,SRC-T-SCOPE-002-0001,topic_learning_packages/topics/05_范围管理/T-SCOPE-002_专题学习包_WBS工作包WBS字典与范围基准.md,WBS、工作包、WBS 字典与范围基准,"T-SCOPE-002｜WBS、工作包、WBS 字典与范围基准 本专题用于学习""项目范围管理""中最核心也最容易被低估的一组内容：工作分解结构（WBS）、工作包、WBS 字典、范围基准、控制账户和分解原则。它们不是孤立文档，而是围绕一个核心问题展开：如何把模糊的项目目标转化为可管理、可估算、可分配、可控制的工作单元，并形成稳定的范围基准？",可用于定义识别、场景判断、流程边界或案例答题。,概念卡,上午选择,A,3,False,,,
KP-0060,T-SCOPE-002,WBS、工作包、WBS 字典与范围基准,范围管理,SRC-T-SCOPE-002-0002,topic_learning_packages/topics/05_范围管理/T-SCOPE-002_专题学习包_WBS工作包WBS字典与范围基准.md,WBS、工作包、WBS 字典与范围基准 > 先看这个专题的主线,"先看这个专题的主线 WBS 在很多同学眼里就是""画一棵倒树""，画完就结束了。但软考对 WBS 的考查远不止于此——它会从""什么应该包含在 WBS 中""""WBS 词典有什么用""""范围基准由什么组成""""WBS 与进度、成本的关系""等多个角度出题。",可用于定义识别、场景判断、流程边界或案例答题。,公式卡;案例模板卡;计算卡,计算题,A,3,False,,,
KP-0061,T-SCOPE-002,WBS、工作包、WBS 字典与范围基准,范围管理,SRC-T-SCOPE-002-0003,topic_learning_packages/topics/05_范围管理/T-SCOPE-002_专题学习包_WBS工作包WBS字典与范围基准.md,WBS、工作包、WBS 字典与范围基准 > WBS 是什么：以可交付成果为导向的层级分解,WBS 是什么：以可交付成果为导向的层级分解 [定义｜WBS] 工作分解结构（Work Breakdown Structure）是以可交付成果为导向的，对项目团队为实现项目目标、创建所需可交付成果而需要实施的全部工作范围的层级分解。WBS 组织并定义了项目的全部范围。,可用于定义识别、场景判断、流程边界或案例答题。,关键词识别卡,上午选择,A,3,False,,,
KP-0062,T-SCOPE-002,WBS、工作包、WBS 字典与范围基准,范围管理,SRC-T-SCOPE-002-0004,topic_learning_packages/topics/05_范围管理/T-SCOPE-002_专题学习包_WBS工作包WBS字典与范围基准.md,"WBS、工作包、WBS 字典与范围基准 > WBS 词典：WBS 的""说明书""","WBS 词典：WBS 的""说明书"" [定义｜WBS 词典] WBS 词典是对 WBS 中每个组件的详细说明文件。它包含该组件的账户编码、工作说明、负责人、进度里程碑清单等信息，还可能包括合同信息、质量要求、技术文献、计划活动、资源和成本估算等。",可用于定义识别、场景判断、流程边界或案例答题。,辨析卡,上午选择,A,3,True,,,verification
KP-0063,T-SCOPE-002,WBS、工作包、WBS 字典与范围基准,范围管理,SRC-T-SCOPE-002-0005,topic_learning_packages/topics/05_范围管理/T-SCOPE-002_专题学习包_WBS工作包WBS字典与范围基准.md,WBS、工作包、WBS 字典与范围基准 > 范围基准：WBS + WBS 词典 + 范围说明书,范围基准：WBS + WBS 词典 + 范围说明书 [定义｜范围基准] 范围基准是经过批准的项目范围说明书、WBS 和 WBS 词典的组合。只有通过正式的变更控制程序才能更改范围基准。,可用于定义识别、场景判断、流程边界或案例答题。,流程卡,上午选择,A,3,True,,,verification
KP-0064,T-SCOPE-002,WBS、工作包、WBS 字典与范围基准,范围管理,SRC-T-SCOPE-002-0006,topic_learning_packages/topics/05_范围管理/T-SCOPE-002_专题学习包_WBS工作包WBS字典与范围基准.md,WBS、工作包、WBS 字典与范围基准 > 控制账户：连接范围、成本与进度的管理点,控制账户：连接范围、成本与进度的管理点 [定义｜控制账户] 控制账户（Control Account）是设置在 WBS 选定节点上的管理控制点。在该点上，把范围、预算、实际成本和进度加以整合，并与挣值相比较，以测量绩效。,可用于定义识别、场景判断、流程边界或案例答题。,公式卡;计算卡,计算题,A,3,False,,,
KP-0065,T-SCOPE-002,WBS、工作包、WBS 字典与范围基准,范围管理,SRC-T-SCOPE-002-0007,topic_learning_packages/topics/05_范围管理/T-SCOPE-002_专题学习包_WBS工作包WBS字典与范围基准.md,WBS、工作包、WBS 字典与范围基准 > 典型题详解与举一反三,典型题详解与举一反三 例题 1｜WBS 的核心特征 以下关于 WBS 的描述，哪项是正确的？ A. WBS 是按项目活动对项目工作进行层级分解 B. WBS 的最底层组件称为控制账户 C. WBS 是以可交付成果为导向的层级分解 D. WBS 由项目经理单独负责创建 A 错：WBS 是以可交付成果（而非活动）为导向的分解。,可用于定义识别、场景判断、流程边界或案例答题。,案例模板卡;辨析卡,下午案例,A,3,True,,,verification
KP-0066,T-SCOPE-002,WBS、工作包、WBS 字典与范围基准,范围管理,SRC-T-SCOPE-002-0008,topic_learning_packages/topics/05_范围管理/T-SCOPE-002_专题学习包_WBS工作包WBS字典与范围基准.md,WBS、工作包、WBS 字典与范围基准 > 本轮真题覆盖增强：WBS 与工作包陷阱,本轮真题覆盖增强：WBS 与工作包陷阱 本节把 questions.full.clean.md 与既有真题映射中的高频考法反查回本专题。2010 上半年上午题直接考“WBS 最底层工作单元不是功能模块”；下午范围题常从范围说明书和验收标准缺失切入。,可用于定义识别、场景判断、流程边界或案例答题。,关键词识别卡;案例模板卡;流程卡;辨析卡,下午案例,A,3,True,,,verification
KP-0067,T-SCOPE-002,WBS、工作包、WBS 字典与范围基准,范围管理,SRC-T-SCOPE-002-0010,topic_learning_packages/topics/05_范围管理/T-SCOPE-002_专题学习包_WBS工作包WBS字典与范围基准.md,WBS、工作包、WBS 字典与范围基准 > 本专题的最小掌握标准,"本专题的最小掌握标准 学完本专题后，你至少应该能做到五件事。 第一，能解释 WBS 为什么是""以可交付成果为导向的层级分解""，并指出""按活动分解""和""按部门分解""的错误。",可用于定义识别、场景判断、流程边界或案例答题。,案例模板卡,下午案例,A,3,True,,,verification
KP-0068,T-SCOPE-002,WBS、工作包、WBS 字典与范围基准,范围管理,SRC-T-SCOPE-002-0011,topic_learning_packages/topics/05_范围管理/T-SCOPE-002_专题学习包_WBS工作包WBS字典与范围基准.md,WBS、工作包、WBS 字典与范围基准 > 待核验与后续改进,待核验与后续改进 - 工作包 8~80 小时的经验规则来源于 PMI 实践指南，软考教程的具体表述需回查原文。[待核验] - 控制账户在挣值管理中的具体配置规则需结合教材第 9 章成本管理部分确认。,可用于定义识别、场景判断、流程边界或案例答题。,概念卡,上午选择,A,3,True,,,verification
KP-0069,T-SCH-002,活动排序、依赖关系、PDM/AOA 与提前滞后量,进度管理,SRC-T-SCH-002-0001,topic_learning_packages/topics/06_进度管理/T-SCH-002_专题学习包_活动排序依赖关系PDM_AOA与提前滞后量.md,活动排序、依赖关系、PDM/AOA 与提前滞后量,"T-SCH-002｜活动排序、依赖关系、PDM/AOA 与提前滞后量 本专题用于学习""项目进度管理""中连接""活动定义""和""关键路径计算""的关键中间环节：活动排序、四种依赖关系（FS/SS/FF/SF）、前导图法（PDM/AON）与箭线图法（ADM/AOA）、四种依赖类型（强制性/选择性/外部/内部）、提前量与滞后量。它们不是孤立画法，而是围绕一个核心问题展开",可用于定义识别、场景判断、流程边界或案例答题。,公式卡;流程卡;计算卡,计算题,A,3,False,,,
KP-0070,T-SCH-002,活动排序、依赖关系、PDM/AOA 与提前滞后量,进度管理,SRC-T-SCH-002-0002,topic_learning_packages/topics/06_进度管理/T-SCH-002_专题学习包_活动排序依赖关系PDM_AOA与提前滞后量.md,活动排序、依赖关系、PDM/AOA 与提前滞后量 > 先看这个专题的主线,"先看这个专题的主线 很多同学学进度管理时直接从 WBS 跳到关键路径，忽略了中间最关键的""排序""环节。活动排序决定了整个网络图的结构——如果依赖关系画错了，后面的关键路径、时差计算、进度压缩全都跟着错。",可用于定义识别、场景判断、流程边界或案例答题。,公式卡;计算卡,计算题,A,3,False,,,
KP-0071,T-SCH-002,活动排序、依赖关系、PDM/AOA 与提前滞后量,进度管理,SRC-T-SCH-002-0003,topic_learning_packages/topics/06_进度管理/T-SCH-002_专题学习包_活动排序依赖关系PDM_AOA与提前滞后量.md,活动排序、依赖关系、PDM/AOA 与提前滞后量 > 四种依赖关系类型,四种依赖关系类型 [概念组｜活动的四种依赖关系] 1. 完成-开始（FS）：前序活动完成后，后续活动才能开始。这是最常用的关系。,可用于定义识别、场景判断、流程边界或案例答题。,概念卡,上午选择,A,3,False,,,
KP-0072,T-SCH-002,活动排序、依赖关系、PDM/AOA 与提前滞后量,进度管理,SRC-T-SCH-002-0004,topic_learning_packages/topics/06_进度管理/T-SCH-002_专题学习包_活动排序依赖关系PDM_AOA与提前滞后量.md,活动排序、依赖关系、PDM/AOA 与提前滞后量 > 四种依赖确定方式,四种依赖确定方式 [概念组｜依赖的确定方式] 1. 强制性依赖（硬逻辑）：工作本身的内在性质决定的，不可违反。例如：必须先建地基才能建墙壁。,可用于定义识别、场景判断、流程边界或案例答题。,关键词识别卡;辨析卡,上午选择,A,3,False,,,
KP-0073,T-SCH-002,活动排序、依赖关系、PDM/AOA 与提前滞后量,进度管理,SRC-T-SCH-002-0005,topic_learning_packages/topics/06_进度管理/T-SCH-002_专题学习包_活动排序依赖关系PDM_AOA与提前滞后量.md,活动排序、依赖关系、PDM/AOA 与提前滞后量 > PDM/AON 与 ADM/AOA 对比,PDM/AON 与 ADM/AOA 对比 [辨析｜PDM vs ADM] PDM（前导图法）= AON（单代号网络图）：活动在节点（方框）上，箭线表示逻辑关系。这是大多数项目管理软件采用的方法，也是软考最常用的画法。,可用于定义识别、场景判断、流程边界或案例答题。,辨析卡,上午选择,A,3,False,,,
KP-0074,T-SCH-002,活动排序、依赖关系、PDM/AOA 与提前滞后量,进度管理,SRC-T-SCH-002-0006,topic_learning_packages/topics/06_进度管理/T-SCH-002_专题学习包_活动排序依赖关系PDM_AOA与提前滞后量.md,活动排序、依赖关系、PDM/AOA 与提前滞后量 > 提前量与滞后量,提前量与滞后量 [定义｜提前量（Lead）] 允许后续活动提前开始的时间量。在 FS 关系中，后续活动可以在前序活动完成之前开始。,可用于定义识别、场景判断、流程边界或案例答题。,流程卡;辨析卡,上午选择,A,3,True,,,verification
KP-0075,T-SCH-002,活动排序、依赖关系、PDM/AOA 与提前滞后量,进度管理,SRC-T-SCH-002-0007,topic_learning_packages/topics/06_进度管理/T-SCH-002_专题学习包_活动排序依赖关系PDM_AOA与提前滞后量.md,活动排序、依赖关系、PDM/AOA 与提前滞后量 > 典型题详解与举一反三,"典型题详解与举一反三 例题 1｜依赖关系类型识别 活动 A 开始 3 天后，活动 B 才能开始。这种关系是： A. FS+3 B. SS+3 C. SF+3 D. FF+3 ""开始后→才能开始""→SS。",可用于定义识别、场景判断、流程边界或案例答题。,公式卡;计算卡;辨析卡,计算题,A,3,True,,,verification
KP-0076,T-SCH-002,活动排序、依赖关系、PDM/AOA 与提前滞后量,进度管理,SRC-T-SCH-002-0008,topic_learning_packages/topics/06_进度管理/T-SCH-002_专题学习包_活动排序依赖关系PDM_AOA与提前滞后量.md,活动排序、依赖关系、PDM/AOA 与提前滞后量 > 本轮真题覆盖增强：依赖关系与前导图识别,本轮真题覆盖增强：依赖关系与前导图识别 本节把 questions.full.clean.md 与既有真题映射中的高频考法反查回本专题。题库出现“编码前不能测试”判断强制依赖，以及 PDM/AOA 英文题。,可用于定义识别、场景判断、流程边界或案例答题。,关键词识别卡;案例模板卡;流程卡;辨析卡,下午案例,A,3,False,,,
KP-0077,T-SCH-002,活动排序、依赖关系、PDM/AOA 与提前滞后量,进度管理,SRC-T-SCH-002-0010,topic_learning_packages/topics/06_进度管理/T-SCH-002_专题学习包_活动排序依赖关系PDM_AOA与提前滞后量.md,活动排序、依赖关系、PDM/AOA 与提前滞后量 > 本专题的最小掌握标准,本专题的最小掌握标准 学完本专题后，你至少应该能做到四件事。 第一，能根据描述判断依赖关系的类型（FS/SS/FF/SF）并正确写出含提前量/滞后量的表达式。,可用于定义识别、场景判断、流程边界或案例答题。,公式卡;计算卡,计算题,A,3,True,,,verification
KP-0078,T-SCH-002,活动排序、依赖关系、PDM/AOA 与提前滞后量,进度管理,SRC-T-SCH-002-0011,topic_learning_packages/topics/06_进度管理/T-SCH-002_专题学习包_活动排序依赖关系PDM_AOA与提前滞后量.md,活动排序、依赖关系、PDM/AOA 与提前滞后量 > 待核验与后续改进,"待核验与后续改进 - 教材中""提前量用负数表示、滞后量用正数表示""的约定是否与所有真题一致需回查。[待核验]",可用于定义识别、场景判断、流程边界或案例答题。,概念卡,上午选择,A,3,True,,,verification
KP-0079,T-SCH-003,关键路径、总时差、自由时差与网络图判断,进度管理,SRC-T-SCH-003-0001,topic_learning_packages/topics/06_进度管理/T-SCH-003_专题学习包_关键路径总时差自由时差与网络图判断.md,关键路径、总时差、自由时差与网络图判断,"T-SCH-003｜关键路径、总时差、自由时差与网络图判断 本专题用于学习""项目进度管理""中必出计算题和选择题的一组核心内容：前导图法（PDM）、箭线图法（ADM）、关键路径法（CPM）、总时差（总浮动时间）、自由时差（自由浮动时间）、网络图的正推法与逆推法。它们不是孤立概念，而是围绕一个核心问题展开：给定一组活动的工期和逻辑关系，如何确定项目的最短工期？",可用于定义识别、场景判断、流程边界或案例答题。,公式卡;计算卡,计算题,A,3,False,,,
KP-0080,T-SCH-003,关键路径、总时差、自由时差与网络图判断,进度管理,SRC-T-SCH-003-0002,topic_learning_packages/topics/06_进度管理/T-SCH-003_专题学习包_关键路径总时差自由时差与网络图判断.md,关键路径、总时差、自由时差与网络图判断 > 先看这个专题的主线,"先看这个专题的主线 关键路径这个专题最容易学成""算数训练""——拿到网络图就算 ES、EF、LS、LF，算出关键路径就结束。但软考不只需要你会算，还需要你理解背后的管理含义。",可用于定义识别、场景判断、流程边界或案例答题。,公式卡;流程卡;计算卡,计算题,A,3,True,,,verification
KP-0081,T-SCH-003,关键路径、总时差、自由时差与网络图判断,进度管理,SRC-T-SCH-003-0003,topic_learning_packages/topics/06_进度管理/T-SCH-003_专题学习包_关键路径总时差自由时差与网络图判断.md,关键路径、总时差、自由时差与网络图判断 > 网络图的两种画法：PDM vs ADM,网络图的两种画法：PDM vs ADM 在计算关键路径之前，需要先理解活动之间的逻辑关系是如何表达的。,可用于定义识别、场景判断、流程边界或案例答题。,公式卡;计算卡;辨析卡,计算题,A,3,False,,,
KP-0082,T-SCH-003,关键路径、总时差、自由时差与网络图判断,进度管理,SRC-T-SCH-003-0004,topic_learning_packages/topics/06_进度管理/T-SCH-003_专题学习包_关键路径总时差自由时差与网络图判断.md,关键路径、总时差、自由时差与网络图判断 > 网络图的两种画法：PDM vs ADM > 前导图法（PDM / AON）,"前导图法（PDM / AON） [定义｜PDM / AON] 前导图法（Precedence Diagramming Method）用方框（节点）代表活动，箭头表示活动之间的逻辑关系。因为只有活动节点需要编号，所以也叫单代号网络图（Activity On Node, AON）。",可用于定义识别、场景判断、流程边界或案例答题。,公式卡;计算卡;辨析卡,计算题,A,3,False,,,
KP-0083,T-SCH-003,关键路径、总时差、自由时差与网络图判断,进度管理,SRC-T-SCH-003-0005,topic_learning_packages/topics/06_进度管理/T-SCH-003_专题学习包_关键路径总时差自由时差与网络图判断.md,关键路径、总时差、自由时差与网络图判断 > 网络图的两种画法：PDM vs ADM > 箭线图法（ADM / AOA）,"箭线图法（ADM / AOA） [定义｜ADM / AOA] 箭线图法（Arrow Diagramming Method）用箭线代表活动，节点代表事件（活动的开始或完成）。因为节点和箭线都需要编号，所以也叫双代号网络图（Activity On Arrow, AOA）。",可用于定义识别、场景判断、流程边界或案例答题。,公式卡;计算卡;辨析卡,计算题,A,3,False,,,
KP-0084,T-SCH-003,关键路径、总时差、自由时差与网络图判断,进度管理,SRC-T-SCH-003-0006,topic_learning_packages/topics/06_进度管理/T-SCH-003_专题学习包_关键路径总时差自由时差与网络图判断.md,关键路径、总时差、自由时差与网络图判断 > 正推法与逆推法：计算时间参数的核心方法 > 正推法（Forward Pass）：计算 ES 和 EF,正推法（Forward Pass）：计算 ES 和 EF 正推法从网络图的起点开始，沿箭线方向逐个计算每个活动的最早开始时间（ES）和最早完成时间（EF）。 [规则｜正推法] 1. 起始活动的 ES = 0（或项目指定的开始日期） 2. EF = ES + 工期 3. 后续活动的 ES = 所有紧前活动中最大的 EF 4. 遇到汇合点时，ES 取所有进入路径,可用于定义识别、场景判断、流程边界或案例答题。,公式卡;计算卡,计算题,A,3,False,,,
KP-0085,T-SCH-003,关键路径、总时差、自由时差与网络图判断,进度管理,SRC-T-SCH-003-0007,topic_learning_packages/topics/06_进度管理/T-SCH-003_专题学习包_关键路径总时差自由时差与网络图判断.md,关键路径、总时差、自由时差与网络图判断 > 正推法与逆推法：计算时间参数的核心方法 > 逆推法（Backward Pass）：计算 LS 和 LF,逆推法（Backward Pass）：计算 LS 和 LF 逆推法从网络图的终点开始，逆箭线方向逐个计算每个活动的最迟开始时间（LS）和最迟完成时间（LF）。 [规则｜逆推法] 1. 结束活动的 LF = 项目的总工期（正推法算出的最后 EF） 2. LS = LF − 工期 3. 前置活动的 LF = 所有紧后活动中最小的 LS 4. 遇到分支点时，LF ,可用于定义识别、场景判断、流程边界或案例答题。,公式卡;计算卡,计算题,A,3,False,,,
KP-0086,T-SCH-003,关键路径、总时差、自由时差与网络图判断,进度管理,SRC-T-SCH-003-0008,topic_learning_packages/topics/06_进度管理/T-SCH-003_专题学习包_关键路径总时差自由时差与网络图判断.md,关键路径、总时差、自由时差与网络图判断 > 关键路径：决定项目最短工期的那条路径,关键路径：决定项目最短工期的那条路径 [定义｜关键路径] 关键路径是项目网络图中总持续时间最长的路径，它决定了项目的最短完成时间。关键路径上的活动称为关键活动，关键活动的总时差通常为零（在大多数情况下）。,可用于定义识别、场景判断、流程边界或案例答题。,公式卡;计算卡,计算题,A,3,True,,,verification
KP-0087,T-SCH-003,关键路径、总时差、自由时差与网络图判断,进度管理,SRC-T-SCH-003-0009,topic_learning_packages/topics/06_进度管理/T-SCH-003_专题学习包_关键路径总时差自由时差与网络图判断.md,关键路径、总时差、自由时差与网络图判断 > 总时差与自由时差：两个最容易被混淆的概念,总时差与自由时差：两个最容易被混淆的概念 [定义｜总时差（总浮动时间）] 在不延误项目完工日期的前提下，活动可以从其最早开始时间推迟的最大时间量。总时差 = LF − EF = LS − ES。,可用于定义识别、场景判断、流程边界或案例答题。,公式卡;关键词识别卡;计算卡;辨析卡,计算题,A,3,True,,,verification
KP-0088,T-SCH-003,关键路径、总时差、自由时差与网络图判断,进度管理,SRC-T-SCH-003-0010,topic_learning_packages/topics/06_进度管理/T-SCH-003_专题学习包_关键路径总时差自由时差与网络图判断.md,关键路径、总时差、自由时差与网络图判断 > 典型题详解与举一反三,典型题详解与举一反三 例题 1｜关键路径识别 某项目网络图包含以下路径：路径 1：A-C-F（工期 12 天），路径 2：A-D-G（工期 15 天），路径 3：B-E-G（工期 14 天）。关键路径是哪条？,可用于定义识别、场景判断、流程边界或案例答题。,公式卡;流程卡;计算卡;辨析卡,计算题,A,3,True,,,verification
KP-0089,T-SCH-003,关键路径、总时差、自由时差与网络图判断,进度管理,SRC-T-SCH-003-0011,topic_learning_packages/topics/06_进度管理/T-SCH-003_专题学习包_关键路径总时差自由时差与网络图判断.md,关键路径、总时差、自由时差与网络图判断 > 本轮真题覆盖增强：关键路径变化与时差,本轮真题覆盖增强：关键路径变化与时差 本节把 questions.full.clean.md 与既有真题映射中的高频考法反查回本专题。下午题常给活动表求关键路径；上午题常考“关键路径可能变化、可能不止一条、不是所有控制点都在关键路径上”。,可用于定义识别、场景判断、流程边界或案例答题。,公式卡;关键词识别卡;案例模板卡;流程卡;计算卡;辨析卡,计算题,A,3,False,,,
KP-0090,T-SCH-003,关键路径、总时差、自由时差与网络图判断,进度管理,SRC-T-SCH-003-0013,topic_learning_packages/topics/06_进度管理/T-SCH-003_专题学习包_关键路径总时差自由时差与网络图判断.md,关键路径、总时差、自由时差与网络图判断 > 本专题的最小掌握标准,本专题的最小掌握标准 学完本专题后，你至少应该能做到五件事。 第一，给定一个 5-10 个活动的网络图，能通过正推法和逆推法正确计算每个活动的 ES、EF、LS、LF，并识别关键路径。,可用于定义识别、场景判断、流程边界或案例答题。,公式卡;计算卡;辨析卡,计算题,A,3,True,,,verification
KP-0091,T-SCH-003,关键路径、总时差、自由时差与网络图判断,进度管理,SRC-T-SCH-003-0014,topic_learning_packages/topics/06_进度管理/T-SCH-003_专题学习包_关键路径总时差自由时差与网络图判断.md,关键路径、总时差、自由时差与网络图判断 > 待核验与后续改进,待核验与后续改进 - 本专题的例题为典型仿真题，基于常见考法构造，非引用具体年份真题。[待核验] - 关键链法（CCM）的内容在教程中存在，但非本专题重点，可在后续扩展。,可用于定义识别、场景判断、流程边界或案例答题。,公式卡;流程卡;计算卡,计算题,A,3,True,,,verification
KP-0092,T-COST-001,成本估算、成本预算、储备分析与成本基准,成本管理,SRC-T-COST-001-0001,topic_learning_packages/topics/07_成本管理/T-COST-001_专题学习包_成本估算预算储备分析与成本基准.md,成本估算、成本预算、储备分析与成本基准,"T-COST-001｜成本估算、成本预算、储备分析与成本基准 本专题用于学习""项目成本管理""中为挣值管理提供基础和上下文的核心内容：成本估算方法（类比/参数/自下而上/三点估算）、成本预算、成本基准、储备分析（应急储备 vs 管理储备）、资金限制平衡、成本失控的常见原因。它们不是挣值管理的附属品，而是围绕一个核心问题展开：在还不知道项目实际要花多少钱的时候，",可用于定义识别、场景判断、流程边界或案例答题。,案例模板卡;辨析卡,下午案例,A,3,False,,,
KP-0093,T-COST-001,成本估算、成本预算、储备分析与成本基准,成本管理,SRC-T-COST-001-0002,topic_learning_packages/topics/07_成本管理/T-COST-001_专题学习包_成本估算预算储备分析与成本基准.md,成本估算、成本预算、储备分析与成本基准 > 先看这个专题的主线,"先看这个专题的主线 很多同学学成本管理直接跳到挣值管理（EV/PV/AC/CPI/SPI），忽略了挣值管理依赖的前提——成本基准（PV 的来源）是怎么来的。如果成本基准不准，挣值管理的所有计算都是基于错误基线的""精确错误""。",可用于定义识别、场景判断、流程边界或案例答题。,公式卡;计算卡,计算题,A,3,False,,,
KP-0094,T-COST-001,成本估算、成本预算、储备分析与成本基准,成本管理,SRC-T-COST-001-0003,topic_learning_packages/topics/07_成本管理/T-COST-001_专题学习包_成本估算预算储备分析与成本基准.md,成本估算、成本预算、储备分析与成本基准 > 成本估算方法,成本估算方法 [概念组｜成本估算主要方法] 1. 类比估算：使用以往类似项目的实际成本数据来估算当前项目。优点是快、成本低；缺点是准确性差。,可用于定义识别、场景判断、流程边界或案例答题。,公式卡;计算卡;辨析卡,计算题,A,3,False,,,
KP-0095,T-COST-001,成本估算、成本预算、储备分析与成本基准,成本管理,SRC-T-COST-001-0004,topic_learning_packages/topics/07_成本管理/T-COST-001_专题学习包_成本估算预算储备分析与成本基准.md,成本估算、成本预算、储备分析与成本基准 > 成本预算与成本基准,成本预算与成本基准 [定义｜成本预算] 成本预算是将批准的总成本估算分配到各个工作包和各个时间段的过程。它的输出是成本基准。,可用于定义识别、场景判断、流程边界或案例答题。,公式卡;计算卡;辨析卡,计算题,A,3,False,,,
KP-0096,T-COST-001,成本估算、成本预算、储备分析与成本基准,成本管理,SRC-T-COST-001-0005,topic_learning_packages/topics/07_成本管理/T-COST-001_专题学习包_成本估算预算储备分析与成本基准.md,成本估算、成本预算、储备分析与成本基准 > 储备分析：应急储备 vs 管理储备,储备分析：应急储备 vs 管理储备 [高频辨析｜应急储备 vs 管理储备] 应急储备：针对已识别风险（已知-未知）的预算预留。已经包含在成本基准中，项目经理可以动用。,可用于定义识别、场景判断、流程边界或案例答题。,辨析卡,上午选择,A,3,False,,,
KP-0097,T-COST-001,成本估算、成本预算、储备分析与成本基准,成本管理,SRC-T-COST-001-0006,topic_learning_packages/topics/07_成本管理/T-COST-001_专题学习包_成本估算预算储备分析与成本基准.md,成本估算、成本预算、储备分析与成本基准 > 典型题详解与举一反三,典型题详解与举一反三 例题 1｜估算方法选择 项目早期，需求尚未详细明确，项目经理需要快速给出一个粗略的成本估算。最合适的方法是： A. 自下而上估算 B. 参数估算 C. 类比估算 D. 三点估算 项目早期、信息有限、需要快速 → 类比估算最合适。,可用于定义识别、场景判断、流程边界或案例答题。,关键词识别卡;案例模板卡;辨析卡,下午案例,A,3,True,,,verification
KP-0098,T-COST-001,成本估算、成本预算、储备分析与成本基准,成本管理,SRC-T-COST-001-0007,topic_learning_packages/topics/07_成本管理/T-COST-001_专题学习包_成本估算预算储备分析与成本基准.md,成本估算、成本预算、储备分析与成本基准 > 本轮真题覆盖增强：估算、预算与储备口径,本轮真题覆盖增强：估算、预算与储备口径 本节把 questions.full.clean.md 与既有真题映射中的高频考法反查回本专题。2010 上午题考自下而上估算第一步、间接成本、EV 信息不足；成本专题要帮助判断“题目给的数据能不能算”。,可用于定义识别、场景判断、流程边界或案例答题。,公式卡;关键词识别卡;案例模板卡;流程卡;计算卡;辨析卡,计算题,A,3,False,,,
KP-0099,T-COST-001,成本估算、成本预算、储备分析与成本基准,成本管理,SRC-T-COST-001-0009,topic_learning_packages/topics/07_成本管理/T-COST-001_专题学习包_成本估算预算储备分析与成本基准.md,成本估算、成本预算、储备分析与成本基准 > 本专题的最小掌握标准,本专题的最小掌握标准 学完本专题后，至少能做到：① 区分四种估算方法并判断适用场景；② 区分应急储备和管理储备（基准内/外、谁可动用）；③ 理解成本基准 = 工作包估算 + 应急储备；④ 在案例题中分析估算不准的原因。 ---,可用于定义识别、场景判断、流程边界或案例答题。,案例模板卡,下午案例,A,3,True,,,verification
KP-0100,T-COST-002,挣值管理与成本绩效分析,成本管理,SRC-T-COST-002-0001,topic_learning_packages/topics/07_成本管理/T-COST-002_专题学习包_挣值管理与成本绩效分析.md,挣值管理与成本绩效分析,"T-COST-002｜挣值管理与成本绩效分析 本专题用于学习""项目成本管理""中最容易出计算题和案例题的一组核心内容：挣值管理（EVM）、计划值（PV）、挣值（EV）、实际成本（AC）、成本偏差（CV）、进度偏差（SV）、成本绩效指数（CPI）、进度绩效指数（SPI）、完工估算（EAC）、完工尚需估算（ETC）和完工偏差（VAC）。它们不是孤立公式，而是围绕一",可用于定义识别、场景判断、流程边界或案例答题。,公式卡;案例模板卡;计算卡,计算题,A,3,False,,,
KP-0101,T-COST-002,挣值管理与成本绩效分析,成本管理,SRC-T-COST-002-0002,topic_learning_packages/topics/07_成本管理/T-COST-002_专题学习包_挣值管理与成本绩效分析.md,挣值管理与成本绩效分析 > 先看这个专题的主线,"先看这个专题的主线 挣值管理最容易被学成""背公式""。很多同学把 PV、EV、AC、CV、SV、CPI、SPI 的公式抄在纸上反复默写，但一遇到稍微变化的题目就不知道用哪个公式。",可用于定义识别、场景判断、流程边界或案例答题。,公式卡;案例模板卡;计算卡,计算题,A,3,False,,,
KP-0102,T-COST-002,挣值管理与成本绩效分析,成本管理,SRC-T-COST-002-0003,topic_learning_packages/topics/07_成本管理/T-COST-002_专题学习包_挣值管理与成本绩效分析.md,挣值管理与成本绩效分析 > 三个基础指标：PV、EV、AC,三个基础指标：PV、EV、AC 挣值管理的所有计算都建立在三个基础指标之上。这三个指标需要深刻理解，不是简单背定义。,可用于定义识别、场景判断、流程边界或案例答题。,公式卡;计算卡,计算题,A,3,False,,,
KP-0103,T-COST-002,挣值管理与成本绩效分析,成本管理,SRC-T-COST-002-0004,topic_learning_packages/topics/07_成本管理/T-COST-002_专题学习包_挣值管理与成本绩效分析.md,"挣值管理与成本绩效分析 > 三个基础指标：PV、EV、AC > 计划价值（PV）——""按计划应该完成的工作值多少钱""","计划价值（PV）——""按计划应该完成的工作值多少钱"" [定义｜计划价值 PV] 计划价值（Planned Value）是为计划工作分配的经批准的预算。它是到某个特定时点为止，按计划应该完成的工作所对应的预算金额。",可用于定义识别、场景判断、流程边界或案例答题。,公式卡;关键词识别卡;计算卡,计算题,A,3,False,,,
KP-0104,T-COST-002,挣值管理与成本绩效分析,成本管理,SRC-T-COST-002-0005,topic_learning_packages/topics/07_成本管理/T-COST-002_专题学习包_挣值管理与成本绩效分析.md,"挣值管理与成本绩效分析 > 三个基础指标：PV、EV、AC > 挣值（EV）——""实际完成的工作按预算值多少钱""","挣值（EV）——""实际完成的工作按预算值多少钱"" [定义｜挣值 EV] 挣值（Earned Value）是对已完成工作的测量值，用分配给该工作的预算来表示。它是实际完成的工作所对应的经批准的预算。",可用于定义识别、场景判断、流程边界或案例答题。,公式卡;计算卡,计算题,A,3,False,,,
KP-0105,T-COST-002,挣值管理与成本绩效分析,成本管理,SRC-T-COST-002-0006,topic_learning_packages/topics/07_成本管理/T-COST-002_专题学习包_挣值管理与成本绩效分析.md,"挣值管理与成本绩效分析 > 三个基础指标：PV、EV、AC > 实际成本（AC）——""完成这些工作实际花了多少钱""","实际成本（AC）——""完成这些工作实际花了多少钱"" [定义｜实际成本 AC] 实际成本（Actual Cost）是在给定时段内，执行工作而实际发生的总成本。它是为完成与 EV 相对应的工作而发生的全部费用。",可用于定义识别、场景判断、流程边界或案例答题。,公式卡;计算卡,计算题,A,3,False,,,
KP-0106,T-COST-002,挣值管理与成本绩效分析,成本管理,SRC-T-COST-002-0007,topic_learning_packages/topics/07_成本管理/T-COST-002_专题学习包_挣值管理与成本绩效分析.md,挣值管理与成本绩效分析 > 三个基础指标：PV、EV、AC > 三个指标的关系：一图胜千言,"三个指标的关系：一图胜千言 把这三个指标画在一起的时候，PV 代表""时间线上的预算""，EV 代表""实际产出能折合多少预算""，AC 代表""实际投入了多少钱""。SV 比较的是产出和计划，CV 比较的是产出和投入。",可用于定义识别、场景判断、流程边界或案例答题。,公式卡;计算卡,计算题,A,3,False,,,
KP-0107,T-COST-002,挣值管理与成本绩效分析,成本管理,SRC-T-COST-002-0008,topic_learning_packages/topics/07_成本管理/T-COST-002_专题学习包_挣值管理与成本绩效分析.md,挣值管理与成本绩效分析 > 四个绩效指标：偏差与指数 > 进度偏差（SV）和成本偏差（CV）,进度偏差（SV）和成本偏差（CV） [公式｜进度偏差 SV] SV = EV − PV - SV 0：进度提前（完成的预算价值超过了计划值） - SV = 0：进度符合计划 - SV < 0：进度滞后（完成的预算价值低于计划值） [公式｜成本偏差 CV] CV = EV − AC - CV 0：成本节约（完成的工作价值超过了实际花费） - CV = 0：成本,可用于定义识别、场景判断、流程边界或案例答题。,公式卡;计算卡,计算题,A,3,True,,,verification
KP-0108,T-COST-002,挣值管理与成本绩效分析,成本管理,SRC-T-COST-002-0009,topic_learning_packages/topics/07_成本管理/T-COST-002_专题学习包_挣值管理与成本绩效分析.md,挣值管理与成本绩效分析 > 四个绩效指标：偏差与指数 > 进度绩效指数（SPI）和成本绩效指数（CPI）,进度绩效指数（SPI）和成本绩效指数（CPI） [公式｜进度绩效指数 SPI] SPI = EV / PV - SPI 1：进度效率高于计划 - SPI = 1：进度效率符合计划 - SPI < 1：进度效率低于计划 [公式｜成本绩效指数 CPI] CPI = EV / AC - CPI 1：成本效率高于计划（花更少的钱完成更多的工作） - CPI = 1：,可用于定义识别、场景判断、流程边界或案例答题。,公式卡;计算卡,计算题,A,3,False,,,
KP-0109,T-COST-002,挣值管理与成本绩效分析,成本管理,SRC-T-COST-002-0010,topic_learning_packages/topics/07_成本管理/T-COST-002_专题学习包_挣值管理与成本绩效分析.md,挣值管理与成本绩效分析 > 预测指标：EAC、ETC、TCPI,预测指标：EAC、ETC、TCPI 挣值管理的终极价值在于预测。当项目已经执行了一段时间，掌握了 CV、SV、CPI、SPI 等指标后，就可以预测项目完工时的总成本。,可用于定义识别、场景判断、流程边界或案例答题。,公式卡;计算卡,计算题,A,3,False,,,
KP-0110,T-COST-002,挣值管理与成本绩效分析,成本管理,SRC-T-COST-002-0011,topic_learning_packages/topics/07_成本管理/T-COST-002_专题学习包_挣值管理与成本绩效分析.md,挣值管理与成本绩效分析 > 预测指标：EAC、ETC、TCPI > 完工估算（EAC）,完工估算（EAC） [定义｜完工估算 EAC] 根据当前项目绩效和风险量化，对项目完工时总成本的预测。EAC 不是一个确定的数，而是基于不同假设条件计算出的预测值。,可用于定义识别、场景判断、流程边界或案例答题。,公式卡;关键词识别卡;计算卡,计算题,A,3,False,,,
KP-0111,T-COST-002,挣值管理与成本绩效分析,成本管理,SRC-T-COST-002-0012,topic_learning_packages/topics/07_成本管理/T-COST-002_专题学习包_挣值管理与成本绩效分析.md,挣值管理与成本绩效分析 > 预测指标：EAC、ETC、TCPI > 完工尚需估算（ETC）,完工尚需估算（ETC） [公式｜ETC] ETC = EAC − AC ETC 表示从当前时点到项目完工还需要多少成本。它不是独立计算的，而是从 EAC 减去已发生的 AC 得出。,可用于定义识别、场景判断、流程边界或案例答题。,公式卡;计算卡,计算题,A,3,False,,,
KP-0112,T-COST-002,挣值管理与成本绩效分析,成本管理,SRC-T-COST-002-0013,topic_learning_packages/topics/07_成本管理/T-COST-002_专题学习包_挣值管理与成本绩效分析.md,挣值管理与成本绩效分析 > 预测指标：EAC、ETC、TCPI > 完工偏差（VAC）,完工偏差（VAC） [公式｜VAC] VAC = BAC − EAC VAC 表示完工时预算与最终估算之间的差异。VAC 0 表示预计成本结余，VAC < 0 表示预计成本超支。,可用于定义识别、场景判断、流程边界或案例答题。,公式卡;计算卡,计算题,A,3,False,,,
KP-0113,T-COST-002,挣值管理与成本绩效分析,成本管理,SRC-T-COST-002-0014,topic_learning_packages/topics/07_成本管理/T-COST-002_专题学习包_挣值管理与成本绩效分析.md,挣值管理与成本绩效分析 > 预测指标：EAC、ETC、TCPI > 完工尚需绩效指数（TCPI）,"完工尚需绩效指数（TCPI） [公式｜TCPI] TCPI = (BAC − EV) / (BAC − AC) 或当 BAC 不可行时：TCPI = (BAC − EV) / (EAC − AC) TCPI 表示""为了实现 BAC（或 EAC），剩余工作必须以什么成本效率完成""。TCPI 1 意味着剩余工作必须比原计划更高效才能达标。",可用于定义识别、场景判断、流程边界或案例答题。,公式卡;计算卡,计算题,A,3,False,,,
KP-0114,T-COST-002,挣值管理与成本绩效分析,成本管理,SRC-T-COST-002-0015,topic_learning_packages/topics/07_成本管理/T-COST-002_专题学习包_挣值管理与成本绩效分析.md,挣值管理与成本绩效分析 > S 曲线：将挣值管理可视化,S 曲线：将挣值管理可视化 挣值管理的三个基础指标通常用 S 曲线图表示，这在考试中也会出现（看图判断题）。 在 S 曲线图中： - PV 曲线在 EV 曲线上方 → EV < PV → SV < 0 → 进度滞后 - AC 曲线在 EV 曲线上方 → AC EV → CV < 0 → 成本超支 - 理想状态：三条曲线接近或 EV 在最上方 ---,可用于定义识别、场景判断、流程边界或案例答题。,公式卡;计算卡,计算题,A,3,False,,,
KP-0115,T-COST-002,挣值管理与成本绩效分析,成本管理,SRC-T-COST-002-0016,topic_learning_packages/topics/07_成本管理/T-COST-002_专题学习包_挣值管理与成本绩效分析.md,挣值管理与成本绩效分析 > 典型题详解与举一反三,典型题详解与举一反三 例题 1｜基础指标计算 某项目到第 4 个月末的计划价值 PV = 100 万元，实际成本 AC = 110 万元，挣值 EV = 90 万元。请问该项目的进度偏差和成本偏差分别是多少？,可用于定义识别、场景判断、流程边界或案例答题。,公式卡;关键词识别卡;案例模板卡;流程卡;计算卡,计算题,A,3,False,,,
KP-0116,T-COST-002,挣值管理与成本绩效分析,成本管理,SRC-T-COST-002-0017,topic_learning_packages/topics/07_成本管理/T-COST-002_专题学习包_挣值管理与成本绩效分析.md,挣值管理与成本绩效分析 > 本轮真题覆盖增强：EVM 数据是否充分,本轮真题覆盖增强：EVM 数据是否充分 本节把 questions.full.clean.md 与既有真题映射中的高频考法反查回本专题。2019 下午题要求计算 PV/EV/AC/CV/SV/CPI/SPI；上午题也会考只有 PV 和 AC 时无法判断绩效。,可用于定义识别、场景判断、流程边界或案例答题。,公式卡;关键词识别卡;案例模板卡;流程卡;计算卡;辨析卡,计算题,A,3,False,,,
KP-0117,T-COST-002,挣值管理与成本绩效分析,成本管理,SRC-T-COST-002-0019,topic_learning_packages/topics/07_成本管理/T-COST-002_专题学习包_挣值管理与成本绩效分析.md,挣值管理与成本绩效分析 > 本专题的最小掌握标准,本专题的最小掌握标准 学完本专题后，你至少应该能做到六件事。 第一，给出 PV、EV、AC 三个数，能立即正确计算 SV、CV、SPI、CPI，并准确判断进度和成本状态。,可用于定义识别、场景判断、流程边界或案例答题。,公式卡;关键词识别卡;案例模板卡;流程卡;计算卡,计算题,A,3,True,,,verification
KP-0118,T-COST-002,挣值管理与成本绩效分析,成本管理,SRC-T-COST-002-0020,topic_learning_packages/topics/07_成本管理/T-COST-002_专题学习包_挣值管理与成本绩效分析.md,挣值管理与成本绩效分析 > 待核验与后续改进,待核验与后续改进 - 本专题中的具体数值例题为典型题，基于常见考法和教材公式构造，非引用具体年份真题。[待核验] 如需精确匹配历年真题年份，需回查真题汇编。,可用于定义识别、场景判断、流程边界或案例答题。,公式卡;计算卡,计算题,A,3,True,,,verification
KP-0119,T-QUAL-001,质量保证、质量控制与质量审计,质量管理,SRC-T-QUAL-001-0001,topic_learning_packages/topics/08_质量管理/T-QUAL-001_专题学习包_质量保证质量控制与质量审计.md,质量保证、质量控制与质量审计,"T-QUAL-001｜质量保证、质量控制与质量审计 本专题用于学习""项目质量管理""中最容易出辨析题和案例题的一组核心内容：质量规划、质量保证（QA）、质量控制（QC）、质量审计、质量与等级的区别、预防与检查。它们不是孤立管理动作，而是围绕一个核心问题展开：如何让项目不是最后才发现质量问题，而是在过程和结果两个层面持续保证质量？",可用于定义识别、场景判断、流程边界或案例答题。,案例模板卡;辨析卡,下午案例,A,3,False,,,
KP-0120,T-QUAL-001,质量保证、质量控制与质量审计,质量管理,SRC-T-QUAL-001-0002,topic_learning_packages/topics/08_质量管理/T-QUAL-001_专题学习包_质量保证质量控制与质量审计.md,质量保证、质量控制与质量审计 > 先看这个专题的主线,"先看这个专题的主线 质量管理最容易被学成""检查结果是否合格""。但项目管理中的质量管理远不止于此——它至少在两个层面同时运作：一是确保过程是可靠的（做东西的方法对不对），二是确保结果满足要求（做出来的东西好不好）。",可用于定义识别、场景判断、流程边界或案例答题。,概念卡,上午选择,A,3,True,,,verification
KP-0121,T-QUAL-001,质量保证、质量控制与质量审计,质量管理,SRC-T-QUAL-001-0003,topic_learning_packages/topics/08_质量管理/T-QUAL-001_专题学习包_质量保证质量控制与质量审计.md,质量保证、质量控制与质量审计 > 质量 vs 等级：一个经典混淆,"质量 vs 等级：一个经典混淆 [辨析｜质量 vs 等级] 质量是一系列内在特性满足要求的程度。质量反映的是""好不好""——有没有缺陷、是否满足规格。",可用于定义识别、场景判断、流程边界或案例答题。,辨析卡,上午选择,A,3,False,,,
KP-0122,T-QUAL-001,质量保证、质量控制与质量审计,质量管理,SRC-T-QUAL-001-0004,topic_learning_packages/topics/08_质量管理/T-QUAL-001_专题学习包_质量保证质量控制与质量审计.md,质量保证、质量控制与质量审计 > QA 与 QC：最核心的辨析,QA 与 QC：最核心的辨析 [定义｜质量保证 QA] 质量保证是审计质量要求和质量控制测量结果，确保项目采用合理的质量标准和操作性定义的过程。QA 关注的是过程是否可靠，主要手段是质量审计和过程分析。,可用于定义识别、场景判断、流程边界或案例答题。,辨析卡,上午选择,A,3,True,,,verification
KP-0123,T-QUAL-001,质量保证、质量控制与质量审计,质量管理,SRC-T-QUAL-001-0005,topic_learning_packages/topics/08_质量管理/T-QUAL-001_专题学习包_质量保证质量控制与质量审计.md,质量保证、质量控制与质量审计 > 质量审计：QA 的核心工具,质量审计：QA 的核心工具 [定义｜质量审计] 质量审计是确定项目活动是否遵循了组织的质量政策和项目质量要求的结构化、独立的过程。它可以由内部或外部审计师执行。,可用于定义识别、场景判断、流程边界或案例答题。,概念卡,上午选择,A,3,False,,,
KP-0124,T-QUAL-001,质量保证、质量控制与质量审计,质量管理,SRC-T-QUAL-001-0006,topic_learning_packages/topics/08_质量管理/T-QUAL-001_专题学习包_质量保证质量控制与质量审计.md,质量保证、质量控制与质量审计 > 典型题详解与举一反三,典型题详解与举一反三 例题 1｜质量 vs 等级 项目团队交付了一个低等级但高质量的软件产品。以下理解哪项正确？,可用于定义识别、场景判断、流程边界或案例答题。,关键词识别卡;案例模板卡;流程卡;辨析卡,下午案例,A,3,True,,,verification
KP-0125,T-QUAL-001,质量保证、质量控制与质量审计,质量管理,SRC-T-QUAL-001-0007,topic_learning_packages/topics/08_质量管理/T-QUAL-001_专题学习包_质量保证质量控制与质量审计.md,质量保证、质量控制与质量审计 > 本轮真题覆盖增强：QA、QC 与质量审计边界,本轮真题覆盖增强：QA、QC 与质量审计边界 本节把 questions.full.clean.md 与既有真题映射中的高频考法反查回本专题。2019 下午质量案例把 SQA、质量控制、质量计划编制混在一起，考角色独立性和过程/结果边界。,可用于定义识别、场景判断、流程边界或案例答题。,公式卡;关键词识别卡;案例模板卡;流程卡;计算卡;辨析卡,计算题,A,3,False,,,
KP-0126,T-QUAL-001,质量保证、质量控制与质量审计,质量管理,SRC-T-QUAL-001-0009,topic_learning_packages/topics/08_质量管理/T-QUAL-001_专题学习包_质量保证质量控制与质量审计.md,质量保证、质量控制与质量审计 > 本专题的最小掌握标准,本专题的最小掌握标准 学完本专题后，你至少应该能做到四件事。 第一，能清楚区分 QA（管过程、做审计）和 QC（管结果、做测量），并能根据具体管理活动的描述判断属于 QA 还是 QC。,可用于定义识别、场景判断、流程边界或案例答题。,关键词识别卡;案例模板卡;辨析卡,下午案例,A,3,True,,,verification
KP-0127,T-QUAL-001,质量保证、质量控制与质量审计,质量管理,SRC-T-QUAL-001-0010,topic_learning_packages/topics/08_质量管理/T-QUAL-001_专题学习包_质量保证质量控制与质量审计.md,质量保证、质量控制与质量审计 > 待核验与后续改进,待核验与后续改进 - 质量成本四分类的术语与软考教程中文版的一致性需回查教材。[待核验] - 质量管理七工具和新七工具的具体内容在本专题中简要提及，详细覆盖建议另设专题。,可用于定义识别、场景判断、流程边界或案例答题。,概念卡,上午选择,A,3,True,,,verification
KP-0128,T-QUAL-002,质量管理七工具、新七工具与质量问题分析,质量管理,SRC-T-QUAL-002-0001,topic_learning_packages/topics/08_质量管理/T-QUAL-002_专题学习包_质量管理七工具新七工具与质量问题分析.md,质量管理七工具、新七工具与质量问题分析,"T-QUAL-002｜质量管理七工具、新七工具与质量问题分析 本专题用于学习""项目质量管理""中的核心工具内容：质量七工具（因果图/流程图/检查表/帕累托图/直方图/控制图/散点图）、新七工具简介、控制图的判定规则（七点法则）、质量工具的选择场景。它们不是可背可不背的冷门知识，而是围绕一个核心问题展开：在质量管理中，什么时候用什么工具来分析问题、发现问题、展示",可用于定义识别、场景判断、流程边界或案例答题。,流程卡,上午选择,A,3,False,,,
KP-0129,T-QUAL-002,质量管理七工具、新七工具与质量问题分析,质量管理,SRC-T-QUAL-002-0002,topic_learning_packages/topics/08_质量管理/T-QUAL-002_专题学习包_质量管理七工具新七工具与质量问题分析.md,质量管理七工具、新七工具与质量问题分析 > 先看这个专题的主线,"先看这个专题的主线 质量管理七工具是选择题的高频考点——不是考你""会用""，而是""能区分""。题目通常给你一个场景描述（如""项目经理想看哪些缺陷最严重""），让你选出正确的工具。",可用于定义识别、场景判断、流程边界或案例答题。,案例模板卡;流程卡,下午案例,A,3,False,,,
KP-0130,T-QUAL-002,质量管理七工具、新七工具与质量问题分析,质量管理,SRC-T-QUAL-002-0003,topic_learning_packages/topics/08_质量管理/T-QUAL-002_专题学习包_质量管理七工具新七工具与质量问题分析.md,质量管理七工具、新七工具与质量问题分析 > 七工具逐一精讲 > 1. 因果图（鱼骨图/石川图）,1. 因果图（鱼骨图/石川图） 用途：找问题的根本原因。将问题（鱼头）和可能的原因（鱼骨）用图形连接。,可用于定义识别、场景判断、流程边界或案例答题。,案例模板卡,下午案例,A,3,False,,,
KP-0131,T-QUAL-002,质量管理七工具、新七工具与质量问题分析,质量管理,SRC-T-QUAL-002-0004,topic_learning_packages/topics/08_质量管理/T-QUAL-002_专题学习包_质量管理七工具新七工具与质量问题分析.md,质量管理七工具、新七工具与质量问题分析 > 七工具逐一精讲 > 2. 流程图,2. 流程图 用途：分析过程中哪个环节可能出问题。显示输入→过程步骤→输出的顺序关系。,可用于定义识别、场景判断、流程边界或案例答题。,流程卡,上午选择,A,3,False,,,
KP-0132,T-QUAL-002,质量管理七工具、新七工具与质量问题分析,质量管理,SRC-T-QUAL-002-0005,topic_learning_packages/topics/08_质量管理/T-QUAL-002_专题学习包_质量管理七工具新七工具与质量问题分析.md,质量管理七工具、新七工具与质量问题分析 > 七工具逐一精讲 > 4. 帕累托图,"4. 帕累托图 用途：找出""关键的少数""。80/20 法则——80%的问题由 20% 的原因造成。",可用于定义识别、场景判断、流程边界或案例答题。,案例模板卡,下午案例,A,3,False,,,
KP-0133,T-QUAL-002,质量管理七工具、新七工具与质量问题分析,质量管理,SRC-T-QUAL-002-0006,topic_learning_packages/topics/08_质量管理/T-QUAL-002_专题学习包_质量管理七工具新七工具与质量问题分析.md,质量管理七工具、新七工具与质量问题分析 > 七工具逐一精讲 > 5. 直方图,5. 直方图 用途：展示数据的分布形状。将连续数据分成若干区间，显示每个区间中有多少数据点。,可用于定义识别、场景判断、流程边界或案例答题。,辨析卡,上午选择,A,3,False,,,
KP-0134,T-QUAL-002,质量管理七工具、新七工具与质量问题分析,质量管理,SRC-T-QUAL-002-0007,topic_learning_packages/topics/08_质量管理/T-QUAL-002_专题学习包_质量管理七工具新七工具与质量问题分析.md,质量管理七工具、新七工具与质量问题分析 > 七工具逐一精讲 > 6. 控制图,6. 控制图 用途：判断过程是否稳定。显示随时间变化的数据点，加上中心线、上控制限（UCL）和下控制限（LCL）。,可用于定义识别、场景判断、流程边界或案例答题。,概念卡,上午选择,A,3,True,,,verification
KP-0135,T-QUAL-002,质量管理七工具、新七工具与质量问题分析,质量管理,SRC-T-QUAL-002-0008,topic_learning_packages/topics/08_质量管理/T-QUAL-002_专题学习包_质量管理七工具新七工具与质量问题分析.md,质量管理七工具、新七工具与质量问题分析 > 七工具逐一精讲 > 7. 散点图,7. 散点图 用途：判断两个变量之间是否存在相关性。X 轴一个变量，Y 轴另一个变量，看数据点是否呈现趋势。,可用于定义识别、场景判断、流程边界或案例答题。,概念卡,上午选择,A,3,False,,,
KP-0136,T-QUAL-002,质量管理七工具、新七工具与质量问题分析,质量管理,SRC-T-QUAL-002-0009,topic_learning_packages/topics/08_质量管理/T-QUAL-002_专题学习包_质量管理七工具新七工具与质量问题分析.md,质量管理七工具、新七工具与质量问题分析 > 新七工具简介,"新七工具简介 工具 用途 ------ 亲和图 归类大量想法/数据 关联图 展示复杂因果关系 树形图 层级分解（类似 WBS） 矩阵图 展示多因素关系 优先矩阵 加权排序决策 活动网络图 展示活动顺序（类似 PDM） 过程决策程序图 预测障碍并制定对策 新七工具考得较少，以识别题为主（问""以下哪个不属于新七工具""""亲和图属于什么""）。 ---",可用于定义识别、场景判断、流程边界或案例答题。,流程卡,上午选择,A,3,False,,,
KP-0137,T-QUAL-002,质量管理七工具、新七工具与质量问题分析,质量管理,SRC-T-QUAL-002-0010,topic_learning_packages/topics/08_质量管理/T-QUAL-002_专题学习包_质量管理七工具新七工具与质量问题分析.md,质量管理七工具、新七工具与质量问题分析 > 工具选择速查表,工具选择速查表 考试场景 选什么工具 ------ 分析 bug 的根因 因果图（鱼骨图） 想看什么类型的缺陷最多 帕累托图 想看代码缺陷数随时间的变化趋势 控制图 收集测试缺陷数据 检查表 想看交付物尺寸是否集中在目标范围 直方图 想看测试覆盖率和缺陷率有无关系 散点图 想分析变更审批经过哪些环节 流程图 ---,可用于定义识别、场景判断、流程边界或案例答题。,流程卡,上午选择,A,3,False,,,
KP-0138,T-QUAL-002,质量管理七工具、新七工具与质量问题分析,质量管理,SRC-T-QUAL-002-0011,topic_learning_packages/topics/08_质量管理/T-QUAL-002_专题学习包_质量管理七工具新七工具与质量问题分析.md,质量管理七工具、新七工具与质量问题分析 > 典型题详解与举一反三,"典型题详解与举一反三 例题 1｜帕累托图 项目经理整理了过去 3 个月的缺陷数据，想找出最主要的三类缺陷并优先处理。最适合的工具是： A. 因果图 B. 控制图 C. 帕累托图 D. 散点图 ""找出最主要的三类""→ 帕累托图（80/20法则）。",可用于定义识别、场景判断、流程边界或案例答题。,案例模板卡;流程卡;辨析卡,下午案例,A,3,False,,,
KP-0139,T-QUAL-002,质量管理七工具、新七工具与质量问题分析,质量管理,SRC-T-QUAL-002-0012,topic_learning_packages/topics/08_质量管理/T-QUAL-002_专题学习包_质量管理七工具新七工具与质量问题分析.md,质量管理七工具、新七工具与质量问题分析 > 本轮真题覆盖增强：质量工具按问题选,本轮真题覆盖增强：质量工具按问题选 本节把 questions.full.clean.md 与既有真题映射中的高频考法反查回本专题。题库常考排列图、因果图、控制图、新七工具；工具题关键不是背名词，而是看“要解决什么问题”。,可用于定义识别、场景判断、流程边界或案例答题。,关键词识别卡;案例模板卡;流程卡;辨析卡,下午案例,A,3,False,,,
KP-0140,T-QUAL-002,质量管理七工具、新七工具与质量问题分析,质量管理,SRC-T-QUAL-002-0014,topic_learning_packages/topics/08_质量管理/T-QUAL-002_专题学习包_质量管理七工具新七工具与质量问题分析.md,质量管理七工具、新七工具与质量问题分析 > 本专题的最小掌握标准,"本专题的最小掌握标准 至少能做到：给定一个考试场景描述（如""想看什么缺陷最多""、""想判断过程是否稳定""、""想找根因""），能立即匹配正确的质量工具。记住七点法则。",可用于定义识别、场景判断、流程边界或案例答题。,概念卡,上午选择,A,3,True,,,verification
KP-0141,T-QUAL-002,质量管理七工具、新七工具与质量问题分析,质量管理,SRC-T-QUAL-002-0015,topic_learning_packages/topics/08_质量管理/T-QUAL-002_专题学习包_质量管理七工具新七工具与质量问题分析.md,质量管理七工具、新七工具与质量问题分析 > 待核验与后续改进,待核验与后续改进 - 新七工具的具体名称和分类在软考教程中是否完整列出需回查。[待核验] - 控制图的具体公式（UCL/LCL）不要求记忆，但七点法则是否为教材原文需确认。,可用于定义识别、场景判断、流程边界或案例答题。,公式卡;计算卡,计算题,A,3,True,,,verification
KP-0142,T-QUAL-003,质量问题案例模板：缺陷、测试、验收与纠偏,质量管理,SRC-T-QUAL-003-0001,topic_learning_packages/topics/08_质量管理/T-QUAL-003_专题学习包_质量问题案例模板缺陷测试验收与纠偏.md,质量问题案例模板：缺陷、测试、验收与纠偏,"T-QUAL-003｜质量问题案例模板：缺陷、测试、验收与纠偏 本专题与 T-CASE-001 通用方法和 T-QUAL-001 QA/QC 基础配合使用。提供""质量问题""这一高频下午案例场景的专项诊断模板和答题框架，核心问题是：项目后期集中爆发大量缺陷——到底是哪里没做对？",可用于定义识别、场景判断、流程边界或案例答题。,案例模板卡,下午案例,B,3,False,,,
KP-0143,T-QUAL-003,质量问题案例模板：缺陷、测试、验收与纠偏,质量管理,SRC-T-QUAL-003-0002,topic_learning_packages/topics/08_质量管理/T-QUAL-003_专题学习包_质量问题案例模板缺陷测试验收与纠偏.md,质量问题案例模板：缺陷、测试、验收与纠偏 > 诊断框架（三问法）,诊断框架（三问法） 面对质量问题案例，用三个问题驱动诊断： 问 1：规划阶段有没有质量计划？ - 有没有质量测量指标？,可用于定义识别、场景判断、流程边界或案例答题。,关键词识别卡;案例模板卡,下午案例,B,3,True,,,verification
KP-0144,T-QUAL-003,质量问题案例模板：缺陷、测试、验收与纠偏,质量管理,SRC-T-QUAL-003-0003,topic_learning_packages/topics/08_质量管理/T-QUAL-003_专题学习包_质量问题案例模板缺陷测试验收与纠偏.md,质量问题案例模板：缺陷、测试、验收与纠偏 > 答题框架,"答题框架 答题步骤 内容 ------ 找问题 ① 未制定质量计划/质量测量指标缺失 ② QA 过程缺失（无代码评审/无过程审计）③ QC 集中在后期，缺陷积累 ④ 未进行根因分析，同类错误反复出现 分析原因 预防成本投入严重不足 → 内部失败成本急剧放大；质量是""做出来的""不是""测出来的""的意识缺失 提措施 ① 制定/补充质量计划 ② 建立代码评审和技术评",可用于定义识别、场景判断、流程边界或案例答题。,案例模板卡;流程卡,下午案例,B,3,False,,,
KP-0145,T-QUAL-003,质量问题案例模板：缺陷、测试、验收与纠偏,质量管理,SRC-T-QUAL-003-0004,topic_learning_packages/topics/08_质量管理/T-QUAL-003_专题学习包_质量问题案例模板缺陷测试验收与纠偏.md,质量问题案例模板：缺陷、测试、验收与纠偏 > 案例训练片段,案例训练片段 训练的片段｜测试集中在最后 某信息系统项目计划 12 个月完成。前 10 个月团队专注于功能开发，没有做过程评审。,可用于定义识别、场景判断、流程边界或案例答题。,案例模板卡;流程卡,下午案例,B,3,True,,,verification
KP-0146,T-QUAL-003,质量问题案例模板：缺陷、测试、验收与纠偏,质量管理,SRC-T-QUAL-003-0005,topic_learning_packages/topics/08_质量管理/T-QUAL-003_专题学习包_质量问题案例模板缺陷测试验收与纠偏.md,质量问题案例模板：缺陷、测试、验收与纠偏 > 本轮真题覆盖增强：质量案例答题链,本轮真题覆盖增强：质量案例答题链 本节把 questions.full.clean.md 与既有真题映射中的高频考法反查回本专题。2019 下午质量案例集中考“不妥之处、质量控制步骤、质量计划工具”，是质量案例模板的核心来源。,可用于定义识别、场景判断、流程边界或案例答题。,关键词识别卡;案例模板卡;流程卡;辨析卡,下午案例,B,3,False,,,
KP-0147,T-QUAL-003,质量问题案例模板：缺陷、测试、验收与纠偏,质量管理,SRC-T-QUAL-003-0007,topic_learning_packages/topics/08_质量管理/T-QUAL-003_专题学习包_质量问题案例模板缺陷测试验收与纠偏.md,质量问题案例模板：缺陷、测试、验收与纠偏 > 本专题的最小掌握标准,"本专题的最小掌握标准 能做质量案例的完整诊断：识别""缺质量计划/缺 QA/QC 后置""的三类缺失→组织从根因到措施的完整答案→答案中""质量是过程做出来的""的意识贯穿始终。 ---",可用于定义识别、场景判断、流程边界或案例答题。,案例模板卡,下午案例,B,3,True,,,verification
KP-0148,T-QUAL-003,质量问题案例模板：缺陷、测试、验收与纠偏,质量管理,SRC-T-QUAL-003-0008,topic_learning_packages/topics/08_质量管理/T-QUAL-003_专题学习包_质量问题案例模板缺陷测试验收与纠偏.md,质量问题案例模板：缺陷、测试、验收与纠偏 > 待核验与后续改进,待核验与后续改进 - 与 T-QUAL-001（QA/QC 基础）和 T-QUAL-002（质量工具）配合学习。[待核验],可用于定义识别、场景判断、流程边界或案例答题。,案例模板卡,下午案例,B,3,True,,,verification
KP-0149,T-COM-001,沟通渠道计算与干系人参与管理,人力资源与沟通管理,SRC-T-COM-001-0001,topic_learning_packages/topics/09_人力资源与沟通管理/T-COM-001_专题学习包_沟通渠道计算与干系人参与管理.md,沟通渠道计算与干系人参与管理,"T-COM-001｜沟通渠道计算与干系人参与管理 本专题用于学习""项目沟通管理与干系人管理""中最容易出计算题和辨析题的一组核心内容：沟通渠道数计算、沟通模型（发送方-接收方）、沟通方式（推/拉/交互）、干系人识别与分类、干系人参与度评估矩阵。它们不是孤立概念，而是围绕一个核心问题展开：项目经理如何确保信息在正确的干系人之间有效流动，并让干系人以合适的程度参与",可用于定义识别、场景判断、流程边界或案例答题。,公式卡;计算卡;辨析卡,计算题,A,3,False,,,
KP-0150,T-COM-001,沟通渠道计算与干系人参与管理,人力资源与沟通管理,SRC-T-COM-001-0002,topic_learning_packages/topics/09_人力资源与沟通管理/T-COM-001_专题学习包_沟通渠道计算与干系人参与管理.md,沟通渠道计算与干系人参与管理 > 先看这个专题的主线,"先看这个专题的主线 沟通管理和干系人管理在软考中经常被放在一起考，因为它们在现实中紧密相关。沟通管理关心的是""信息怎么传""——渠道对不对、方式合不合适、信息有没有被正确理解。",可用于定义识别、场景判断、流程边界或案例答题。,公式卡;计算卡,计算题,A,3,False,,,
KP-0151,T-COM-001,沟通渠道计算与干系人参与管理,人力资源与沟通管理,SRC-T-COM-001-0003,topic_learning_packages/topics/09_人力资源与沟通管理/T-COM-001_专题学习包_沟通渠道计算与干系人参与管理.md,沟通渠道计算与干系人参与管理 > 沟通渠道数：最常考的计算题,沟通渠道数：最常考的计算题 [公式｜沟通渠道数] 沟通渠道数 = n × (n − 1) / 2 其中 n 是参与沟通的人数（包括项目经理）。 这个公式的直觉是：在 n 个人的团队中，每两个人之间有一条双向沟通渠道。,可用于定义识别、场景判断、流程边界或案例答题。,公式卡;计算卡,计算题,A,3,False,,,
KP-0152,T-COM-001,沟通渠道计算与干系人参与管理,人力资源与沟通管理,SRC-T-COM-001-0004,topic_learning_packages/topics/09_人力资源与沟通管理/T-COM-001_专题学习包_沟通渠道计算与干系人参与管理.md,"沟通渠道计算与干系人参与管理 > 沟通模型：信息不只是""发出去了""就完了","沟通模型：信息不只是""发出去了""就完了 [核心模型｜发送方-接收方沟通模型] 发送方：编码 → 发送消息 → 通过媒介传递 接收方：接收消息 → 解码 → 理解 → 反馈确认 噪声存在于整个过程中，可能干扰或曲解信息。 从这个模型中，可以衍生几个考试要点： 1. 编码和解码的不对称性：发送方和接收方可能用不同的""翻译系统""（不同的专业领域、文化背景、语言习惯",可用于定义识别、场景判断、流程边界或案例答题。,公式卡;关键词识别卡;计算卡,计算题,A,3,False,,,
KP-0153,T-COM-001,沟通渠道计算与干系人参与管理,人力资源与沟通管理,SRC-T-COM-001-0005,topic_learning_packages/topics/09_人力资源与沟通管理/T-COM-001_专题学习包_沟通渠道计算与干系人参与管理.md,沟通渠道计算与干系人参与管理 > 沟通方式：推式、拉式、交互式,沟通方式：推式、拉式、交互式 [概念组｜三种沟通方式] - 推式（Push）：发送方主动推送信息给特定接收方。例如邮件、备忘录、报告。,可用于定义识别、场景判断、流程边界或案例答题。,公式卡;计算卡,计算题,A,3,False,,,
KP-0154,T-COM-001,沟通渠道计算与干系人参与管理,人力资源与沟通管理,SRC-T-COM-001-0006,topic_learning_packages/topics/09_人力资源与沟通管理/T-COM-001_专题学习包_沟通渠道计算与干系人参与管理.md,"沟通渠道计算与干系人参与管理 > 干系人参与度评估：不只是""知道有这个人""","干系人参与度评估：不只是""知道有这个人"" [概念组｜干系人参与度分类] - 不知晓（Unaware）：干系人完全不知道项目及其潜在影响 - 抵制（Resistant）：干系人知道项目及其影响，但抵制变更 - 中立（Neutral）：干系人知道项目，既不支持也不抵制 - 支持（Supportive）：干系人知道项目及其影响，支持变更 - 领导（Leading）",可用于定义识别、场景判断、流程边界或案例答题。,公式卡;计算卡,计算题,A,3,False,,,
KP-0155,T-COM-001,沟通渠道计算与干系人参与管理,人力资源与沟通管理,SRC-T-COM-001-0007,topic_learning_packages/topics/09_人力资源与沟通管理/T-COM-001_专题学习包_沟通渠道计算与干系人参与管理.md,沟通渠道计算与干系人参与管理 > 典型题详解与举一反三,典型题详解与举一反三 例题 1｜沟通渠道数计算 项目团队原有 8 人（含项目经理）。后来增加了 4 人。,可用于定义识别、场景判断、流程边界或案例答题。,公式卡;关键词识别卡;案例模板卡;计算卡,计算题,A,3,False,,,
KP-0156,T-COM-001,沟通渠道计算与干系人参与管理,人力资源与沟通管理,SRC-T-COM-001-0008,topic_learning_packages/topics/09_人力资源与沟通管理/T-COM-001_专题学习包_沟通渠道计算与干系人参与管理.md,沟通渠道计算与干系人参与管理 > 本轮真题覆盖增强：沟通渠道与沟通有效性,本轮真题覆盖增强：沟通渠道与沟通有效性 本节把 questions.full.clean.md 与既有真题映射中的高频考法反查回本专题。题库既考 n(n-1)/2，也在案例中考取消例会、信息不同步和干系人参与不足。,可用于定义识别、场景判断、流程边界或案例答题。,公式卡;关键词识别卡;案例模板卡;流程卡;计算卡;辨析卡,计算题,A,3,False,,,
KP-0157,T-COM-001,沟通渠道计算与干系人参与管理,人力资源与沟通管理,SRC-T-COM-001-0010,topic_learning_packages/topics/09_人力资源与沟通管理/T-COM-001_专题学习包_沟通渠道计算与干系人参与管理.md,沟通渠道计算与干系人参与管理 > 本专题的最小掌握标准,本专题的最小掌握标准 学完本专题后，你至少应该能做到四件事。 第一，会算沟通渠道数（包括增减变化）。,可用于定义识别、场景判断、流程边界或案例答题。,公式卡;案例模板卡;计算卡,计算题,A,3,True,,,verification
KP-0158,T-HR-001,项目人力资源管理：组织计划、团队建设与团队管理,人力资源与沟通管理,SRC-T-HR-001-0001,topic_learning_packages/topics/09_人力资源与沟通管理/T-HR-001_专题学习包_项目人力资源管理组织计划团队建设与团队管理.md,项目人力资源管理：组织计划、团队建设与团队管理,"T-HR-001｜项目人力资源管理：组织计划、团队建设与团队管理 本专题用于学习""项目人力资源管理""的核心内容：人力资源计划、RAM（责任分配矩阵）、OBS（组织分解结构）、RACI 矩阵、团队组建（招募/虚拟团队）、团队建设（塔克曼阶梯模型、激励理论）、团队管理（冲突管理、绩效考核）。它们不是孤立的人事管理概念，而是围绕一个核心问题展开：如何确保项目有正确",可用于定义识别、场景判断、流程边界或案例答题。,公式卡;计算卡,计算题,A,3,False,,,
KP-0159,T-HR-001,项目人力资源管理：组织计划、团队建设与团队管理,人力资源与沟通管理,SRC-T-HR-001-0002,topic_learning_packages/topics/09_人力资源与沟通管理/T-HR-001_专题学习包_项目人力资源管理组织计划团队建设与团队管理.md,项目人力资源管理：组织计划、团队建设与团队管理 > 先看这个专题的主线,"先看这个专题的主线 人力资源管理在十大知识域中是一个""被夹在中间""的领域——它不像成本和进度那样有大量计算题，但选择、辨析和案例题对它特别偏爱。其中最常考的两大块：一是结构化工具（RAM/OBS/RACI）怎么用；二是塔克曼团队发展阶段和冲突管理怎么判断。",可用于定义识别、场景判断、流程边界或案例答题。,公式卡;案例模板卡;计算卡;辨析卡,计算题,A,3,False,,,
KP-0160,T-HR-001,项目人力资源管理：组织计划、团队建设与团队管理,人力资源与沟通管理,SRC-T-HR-001-0003,topic_learning_packages/topics/09_人力资源与沟通管理/T-HR-001_专题学习包_项目人力资源管理组织计划团队建设与团队管理.md,项目人力资源管理：组织计划、团队建设与团队管理 > 结构化组织工具：WBS → OBS → RAM → RACI,"结构化组织工具：WBS → OBS → RAM → RACI 这四个缩写的关系是渐进细化的： [概念链｜WBS → OBS → RAM → RACI] WBS 定义了""做什么""（工作包），OBS 定义了""组织怎么分""（部门/团队结构），RAM 把两者交叉形成""谁做什么""的矩阵，RACI 进一步细化到""谁负责、谁批准、问谁、告诉谁""。 工具 全称 作用 考试关",可用于定义识别、场景判断、流程边界或案例答题。,公式卡;关键词识别卡;流程卡;计算卡,计算题,A,3,False,,,
KP-0161,T-HR-001,项目人力资源管理：组织计划、团队建设与团队管理,人力资源与沟通管理,SRC-T-HR-001-0004,topic_learning_packages/topics/09_人力资源与沟通管理/T-HR-001_专题学习包_项目人力资源管理组织计划团队建设与团队管理.md,项目人力资源管理：组织计划、团队建设与团队管理 > 塔克曼阶梯模型,塔克曼阶梯模型 [概念组｜塔克曼团队发展五阶段] 1. 形成期（Forming）：成员互相认识、了解目标。依赖领导指引。,可用于定义识别、场景判断、流程边界或案例答题。,关键词识别卡;辨析卡,上午选择,A,3,False,,,
KP-0162,T-HR-001,项目人力资源管理：组织计划、团队建设与团队管理,人力资源与沟通管理,SRC-T-HR-001-0005,topic_learning_packages/topics/09_人力资源与沟通管理/T-HR-001_专题学习包_项目人力资源管理组织计划团队建设与团队管理.md,项目人力资源管理：组织计划、团队建设与团队管理 > 冲突管理五种策略,"冲突管理五种策略 [概念组｜冲突管理五策略]（按""坚持己见""和""合作程度""两个维度区分） 1. 强制（Forcing）：一方赢一方输。紧急情况或需要快速决策时使用。",可用于定义识别、场景判断、流程边界或案例答题。,概念卡,上午选择,A,3,False,,,
KP-0163,T-HR-001,项目人力资源管理：组织计划、团队建设与团队管理,人力资源与沟通管理,SRC-T-HR-001-0006,topic_learning_packages/topics/09_人力资源与沟通管理/T-HR-001_专题学习包_项目人力资源管理组织计划团队建设与团队管理.md,项目人力资源管理：组织计划、团队建设与团队管理 > 激励理论速览,激励理论速览 理论 提出者 核心观点 考点 ------------ 需求层次 马斯洛 生理→安全→社交→尊重→自我实现 按层级满足，低级未满足时高级无效 双因素 赫兹伯格 保健因素（不满足→不满）vs 激励因素（满足→满意） 涨工资只是保健，给挑战才是激励 X/Y 理论 麦格雷戈 X=人天生懒惰需管控，Y=人天生上进需授权 项目经理偏向 Y 理论 ---,可用于定义识别、场景判断、流程边界或案例答题。,辨析卡,上午选择,A,3,True,,,verification
KP-0164,T-HR-001,项目人力资源管理：组织计划、团队建设与团队管理,人力资源与沟通管理,SRC-T-HR-001-0007,topic_learning_packages/topics/09_人力资源与沟通管理/T-HR-001_专题学习包_项目人力资源管理组织计划团队建设与团队管理.md,项目人力资源管理：组织计划、团队建设与团队管理 > 典型题详解与举一反三,典型题详解与举一反三 例题 1｜RACI 的角色识别 在 RACI 矩阵中，活动必须只有一个的角色是： A. R（负责） B. A（批准/问责） C. C（咨询） D. I（知会） 正确答案是 B。每个任务只能有一个 A（Accountable），确保问责的单一性。,可用于定义识别、场景判断、流程边界或案例答题。,公式卡;关键词识别卡;案例模板卡;计算卡;辨析卡,计算题,A,3,False,,,
KP-0165,T-HR-001,项目人力资源管理：组织计划、团队建设与团队管理,人力资源与沟通管理,SRC-T-HR-001-0008,topic_learning_packages/topics/09_人力资源与沟通管理/T-HR-001_专题学习包_项目人力资源管理组织计划团队建设与团队管理.md,项目人力资源管理：组织计划、团队建设与团队管理 > 本轮真题覆盖增强：RAM、团队建设与激励,本轮真题覆盖增强：RAM、团队建设与激励 本节把 questions.full.clean.md 与既有真题映射中的高频考法反查回本专题。2010 上午题考 RAM、马斯洛需要层次；案例题常用新人赶工、士气低、冲突处理设问。,可用于定义识别、场景判断、流程边界或案例答题。,关键词识别卡;案例模板卡;流程卡;辨析卡,下午案例,A,3,False,,,
KP-0166,T-HR-001,项目人力资源管理：组织计划、团队建设与团队管理,人力资源与沟通管理,SRC-T-HR-001-0010,topic_learning_packages/topics/09_人力资源与沟通管理/T-HR-001_专题学习包_项目人力资源管理组织计划团队建设与团队管理.md,项目人力资源管理：组织计划、团队建设与团队管理 > 本专题的最小掌握标准,本专题的最小掌握标准 至少能做到：① 解释 WBS→OBS→RAM→RACI 的递进关系；② 记住 RACI 四角色（特别是 A 必须唯一）；③ 根据行为描述判断塔克曼五阶段；④ 区分冲突五种策略并判断适用场景；⑤ 区分马斯洛需求层次和赫兹伯格双因素理论的核心观点。 ---,可用于定义识别、场景判断、流程边界或案例答题。,公式卡;计算卡,计算题,A,3,True,,,verification
KP-0167,T-HR-001,项目人力资源管理：组织计划、团队建设与团队管理,人力资源与沟通管理,SRC-T-HR-001-0011,topic_learning_packages/topics/09_人力资源与沟通管理/T-HR-001_专题学习包_项目人力资源管理组织计划团队建设与团队管理.md,项目人力资源管理：组织计划、团队建设与团队管理 > 待核验与后续改进,待核验与后续改进 - 激励理论在软考教程中的覆盖深度和具体理论名称需回查。[待核验] - 塔克曼模型五个阶段的教材中文译名可能与 PMBOK 中文版有差异。,可用于定义识别、场景判断、流程边界或案例答题。,概念卡,上午选择,A,3,True,,,verification
KP-0168,T-RISK-001,风险识别、风险登记册与风险应对策略,干系人与风险管理,SRC-T-RISK-001-0001,topic_learning_packages/topics/10_干系人与风险管理/T-RISK-001_专题学习包_风险识别风险登记册与风险应对策略.md,风险识别、风险登记册与风险应对策略,"T-RISK-001｜风险识别、风险登记册与风险应对策略 本专题用于学习""项目风险管理""中连接风险分析与应对的核心内容：风险识别工具、风险登记册（Risk Register）、风险应对策略（规避/转移/减轻/接受/开拓/提高/分享/接受）与残余风险和二次风险。它们不是孤立的策略卡片，而是围绕一个核心问题展开：在识别出不希望发生（或希望发生）的事件后，项目经理",可用于定义识别、场景判断、流程边界或案例答题。,概念卡,上午选择,A,3,False,,,
KP-0169,T-RISK-001,风险识别、风险登记册与风险应对策略,干系人与风险管理,SRC-T-RISK-001-0002,topic_learning_packages/topics/10_干系人与风险管理/T-RISK-001_专题学习包_风险识别风险登记册与风险应对策略.md,风险识别、风险登记册与风险应对策略 > 先看这个专题的主线,"先看这个专题的主线 风险管理的学习路径是：识别→分析→应对→控制。识别告诉你""有哪些风险""，分析告诉你""哪些最重要、值多少""，应对告诉你""怎么处理""，控制告诉你""后来怎么样了""。",可用于定义识别、场景判断、流程边界或案例答题。,流程卡,上午选择,A,3,False,,,
KP-0170,T-RISK-001,风险识别、风险登记册与风险应对策略,干系人与风险管理,SRC-T-RISK-001-0003,topic_learning_packages/topics/10_干系人与风险管理/T-RISK-001_专题学习包_风险识别风险登记册与风险应对策略.md,风险识别、风险登记册与风险应对策略 > 风险识别工具,风险识别工具 [概念组｜主要风险识别工具] - 头脑风暴：组织团队和专家自由提出风险想法，全面但可能发散 - 核对单（Checklist）：基于历史项目的风险清单逐一对照，快速但可能遗漏新类型风险 - SWOT 分析：从优势、劣势、机会、威胁四个角度识别风险 - 专家判断：邀请有经验的人员识别风险 - 假设分析：检验项目假设的有效性，识别假设不成立时的风险 ,可用于定义识别、场景判断、流程边界或案例答题。,流程卡,上午选择,A,3,False,,,
KP-0171,T-RISK-001,风险识别、风险登记册与风险应对策略,干系人与风险管理,SRC-T-RISK-001-0004,topic_learning_packages/topics/10_干系人与风险管理/T-RISK-001_专题学习包_风险识别风险登记册与风险应对策略.md,风险识别、风险登记册与风险应对策略 > 风险登记册,风险登记册 [定义｜风险登记册] 风险登记册是记录已识别风险及其相关信息的核心文件。它至少包含：风险编号、风险描述、概率、影响、优先级、应对策略、责任人、应急计划、触发条件、残余风险。,可用于定义识别、场景判断、流程边界或案例答题。,概念卡,上午选择,A,3,False,,,
KP-0172,T-RISK-001,风险识别、风险登记册与风险应对策略,干系人与风险管理,SRC-T-RISK-001-0005,topic_learning_packages/topics/10_干系人与风险管理/T-RISK-001_专题学习包_风险识别风险登记册与风险应对策略.md,风险识别、风险登记册与风险应对策略 > 负面风险（威胁）应对策略,负面风险（威胁）应对策略 [概念组｜四种威胁应对策略] 1. 规避（Avoid）：消除威胁，使风险不发生。例如：采用成熟技术替代高风险的新技术；取消高风险的工作包。,可用于定义识别、场景判断、流程边界或案例答题。,公式卡;案例模板卡;计算卡;辨析卡,计算题,A,3,False,,,
KP-0173,T-RISK-001,风险识别、风险登记册与风险应对策略,干系人与风险管理,SRC-T-RISK-001-0006,topic_learning_packages/topics/10_干系人与风险管理/T-RISK-001_专题学习包_风险识别风险登记册与风险应对策略.md,风险识别、风险登记册与风险应对策略 > 正面风险（机会）应对策略,正面风险（机会）应对策略 [概念组｜四种机会应对策略] 1. 开拓（Exploit）：确保机会一定发生。例如：分配最优秀的人员确保提前完工。,可用于定义识别、场景判断、流程边界或案例答题。,公式卡;计算卡,计算题,A,3,False,,,
KP-0174,T-RISK-001,风险识别、风险登记册与风险应对策略,干系人与风险管理,SRC-T-RISK-001-0007,topic_learning_packages/topics/10_干系人与风险管理/T-RISK-001_专题学习包_风险识别风险登记册与风险应对策略.md,风险识别、风险登记册与风险应对策略 > 残余风险与二次风险,残余风险与二次风险 [概念］ 残余风险：采取应对措施后仍然存在的风险。二次风险：因为采取应对措施而引入的新风险。,可用于定义识别、场景判断、流程边界或案例答题。,案例模板卡,下午案例,A,3,False,,,
KP-0175,T-RISK-001,风险识别、风险登记册与风险应对策略,干系人与风险管理,SRC-T-RISK-001-0008,topic_learning_packages/topics/10_干系人与风险管理/T-RISK-001_专题学习包_风险识别风险登记册与风险应对策略.md,风险识别、风险登记册与风险应对策略 > 典型题详解与举一反三,典型题详解与举一反三 例题 1｜应对策略识别 项目经理决定将项目中一个技术难度最高的模块外包给专业公司。这属于什么风险应对策略？,可用于定义识别、场景判断、流程边界或案例答题。,案例模板卡;流程卡;辨析卡,下午案例,A,3,False,,,
KP-0176,T-RISK-001,风险识别、风险登记册与风险应对策略,干系人与风险管理,SRC-T-RISK-001-0009,topic_learning_packages/topics/10_干系人与风险管理/T-RISK-001_专题学习包_风险识别风险登记册与风险应对策略.md,风险识别、风险登记册与风险应对策略 > 本轮真题覆盖增强：风险识别与风险登记册,本轮真题覆盖增强：风险识别与风险登记册 本节把 questions.full.clean.md 与既有真题映射中的高频考法反查回本专题。2010 上午题考德尔菲技术，案例题常把“已发生的问题”和“未发生风险”混在一起。,可用于定义识别、场景判断、流程边界或案例答题。,公式卡;关键词识别卡;案例模板卡;流程卡;计算卡;辨析卡,计算题,A,3,False,,,
KP-0177,T-RISK-001,风险识别、风险登记册与风险应对策略,干系人与风险管理,SRC-T-RISK-001-0011,topic_learning_packages/topics/10_干系人与风险管理/T-RISK-001_专题学习包_风险识别风险登记册与风险应对策略.md,风险识别、风险登记册与风险应对策略 > 本专题的最小掌握标准,本专题的最小掌握标准 至少能做到：① 识别场景属于哪种风险应对策略（威胁 4 种 + 机会 4 种）；② 区分规避和转移的细微差异；③ 理解风险登记册是活文件，已发生的风险应转移到问题日志；④ 在案例题中给出风险应对策略并说明理由。 ---,可用于定义识别、场景判断、流程边界或案例答题。,案例模板卡,下午案例,A,3,True,,,verification
KP-0178,T-RISK-002,定性/定量风险分析、EMV 与决策树,干系人与风险管理,SRC-T-RISK-002-0001,topic_learning_packages/topics/10_干系人与风险管理/T-RISK-002_专题学习包_定性定量风险分析EMV与决策树.md,定性/定量风险分析、EMV 与决策树,"T-RISK-002｜定性/定量风险分析、EMV 与决策树 本专题用于学习""项目风险管理""中最容易出计算题和辨析题的一组核心内容：定性风险分析（概率影响矩阵）、定量风险分析、预期货币价值（EMV）、决策树分析、敏感性分析、龙卷风图。它们不是孤立分析技术，而是围绕一个核心问题展开：在识别出风险之后，如何用结构化的方法决定哪些风险最值得关注、需要什么样的应对策略",可用于定义识别、场景判断、流程边界或案例答题。,公式卡;计算卡;辨析卡,计算题,A,3,False,,,
KP-0179,T-RISK-002,定性/定量风险分析、EMV 与决策树,干系人与风险管理,SRC-T-RISK-002-0002,topic_learning_packages/topics/10_干系人与风险管理/T-RISK-002_专题学习包_定性定量风险分析EMV与决策树.md,定性/定量风险分析、EMV 与决策树 > 先看这个专题的主线,"先看这个专题的主线 风险管理中最容易被跳过的环节就是""分析""。很多项目识别完风险就直接去""想对策""，缺少了系统化分析——哪些风险影响最大？",可用于定义识别、场景判断、流程边界或案例答题。,公式卡;计算卡,计算题,A,3,False,,,
KP-0180,T-RISK-002,定性/定量风险分析、EMV 与决策树,干系人与风险管理,SRC-T-RISK-002-0003,topic_learning_packages/topics/10_干系人与风险管理/T-RISK-002_专题学习包_定性定量风险分析EMV与决策树.md,定性/定量风险分析、EMV 与决策树 > 定性风险分析：概率和影响矩阵,"定性风险分析：概率和影响矩阵 [定义｜定性风险分析] 通过评估单个风险的概率和影响，对风险进行优先级排序，为后续分析或行动提供基础的过程。它关注的是""哪些风险最重要""。",可用于定义识别、场景判断、流程边界或案例答题。,公式卡;流程卡;计算卡;辨析卡,计算题,A,3,False,,,
KP-0181,T-RISK-002,定性/定量风险分析、EMV 与决策树,干系人与风险管理,SRC-T-RISK-002-0004,topic_learning_packages/topics/10_干系人与风险管理/T-RISK-002_专题学习包_定性定量风险分析EMV与决策树.md,"定性/定量风险分析、EMV 与决策树 > 定量风险分析：从""大小""到""多少""","定量风险分析：从""大小""到""多少"" [定义｜定量风险分析] 就已识别的单个风险对项目整体目标的影响进行量化分析的过程。它的输出是量化的风险信息，用于支持决策。",可用于定义识别、场景判断、流程边界或案例答题。,公式卡;计算卡,计算题,A,3,False,,,
KP-0182,T-RISK-002,定性/定量风险分析、EMV 与决策树,干系人与风险管理,SRC-T-RISK-002-0005,topic_learning_packages/topics/10_干系人与风险管理/T-RISK-002_专题学习包_定性定量风险分析EMV与决策树.md,"定性/定量风险分析、EMV 与决策树 > 定量风险分析：从""大小""到""多少"" > EMV：预期货币价值","EMV：预期货币价值 [定义＋公式｜EMV 预期货币价值] EMV = 概率 × 影响（金额） EMV 用于计算一个风险事件的""期望损失""或""期望收益""。它不是一定会发生的金额，而是考虑概率后的加权平均值。",可用于定义识别、场景判断、流程边界或案例答题。,公式卡;计算卡,计算题,A,3,False,,,
KP-0183,T-RISK-002,定性/定量风险分析、EMV 与决策树,干系人与风险管理,SRC-T-RISK-002-0006,topic_learning_packages/topics/10_干系人与风险管理/T-RISK-002_专题学习包_定性定量风险分析EMV与决策树.md,"定性/定量风险分析、EMV 与决策树 > 定量风险分析：从""大小""到""多少"" > 决策树分析",决策树分析 [定义｜决策树分析] 决策树是一种图形化的决策分析工具，用树状结构展示不同决策路径及其对应的概率和结果。通过计算每条路径的 EMV，可以比较不同选择的期望价值。,可用于定义识别、场景判断、流程边界或案例答题。,公式卡;计算卡,计算题,A,3,False,,,
KP-0184,T-RISK-002,定性/定量风险分析、EMV 与决策树,干系人与风险管理,SRC-T-RISK-002-0007,topic_learning_packages/topics/10_干系人与风险管理/T-RISK-002_专题学习包_定性定量风险分析EMV与决策树.md,定性/定量风险分析、EMV 与决策树 > 典型题详解与举一反三,典型题详解与举一反三 例题 1｜EMV 基础计算 某风险发生的概率为 20%，一旦发生会造成 50 万元的损失。该风险的 EMV 是： A. −50 万元 B. −10 万元 C. −20 万元 D. 0 元 EMV = 0.2 × (−50) = −10 万元。,可用于定义识别、场景判断、流程边界或案例答题。,公式卡;案例模板卡;流程卡;计算卡;辨析卡,计算题,A,3,True,,,verification
KP-0185,T-RISK-002,定性/定量风险分析、EMV 与决策树,干系人与风险管理,SRC-T-RISK-002-0008,topic_learning_packages/topics/10_干系人与风险管理/T-RISK-002_专题学习包_定性定量风险分析EMV与决策树.md,定性/定量风险分析、EMV 与决策树 > 本轮真题覆盖增强：定性、定量与 EMV,本轮真题覆盖增强：定性、定量与 EMV 本节把 questions.full.clean.md 与既有真题映射中的高频考法反查回本专题。2010 上午题考定性风险分析定义、蒙特卡罗，专题还要支撑 EMV 和决策树计算。,可用于定义识别、场景判断、流程边界或案例答题。,公式卡;关键词识别卡;案例模板卡;流程卡;计算卡;辨析卡,计算题,A,3,False,,,
KP-0186,T-RISK-002,定性/定量风险分析、EMV 与决策树,干系人与风险管理,SRC-T-RISK-002-0010,topic_learning_packages/topics/10_干系人与风险管理/T-RISK-002_专题学习包_定性定量风险分析EMV与决策树.md,定性/定量风险分析、EMV 与决策树 > 本专题的最小掌握标准,本专题的最小掌握标准 学完本专题后，你至少应该能做到四件事。 第一，能区分定性分析和定量分析——定性 = 排序（概率影响矩阵），定量 = 算钱（EMV、决策树）。,可用于定义识别、场景判断、流程边界或案例答题。,公式卡;案例模板卡;计算卡,计算题,A,3,True,,,verification
KP-0187,T-PROC-001,合同类型、风险分配与采购决策,采购与合同管理,SRC-T-PROC-001-0001,topic_learning_packages/topics/11_采购与合同管理/T-PROC-001_专题学习包_合同类型选择与风险分配.md,合同类型、风险分配与采购决策,"T-PROC-001｜合同类型、风险分配与采购决策 本专题用于学习""项目采购管理""中最容易出选择题和辨析题的一组核心内容：固定总价合同、成本补偿合同、工料合同、合同类型与风险分配的关系、自制与外购分析。它们不是孤立法条，而是围绕一个核心问题展开：在买方和卖方之间，谁承担更多的风险？",可用于定义识别、场景判断、流程边界或案例答题。,辨析卡,上午选择,A,3,False,,,
KP-0188,T-PROC-001,合同类型、风险分配与采购决策,采购与合同管理,SRC-T-PROC-001-0002,topic_learning_packages/topics/11_采购与合同管理/T-PROC-001_专题学习包_合同类型选择与风险分配.md,合同类型、风险分配与采购决策 > 先看这个专题的主线,"先看这个专题的主线 很多同学把合同类型当成""背表格""的题目——固定总价、成本补偿、工料合同各自的特点背一遍。但软考对合同类型的考查关键在于：给你一个项目场景，让你判断哪种合同类型最合适。",可用于定义识别、场景判断、流程边界或案例答题。,概念卡,上午选择,A,3,False,,,
KP-0189,T-PROC-001,合同类型、风险分配与采购决策,采购与合同管理,SRC-T-PROC-001-0003,topic_learning_packages/topics/11_采购与合同管理/T-PROC-001_专题学习包_合同类型选择与风险分配.md,"合同类型、风险分配与采购决策 > 三种基本合同类型 > 固定总价合同（Fixed Price, FP）","固定总价合同（Fixed Price, FP） [定义｜固定总价合同] 买方为定义明确的产品或服务支付固定总价的合同。卖方承担完成工作的全部成本风险，如果实际成本超过合同价格，超出部分由卖方承担。",可用于定义识别、场景判断、流程边界或案例答题。,流程卡,上午选择,A,3,True,,,verification
KP-0190,T-PROC-001,合同类型、风险分配与采购决策,采购与合同管理,SRC-T-PROC-001-0004,topic_learning_packages/topics/11_采购与合同管理/T-PROC-001_专题学习包_合同类型选择与风险分配.md,"合同类型、风险分配与采购决策 > 三种基本合同类型 > 成本补偿合同（Cost Reimbursable, CR）","成本补偿合同（Cost Reimbursable, CR） [定义｜成本补偿合同] 买方向卖方支付实际发生的全部合法成本，再加上一笔酬金（利润）的合同。买方承担全部成本风险，卖方只需尽职完成工作即可获得成本报销和酬金。",可用于定义识别、场景判断、流程边界或案例答题。,公式卡;计算卡,计算题,A,3,True,,,verification
KP-0191,T-PROC-001,合同类型、风险分配与采购决策,采购与合同管理,SRC-T-PROC-001-0005,topic_learning_packages/topics/11_采购与合同管理/T-PROC-001_专题学习包_合同类型选择与风险分配.md,"合同类型、风险分配与采购决策 > 三种基本合同类型 > 工料合同（Time and Materials, T&M）","工料合同（Time and Materials, T&M） [定义｜工料合同] 买方按实际消耗的工时和材料向卖方付款的合同。兼具固定总价和成本补偿的特点：小时费率和材料单价相对固定（像固定总价），但总金额取决于实际消耗量（像成本补偿）。",可用于定义识别、场景判断、流程边界或案例答题。,概念卡,上午选择,A,3,False,,,
KP-0192,T-PROC-001,合同类型、风险分配与采购决策,采购与合同管理,SRC-T-PROC-001-0006,topic_learning_packages/topics/11_采购与合同管理/T-PROC-001_专题学习包_合同类型选择与风险分配.md,合同类型、风险分配与采购决策 > 合同类型与风险分配的关系,合同类型与风险分配的关系 这是高考频考点。合同类型的本质问题是：谁来承担成本超支的风险？,可用于定义识别、场景判断、流程边界或案例答题。,概念卡,上午选择,A,3,False,,,
KP-0193,T-PROC-001,合同类型、风险分配与采购决策,采购与合同管理,SRC-T-PROC-001-0007,topic_learning_packages/topics/11_采购与合同管理/T-PROC-001_专题学习包_合同类型选择与风险分配.md,合同类型、风险分配与采购决策 > 自制与外购分析,自制与外购分析 采购管理中的另一个重要决策是：这项工作是自己做，还是从外部采购？ [定义｜自制与外购分析] 自制或外购分析是一种通用的管理技术，用于确定某项工作由项目团队自行完成还是从外部采购更为合理。,可用于定义识别、场景判断、流程边界或案例答题。,辨析卡,上午选择,A,3,False,,,
KP-0194,T-PROC-001,合同类型、风险分配与采购决策,采购与合同管理,SRC-T-PROC-001-0008,topic_learning_packages/topics/11_采购与合同管理/T-PROC-001_专题学习包_合同类型选择与风险分配.md,合同类型、风险分配与采购决策 > 典型题详解与举一反三,典型题详解与举一反三 例题 1｜合同类型选择——范围清晰 某公司需要采购 100 台标准配置的服务器，技术规格和配置要求已明确，供应商市场成熟。最适合采用哪种合同类型？,可用于定义识别、场景判断、流程边界或案例答题。,公式卡;关键词识别卡;案例模板卡;流程卡;计算卡;辨析卡,计算题,A,3,True,,,verification
KP-0195,T-PROC-001,合同类型、风险分配与采购决策,采购与合同管理,SRC-T-PROC-001-0009,topic_learning_packages/topics/11_采购与合同管理/T-PROC-001_专题学习包_合同类型选择与风险分配.md,合同类型、风险分配与采购决策 > 本轮真题覆盖增强：合同类型与风险分配,本轮真题覆盖增强：合同类型与风险分配 本节把 questions.full.clean.md 与既有真题映射中的高频考法反查回本专题。题库和案例常考需求明确时选固定总价、需求不确定时成本补偿风险，以及索赔必须依据合同。,可用于定义识别、场景判断、流程边界或案例答题。,关键词识别卡;案例模板卡;流程卡;辨析卡,下午案例,A,3,False,,,
KP-0196,T-PROC-001,合同类型、风险分配与采购决策,采购与合同管理,SRC-T-PROC-001-0011,topic_learning_packages/topics/11_采购与合同管理/T-PROC-001_专题学习包_合同类型选择与风险分配.md,合同类型、风险分配与采购决策 > 本专题的最小掌握标准,本专题的最小掌握标准 学完本专题后，你至少应该能做到四件事。 第一，能绘制合同类型的风险分配关系——固定总价（卖方高风险/买方低风险）、成本补偿（买方高风险/卖方低风险）、工料（双方共担）。,可用于定义识别、场景判断、流程边界或案例答题。,公式卡;案例模板卡;计算卡,计算题,A,3,True,,,verification
KP-0197,T-PROC-001,合同类型、风险分配与采购决策,采购与合同管理,SRC-T-PROC-001-0012,topic_learning_packages/topics/11_采购与合同管理/T-PROC-001_专题学习包_合同类型选择与风险分配.md,合同类型、风险分配与采购决策 > 待核验与后续改进,"待核验与后续改进 - 软考教程中合同类型的具体分类和表述（特别是""总价加激励费用合同 FPIF""是否与 PMBOK 完全一致）需回查教材原文。[待核验] - 中国政府采购法规对合同类型的特殊要求需结合法规专题补充。",可用于定义识别、场景判断、流程边界或案例答题。,概念卡,上午选择,A,3,True,,,verification
KP-0198,T-PROC-002,招投标、政府采购与采购流程管理,采购与合同管理,SRC-T-PROC-002-0001,topic_learning_packages/topics/11_采购与合同管理/T-PROC-002_专题学习包_招投标政府采购与采购流程管理.md,招投标、政府采购与采购流程管理,"T-PROC-002｜招投标、政府采购与采购流程管理 本专题用于学习""项目采购管理""中涉及法规和流程的内容：招标方式（公开招标/邀请招标）、政府采购方式（公开招标/邀请招标/竞争性谈判/单一来源/询价）、招投标基本流程（招标→投标→开标→评标→中标→签约）、否决投标的情形、评标委员会组成。它们不是孤立的法律条文，而是围绕一个核心问题：在合规的前提下，如何通过",可用于定义识别、场景判断、流程边界或案例答题。,流程卡,上午选择,A,3,True,,,verification
KP-0199,T-PROC-002,招投标、政府采购与采购流程管理,采购与合同管理,SRC-T-PROC-002-0002,topic_learning_packages/topics/11_采购与合同管理/T-PROC-002_专题学习包_招投标政府采购与采购流程管理.md,招投标、政府采购与采购流程管理 > 先看这个专题的主线,"先看这个专题的主线 招投标和政府采购在软考中主要考查的是""规则识别""——在什么情况下该用什么采购方式、什么行为是不合规的、招投标流程中哪些节点有特殊时限或程序要求。 ---",可用于定义识别、场景判断、流程边界或案例答题。,流程卡,上午选择,A,3,True,,,verification
KP-0200,T-PROC-002,招投标、政府采购与采购流程管理,采购与合同管理,SRC-T-PROC-002-0003,topic_learning_packages/topics/11_采购与合同管理/T-PROC-002_专题学习包_招投标政府采购与采购流程管理.md,招投标、政府采购与采购流程管理 > 招标方式,"招标方式 [概念组｜主要招标方式] 1. 公开招标：通过公开发布招标公告，邀请不特定的供应商投标。原则是""公开、公平、公正""。",可用于定义识别、场景判断、流程边界或案例答题。,流程卡,上午选择,A,3,True,,,verification
KP-0201,T-PROC-002,招投标、政府采购与采购流程管理,采购与合同管理,SRC-T-PROC-002-0004,topic_learning_packages/topics/11_采购与合同管理/T-PROC-002_专题学习包_招投标政府采购与采购流程管理.md,招投标、政府采购与采购流程管理 > 政府采购方式,政府采购方式 [概念组｜五种政府采购方式] 1. 公开招标：政府采购的主要方式。 2. 邀请招标：适用于特殊性、公开招标费用占比过高。,可用于定义识别、场景判断、流程边界或案例答题。,流程卡;辨析卡,上午选择,A,3,True,,,verification
KP-0202,T-PROC-002,招投标、政府采购与采购流程管理,采购与合同管理,SRC-T-PROC-002-0005,topic_learning_packages/topics/11_采购与合同管理/T-PROC-002_专题学习包_招投标政府采购与采购流程管理.md,招投标、政府采购与采购流程管理 > 否决投标与废标,否决投标与废标 [概念｜否决投标/废标的常见情形] - 投标文件未按要求密封、签署或盖章 - 投标人资格条件不符合招标文件要求 - 投标报价低于成本价（低于成本竞标）—[待核验具体规定] - 投标文件未实质响应招标文件要求 - 串通投标行为 - 以他人名义投标或弄虚作假 ---,可用于定义识别、场景判断、流程边界或案例答题。,流程卡,上午选择,A,3,True,,,verification
KP-0203,T-PROC-002,招投标、政府采购与采购流程管理,采购与合同管理,SRC-T-PROC-002-0006,topic_learning_packages/topics/11_采购与合同管理/T-PROC-002_专题学习包_招投标政府采购与采购流程管理.md,招投标、政府采购与采购流程管理 > 典型题详解与举一反三,典型题详解与举一反三 例题 1｜采购方式选择 某政府单位需要采购一批标准配置的办公电脑，预算 200 万元。最适合采用哪种政府采购方式？,可用于定义识别、场景判断、流程边界或案例答题。,流程卡,上午选择,A,3,True,,,verification
KP-0204,T-PROC-002,招投标、政府采购与采购流程管理,采购与合同管理,SRC-T-PROC-002-0007,topic_learning_packages/topics/11_采购与合同管理/T-PROC-002_专题学习包_招投标政府采购与采购流程管理.md,招投标、政府采购与采购流程管理 > 本轮真题覆盖增强：招投标程序小题,本轮真题覆盖增强：招投标程序小题 本节把 questions.full.clean.md 与既有真题映射中的高频考法反查回本专题。2010 上午题考投标文件送达、评分自由裁量；2020/旧题还考单一来源和公开招标定义。,可用于定义识别、场景判断、流程边界或案例答题。,关键词识别卡;案例模板卡;流程卡;辨析卡,下午案例,A,3,True,,,verification
KP-0205,T-PROC-002,招投标、政府采购与采购流程管理,采购与合同管理,SRC-T-PROC-002-0009,topic_learning_packages/topics/11_采购与合同管理/T-PROC-002_专题学习包_招投标政府采购与采购流程管理.md,招投标、政府采购与采购流程管理 > 本专题的最小掌握标准,"本专题的最小掌握标准 至少能做到：① 区分五种政府采购方式的适用条件；② 记住""3 家""这个关键数字（招标/邀请/谈判/询价都≥3 家，单一来源=1 家）；③ 识别常见的否决投标/废标情形；④ 知道招投标的基本流程顺序。 ---",可用于定义识别、场景判断、流程边界或案例答题。,流程卡,上午选择,A,3,True,,,verification
KP-0206,T-PROC-002,招投标、政府采购与采购流程管理,采购与合同管理,SRC-T-PROC-002-0010,topic_learning_packages/topics/11_采购与合同管理/T-PROC-002_专题学习包_招投标政府采购与采购流程管理.md,招投标、政府采购与采购流程管理 > 待核验与后续改进,待核验与后续改进 - 政府采购限额标准、招标投标法具体数字以最新法规为准。[待核验] - 中标通知书的法律责任性质（缔约过失 vs 违约）在法律实践中有争议，本专题仅录通用规则。,可用于定义识别、场景判断、流程边界或案例答题。,流程卡;辨析卡,上午选择,A,3,True,,,verification
KP-0207,T-CFG-001,配置管理：配置项、基线、配置库与版本控制,配置变更知识产权与法律法规,SRC-T-CFG-001-0001,topic_learning_packages/topics/12_配置变更知识产权与法律法规/T-CFG-001_专题学习包_配置管理配置项基线配置库与版本控制.md,配置管理：配置项、基线、配置库与版本控制,"T-CFG-001｜配置管理：配置项、基线、配置库与版本控制 本专题用于学习""信息文档与配置管理""中最容易出选择题和辨析题的一组核心内容：配置项识别、配置基线（功能基线/分配基线/产品基线）、配置库（开发库/受控库/产品库）、版本控制、配置状态报告与配置审计、配置管理与变更管理的关系。它们不是孤立的文档管理操作，而是围绕一个核心问题展开：项目产生的众多文档、",可用于定义识别、场景判断、流程边界或案例答题。,辨析卡,上午选择,A,3,True,,,verification
KP-0208,T-CFG-001,配置管理：配置项、基线、配置库与版本控制,配置变更知识产权与法律法规,SRC-T-CFG-001-0002,topic_learning_packages/topics/12_配置变更知识产权与法律法规/T-CFG-001_专题学习包_配置管理配置项基线配置库与版本控制.md,配置管理：配置项、基线、配置库与版本控制 > 先看这个专题的主线,"先看这个专题的主线 配置管理最容易被低估——很多人以为就是""文件存档""。但软考对配置管理的考查集中在两个核心能力上：一是区分配置管理和变更管理各自管什么，二是理解从""配置项→基线→版本控制→审计""的完整管理闭环。",可用于定义识别、场景判断、流程边界或案例答题。,流程卡,上午选择,A,3,True,,,verification
KP-0209,T-CFG-001,配置管理：配置项、基线、配置库与版本控制,配置变更知识产权与法律法规,SRC-T-CFG-001-0003,topic_learning_packages/topics/12_配置变更知识产权与法律法规/T-CFG-001_专题学习包_配置管理配置项基线配置库与版本控制.md,配置管理：配置项、基线、配置库与版本控制 > 配置项与基线,配置项与基线 [定义｜配置项] 配置项是配置管理的基本单位——需要受控的任何工作产品、交付物或组件。包括代码、文档、设计图、测试用例、硬件规格等。,可用于定义识别、场景判断、流程边界或案例答题。,流程卡;辨析卡,上午选择,A,3,True,,,verification
KP-0210,T-CFG-001,配置管理：配置项、基线、配置库与版本控制,配置变更知识产权与法律法规,SRC-T-CFG-001-0004,topic_learning_packages/topics/12_配置变更知识产权与法律法规/T-CFG-001_专题学习包_配置管理配置项基线配置库与版本控制.md,配置管理：配置项、基线、配置库与版本控制 > 配置库：开发库、受控库、产品库,配置库：开发库、受控库、产品库 [概念组｜三类配置库] 1. 开发库（动态库）：开发者日常工作区，可自由修改。未纳入基线控制。,可用于定义识别、场景判断、流程边界或案例答题。,流程卡,上午选择,A,3,True,,,verification
KP-0211,T-CFG-001,配置管理：配置项、基线、配置库与版本控制,配置变更知识产权与法律法规,SRC-T-CFG-001-0005,topic_learning_packages/topics/12_配置变更知识产权与法律法规/T-CFG-001_专题学习包_配置管理配置项基线配置库与版本控制.md,配置管理：配置项、基线、配置库与版本控制 > 配置管理与变更管理的关系,"配置管理与变更管理的关系 [辨析｜配置管理 vs 变更管理] 配置管理：管的是配置项的""身份""和""状态""——识别配置项、建立基线、版本控制、状态记录和审计。 变更管理：管的是变更的""审批""和""过程""——变更请求、影响分析、CCB 审批、变更实施和验证。",可用于定义识别、场景判断、流程边界或案例答题。,辨析卡,上午选择,A,3,True,,,verification
KP-0212,T-CFG-001,配置管理：配置项、基线、配置库与版本控制,配置变更知识产权与法律法规,SRC-T-CFG-001-0006,topic_learning_packages/topics/12_配置变更知识产权与法律法规/T-CFG-001_专题学习包_配置管理配置项基线配置库与版本控制.md,配置管理：配置项、基线、配置库与版本控制 > 典型题详解与举一反三,"典型题详解与举一反三 例题 1｜三类库的判断 开发人员完成了代码编写和单元测试，将代码提交到了项目基线库中。这个""基线库""是什么？",可用于定义识别、场景判断、流程边界或案例答题。,流程卡;辨析卡,上午选择,A,3,True,,,verification
KP-0213,T-CFG-001,配置管理：配置项、基线、配置库与版本控制,配置变更知识产权与法律法规,SRC-T-CFG-001-0007,topic_learning_packages/topics/12_配置变更知识产权与法律法规/T-CFG-001_专题学习包_配置管理配置项基线配置库与版本控制.md,配置管理：配置项、基线、配置库与版本控制 > 本轮真题覆盖增强：配置项、基线与库权限,本轮真题覆盖增强：配置项、基线与库权限 本节把 questions.full.clean.md 与既有真题映射中的高频考法反查回本专题。配置题常与变更题交叉：基线化后不能直接改，发布前要经过验证、审计和授权。,可用于定义识别、场景判断、流程边界或案例答题。,关键词识别卡;案例模板卡;流程卡;辨析卡,下午案例,A,3,True,,,verification
KP-0214,T-CFG-001,配置管理：配置项、基线、配置库与版本控制,配置变更知识产权与法律法规,SRC-T-CFG-001-0009,topic_learning_packages/topics/12_配置变更知识产权与法律法规/T-CFG-001_专题学习包_配置管理配置项基线配置库与版本控制.md,配置管理：配置项、基线、配置库与版本控制 > 本专题的最小掌握标准,本专题的最小掌握标准 至少能做到：① 区分配置管理和变更管理各自管什么；② 识别三类基线（功能/分配/产品）的建立时机；③ 判断一个版本应该进入哪个配置库；④ 理解变更批准后需要更新配置状态。 ---,可用于定义识别、场景判断、流程边界或案例答题。,概念卡,上午选择,A,3,True,,,verification
KP-0215,T-LAW-001,法律法规基础、合同法、招投标法与政府采购法考点,配置变更知识产权与法律法规,SRC-T-LAW-001-0001,topic_learning_packages/topics/12_配置变更知识产权与法律法规/T-LAW-001_专题学习包_法律法规基础合同法招投标法与政府采购法考点.md,法律法规基础、合同法、招投标法与政府采购法考点,"T-LAW-001｜法律法规基础、合同法、招投标法与政府采购法考点 本专题用于学习""法律法规与标准规范""中的核心考试内容：合同法的基本原则（要约/承诺/生效/履行/违约责任）、招投标法要点、政府采购法要点、标准化与标准规范基础。它们不是需要逐条背诵的法条，而是围绕一个核心问题：在项目管理的法律语境中，哪些规则直接影响合同的有效性、变更的合法性、争议的解决方式",可用于定义识别、场景判断、流程边界或案例答题。,辨析卡,上午选择,A,3,True,,,verification
KP-0216,T-LAW-001,法律法规基础、合同法、招投标法与政府采购法考点,配置变更知识产权与法律法规,SRC-T-LAW-001-0002,topic_learning_packages/topics/12_配置变更知识产权与法律法规/T-LAW-001_专题学习包_法律法规基础合同法招投标法与政府采购法考点.md,法律法规基础、合同法、招投标法与政府采购法考点 > 先看这个专题的主线,"先看这个专题的主线 法律法规在软考中集中出现在上午选择题中，考点分散但难度不高——核心考查""识别对错""而非""背诵法条""。重点在于：合同法（合同成立→生效→履行→违约）、招投标法（程序合规性）、政府采购法（采购方式选择）、知识产权法（详见 T-IP-001）。",可用于定义识别、场景判断、流程边界或案例答题。,概念卡,上午选择,A,3,True,,,verification
KP-0217,T-LAW-001,法律法规基础、合同法、招投标法与政府采购法考点,配置变更知识产权与法律法规,SRC-T-LAW-001-0003,topic_learning_packages/topics/12_配置变更知识产权与法律法规/T-LAW-001_专题学习包_法律法规基础合同法招投标法与政府采购法考点.md,法律法规基础、合同法、招投标法与政府采购法考点 > 合同法核心考点 > 要约与承诺,要约与承诺 [概念组｜合同成立的两步] - 要约：一方提出订立合同的意思表示。内容必须具体确定。,可用于定义识别、场景判断、流程边界或案例答题。,辨析卡,上午选择,A,3,False,,,
KP-0218,T-LAW-001,法律法规基础、合同法、招投标法与政府采购法考点,配置变更知识产权与法律法规,SRC-T-LAW-001-0004,topic_learning_packages/topics/12_配置变更知识产权与法律法规/T-LAW-001_专题学习包_法律法规基础合同法招投标法与政府采购法考点.md,法律法规基础、合同法、招投标法与政府采购法考点 > 合同法核心考点 > 合同生效与无效,合同生效与无效 [概念] 合同成立 ≠ 合同生效。依法成立的合同，自成立时生效。,可用于定义识别、场景判断、流程边界或案例答题。,概念卡,上午选择,A,3,True,,,verification
KP-0219,T-LAW-001,法律法规基础、合同法、招投标法与政府采购法考点,配置变更知识产权与法律法规,SRC-T-LAW-001-0005,topic_learning_packages/topics/12_配置变更知识产权与法律法规/T-LAW-001_专题学习包_法律法规基础合同法招投标法与政府采购法考点.md,法律法规基础、合同法、招投标法与政府采购法考点 > 合同法核心考点 > 违约责任,违约责任 [概念组｜违约责任形式] - 继续履行：强制违约方继续履行合同 - 采取补救措施：修理、更换、重做、退货、减少价款 - 赔偿损失：赔偿因违约造成的实际损失 - 支付违约金：按合同约定支付违约金。违约金过高可请求调整 ---,可用于定义识别、场景判断、流程边界或案例答题。,案例模板卡,下午案例,A,3,False,,,
KP-0220,T-LAW-001,法律法规基础、合同法、招投标法与政府采购法考点,配置变更知识产权与法律法规,SRC-T-LAW-001-0006,topic_learning_packages/topics/12_配置变更知识产权与法律法规/T-LAW-001_专题学习包_法律法规基础合同法招投标法与政府采购法考点.md,法律法规基础、合同法、招投标法与政府采购法考点 > 招投标法要点,招投标法要点 （详见 T-PROC-002 招投标专题，此处仅补充法律原则） [原则] 招标投标活动应当遵循公开、公平、公正和诚实信用的原则。 [禁区] ① 不得将必须招标的项目化整为零规避招标；② 不得以不合理条件限制或排斥潜在投标人；③ 不得串通投标；④ 招标人和投标人不得就实质性内容进行谈判。,可用于定义识别、场景判断、流程边界或案例答题。,概念卡,上午选择,A,3,False,,,
KP-0221,T-LAW-001,法律法规基础、合同法、招投标法与政府采购法考点,配置变更知识产权与法律法规,SRC-T-LAW-001-0007,topic_learning_packages/topics/12_配置变更知识产权与法律法规/T-LAW-001_专题学习包_法律法规基础合同法招投标法与政府采购法考点.md,法律法规基础、合同法、招投标法与政府采购法考点 > 政府采购法要点,政府采购法要点 政府采购采用以下方式：公开招标、邀请招标、竞争性谈判、单一来源采购、询价。公开招标应作为政府采购的主要方式。,可用于定义识别、场景判断、流程边界或案例答题。,概念卡,上午选择,A,3,True,,,verification
KP-0222,T-LAW-001,法律法规基础、合同法、招投标法与政府采购法考点,配置变更知识产权与法律法规,SRC-T-LAW-001-0008,topic_learning_packages/topics/12_配置变更知识产权与法律法规/T-LAW-001_专题学习包_法律法规基础合同法招投标法与政府采购法考点.md,法律法规基础、合同法、招投标法与政府采购法考点 > 标准化与标准规范,标准化与标准规范 [概念组｜标准的层级] 国家标准（GB）、行业标准、地方标准、企业标准。国家鼓励采用推荐性标准。,可用于定义识别、场景判断、流程边界或案例答题。,辨析卡,上午选择,A,3,True,,,verification
KP-0223,T-LAW-001,法律法规基础、合同法、招投标法与政府采购法考点,配置变更知识产权与法律法规,SRC-T-LAW-001-0009,topic_learning_packages/topics/12_配置变更知识产权与法律法规/T-LAW-001_专题学习包_法律法规基础合同法招投标法与政府采购法考点.md,法律法规基础、合同法、招投标法与政府采购法考点 > 典型题详解与举一反三,典型题详解与举一反三 例题 1｜要约与承诺的对应 在招投标过程中，投标文件的法律性质是： A. 要约邀请 B. 要约 C. 承诺 D. 反要约 招标公告 = 要约邀请，投标 = 要约，中标通知书 = 承诺。正确答案是 B。,可用于定义识别、场景判断、流程边界或案例答题。,辨析卡,上午选择,A,3,True,,,verification
KP-0224,T-LAW-001,法律法规基础、合同法、招投标法与政府采购法考点,配置变更知识产权与法律法规,SRC-T-LAW-001-0010,topic_learning_packages/topics/12_配置变更知识产权与法律法规/T-LAW-001_专题学习包_法律法规基础合同法招投标法与政府采购法考点.md,法律法规基础、合同法、招投标法与政府采购法考点 > 本轮真题覆盖增强：法律小题与标准代号,本轮真题覆盖增强：法律小题与标准代号 本节把 questions.full.clean.md 与既有真题映射中的高频考法反查回本专题。2010 上午题和旧题常考合同有效性、合同条款含混、招标文件送达、GB/GB/T 等标准化小点。,可用于定义识别、场景判断、流程边界或案例答题。,关键词识别卡;案例模板卡;流程卡;辨析卡,下午案例,A,3,True,,,verification
KP-0225,T-LAW-001,法律法规基础、合同法、招投标法与政府采购法考点,配置变更知识产权与法律法规,SRC-T-LAW-001-0012,topic_learning_packages/topics/12_配置变更知识产权与法律法规/T-LAW-001_专题学习包_法律法规基础合同法招投标法与政府采购法考点.md,法律法规基础、合同法、招投标法与政府采购法考点 > 本专题的最小掌握标准,本专题的最小掌握标准 至少能做到：① 区分要约、承诺、要约邀请在招投标过程中的对应关系；② 区分合同成立与生效；③ 记住常见违约责任的承担形式；④ 识别招投标中的合规/违规行为；⑤ 区分强制性标准和推荐性标准。 ---,可用于定义识别、场景判断、流程边界或案例答题。,概念卡,上午选择,A,3,True,,,verification
KP-0226,T-LAW-001,法律法规基础、合同法、招投标法与政府采购法考点,配置变更知识产权与法律法规,SRC-T-LAW-001-0013,topic_learning_packages/topics/12_配置变更知识产权与法律法规/T-LAW-001_专题学习包_法律法规基础合同法招投标法与政府采购法考点.md,法律法规基础、合同法、招投标法与政府采购法考点 > 待核验与后续改进,待核验与后续改进 - 合同法、招投标法、政府采购法的具体条文编号和原文以现行法律为准。[待核验] - 标准化的层级划分（国家/行业/地方/企业）以《标准化法》为准。,可用于定义识别、场景判断、流程边界或案例答题。,概念卡,上午选择,A,3,True,,,verification
KP-0227,T-INFO-002,企业信息化系统：ERP、CRM、SCM、BI、EAI 辨析,信息系统技术基础,SRC-T-INFO-002-0001,topic_learning_packages/topics/13_信息系统技术基础/T-INFO-002_专题学习包_企业信息化系统ERP_CRM_SCM_BI_EAI辨析.md,企业信息化系统：ERP、CRM、SCM、BI、EAI 辨析,T-INFO-002｜企业信息化系统：ERP、CRM、SCM、BI、EAI 辨析 本专题用于系统辨析上午选择题中必出的一组企业信息化系统概念：ERP（企业资源计划）、CRM（客户关系管理）、SCM（供应链管理）、BI（商业智能）、EAI（企业应用集成）。核心问题：每个系统的管理对象是谁？,可用于定义识别、场景判断、流程边界或案例答题。,流程卡;辨析卡,上午选择,A,3,False,,,
KP-0228,T-INFO-002,企业信息化系统：ERP、CRM、SCM、BI、EAI 辨析,信息系统技术基础,SRC-T-INFO-002-0002,topic_learning_packages/topics/13_信息系统技术基础/T-INFO-002_专题学习包_企业信息化系统ERP_CRM_SCM_BI_EAI辨析.md,企业信息化系统：ERP、CRM、SCM、BI、EAI 辨析 > 先看这个专题的主线,"先看这个专题的主线 这五个系统考的不是技术实现，而是""谁管什么""的区分。考试中常用""把 A 系统的作用安在 B 头上""来设陷阱。",可用于定义识别、场景判断、流程边界或案例答题。,流程卡;辨析卡,上午选择,A,3,False,,,
KP-0229,T-INFO-002,企业信息化系统：ERP、CRM、SCM、BI、EAI 辨析,信息系统技术基础,SRC-T-INFO-002-0003,topic_learning_packages/topics/13_信息系统技术基础/T-INFO-002_专题学习包_企业信息化系统ERP_CRM_SCM_BI_EAI辨析.md,企业信息化系统：ERP、CRM、SCM、BI、EAI 辨析 > 五系统逐个精讲 > 1. ERP（企业资源计划）,1. ERP（企业资源计划） 管理对象：企业内部资源（人、财、物、信息）。核心模块：财务、生产、采购、库存、人力资源。,可用于定义识别、场景判断、流程边界或案例答题。,关键词识别卡;辨析卡,上午选择,A,3,False,,,
KP-0230,T-INFO-002,企业信息化系统：ERP、CRM、SCM、BI、EAI 辨析,信息系统技术基础,SRC-T-INFO-002-0004,topic_learning_packages/topics/13_信息系统技术基础/T-INFO-002_专题学习包_企业信息化系统ERP_CRM_SCM_BI_EAI辨析.md,企业信息化系统：ERP、CRM、SCM、BI、EAI 辨析 > 五系统逐个精讲 > 2. CRM（客户关系管理）,2. CRM（客户关系管理） 管理对象：客户。核心功能：市场营销、销售管理、客户服务、客户数据分析。,可用于定义识别、场景判断、流程边界或案例答题。,关键词识别卡;辨析卡,上午选择,A,3,False,,,
KP-0231,T-INFO-002,企业信息化系统：ERP、CRM、SCM、BI、EAI 辨析,信息系统技术基础,SRC-T-INFO-002-0005,topic_learning_packages/topics/13_信息系统技术基础/T-INFO-002_专题学习包_企业信息化系统ERP_CRM_SCM_BI_EAI辨析.md,企业信息化系统：ERP、CRM、SCM、BI、EAI 辨析 > 五系统逐个精讲 > 3. SCM（供应链管理）,3. SCM（供应链管理） 管理对象：供应链上下游。核心关注：采购、库存控制、物流配送、需求预测、供应商协同。,可用于定义识别、场景判断、流程边界或案例答题。,关键词识别卡;流程卡;辨析卡,上午选择,A,3,False,,,
KP-0232,T-INFO-002,企业信息化系统：ERP、CRM、SCM、BI、EAI 辨析,信息系统技术基础,SRC-T-INFO-002-0006,topic_learning_packages/topics/13_信息系统技术基础/T-INFO-002_专题学习包_企业信息化系统ERP_CRM_SCM_BI_EAI辨析.md,企业信息化系统：ERP、CRM、SCM、BI、EAI 辨析 > 五系统逐个精讲 > 4. BI（商业智能）,4. BI（商业智能） 管理对象：数据→决策。核心技术：数据仓库、OLAP（联机分析处理）、数据挖掘、报表、仪表盘。,可用于定义识别、场景判断、流程边界或案例答题。,关键词识别卡;流程卡;辨析卡,上午选择,A,3,False,,,
KP-0233,T-INFO-002,企业信息化系统：ERP、CRM、SCM、BI、EAI 辨析,信息系统技术基础,SRC-T-INFO-002-0007,topic_learning_packages/topics/13_信息系统技术基础/T-INFO-002_专题学习包_企业信息化系统ERP_CRM_SCM_BI_EAI辨析.md,企业信息化系统：ERP、CRM、SCM、BI、EAI 辨析 > 辨析速查表,辨析速查表 系统 1 句话定位 最常见的张冠李戴陷阱 --------- ERP 管企业的内部资源 别和 CRM 混淆——ERP 对内，CRM 对外 CRM 管客户关系 别和 ERP 混淆——CRM 不主管财务和库存 SCM 管供应链上下游 别和 ERP 混淆——SCM 穿过企业边界到外部 BI 管数据分析和决策支持 别和 EAI 混淆——BI 分析数据，E,可用于定义识别、场景判断、流程边界或案例答题。,流程卡;辨析卡,上午选择,A,3,False,,,
KP-0234,T-INFO-002,企业信息化系统：ERP、CRM、SCM、BI、EAI 辨析,信息系统技术基础,SRC-T-INFO-002-0008,topic_learning_packages/topics/13_信息系统技术基础/T-INFO-002_专题学习包_企业信息化系统ERP_CRM_SCM_BI_EAI辨析.md,企业信息化系统：ERP、CRM、SCM、BI、EAI 辨析 > 典型题详解与举一反三,"典型题详解与举一反三 例题 1｜ERP vs CRM 某企业需要管理从原材料采购到产品交付全过程的资源协调，包括财务、库存、生产计划。最合适的信息系统是： A. CRM B. ERP C. BI D. EAI ""财务、库存、生产计划""→ 企业内部资源管理→ ERP。",可用于定义识别、场景判断、流程边界或案例答题。,关键词识别卡;流程卡;辨析卡,上午选择,A,3,True,,,verification
KP-0235,T-INFO-002,企业信息化系统：ERP、CRM、SCM、BI、EAI 辨析,信息系统技术基础,SRC-T-INFO-002-0009,topic_learning_packages/topics/13_信息系统技术基础/T-INFO-002_专题学习包_企业信息化系统ERP_CRM_SCM_BI_EAI辨析.md,企业信息化系统：ERP、CRM、SCM、BI、EAI 辨析 > 本轮真题覆盖增强：企业系统与数据分析小题,本轮真题覆盖增强：企业系统与数据分析小题 本节把 questions.full.clean.md 与既有真题映射中的高频考法反查回本专题。2010 上午题考 ERP 相比 MRP II 的供应链扩展，题库还考 CRM 数据、BI/数据仓库/OLAP。,可用于定义识别、场景判断、流程边界或案例答题。,关键词识别卡;案例模板卡;流程卡;辨析卡,下午案例,A,3,False,,,
KP-0236,T-INFO-002,企业信息化系统：ERP、CRM、SCM、BI、EAI 辨析,信息系统技术基础,SRC-T-INFO-002-0011,topic_learning_packages/topics/13_信息系统技术基础/T-INFO-002_专题学习包_企业信息化系统ERP_CRM_SCM_BI_EAI辨析.md,企业信息化系统：ERP、CRM、SCM、BI、EAI 辨析 > 本专题的最小掌握标准,本专题的最小掌握标准 至少能做到：给一个企业需求场景，立即匹配到最合适的系统。记住五句话定位：ERP 管内部资源、CRM 管客户、SCM 管供应链、BI 做数据分析、EAI 打通系统。,可用于定义识别、场景判断、流程边界或案例答题。,流程卡;辨析卡,上午选择,A,3,True,,,verification
KP-0237,T-CASE-001,下午案例题通用审题与答题方法,案例分析专题,SRC-T-CASE-001-0001,topic_learning_packages/topics/14_案例分析专题/T-CASE-001_专题学习包_下午案例题通用审题与答题方法.md,下午案例题通用审题与答题方法,"T-CASE-001｜下午案例题通用审题与答题方法 本专题用于学习""系统集成项目管理工程师""下午案例分析题的通用应对方法。它不针对某个具体知识域，而是解决一个所有案例题都绕不开的核心问题：给定一段项目场景描述，如何快速识别问题、归因到管理过程、组织原因、给出可执行措施、控制篇幅，并在有限时间内获得最多分数？",可用于定义识别、场景判断、流程边界或案例答题。,案例模板卡,下午案例,A,3,False,,,
KP-0238,T-CASE-001,下午案例题通用审题与答题方法,案例分析专题,SRC-T-CASE-001-0002,topic_learning_packages/topics/14_案例分析专题/T-CASE-001_专题学习包_下午案例题通用审题与答题方法.md,下午案例题通用审题与答题方法 > 先看这个专题的主线,"先看这个专题的主线 下午案例题和上午选择题的思维模式完全不同。选择题考查的是""识别判断""——看到关键词、套公式或概念、选出正确答案。",可用于定义识别、场景判断、流程边界或案例答题。,公式卡;关键词识别卡;案例模板卡;流程卡;计算卡,计算题,A,3,False,,,
KP-0239,T-CASE-001,下午案例题通用审题与答题方法,案例分析专题,SRC-T-CASE-001-0003,topic_learning_packages/topics/14_案例分析专题/T-CASE-001_专题学习包_下午案例题通用审题与答题方法.md,下午案例题通用审题与答题方法 > 第一步：事实层——快速审题与标注,第一步：事实层——快速审题与标注 拿到案例题后，不要马上开始写答案。先用 2-3 分钟快速从头到尾读一遍题干，在阅读中标注四类关键信息。,可用于定义识别、场景判断、流程边界或案例答题。,关键词识别卡;案例模板卡,下午案例,A,3,False,,,
KP-0240,T-CASE-001,下午案例题通用审题与答题方法,案例分析专题,SRC-T-CASE-001-0004,topic_learning_packages/topics/14_案例分析专题/T-CASE-001_专题学习包_下午案例题通用审题与答题方法.md,下午案例题通用审题与答题方法 > 第一步：事实层——快速审题与标注 > 标注 1：关键角色和部门,标注 1：关键角色和部门 案例题中出现的每个角色/部门都是潜在的问题来源： - 项目经理做了什么（或没做什么）→ 判断项目经理是否履职到位 - 客户/甲方做了什么 → 判断干系人行为是否合规 - 开发团队/测试团队做了什么 → 判断执行层面问题 - 领导/发起人/CCB 做了什么 → 判断治理层面问题 - 供应商/分包商做了什么 → 判断采购和合同问题,可用于定义识别、场景判断、流程边界或案例答题。,案例模板卡,下午案例,A,3,False,,,
KP-0241,T-CASE-001,下午案例题通用审题与答题方法,案例分析专题,SRC-T-CASE-001-0005,topic_learning_packages/topics/14_案例分析专题/T-CASE-001_专题学习包_下午案例题通用审题与答题方法.md,下午案例题通用审题与答题方法 > 第一步：事实层——快速审题与标注 > 标注 2：时间节点和里程碑偏差,"标注 2：时间节点和里程碑偏差 任何提到时间的地方都要标注：""计划 X 月完成，实际只完成了 Y%""、""延迟了""、""提前了""、""赶不上""。这些直接指向进度管理问题。",可用于定义识别、场景判断、流程边界或案例答题。,案例模板卡,下午案例,A,3,False,,,
KP-0242,T-CASE-001,下午案例题通用审题与答题方法,案例分析专题,SRC-T-CASE-001-0006,topic_learning_packages/topics/14_案例分析专题/T-CASE-001_专题学习包_下午案例题通用审题与答题方法.md,下午案例题通用审题与答题方法 > 第一步：事实层——快速审题与标注 > 标注 3：数字异常,标注 3：数字异常 成本数据（超支了多少）、预算数据（追加了多少）、质量数据（多少缺陷、多少返工），这些数字是后续挣值分析或影响判断的直接输入。,可用于定义识别、场景判断、流程边界或案例答题。,案例模板卡,下午案例,A,3,False,,,
KP-0243,T-CASE-001,下午案例题通用审题与答题方法,案例分析专题,SRC-T-CASE-001-0007,topic_learning_packages/topics/14_案例分析专题/T-CASE-001_专题学习包_下午案例题通用审题与答题方法.md,下午案例题通用审题与答题方法 > 第一步：事实层——快速审题与标注 > 标注 4：知识域信号词,标注 4：知识域信号词 这是最重要的标注。读题时在脑中（或草稿纸上）把题干的信号词归类到知识域： 信号词 对应知识域 问题类型 --------- 增加功能、多做了、范围不清、没人知道做什么 范围管理 范围蔓延/范围定义不清 延期、加班、赶不上、并行、压缩工期 进度管理 进度延误/压缩不当 超预算、花多了、成本超支、报价低 成本管理 成本失控/估算不准 bu,可用于定义识别、场景判断、流程边界或案例答题。,关键词识别卡;案例模板卡;流程卡,下午案例,A,3,True,,,verification
KP-0244,T-CASE-001,下午案例题通用审题与答题方法,案例分析专题,SRC-T-CASE-001-0008,topic_learning_packages/topics/14_案例分析专题/T-CASE-001_专题学习包_下午案例题通用审题与答题方法.md,下午案例题通用审题与答题方法 > 第二步：管理层——用过程组×知识域框架定位问题,"第二步：管理层——用过程组×知识域框架定位问题 在完成事实标注后，你需要把标注信息""升维""到管理层面——哪些管理过程缺失了？哪些管理动作做错了？",可用于定义识别、场景判断、流程边界或案例答题。,关键词识别卡;案例模板卡;流程卡,下午案例,A,3,True,,,verification
KP-0245,T-CASE-001,下午案例题通用审题与答题方法,案例分析专题,SRC-T-CASE-001-0009,topic_learning_packages/topics/14_案例分析专题/T-CASE-001_专题学习包_下午案例题通用审题与答题方法.md,下午案例题通用审题与答题方法 > 第三步：答题层——四类问题的答题格式,第三步：答题层——四类问题的答题格式 案例题通常有 3-4 个子问题，每个子问题的答题类型不同。需要先判断问的是什么类型，再采用对应的格式。,可用于定义识别、场景判断、流程边界或案例答题。,案例模板卡,下午案例,A,3,False,,,
KP-0246,T-CASE-001,下午案例题通用审题与答题方法,案例分析专题,SRC-T-CASE-001-0010,topic_learning_packages/topics/14_案例分析专题/T-CASE-001_专题学习包_下午案例题通用审题与答题方法.md,下午案例题通用审题与答题方法 > 第三步：答题层——四类问题的答题格式 > 类型 A：找问题/识别错误,"类型 A：找问题/识别错误 典型问法：""请指出该项目管理中存在的问题。"" 答题要诀：逐条列出，按知识域分组，用""缺失/没有/不足/未""开头。",可用于定义识别、场景判断、流程边界或案例答题。,案例模板卡;流程卡;辨析卡,下午案例,A,3,False,,,
KP-0247,T-CASE-001,下午案例题通用审题与答题方法,案例分析专题,SRC-T-CASE-001-0011,topic_learning_packages/topics/14_案例分析专题/T-CASE-001_专题学习包_下午案例题通用审题与答题方法.md,下午案例题通用审题与答题方法 > 第三步：答题层——四类问题的答题格式 > 类型 B：分析原因,"类型 B：分析原因 典型问法：""请分析造成 X 问题的原因。"" 答题要诀：按因果链展开——先写直接原因，再写深层原因。",可用于定义识别、场景判断、流程边界或案例答题。,关键词识别卡;案例模板卡;流程卡,下午案例,A,3,False,,,
KP-0248,T-CASE-001,下午案例题通用审题与答题方法,案例分析专题,SRC-T-CASE-001-0012,topic_learning_packages/topics/14_案例分析专题/T-CASE-001_专题学习包_下午案例题通用审题与答题方法.md,下午案例题通用审题与答题方法 > 第三步：答题层——四类问题的答题格式 > 类型 C：提出措施/改进建议,"类型 C：提出措施/改进建议 典型问法：""请提出改进措施""或""项目经理应该怎么做。"" 答题要诀：措施必须和前面分析的问题/原因一一对应。",可用于定义识别、场景判断、流程边界或案例答题。,案例模板卡;辨析卡,下午案例,A,3,False,,,
KP-0249,T-CASE-001,下午案例题通用审题与答题方法,案例分析专题,SRC-T-CASE-001-0013,topic_learning_packages/topics/14_案例分析专题/T-CASE-001_专题学习包_下午案例题通用审题与答题方法.md,下午案例题通用审题与答题方法 > 第三步（续）：答题格式与时间分配 > 时间分配,时间分配 下午案例题通常 90 分钟，约 3-4 道大题，每道题约 20-25 分钟： - 审题标注：2-3 分钟 - 读问题：1 分钟 - 每问作答：5-8 分钟 - 检查补充：2 分钟,可用于定义识别、场景判断、流程边界或案例答题。,案例模板卡,下午案例,A,3,False,,,
KP-0250,T-CASE-001,下午案例题通用审题与答题方法,案例分析专题,SRC-T-CASE-001-0014,topic_learning_packages/topics/14_案例分析专题/T-CASE-001_专题学习包_下午案例题通用审题与答题方法.md,下午案例题通用审题与答题方法 > 第三步（续）：答题格式与时间分配 > 字数控制,"字数控制 每个""问题点""或""措施点""用 1-3 句话，不超过 4 行。不要求写长文，要求每个点都""有信息""。",可用于定义识别、场景判断、流程边界或案例答题。,案例模板卡,下午案例,A,3,False,,,
KP-0251,T-CASE-001,下午案例题通用审题与答题方法,案例分析专题,SRC-T-CASE-001-0015,topic_learning_packages/topics/14_案例分析专题/T-CASE-001_专题学习包_下午案例题通用审题与答题方法.md,下午案例题通用审题与答题方法 > 五大常见案例框架速查 > 进度延误类,进度延误类 诊断：关键路径活动延误→ 原因：估算太乐观/资源不足/需求变更/技术困难→ 措施：赶工（加关键资源）/快速跟进（调整逻辑）/资源优化/调整依赖关系→ 评估：对成本/质量/风险的影响→ 控制：加强进度监控和偏差预警,可用于定义识别、场景判断、流程边界或案例答题。,案例模板卡,下午案例,A,3,False,,,
KP-0252,T-CASE-001,下午案例题通用审题与答题方法,案例分析专题,SRC-T-CASE-001-0016,topic_learning_packages/topics/14_案例分析专题/T-CASE-001_专题学习包_下午案例题通用审题与答题方法.md,下午案例题通用审题与答题方法 > 五大常见案例框架速查 > 成本超支类,成本超支类 诊断：CV负/CPI<1→ 原因：范围蔓延/资源价格高/返工/效率低→ 措施：成本控制/变更控制/资源替换/提升效率→ 预测：EAC→ 控制：设偏差阈值，触发预警,可用于定义识别、场景判断、流程边界或案例答题。,公式卡;案例模板卡;计算卡,计算题,A,3,False,,,
KP-0253,T-CASE-001,下午案例题通用审题与答题方法,案例分析专题,SRC-T-CASE-001-0017,topic_learning_packages/topics/14_案例分析专题/T-CASE-001_专题学习包_下午案例题通用审题与答题方法.md,下午案例题通用审题与答题方法 > 五大常见案例框架速查 > 范围蔓延类,范围蔓延类 诊断：做了WBS外的工作→ 根源：需求不明确/客户直接要求/缺少变更控制/WBS不全→ 措施：立即暂停未审批工作→补走变更流程→强化变更控制→重新确认范围基准→ 预防：客户预期管理,可用于定义识别、场景判断、流程边界或案例答题。,案例模板卡;流程卡,下午案例,A,3,False,,,
KP-0254,T-CASE-001,下午案例题通用审题与答题方法,案例分析专题,SRC-T-CASE-001-0018,topic_learning_packages/topics/14_案例分析专题/T-CASE-001_专题学习包_下午案例题通用审题与答题方法.md,下午案例题通用审题与答题方法 > 五大常见案例框架速查 > 质量问题类,质量问题类 诊断：返工/bug多/测试不通过→ 原因：缺质量计划/缺 QA 过程/QC 只做在最后→ 措施：补质量计划→增加过程评审→加强各阶段测试→根因分析→更新质量检查清单,可用于定义识别、场景判断、流程边界或案例答题。,案例模板卡,下午案例,A,3,False,,,
KP-0255,T-CASE-001,下午案例题通用审题与答题方法,案例分析专题,SRC-T-CASE-001-0019,topic_learning_packages/topics/14_案例分析专题/T-CASE-001_专题学习包_下午案例题通用审题与答题方法.md,下午案例题通用审题与答题方法 > 五大常见案例框架速查 > 沟通与干系人冲突类,沟通与干系人冲突类 诊断：不知道/不配合/投诉/抵制→ 原因：干系人识别不全/沟通计划缺失/反馈机制缺失→ 措施：全面识别干系人→评估参与度→制定沟通计划→建立定期反馈机制→对抵制型干系人制定专门策略 ---,可用于定义识别、场景判断、流程边界或案例答题。,案例模板卡,下午案例,A,3,False,,,
KP-0256,T-CASE-001,下午案例题通用审题与答题方法,案例分析专题,SRC-T-CASE-001-0020,topic_learning_packages/topics/14_案例分析专题/T-CASE-001_专题学习包_下午案例题通用审题与答题方法.md,下午案例题通用审题与答题方法 > 案例训练片段,"案例训练片段 以下 6 个训练片段覆盖了下午案例题最常见的场景类型。每个片段包含完整的""审题→定位→答题""训练。",可用于定义识别、场景判断、流程边界或案例答题。,案例模板卡,下午案例,A,3,False,,,
KP-0257,T-CASE-001,下午案例题通用审题与答题方法,案例分析专题,SRC-T-CASE-001-0021,topic_learning_packages/topics/14_案例分析专题/T-CASE-001_专题学习包_下午案例题通用审题与答题方法.md,下午案例题通用审题与答题方法 > 案例训练片段 > 训练片段 1｜进度延误,训练片段 1｜进度延误 某信息化项目计划工期 12 个月。项目经理在项目启动后制定了里程碑计划（每季度一个里程碑），但未对具体活动进行历时估算。,可用于定义识别、场景判断、流程边界或案例答题。,案例模板卡;流程卡,下午案例,A,3,False,,,
KP-0258,T-CASE-001,下午案例题通用审题与答题方法,案例分析专题,SRC-T-CASE-001-0022,topic_learning_packages/topics/14_案例分析专题/T-CASE-001_专题学习包_下午案例题通用审题与答题方法.md,下午案例题通用审题与答题方法 > 案例训练片段 > 训练片段 2｜成本超支 + 挣值分析,训练片段 2｜成本超支 + 挣值分析 某项目 BAC = 600 万元，计划工期 10 个月。第 6 个月末，PV = 360 万元，EV = 300 万元，AC = 390 万元。,可用于定义识别、场景判断、流程边界或案例答题。,公式卡;案例模板卡;流程卡;计算卡,计算题,A,3,False,,,
KP-0259,T-CASE-001,下午案例题通用审题与答题方法,案例分析专题,SRC-T-CASE-001-0023,topic_learning_packages/topics/14_案例分析专题/T-CASE-001_专题学习包_下午案例题通用审题与答题方法.md,下午案例题通用审题与答题方法 > 案例训练片段 > 训练片段 3｜范围蔓延 + 变更失控,训练片段 3｜范围蔓延 + 变更失控 某项目开发过半时，客户单位的信息中心主任多次直接找到开发人员，口头要求增加报表功能。开发人员为维护关系照做了。,可用于定义识别、场景判断、流程边界或案例答题。,案例模板卡;流程卡,下午案例,A,3,False,,,
KP-0260,T-CASE-001,下午案例题通用审题与答题方法,案例分析专题,SRC-T-CASE-001-0024,topic_learning_packages/topics/14_案例分析专题/T-CASE-001_专题学习包_下午案例题通用审题与答题方法.md,下午案例题通用审题与答题方法 > 案例训练片段 > 训练片段 4｜质量问题,训练片段 4｜质量问题 某系统集成项目在交付前一周进行集中测试，发现了 230 个缺陷，其中 40 个为严重缺陷。经查，项目在开发过程中没有进行过代码评审，也没有分阶段测试。,可用于定义识别、场景判断、流程边界或案例答题。,案例模板卡;流程卡,下午案例,A,3,True,,,verification
KP-0261,T-CASE-001,下午案例题通用审题与答题方法,案例分析专题,SRC-T-CASE-001-0025,topic_learning_packages/topics/14_案例分析专题/T-CASE-001_专题学习包_下午案例题通用审题与答题方法.md,下午案例题通用审题与答题方法 > 案例训练片段 > 训练片段 5｜干系人与沟通冲突,"训练片段 5｜干系人与沟通冲突 某项目启动后，项目团队每周四召开例会，会后项目经理发送会议纪要给参会人员。第 4 个月，IT 运维部门突然拒绝配合系统部署——该部门经理表示""从来不知道这个项目什么时候要上线""。",可用于定义识别、场景判断、流程边界或案例答题。,公式卡;案例模板卡;流程卡;计算卡,计算题,A,3,False,,,
KP-0262,T-CASE-001,下午案例题通用审题与答题方法,案例分析专题,SRC-T-CASE-001-0026,topic_learning_packages/topics/14_案例分析专题/T-CASE-001_专题学习包_下午案例题通用审题与答题方法.md,下午案例题通用审题与答题方法 > 案例训练片段 > 训练片段 6｜合同采购纠纷,训练片段 6｜合同采购纠纷 某公司通过固定总价合同将系统测试工作外包给第三方公司。合同签订后，需求发生了多次变更，第三方公司要求追加费用。,可用于定义识别、场景判断、流程边界或案例答题。,案例模板卡;流程卡,下午案例,A,3,False,,,
KP-0263,T-CASE-001,下午案例题通用审题与答题方法,案例分析专题,SRC-T-CASE-001-0027,topic_learning_packages/topics/14_案例分析专题/T-CASE-001_专题学习包_下午案例题通用审题与答题方法.md,下午案例题通用审题与答题方法 > 本轮真题覆盖增强：案例题三层审题法实战,本轮真题覆盖增强：案例题三层审题法实战 本节把 questions.full.clean.md 与既有真题映射中的高频考法反查回本专题。2019 下午题覆盖合同、范围、进度成本、质量四大案例，几乎都能用事实层-管理层-答题层拆解。,可用于定义识别、场景判断、流程边界或案例答题。,公式卡;关键词识别卡;案例模板卡;流程卡;计算卡;辨析卡,计算题,A,3,False,,,
KP-0264,T-CASE-001,下午案例题通用审题与答题方法,案例分析专题,SRC-T-CASE-001-0029,topic_learning_packages/topics/14_案例分析专题/T-CASE-001_专题学习包_下午案例题通用审题与答题方法.md,下午案例题通用审题与答题方法 > 本专题的最小掌握标准,本专题的最小掌握标准 学完本专题后，你至少应该能做到六件事。 第一，拿到任意案例题，能在 3 分钟内完成事实层标注（角色、时间偏差、数字异常、信号词），并初步归类到知识域。,可用于定义识别、场景判断、流程边界或案例答题。,关键词识别卡;案例模板卡;流程卡,下午案例,A,3,True,,,verification
KP-0265,T-CASE-001,下午案例题通用审题与答题方法,案例分析专题,SRC-T-CASE-001-0030,topic_learning_packages/topics/14_案例分析专题/T-CASE-001_专题学习包_下午案例题通用审题与答题方法.md,下午案例题通用审题与答题方法 > 待核验与后续改进,待核验与后续改进 - 下午案例题的具体分值分布和评分细则每年可能有调整，本专题的答题策略基于通用考试规律。[待核验] - 建议学完本专题后，结合具体知识域的案例模板专题做锚定训练——在进度延误案例中使用本专题的审题方法，在合同索赔案例中练习原因-措施对应。,可用于定义识别、场景判断、流程边界或案例答题。,案例模板卡,下午案例,A,3,True,,,verification
KP-0266,T-CASE-002,进度延误与成本超支案例专项模板,案例分析专题,SRC-T-CASE-002-0001,topic_learning_packages/topics/14_案例分析专题/T-CASE-002_专题学习包_进度延误与成本超支案例专项模板.md,进度延误与成本超支案例专项模板,"T-CASE-002｜进度延误与成本超支案例专项模板 本专题与 T-CASE-001（通用案例方法）配合使用。提供进度延误和成本超支两类高频案例的专项诊断模板，解决""知道该写什么框架，但具体到进度/成本案例时不知道从哪些角度展开""的问题。",可用于定义识别、场景判断、流程边界或案例答题。,案例模板卡,下午案例,A,3,False,,,
KP-0267,T-CASE-002,进度延误与成本超支案例专项模板,案例分析专题,SRC-T-CASE-002-0002,topic_learning_packages/topics/14_案例分析专题/T-CASE-002_专题学习包_进度延误与成本超支案例专项模板.md,进度延误与成本超支案例专项模板 > 进度延误案例模板 > 措施模板,措施模板 问法 回答框架 关键词 --------- 如何追赶进度 识别关键路径→赶工/快速跟进→评估对成本质量的影响→更新计划 关键路径、成本斜率、返工风险 如何防止再延误 三点估算替代单点估算→建立偏差预警→周期性进度审查 PERT、预警阈值、控制 团队效率不足 培训/技术支援→调整任务分配→考虑人员替换或增援 技能匹配、沟通成本 ---,可用于定义识别、场景判断、流程边界或案例答题。,公式卡;关键词识别卡;案例模板卡;计算卡,计算题,A,3,False,,,
KP-0268,T-CASE-002,进度延误与成本超支案例专项模板,案例分析专题,SRC-T-CASE-002-0003,topic_learning_packages/topics/14_案例分析专题/T-CASE-002_专题学习包_进度延误与成本超支案例专项模板.md,进度延误与成本超支案例专项模板 > 成本超支案例模板 > 措施模板,措施模板 问法 回答框架 ------ 控制成本 立即停止范围蔓延→严格变更控制→分析CV/CPI根因→针对性控制 预测最终成本 计算EAC（典型/非典型）→沟通干系人→如超预算需走变更 防止再超支 改进估算方法→设偏差阈值→周期性挣值分析→加强范围控制 ---,可用于定义识别、场景判断、流程边界或案例答题。,公式卡;案例模板卡;计算卡,计算题,A,3,False,,,
KP-0269,T-CASE-002,进度延误与成本超支案例专项模板,案例分析专题,SRC-T-CASE-002-0004,topic_learning_packages/topics/14_案例分析专题/T-CASE-002_专题学习包_进度延误与成本超支案例专项模板.md,进度延误与成本超支案例专项模板 > 典型题目训练,典型题目训练 进度案例｜盲目赶工 某项目计划8个月完成。第5个月末只完成了原计划第3个月末的工作。,可用于定义识别、场景判断、流程边界或案例答题。,公式卡;案例模板卡;计算卡,计算题,A,3,False,,,
KP-0270,T-CASE-002,进度延误与成本超支案例专项模板,案例分析专题,SRC-T-CASE-002-0005,topic_learning_packages/topics/14_案例分析专题/T-CASE-002_专题学习包_进度延误与成本超支案例专项模板.md,进度延误与成本超支案例专项模板 > 本轮真题覆盖增强：进度成本案例数据化,本轮真题覆盖增强：进度成本案例数据化 本节把 questions.full.clean.md 与既有真题映射中的高频考法反查回本专题。2019 下午试题三、四分别给出进度拖期和 EVM 数据，是本专题的核心案例来源。,可用于定义识别、场景判断、流程边界或案例答题。,公式卡;关键词识别卡;案例模板卡;流程卡;计算卡;辨析卡,计算题,A,3,False,,,
KP-0271,T-CASE-002,进度延误与成本超支案例专项模板,案例分析专题,SRC-T-CASE-002-0007,topic_learning_packages/topics/14_案例分析专题/T-CASE-002_专题学习包_进度延误与成本超支案例专项模板.md,进度延误与成本超支案例专项模板 > 本专题的最小掌握标准,"本专题的最小掌握标准 面对进度延误案例：能按""识别关键路径→分析延误原因（估算/执行/监控层）→针对性赶工/快速跟进→评估连锁影响""的路径分条答题。面对成本超支案例：能计算CV/CPI→判断偏差方向→按""范围/估算/执行/控制""分层分析根因→预测EAC→提措施。",可用于定义识别、场景判断、流程边界或案例答题。,公式卡;案例模板卡;计算卡,计算题,A,3,True,,,verification
KP-0272,T-CASE-003,范围蔓延、变更失控与合同纠纷案例模板,案例分析专题,SRC-T-CASE-003-0001,topic_learning_packages/topics/14_案例分析专题/T-CASE-003_专题学习包_范围蔓延变更失控与合同纠纷案例模板.md,范围蔓延、变更失控与合同纠纷案例模板,T-CASE-003｜范围蔓延、变更失控与合同纠纷案例模板 本专题与 T-CASE-001 和 T-CASE-002 配合使用。提供范围蔓延/变更失控和合同纠纷/索赔两类案例的专项诊断模板。,可用于定义识别、场景判断、流程边界或案例答题。,案例模板卡,下午案例,A,3,False,,,
KP-0273,T-CASE-003,范围蔓延、变更失控与合同纠纷案例模板,案例分析专题,SRC-T-CASE-003-0002,topic_learning_packages/topics/14_案例分析专题/T-CASE-003_专题学习包_范围蔓延变更失控与合同纠纷案例模板.md,范围蔓延、变更失控与合同纠纷案例模板 > 范围蔓延与变更失控案例模板 > 变体识别,"变体识别 剧情变体 关键信号词 ------ 客户绕路型 ""客户直接联系开发人员""、""口头要求""、""为了维护客户关系"" 领导越权型 ""领导直接要求""、""高层打招呼""、""没走流程"" 团队擅自型 ""团队自己决定""、""觉得应该加上""、""没通知PM"" 渐进蔓延型 ""每次加一点""、""需求不知不觉就变多了""、""回头看才发现""",可用于定义识别、场景判断、流程边界或案例答题。,关键词识别卡;案例模板卡;流程卡,下午案例,A,3,False,,,
KP-0274,T-CASE-003,范围蔓延、变更失控与合同纠纷案例模板,案例分析专题,SRC-T-CASE-003-0003,topic_learning_packages/topics/14_案例分析专题/T-CASE-003_专题学习包_范围蔓延变更失控与合同纠纷案例模板.md,范围蔓延、变更失控与合同纠纷案例模板 > 范围蔓延与变更失控案例模板 > 答题框架（答题得分点）,答题框架（答题得分点） 找问题：① 变更控制流程缺失/形同虚设；② 范围基准未被维护；③ 干系人/客户绕过项目经理；④ PM监控频率不足；⑤ 团队缺乏变更管理意识。 分析原因：① 项目启动时未建立有效的变更控制流程；② 未与客户/干系人就变更路径达成共识（谁可以发起变更、通过什么渠道）；③ WBS 不全/不清晰→范围边界模糊→蔓延容易发生；④ PM未能及时收,可用于定义识别、场景判断、流程边界或案例答题。,公式卡;案例模板卡;流程卡;计算卡;辨析卡,计算题,A,3,False,,,
KP-0275,T-CASE-003,范围蔓延、变更失控与合同纠纷案例模板,案例分析专题,SRC-T-CASE-003-0004,topic_learning_packages/topics/14_案例分析专题/T-CASE-003_专题学习包_范围蔓延变更失控与合同纠纷案例模板.md,范围蔓延、变更失控与合同纠纷案例模板 > 合同纠纷与采购案例模板 > 诊断框架,"诊断框架 合同类型判断是最先要做的——很多合同纠纷的根源是合同类型与项目特性不匹配： - 固定总价 + 频繁变更 = 争议黑洞。卖方承担变更成本不合理，买方以为""固定价格 = 所有变更都包含在内""。",可用于定义识别、场景判断、流程边界或案例答题。,案例模板卡;流程卡,下午案例,A,3,True,,,verification
KP-0276,T-CASE-003,范围蔓延、变更失控与合同纠纷案例模板,案例分析专题,SRC-T-CASE-003-0005,topic_learning_packages/topics/14_案例分析专题/T-CASE-003_专题学习包_范围蔓延变更失控与合同纠纷案例模板.md,范围蔓延、变更失控与合同纠纷案例模板 > 典型题目训练,典型题目训练 变更失控案例 某项目开发过半时，甲方信息中心主任多次直接找开发人员增加报表功能。开发人员为维护客户关系口头答应了。,可用于定义识别、场景判断、流程边界或案例答题。,案例模板卡;流程卡,下午案例,A,3,False,,,
KP-0277,T-CASE-003,范围蔓延、变更失控与合同纠纷案例模板,案例分析专题,SRC-T-CASE-003-0006,topic_learning_packages/topics/14_案例分析专题/T-CASE-003_专题学习包_范围蔓延变更失控与合同纠纷案例模板.md,范围蔓延、变更失控与合同纠纷案例模板 > 本轮真题覆盖增强：范围蔓延与合同证据链,本轮真题覆盖增强：范围蔓延与合同证据链 本节把 questions.full.clean.md 与既有真题映射中的高频考法反查回本专题。2019 下午范围案例中，视频聊天网站被客户理解为电子商务核心系统，核心失分点是需求确认、范围说明书、变更控制。,可用于定义识别、场景判断、流程边界或案例答题。,关键词识别卡;案例模板卡;流程卡;辨析卡,下午案例,A,3,True,,,verification
KP-0278,T-CASE-003,范围蔓延、变更失控与合同纠纷案例模板,案例分析专题,SRC-T-CASE-003-0008,topic_learning_packages/topics/14_案例分析专题/T-CASE-003_专题学习包_范围蔓延变更失控与合同纠纷案例模板.md,范围蔓延、变更失控与合同纠纷案例模板 > 本专题的最小掌握标准,"本专题的最小掌握标准 面对范围蔓延/变更失控案例：能识别剧情模式→按标准诊断清单输出问题→给出""暂停→评估→补流程→更新→沟通""的措施链。面对合同纠纷案例：能先判断合同类型是否匹配→分析变更管理是否缺失→给出争议解决的递进路径。",可用于定义识别、场景判断、流程边界或案例答题。,案例模板卡;流程卡,下午案例,A,3,True,,,verification
KP-0279,T-COM-002,沟通管理与干系人冲突案例模板,案例分析专题,SRC-T-COM-002-0001,topic_learning_packages/topics/14_案例分析专题/T-COM-002_专题学习包_沟通管理与干系人冲突案例模板.md,沟通管理与干系人冲突案例模板,"T-COM-002｜沟通管理与干系人冲突案例模板 本专题与 T-CASE-001 和 T-COM-001 配合使用。提供""沟通不畅与干系人冲突""这一高频下午案例场景的专项诊断模板和答题框架。",可用于定义识别、场景判断、流程边界或案例答题。,案例模板卡,下午案例,B,3,False,,,
KP-0280,T-COM-002,沟通管理与干系人冲突案例模板,案例分析专题,SRC-T-COM-002-0002,topic_learning_packages/topics/14_案例分析专题/T-COM-002_专题学习包_沟通管理与干系人冲突案例模板.md,沟通管理与干系人冲突案例模板 > 诊断框架（三问法）,"诊断框架（三问法） 问 1：干系人识别完整吗？ - 是否只识别了""直接参与项目的核心团队""而漏了""受项目影响的部门/角色""？",可用于定义识别、场景判断、流程边界或案例答题。,案例模板卡,下午案例,B,3,False,,,
KP-0281,T-COM-002,沟通管理与干系人冲突案例模板,案例分析专题,SRC-T-COM-002-0003,topic_learning_packages/topics/14_案例分析专题/T-COM-002_专题学习包_沟通管理与干系人冲突案例模板.md,沟通管理与干系人冲突案例模板 > 答题框架,"答题框架 步骤 内容 ------ 找问题 ① 干系人识别不完整——漏掉受项目影响的关键方 ② 沟通管理计划缺失或范围过窄 ③ 缺乏反馈确认机制 ④ 干系人参与度评估缺失 分析原因 项目启动阶段投入在干系人识别和沟通规划上的精力不足，只看""谁在项目组里""，没看""谁受项目影响"" 提措施 ① 补充识别干系人→更新干系人登记册 ② 用参与度评估矩阵标出 C（当前）",可用于定义识别、场景判断、流程边界或案例答题。,案例模板卡;流程卡,下午案例,B,3,False,,,
KP-0282,T-COM-002,沟通管理与干系人冲突案例模板,案例分析专题,SRC-T-COM-002-0004,topic_learning_packages/topics/14_案例分析专题/T-COM-002_专题学习包_沟通管理与干系人冲突案例模板.md,沟通管理与干系人冲突案例模板 > 案例训练片段,"案例训练片段 训练的片段｜突然的抵制 某集团 ERP 项目已实施 8 个月。在准备上线时，财务部突然拒绝配合数据迁移，理由""我们不知道你们什么时候要上线，我们这个月财务结账不能动系统""。",可用于定义识别、场景判断、流程边界或案例答题。,案例模板卡,下午案例,B,3,False,,,
KP-0283,T-COM-002,沟通管理与干系人冲突案例模板,案例分析专题,SRC-T-COM-002-0005,topic_learning_packages/topics/14_案例分析专题/T-COM-002_专题学习包_沟通管理与干系人冲突案例模板.md,沟通管理与干系人冲突案例模板 > 本轮真题覆盖增强：干系人冲突案例,本轮真题覆盖增强：干系人冲突案例 本节把 questions.full.clean.md 与既有真题映射中的高频考法反查回本专题。2019 范围案例里客户主管长期缺席、翻译传递失真，是沟通与干系人管理的典型证据。,可用于定义识别、场景判断、流程边界或案例答题。,关键词识别卡;案例模板卡;流程卡;辨析卡,下午案例,B,3,False,,,
KP-0284,T-COM-002,沟通管理与干系人冲突案例模板,案例分析专题,SRC-T-COM-002-0007,topic_learning_packages/topics/14_案例分析专题/T-COM-002_专题学习包_沟通管理与干系人冲突案例模板.md,沟通管理与干系人冲突案例模板 > 本专题的最小掌握标准,"本专题的最小掌握标准 面对沟通/干系人冲突案例：能按三问法诊断→输出从""识别""到""反馈""的完整措施链→每条措施具体到对象/方式/频率。 ---",可用于定义识别、场景判断、流程边界或案例答题。,案例模板卡;流程卡,下午案例,B,3,True,,,verification
KP-0285,T-CROSS-001,高频跨域概念辨析与易错点,综合专题与跨域辨析,SRC-T-CROSS-001-0001,topic_learning_packages/topics/99_综合专题与跨域辨析/T-CROSS-001_专题学习包_高频跨域概念辨析与易错点.md,高频跨域概念辨析与易错点,"T-CROSS-001｜高频跨域概念辨析与易错点 本专题用于集中辨析系统集成项目管理工程师考试中最容易在选择题和案例题中被混淆的高频概念对。这些概念对跨域出现，如果你只背了各自独立的定义，不知道它们在真题中怎么被""调换着问""，就很容易失分。",可用于定义识别、场景判断、流程边界或案例答题。,案例模板卡;辨析卡,下午案例,A,3,False,,,
KP-0286,T-CROSS-001,高频跨域概念辨析与易错点,综合专题与跨域辨析,SRC-T-CROSS-001-0002,topic_learning_packages/topics/99_综合专题与跨域辨析/T-CROSS-001_专题学习包_高频跨域概念辨析与易错点.md,高频跨域概念辨析与易错点 > 先看这个专题的主线,先看这个专题的主线 以下概念辨析按考试频率排列。每个辨析都包含：概念核心、关键区别、常考调换方式、一句话判断口诀。,可用于定义识别、场景判断、流程边界或案例答题。,辨析卡,上午选择,A,3,False,,,
KP-0287,T-CROSS-001,高频跨域概念辨析与易错点,综合专题与跨域辨析,SRC-T-CROSS-001-0003,topic_learning_packages/topics/99_综合专题与跨域辨析/T-CROSS-001_专题学习包_高频跨域概念辨析与易错点.md,高频跨域概念辨析与易错点 > 辨析 1：项目章程 vs 项目管理计划,辨析 1：项目章程 vs 项目管理计划 [高 频] 选择题和案例题中最高频的调换对。 维度 项目章程 项目管理计划 --------- 谁发布 发起人（或项目以外的高层） 项目经理领导制定，团队参与 主要作用 正式批准项目存在，授权项目经理动用资源 说明项目将如何执行、监督和控制 内容层级 高层级：项目目标、总体范围、里程碑、关键干系人 详细：各子管理计划 ,可用于定义识别、场景判断、流程边界或案例答题。,案例模板卡;流程卡;辨析卡,下午案例,A,3,False,,,
KP-0288,T-CROSS-001,高频跨域概念辨析与易错点,综合专题与跨域辨析,SRC-T-CROSS-001-0004,topic_learning_packages/topics/99_综合专题与跨域辨析/T-CROSS-001_专题学习包_高频跨域概念辨析与易错点.md,高频跨域概念辨析与易错点 > 辨析 2：确认范围 vs 控制质量 vs 控制范围,辨析 2：确认范围 vs 控制质量 vs 控制范围 [高 频] 三者都属于监控过程组，极易混淆。 控制质量（QC）：面向内部，检查可交付成果是否满足质量要求。,可用于定义识别、场景判断、流程边界或案例答题。,流程卡;辨析卡,上午选择,A,3,True,,,verification
KP-0289,T-CROSS-001,高频跨域概念辨析与易错点,综合专题与跨域辨析,SRC-T-CROSS-001-0005,topic_learning_packages/topics/99_综合专题与跨域辨析/T-CROSS-001_专题学习包_高频跨域概念辨析与易错点.md,高频跨域概念辨析与易错点 > 辨析 3：质量保证（QA）vs 质量控制（QC）,辨析 3：质量保证（QA）vs 质量控制（QC） [高 频] 参见 T-QUAL-001 专题的详细讲解。 QA（质量保证）：关注过程是否可靠。,可用于定义识别、场景判断、流程边界或案例答题。,流程卡;辨析卡,上午选择,A,3,True,,,verification
KP-0290,T-CROSS-001,高频跨域概念辨析与易错点,综合专题与跨域辨析,SRC-T-CROSS-001-0006,topic_learning_packages/topics/99_综合专题与跨域辨析/T-CROSS-001_专题学习包_高频跨域概念辨析与易错点.md,高频跨域概念辨析与易错点 > 辨析 4：赶工 vs 快速跟进 vs 资源平衡,"辨析 4：赶工 vs 快速跟进 vs 资源平衡 [高 频] 参见 T007 专题的详细讲解。 方法 核心动作 主要代价 关键词 ------------ 赶工 增加资源/加班 成本增加 ""加人""""加班""""加资源""""增加投入"" 快速跟进 活动并行/重叠 风险增加、返工 ""并行""""重叠""""同时做""""未完成就提前开始"" 资源平衡 调整活动时间以适应资源限制 工期可",可用于定义识别、场景判断、流程边界或案例答题。,关键词识别卡;辨析卡,上午选择,A,3,False,,,
KP-0291,T-CROSS-001,高频跨域概念辨析与易错点,综合专题与跨域辨析,SRC-T-CROSS-001-0007,topic_learning_packages/topics/99_综合专题与跨域辨析/T-CROSS-001_专题学习包_高频跨域概念辨析与易错点.md,高频跨域概念辨析与易错点 > 辨析 5：配置管理 vs 变更管理,"辨析 5：配置管理 vs 变更管理 [高 频] 参见 T-INT-004 专题的详细讲解。 配置管理：关注交付物和文档的""身份""和""状态""。",可用于定义识别、场景判断、流程边界或案例答题。,辨析卡,上午选择,A,3,True,,,verification
KP-0292,T-CROSS-001,高频跨域概念辨析与易错点,综合专题与跨域辨析,SRC-T-CROSS-001-0008,topic_learning_packages/topics/99_综合专题与跨域辨析/T-CROSS-001_专题学习包_高频跨域概念辨析与易错点.md,高频跨域概念辨析与易错点 > 辨析 6：纠正措施 vs 预防措施 vs 缺陷补救,"辨析 6：纠正措施 vs 预防措施 vs 缺陷补救 [中 频] 参见 T-INT-004 专题的变更请求分类。 - 纠正措施：使项目绩效和计划重新一致（事后纠偏，针对过程） - 预防措施：确保未来绩效符合计划（事前预防，针对过程） - 缺陷补救：修复不符合要求的产品组件（针对产品） 一句话判断：纠正 = ""偏了拉回来""，预防 = ""还没偏先堵住""，缺陷补救 ",可用于定义识别、场景判断、流程边界或案例答题。,案例模板卡;辨析卡,下午案例,A,3,False,,,
KP-0293,T-CROSS-001,高频跨域概念辨析与易错点,综合专题与跨域辨析,SRC-T-CROSS-001-0009,topic_learning_packages/topics/99_综合专题与跨域辨析/T-CROSS-001_专题学习包_高频跨域概念辨析与易错点.md,高频跨域概念辨析与易错点 > 辨析 7：风险登记册 vs 问题日志,辨析 7：风险登记册 vs 问题日志 - 风险登记册：记录的是未来的、可能发生但尚未发生的事件（风险 = 不确定性）。 - 问题日志：记录的是已经发生的、正在影响项目的事件（问题 = 已发生的风险或新出现的确定性问题）。,可用于定义识别、场景判断、流程边界或案例答题。,辨析卡,上午选择,A,3,False,,,
KP-0294,T-CROSS-001,高频跨域概念辨析与易错点,综合专题与跨域辨析,SRC-T-CROSS-001-0010,topic_learning_packages/topics/99_综合专题与跨域辨析/T-CROSS-001_专题学习包_高频跨域概念辨析与易错点.md,高频跨域概念辨析与易错点 > 辨析 8：管理收尾 vs 合同收尾,辨析 8：管理收尾 vs 合同收尾 - 管理收尾（行政收尾）：项目或阶段结束时的全面收尾活动。包括验收可交付成果、总结经验教训、归档项目文件、释放资源。,可用于定义识别、场景判断、流程边界或案例答题。,辨析卡,上午选择,A,3,False,,,
KP-0295,T-CROSS-001,高频跨域概念辨析与易错点,综合专题与跨域辨析,SRC-T-CROSS-001-0011,topic_learning_packages/topics/99_综合专题与跨域辨析/T-CROSS-001_专题学习包_高频跨域概念辨析与易错点.md,高频跨域概念辨析与易错点 > 辨析 9：工作绩效数据 vs 工作绩效信息 vs 工作绩效报告,"辨析 9：工作绩效数据 vs 工作绩效信息 vs 工作绩效报告 [中 频] - 工作绩效数据（Data）：原始观察和测量值，未经加工。如""本周完成了 3 个功能模块的编码""。",可用于定义识别、场景判断、流程边界或案例答题。,辨析卡,上午选择,A,3,False,,,
KP-0296,T-CROSS-001,高频跨域概念辨析与易错点,综合专题与跨域辨析,SRC-T-CROSS-001-0012,topic_learning_packages/topics/99_综合专题与跨域辨析/T-CROSS-001_专题学习包_高频跨域概念辨析与易错点.md,高频跨域概念辨析与易错点 > 典型题详解,典型题详解 例题 1｜章程 vs 管理计划 以下哪项是项目章程的内容？ A. 详细的 WBS B. 成本绩效基准 C. 任命项目经理并授权 D. 风险应对计划 A、B、D 都属于项目管理计划的内容（或子组件）。,可用于定义识别、场景判断、流程边界或案例答题。,流程卡;辨析卡,上午选择,A,3,False,,,
KP-0297,T-CROSS-001,高频跨域概念辨析与易错点,综合专题与跨域辨析,SRC-T-CROSS-001-0013,topic_learning_packages/topics/99_综合专题与跨域辨析/T-CROSS-001_专题学习包_高频跨域概念辨析与易错点.md,高频跨域概念辨析与易错点 > 本轮真题覆盖增强：跨域易混概念反查,本轮真题覆盖增强：跨域易混概念反查 本节把 questions.full.clean.md 与既有真题映射中的高频考法反查回本专题。真题喜欢把一个题干同时挂到范围、质量、变更、配置、风险等多个域，跨域辨析用于避免答偏。,可用于定义识别、场景判断、流程边界或案例答题。,关键词识别卡;案例模板卡;流程卡;辨析卡,下午案例,A,3,False,,,
KP-0298,T-CROSS-001,高频跨域概念辨析与易错点,综合专题与跨域辨析,SRC-T-CROSS-001-0015,topic_learning_packages/topics/99_综合专题与跨域辨析/T-CROSS-001_专题学习包_高频跨域概念辨析与易错点.md,高频跨域概念辨析与易错点 > 本专题的最小掌握标准,本专题的最小掌握标准 学完本专题后，你至少应该能做到三件事。 第一，对以上 9 对高频易混概念，能不看笔记说出每对概念的核心区别和一句话判断口诀。,可用于定义识别、场景判断、流程边界或案例答题。,案例模板卡;辨析卡,下午案例,A,3,True,,,verification
KP-0299,T-CROSS-001,高频跨域概念辨析与易错点,综合专题与跨域辨析,SRC-T-CROSS-001-0016,topic_learning_packages/topics/99_综合专题与跨域辨析/T-CROSS-001_专题学习包_高频跨域概念辨析与易错点.md,高频跨域概念辨析与易错点 > 待核验与后续改进,待核验与后续改进 - 建议结合自己的错题记录，在本专题基础上扩展个性化的易混卡片。 - 部分辨析的教材术语可能与 PMBOK 有细微差异，考前以教材为准。,可用于定义识别、场景判断、流程边界或案例答题。,辨析卡,上午选择,A,3,True,,,verification
KP-0300,T-ORG-001,组织结构、项目经理权限与 PMO,综合专题与跨域辨析,SRC-T-ORG-001-0001,topic_learning_packages/topics/99_综合专题与跨域辨析/T-ORG-001_专题学习包_组织结构项目经理权限与PMO.md,组织结构、项目经理权限与 PMO,"T-ORG-001｜组织结构、项目经理权限与 PMO 本专题用于系统辨析""项目管理基础""中三个高度耦合、考试中常被交叉考查的概念：组织结构类型（职能型/项目型/矩阵型）、项目经理在各结构中的权限差异、项目管理办公室（PMO）的三种类型和职能。核心问题是：组织凭什么把项目交给项目经理管？",可用于定义识别、场景判断、流程边界或案例答题。,辨析卡,上午选择,B,3,False,,,
KP-0301,T-ORG-001,组织结构、项目经理权限与 PMO,综合专题与跨域辨析,SRC-T-ORG-001-0002,topic_learning_packages/topics/99_综合专题与跨域辨析/T-ORG-001_专题学习包_组织结构项目经理权限与PMO.md,组织结构、项目经理权限与 PMO > 先看这个专题的主线,"先看这个专题的主线 组织结构和项目经理权限是一组""连续体""——从职能型（项目经理几乎无权力）到项目型（项目经理权力最大），矩阵型在中间，又分弱矩阵/平衡矩阵/强矩阵。考试核心不是背诵定义，而是判断一个组织场景中，项目经理处于什么权力位置、应该怎么管理。",可用于定义识别、场景判断、流程边界或案例答题。,概念卡,上午选择,B,3,False,,,
KP-0302,T-ORG-001,组织结构、项目经理权限与 PMO,综合专题与跨域辨析,SRC-T-ORG-001-0003,topic_learning_packages/topics/99_综合专题与跨域辨析/T-ORG-001_专题学习包_组织结构项目经理权限与PMO.md,组织结构、项目经理权限与 PMO > 三种基本组织结构,"三种基本组织结构 类型 项目经理权力 资源归属 适用场景 典型特征 --------------- 职能型 几乎没有 各职能部门 日常运营为主的组织 PM 只是""喊人帮忙"" 项目型 高，全权负责 项目团队独占 以项目为主业的组织 项目结束团队解散 矩阵型 弱/中/强，共享 职能经理控制(弱)到PM控制(强) 同时有运营和项目 双重汇报关系 ---",可用于定义识别、场景判断、流程边界或案例答题。,概念卡,上午选择,B,3,False,,,
KP-0303,T-ORG-001,组织结构、项目经理权限与 PMO,综合专题与跨域辨析,SRC-T-ORG-001-0004,topic_learning_packages/topics/99_综合专题与跨域辨析/T-ORG-001_专题学习包_组织结构项目经理权限与PMO.md,组织结构、项目经理权限与 PMO > 矩阵型的进一步细分,矩阵型的进一步细分 [辨析｜弱矩阵 vs 平衡矩阵 vs 强矩阵] - 弱矩阵：职能经理掌握大部分权力。PM 更像是项目协调员而非真正的经理，主要做沟通协调和文档管理。,可用于定义识别、场景判断、流程边界或案例答题。,关键词识别卡;辨析卡,上午选择,B,3,False,,,
KP-0304,T-ORG-001,组织结构、项目经理权限与 PMO,综合专题与跨域辨析,SRC-T-ORG-001-0005,topic_learning_packages/topics/99_综合专题与跨域辨析/T-ORG-001_专题学习包_组织结构项目经理权限与PMO.md,组织结构、项目经理权限与 PMO > PMO 的三种类型,PMO 的三种类型 [概念组｜PMO 的三级授权] 1. 支持型 PMO（Supportive）：项目顾问角色——提供模板、培训、最佳实践、经验教训库。控制程度最低，不对项目做直接管控。,可用于定义识别、场景判断、流程边界或案例答题。,辨析卡,上午选择,B,3,True,,,verification
KP-0305,T-ORG-001,组织结构、项目经理权限与 PMO,综合专题与跨域辨析,SRC-T-ORG-001-0006,topic_learning_packages/topics/99_综合专题与跨域辨析/T-ORG-001_专题学习包_组织结构项目经理权限与PMO.md,组织结构、项目经理权限与 PMO > 典型题详解与举一反三,"典型题详解与举一反三 例题 1｜组织结构判断 某公司中，开发人员属于开发部，测试人员属于测试部。项目启动后，项目经理需要向两个部门的经理""借人""，且项目经理无法直接决定项目的预算和人员调配。",可用于定义识别、场景判断、流程边界或案例答题。,关键词识别卡;辨析卡,上午选择,B,3,True,,,verification
KP-0306,T-ORG-001,组织结构、项目经理权限与 PMO,综合专题与跨域辨析,SRC-T-ORG-001-0007,topic_learning_packages/topics/99_综合专题与跨域辨析/T-ORG-001_专题学习包_组织结构项目经理权限与PMO.md,组织结构、项目经理权限与 PMO > 本轮真题覆盖增强：组织结构与 PM 权限,本轮真题覆盖增强：组织结构与 PM 权限 本节把 questions.full.clean.md 与既有真题映射中的高频考法反查回本专题。组织结构题常考项目经理权限、资源可用性、成员双重汇报，以及 PMO 支持/控制/指令类型。,可用于定义识别、场景判断、流程边界或案例答题。,关键词识别卡;案例模板卡;流程卡;辨析卡,下午案例,B,3,False,,,
KP-0307,T-ORG-001,组织结构、项目经理权限与 PMO,综合专题与跨域辨析,SRC-T-ORG-001-0009,topic_learning_packages/topics/99_综合专题与跨域辨析/T-ORG-001_专题学习包_组织结构项目经理权限与PMO.md,组织结构、项目经理权限与 PMO > 本专题的最小掌握标准,本专题的最小掌握标准 至少能做到：① 按项目经理权力从小到大排列组织结构（职能→弱矩阵→平衡→强矩阵→项目型）；② 区分 PMO 三种类型；③ 根据组织场景判断项目经理面临的权力边界。 ---,可用于定义识别、场景判断、流程边界或案例答题。,辨析卡,上午选择,B,3,True,,,verification
KP-0308,T-RISK-003,风险、问题、变更与应急措施的跨域辨析,综合专题与跨域辨析,SRC-T-RISK-003-0001,topic_learning_packages/topics/99_综合专题与跨域辨析/T-RISK-003_专题学习包_风险问题变更与应急措施跨域辨析.md,风险、问题、变更与应急措施的跨域辨析,T-RISK-003｜风险、问题、变更与应急措施的跨域辨析 本专题用于厘清考试中四个常被混用的管理概念：风险 vs 问题 vs 变更请求 vs 应急措施/权变措施。核心问题是：项目执行中突然出了状况——这到底是风险发生了（转入问题）、新出现的问题（之前没识别）、还是需要走变更控制？,可用于定义识别、场景判断、流程边界或案例答题。,案例模板卡;辨析卡,下午案例,A,3,False,,,
KP-0309,T-RISK-003,风险、问题、变更与应急措施的跨域辨析,综合专题与跨域辨析,SRC-T-RISK-003-0002,topic_learning_packages/topics/99_综合专题与跨域辨析/T-RISK-003_专题学习包_风险问题变更与应急措施跨域辨析.md,风险、问题、变更与应急措施的跨域辨析 > 核心辨析 > 应急措施 vs 权变措施,应急措施 vs 权变措施 应急措施（Contingency Plan）：针对已识别风险提前制定好的应对方案。风险一发生，立即启动应急措施。,可用于定义识别、场景判断、流程边界或案例答题。,案例模板卡;流程卡;辨析卡,下午案例,A,3,False,,,
KP-0310,T-RISK-003,风险、问题、变更与应急措施的跨域辨析,综合专题与跨域辨析,SRC-T-RISK-003-0003,topic_learning_packages/topics/99_综合专题与跨域辨析/T-RISK-003_专题学习包_风险问题变更与应急措施跨域辨析.md,风险、问题、变更与应急措施的跨域辨析 > 核心辨析 > 问题 vs 变更请求,问题 vs 变更请求 出了问题后，如果解决问题需要修改基准（范围/进度/成本基准），就必须提交变更请求走 CCB 审批。如果不需要改基准（在浮动时间或应急储备内解决），则不需要走变更。,可用于定义识别、场景判断、流程边界或案例答题。,案例模板卡;辨析卡,下午案例,A,3,False,,,
KP-0311,T-RISK-003,风险、问题、变更与应急措施的跨域辨析,综合专题与跨域辨析,SRC-T-RISK-003-0004,topic_learning_packages/topics/99_综合专题与跨域辨析/T-RISK-003_专题学习包_风险问题变更与应急措施跨域辨析.md,风险、问题、变更与应急措施的跨域辨析 > 典型题详解与举一反三,典型题详解与举一反三 例题 1｜风险 vs 问题 某已识别风险（概率 40%）在项目执行中实际发生了。项目经理应该： A. 从风险登记册中删除该条记录 B. 在风险登记册中更新状态，并在问题日志中记录该问题 C. 只更新问题日志 D. 什么都不做 已发生的风险→更新风险登记册状态+在问题日志中记录。,可用于定义识别、场景判断、流程边界或案例答题。,关键词识别卡;案例模板卡;辨析卡,下午案例,A,3,False,,,
KP-0312,T-RISK-003,风险、问题、变更与应急措施的跨域辨析,综合专题与跨域辨析,SRC-T-RISK-003-0005,topic_learning_packages/topics/99_综合专题与跨域辨析/T-RISK-003_专题学习包_风险问题变更与应急措施跨域辨析.md,风险、问题、变更与应急措施的跨域辨析 > 本轮真题覆盖增强：风险、问题、变更、应急措施边界,本轮真题覆盖增强：风险、问题、变更、应急措施边界 本节把 questions.full.clean.md 与既有真题映射中的高频考法反查回本专题。案例题常把“新人生产率低”“可能继续延期”“已经发生缺陷”“提出新需求”混写在同一段。,可用于定义识别、场景判断、流程边界或案例答题。,关键词识别卡;案例模板卡;流程卡;辨析卡,下午案例,A,3,False,,,
KP-0313,T-RISK-003,风险、问题、变更与应急措施的跨域辨析,综合专题与跨域辨析,SRC-T-RISK-003-0007,topic_learning_packages/topics/99_综合专题与跨域辨析/T-RISK-003_专题学习包_风险问题变更与应急措施跨域辨析.md,风险、问题、变更与应急措施的跨域辨析 > 本专题的最小掌握标准,"本专题的最小掌握标准 给任意一个""项目出了状况""的场景→判断：这是风险还是问题、需不需要走变更、应用应急措施还是权变措施。 ---",可用于定义识别、场景判断、流程边界或案例答题。,案例模板卡;辨析卡,下午案例,A,3,True,,,verification
KP-0314,T-SCOPE-003,范围确认、质量控制、验收与测试的边界辨析,综合专题与跨域辨析,SRC-T-SCOPE-003-0001,topic_learning_packages/topics/99_综合专题与跨域辨析/T-SCOPE-003_专题学习包_范围确认质量控制验收与测试边界辨析.md,范围确认、质量控制、验收与测试的边界辨析,"T-SCOPE-003｜范围确认、质量控制、验收与测试的边界辨析 本专题用于集中辨析""确认范围 vs 控制质量 vs 验收 vs 测试""这四个在考试中张冠李戴频率最高的概念组。核心问题：项目交付一个东西后，接下来要做的事——谁来做、做什么、属于哪个过程组、属于哪个知识域？",可用于定义识别、场景判断、流程边界或案例答题。,辨析卡,上午选择,A,3,False,,,
KP-0315,T-SCOPE-003,范围确认、质量控制、验收与测试的边界辨析,综合专题与跨域辨析,SRC-T-SCOPE-003-0002,topic_learning_packages/topics/99_综合专题与跨域辨析/T-SCOPE-003_专题学习包_范围确认质量控制验收与测试边界辨析.md,范围确认、质量控制、验收与测试的边界辨析 > 核心辨析表,核心辨析表 概念 谁做 做什么 过程组 知识域 --------------- 控制质量 QC 项目团队 检查可交付成果是否满足质量标准（测试/检查/测量） 监控 质量管理 确认范围 客户/发起人+项目团队 正式验收可交付成果（验收=确认是做对了东西） 监控 范围管理 最终验收 客户/发起人 项目整体成果的正式接受 收尾 整体管理 测试 测试团队/项目团队 ,可用于定义识别、场景判断、流程边界或案例答题。,辨析卡,上午选择,A,3,True,,,verification
KP-0316,T-SCOPE-003,范围确认、质量控制、验收与测试的边界辨析,综合专题与跨域辨析,SRC-T-SCOPE-003-0003,topic_learning_packages/topics/99_综合专题与跨域辨析/T-SCOPE-003_专题学习包_范围确认质量控制验收与测试边界辨析.md,范围确认、质量控制、验收与测试的边界辨析 > 辨析 1：QC vs 确认范围,"辨析 1：QC vs 确认范围 [核心区分] QC 问的是""东西好不好""（内部技术检查），确认范围问的是""东西对不对""（外部正式验收）。QC 在先，确认范围在后。",可用于定义识别、场景判断、流程边界或案例答题。,关键词识别卡;辨析卡,上午选择,A,3,False,,,
KP-0317,T-SCOPE-003,范围确认、质量控制、验收与测试的边界辨析,综合专题与跨域辨析,SRC-T-SCOPE-003-0004,topic_learning_packages/topics/99_综合专题与跨域辨析/T-SCOPE-003_专题学习包_范围确认质量控制验收与测试边界辨析.md,范围确认、质量控制、验收与测试的边界辨析 > 辨析 2：确认范围 vs 最终验收,辨析 2：确认范围 vs 最终验收 [核心区分] 确认范围是过程中的验收（每个可交付成果完成后都可以做），最终验收是项目结束时的总体验收。多次确认范围 → 一次最终验收。,可用于定义识别、场景判断、流程边界或案例答题。,辨析卡,上午选择,A,3,False,,,
KP-0318,T-SCOPE-003,范围确认、质量控制、验收与测试的边界辨析,综合专题与跨域辨析,SRC-T-SCOPE-003-0005,topic_learning_packages/topics/99_综合专题与跨域辨析/T-SCOPE-003_专题学习包_范围确认质量控制验收与测试边界辨析.md,范围确认、质量控制、验收与测试的边界辨析 > 辨析 3：确认范围 vs 控制范围,辨析 3：确认范围 vs 控制范围 [核心区分] 确认范围=验收可交付成果。控制范围=监控是否做了范围外的工作。,可用于定义识别、场景判断、流程边界或案例答题。,辨析卡,上午选择,A,3,False,,,
KP-0319,T-SCOPE-003,范围确认、质量控制、验收与测试的边界辨析,综合专题与跨域辨析,SRC-T-SCOPE-003-0006,topic_learning_packages/topics/99_综合专题与跨域辨析/T-SCOPE-003_专题学习包_范围确认质量控制验收与测试边界辨析.md,范围确认、质量控制、验收与测试的边界辨析 > 辨析 4：测试 vs QC,辨析 4：测试 vs QC [核心区分] 测试是 QC 的手段之一（不是全部）。QC 还包括检查、测量、抽检、走查等其他手段。,可用于定义识别、场景判断、流程边界或案例答题。,辨析卡,上午选择,A,3,False,,,
KP-0320,T-SCOPE-003,范围确认、质量控制、验收与测试的边界辨析,综合专题与跨域辨析,SRC-T-SCOPE-003-0007,topic_learning_packages/topics/99_综合专题与跨域辨析/T-SCOPE-003_专题学习包_范围确认质量控制验收与测试边界辨析.md,范围确认、质量控制、验收与测试的边界辨析 > 典型题详解与举一反三,典型题详解与举一反三 例题 1｜QC 还是确认范围？ 项目团队对已完成的一个功能模块进行了集成测试，确认所有技术指标达标。,可用于定义识别、场景判断、流程边界或案例答题。,流程卡;辨析卡,上午选择,A,3,False,,,
KP-0321,T-SCOPE-003,范围确认、质量控制、验收与测试的边界辨析,综合专题与跨域辨析,SRC-T-SCOPE-003-0008,topic_learning_packages/topics/99_综合专题与跨域辨析/T-SCOPE-003_专题学习包_范围确认质量控制验收与测试边界辨析.md,范围确认、质量控制、验收与测试的边界辨析 > 本轮真题覆盖增强：确认范围、验收与测试边界,本轮真题覆盖增强：确认范围、验收与测试边界 本节把 questions.full.clean.md 与既有真题映射中的高频考法反查回本专题。历年题直接考“范围确认是客户正式验收并接受已完成可交付物”，也是案例题最常见边界。,可用于定义识别、场景判断、流程边界或案例答题。,关键词识别卡;案例模板卡;流程卡;辨析卡,下午案例,A,3,True,,,verification
KP-0322,T-SCOPE-003,范围确认、质量控制、验收与测试的边界辨析,综合专题与跨域辨析,SRC-T-SCOPE-003-0010,topic_learning_packages/topics/99_综合专题与跨域辨析/T-SCOPE-003_专题学习包_范围确认质量控制验收与测试边界辨析.md,范围确认、质量控制、验收与测试的边界辨析 > 本专题的最小掌握标准,"本专题的最小掌握标准 给任意一个""对完成工作的检查/验收""场景→立即判断是 QC、确认范围、最终验收还是控制范围。 ---",可用于定义识别、场景判断、流程边界或案例答题。,辨析卡,上午选择,A,3,True,,,verification
