deck,note_type,front,back,extra,card_type,importance,difficulty,exam_use,knowledge_domain,source_topic_id,source_topic_name,source_ids,source_file,source_heading,source_excerpt,related_question_ids,related_topic_ids,question_id,question_year,question_session,question_part,question_number,question_parse_confidence,explanation_source,checksum,tags,quality_score,quality_status,quality_notes
软考::系统集成项目管理工程师::专题学习::01_信息化与信息系统::T-INFO-001_信息化、信息系统生命周期与系统集成基础,RuankaoTopicCard,信息化、信息系统生命周期与系统集成基础的考试要点是什么？,"<div class=""answer-block"">
<div class=""section-title"">【答案】</div>
<div>T-INFO-001｜信息化、信息系统生命周期与系统集成基础 本专题用于学习&quot;信息化与系统集成基础&quot;中的核心总览内容：信息与信息化的概念、信息系统生命周期（立项/开发/运维/消亡）、系统集成项目的特点、信息化与项目管理的对接点。它不与 ERP/CRM/SCM 等具体应用专题重复，而是提供一个基础框架。</div>
</div>","<div class=""extra"">
<div class=""section-title"">【理解】</div>
<div>T-INFO-001｜信息化、信息系统生命周期与系统集成基础 本专题用于学习&quot;信息化与系统集成基础&quot;中的核心总览内容：信息与信息化的概念、信息系统生命周期（立项/开发/运维/消亡）、系统集成项目的特点、信息化与项目管理的对接点。它不与 ERP/CRM/SCM 等具体应用专题重复，而是提供一个基础框架。。这张卡来自源材料中的具体段落，用于把讲义内容改写为可回忆判断。</div>
<div class=""section-title"">【记忆线索】</div>
<div>抓住题干中的对象、动作和输出，不背整段讲义。</div>
<div class=""section-title"">【易错点】</div>
<div>避免把相邻概念按字面相似性混用。</div>
<div class=""section-title"">【题干信号】</div>
<div>ERP、CRM</div>
<div class=""section-title"">【关联专题】</div>
<div>T-INFO-001 信息化、信息系统生命周期与系统集成基础</div>
<div class=""section-title"">【来源】</div>
<div>SRC-T-INFO-001-0001：信息化、信息系统生命周期与系统集成基础；T-INFO-001｜信息化、信息系统生命周期与系统集成基础 本专题用于学习&quot;信息化与系统集成基础&quot;中的核心总览内容：信息与信息化的概念、信息系统生命周期（立项/开发/运维/消亡）、系统集成项目的特点、信息化与项目管理的对接点。它不与 ERP/CRM/SCM 等具体应用专题重复，而是提供一个基础框架。</div>
</div>",概念卡,B,3,上午选择,信息化与系统集成基础,T-INFO-001,信息化、信息系统生命周期与系统集成基础,SRC-T-INFO-001-0001,topic_learning_packages/topics/01_信息化与信息系统/T-INFO-001_专题学习包_信息化信息系统生命周期与系统集成基础.md,信息化、信息系统生命周期与系统集成基础,"T-INFO-001｜信息化、信息系统生命周期与系统集成基础 本专题用于学习""信息化与系统集成基础""中的核心总览内容：信息与信息化的概念、信息系统生命周期（立项/开发/运维/消亡）、系统集成项目的特点、信息化与项目管理的对接点。它不与 ERP/CRM/SCM 等具体应用专题重复，而是提供一个基础框架。",,,,,,,,,,sha256:7f4a1d5444dcb84df4c7f603,ruankao ruankao::anki_build::20260520_223914 ruankao::difficulty::3 ruankao::domain::信息化与系统集成基础 ruankao::exam_use::上午选择 ruankao::importance::B ruankao::source_grounded ruankao::topic ruankao::topic::T-INFO-001 ruankao::type::概念卡,100,final,通过内容、来源和工程门禁
软考::系统集成项目管理工程师::专题学习::01_信息化与信息系统::T-INFO-001_信息化、信息系统生命周期与系统集成基础,RuankaoTopicCard,信息、信息系统与信息化的考试要点是什么？,"<div class=""answer-block"">
<div class=""section-title"">【答案】</div>
<div>信息、信息系统与信息化 [概念组｜三个基本概念] - 信息：经过加工后能减少不确定性的内容。数据是信息的载体，信息是有含义的数据。</div>
</div>","<div class=""extra"">
<div class=""section-title"">【理解】</div>
<div>信息、信息系统与信息化 [概念组｜三个基本概念] - 信息：经过加工后能减少不确定性的内容。数据是信息的载体，信息是有含义的数据。。这张卡来自源材料中的具体段落，用于把讲义内容改写为可回忆判断。</div>
<div class=""section-title"">【记忆线索】</div>
<div>抓住题干中的对象、动作和输出，不背整段讲义。</div>
<div class=""section-title"">【易错点】</div>
<div>避免把相邻概念按字面相似性混用。</div>
<div class=""section-title"">【题干信号】</div>
<div>定义识别、场景判断、角色/流程边界。</div>
<div class=""section-title"">【关联专题】</div>
<div>T-INFO-001 信息化、信息系统生命周期与系统集成基础</div>
<div class=""section-title"">【来源】</div>
<div>SRC-T-INFO-001-0003：信息化、信息系统生命周期与系统集成基础 &gt; 信息、信息系统与信息化；信息、信息系统与信息化 [概念组｜三个基本概念] - 信息：经过加工后能减少不确定性的内容。数据是信息的载体，信息是有含义的数据。</div>
</div>",概念卡,B,3,上午选择,信息化与系统集成基础,T-INFO-001,信息化、信息系统生命周期与系统集成基础,SRC-T-INFO-001-0003,topic_learning_packages/topics/01_信息化与信息系统/T-INFO-001_专题学习包_信息化信息系统生命周期与系统集成基础.md,信息化、信息系统生命周期与系统集成基础 > 信息、信息系统与信息化,信息、信息系统与信息化 [概念组｜三个基本概念] - 信息：经过加工后能减少不确定性的内容。数据是信息的载体，信息是有含义的数据。,,,,,,,,,,sha256:e45d7db3b4a227a7fcfe9901,ruankao ruankao::anki_build::20260520_223914 ruankao::difficulty::3 ruankao::domain::信息化与系统集成基础 ruankao::exam_use::上午选择 ruankao::importance::B ruankao::source_grounded ruankao::topic ruankao::topic::T-INFO-001 ruankao::type::概念卡,100,final,通过内容、来源和工程门禁
软考::系统集成项目管理工程师::专题学习::01_信息化与信息系统::T-INFO-001_信息化、信息系统生命周期与系统集成基础,RuankaoTopicCard,信息系统生命周期的考试要点是什么？,"<div class=""answer-block"">
<div class=""section-title"">【答案】</div>
<div>信息系统生命周期 [概念组｜信息系统生命周期四阶段] 1. 立项阶段：提出系统建设的初步设想，形成项目建议书，进行可行性研究。 2. 开发阶段：需求分析→系统设计→编码实现→测试。</div>
</div>","<div class=""extra"">
<div class=""section-title"">【理解】</div>
<div>信息系统生命周期 [概念组｜信息系统生命周期四阶段] 1. 立项阶段：提出系统建设的初步设想，形成项目建议书，进行可行性研究。 2. 开发阶段：需求分析→系统设计→编码实现→测试。。这张卡来自源材料中的具体段落，用于把讲义内容改写为可回忆判断。</div>
<div class=""section-title"">【记忆线索】</div>
<div>抓住题干中的对象、动作和输出，不背整段讲义。</div>
<div class=""section-title"">【易错点】</div>
<div>避免把相邻概念按字面相似性混用。</div>
<div class=""section-title"">【题干信号】</div>
<div>测试、可行性</div>
<div class=""section-title"">【关联专题】</div>
<div>T-INFO-001 信息化、信息系统生命周期与系统集成基础</div>
<div class=""section-title"">【来源】</div>
<div>SRC-T-INFO-001-0004：信息化、信息系统生命周期与系统集成基础 &gt; 信息系统生命周期；信息系统生命周期 [概念组｜信息系统生命周期四阶段] 1. 立项阶段：提出系统建设的初步设想，形成项目建议书，进行可行性研究。 2. 开发阶段：需求分析→系统设计→编码实现→测试。</div>
</div>",概念卡,B,3,上午选择,信息化与系统集成基础,T-INFO-001,信息化、信息系统生命周期与系统集成基础,SRC-T-INFO-001-0004,topic_learning_packages/topics/01_信息化与信息系统/T-INFO-001_专题学习包_信息化信息系统生命周期与系统集成基础.md,信息化、信息系统生命周期与系统集成基础 > 信息系统生命周期,信息系统生命周期 [概念组｜信息系统生命周期四阶段] 1. 立项阶段：提出系统建设的初步设想，形成项目建议书，进行可行性研究。 2. 开发阶段：需求分析→系统设计→编码实现→测试。,,,,,,,,,,sha256:83cc5068c68aa71c70705d80,ruankao ruankao::anki_build::20260520_223914 ruankao::difficulty::3 ruankao::domain::信息化与系统集成基础 ruankao::exam_use::上午选择 ruankao::importance::B ruankao::source_grounded ruankao::topic ruankao::topic::T-INFO-001 ruankao::type::概念卡,100,final,通过内容、来源和工程门禁
软考::系统集成项目管理工程师::专题学习::01_信息化与信息系统::T-INFO-001_信息化、信息系统生命周期与系统集成基础,RuankaoTopicCard,系统集成项目的特点的考试要点是什么？,"<div class=""answer-block"">
<div class=""section-title"">【答案】</div>
<div>系统集成项目的特点 系统集成项目为什么比普通项目更难管？因为它有几个鲜明的特征： - 需求不明确：客户常常说不清到底要什么，需要项目过程中不断澄清和确认→需求管理和变更管理极为重要 - 干系人多：涉及建设方、承建方、监理方、最终用户、运维团队等多方→干系人管理和沟通管理挑战大 - 软硬件服务组合：不只是软件，还包括硬件、网络、培训、运维等多种交付物→范围管理和采购管理复杂 - 接口和集成点多：不同子系统之间的联调、数据交换、协议对接→质</div>
</div>","<div class=""extra"">
<div class=""section-title"">【理解】</div>
<div>系统集成项目的特点 系统集成项目为什么比普通项目更难管？因为它有几个鲜明的特征： - 需求不明确：客户常常说不清到底要什么，需要项目过程中不断澄清和确认→需求管理和变更管理极为重要 - 干系人多：涉及建设方、承建方、监理方、最终用户、运维团队等多方→干系人管理和沟通管理挑战大 - 软硬件服务组合：不只是软件，还包括硬件、网络、培训、运维等多种交付物→范围管理和采购管理复杂 - 接口和集成点多：不同子系统之间的联调、数据交换、协议对接→质。这张卡来自源材料中的具体段落，用于把讲义内容改写为可回忆判断。</div>
<div class=""section-title"">【记忆线索】</div>
<div>抓住题干中的对象、动作和输出，不背整段讲义。</div>
<div class=""section-title"">【易错点】</div>
<div>避免把相邻概念按字面相似性混用。</div>
<div class=""section-title"">【题干信号】</div>
<div>变更、沟通、干系人</div>
<div class=""section-title"">【关联专题】</div>
<div>T-INFO-001 信息化、信息系统生命周期与系统集成基础</div>
<div class=""section-title"">【来源】</div>
<div>SRC-T-INFO-001-0005：信息化、信息系统生命周期与系统集成基础 &gt; 系统集成项目的特点；系统集成项目的特点 系统集成项目为什么比普通项目更难管？因为它有几个鲜明的特征： - 需求不明确：客户常常说不清到底要什么，需要项目过程中不断澄清和确认→需求管理和变更管理极为重要 - 干系人多：涉及建设方、承建方、监理方、最终用户、运维团队等多方→干系人管理和沟通管理挑战大 - 软硬件服务组合：不只是软件，还包括硬件</div>
</div>",概念卡,B,3,上午选择,信息化与系统集成基础,T-INFO-001,信息化、信息系统生命周期与系统集成基础,SRC-T-INFO-001-0005,topic_learning_packages/topics/01_信息化与信息系统/T-INFO-001_专题学习包_信息化信息系统生命周期与系统集成基础.md,信息化、信息系统生命周期与系统集成基础 > 系统集成项目的特点,系统集成项目的特点 系统集成项目为什么比普通项目更难管？因为它有几个鲜明的特征： - 需求不明确：客户常常说不清到底要什么，需要项目过程中不断澄清和确认→需求管理和变更管理极为重要 - 干系人多：涉及建设方、承建方、监理方、最终用户、运维团队等多方→干系人管理和沟通管理挑战大 - 软硬件服务组合：不只是软件，还包括硬件、网络、培训、运维等多种交付物→范围管理和采购管理复杂 - 接口和集成点多：不同子系统之间的联调、数据交换、协议对接→质,,,,,,,,,,sha256:4104464b0026b5922b3392f8,ruankao ruankao::anki_build::20260520_223914 ruankao::difficulty::3 ruankao::domain::信息化与系统集成基础 ruankao::exam_use::上午选择 ruankao::importance::B ruankao::source_grounded ruankao::topic ruankao::topic::T-INFO-001 ruankao::type::概念卡,80,final,疑似大而空问题
软考::系统集成项目管理工程师::专题学习::01_信息化与信息系统::T-INFO-001_信息化、信息系统生命周期与系统集成基础,RuankaoTopicCard,遇到典型题详解与举一反三场景时，处理流程是什么？,"<div class=""answer-block"">
<div class=""section-title"">【答案】</div>
<div>典型题详解与举一反三 例题 1｜信息 vs 信息化 以下哪项描述的是&quot;信息化&quot;而非&quot;信息系统&quot;？ A. 企业内部的 ERP 管理平台 B. 政府部门的网上办事大厅 C. 用信息技术改造组织的业务流程 D. 学校的教务管理系统 A、B、D 都是具体的信息系统（产品）。</div>
</div>","<div class=""extra"">
<div class=""section-title"">【理解】</div>
<div>典型题详解与举一反三 例题 1｜信息 vs 信息化 以下哪项描述的是&quot;信息化&quot;而非&quot;信息系统&quot;？ A. 企业内部的 ERP 管理平台 B. 政府部门的网上办事大厅 C. 用信息技术改造组织的业务流程 D. 学校的教务管理系统 A、B、D 都是具体的信息系统（产品）。。这张卡来自源材料中的具体段落，用于把讲义内容改写为可回忆判断。</div>
<div class=""section-title"">【记忆线索】</div>
<div>按“先记录/识别，再分析，再批准/执行，最后更新和沟通”的管理链回忆。</div>
<div class=""section-title"">【易错点】</div>
<div>避免把相邻概念按字面相似性混用。</div>
<div class=""section-title"">【题干信号】</div>
<div>ERP</div>
<div class=""section-title"">【关联专题】</div>
<div>T-INFO-001 信息化、信息系统生命周期与系统集成基础</div>
<div class=""section-title"">【来源】</div>
<div>SRC-T-INFO-001-0006：信息化、信息系统生命周期与系统集成基础 &gt; 典型题详解与举一反三；典型题详解与举一反三 例题 1｜信息 vs 信息化 以下哪项描述的是&quot;信息化&quot;而非&quot;信息系统&quot;？ A. 企业内部的 ERP 管理平台 B. 政府部门的网上办事大厅 C. 用信息技术改造组织的业务流程 D. 学校的教务管理系统 A、B、D 都是具体的信息系统（产品）。</div>
</div>",流程卡,B,3,上午选择,信息化与系统集成基础,T-INFO-001,信息化、信息系统生命周期与系统集成基础,SRC-T-INFO-001-0006,topic_learning_packages/topics/01_信息化与信息系统/T-INFO-001_专题学习包_信息化信息系统生命周期与系统集成基础.md,信息化、信息系统生命周期与系统集成基础 > 典型题详解与举一反三,"典型题详解与举一反三 例题 1｜信息 vs 信息化 以下哪项描述的是""信息化""而非""信息系统""？ A. 企业内部的 ERP 管理平台 B. 政府部门的网上办事大厅 C. 用信息技术改造组织的业务流程 D. 学校的教务管理系统 A、B、D 都是具体的信息系统（产品）。",,,,,,,,,,sha256:d38b2a8d58e49eb12dc447e6,ruankao ruankao::anki_build::20260520_223914 ruankao::difficulty::3 ruankao::domain::信息化与系统集成基础 ruankao::exam_use::上午选择 ruankao::importance::B ruankao::source_grounded ruankao::topic ruankao::topic::T-INFO-001 ruankao::type::流程卡,100,final,通过内容、来源和工程门禁
软考::系统集成项目管理工程师::专题学习::01_信息化与信息系统::T-INFO-001_信息化、信息系统生命周期与系统集成基础,RuankaoTopicCard,题干出现哪些信号时，应想到“信息化、信息系统生命周期与系统集成”？,"<div class=""answer-block"">
<div class=""section-title"">【答案】</div>
<div>围绕“信息化、信息系统生命周期与系统集成基础”的对象、动作、输出物、责任主体和常见陷阱定位考点。</div>
</div>","<div class=""extra"">
<div class=""section-title"">【理解】</div>
<div>围绕“信息化、信息系统生命周期与系统集成基础”的对象、动作、输出物、责任主体和常见陷阱定位考点。。这张卡来自源材料中的具体段落，用于把讲义内容改写为可回忆判断。</div>
<div class=""section-title"">【记忆线索】</div>
<div>抓住题干中的对象、动作和输出，不背整段讲义。</div>
<div class=""section-title"">【易错点】</div>
<div>避免把相邻概念按字面相似性混用。</div>
<div class=""section-title"">【题干信号】</div>
<div>定义识别、场景判断、角色/流程边界。</div>
<div class=""section-title"">【关联专题】</div>
<div>T-INFO-001 信息化、信息系统生命周期与系统集成基础</div>
<div class=""section-title"">【来源】</div>
<div>SRC-T-INFO-001-0001：信息化、信息系统生命周期与系统集成基础；T-INFO-001｜信息化、信息系统生命周期与系统集成基础 本专题用于学习&quot;信息化与系统集成基础&quot;中的核心总览内容：信息与信息化的概念、信息系统生命周期（立项/开发/运维/消亡）、系统集成项目的特点、信息化与项目管理的对接点。它不与 ERP/CRM/SCM 等具体应用专题重复，而是提供一个基础框架。</div>
</div>",关键词识别卡,B,3,上午选择,信息化与系统集成基础,T-INFO-001,信息化、信息系统生命周期与系统集成基础,SRC-T-INFO-001-0001,topic_learning_packages/topics/01_信息化与信息系统/T-INFO-001_专题学习包_信息化信息系统生命周期与系统集成基础.md,信息化、信息系统生命周期与系统集成基础,"T-INFO-001｜信息化、信息系统生命周期与系统集成基础 本专题用于学习""信息化与系统集成基础""中的核心总览内容：信息与信息化的概念、信息系统生命周期（立项/开发/运维/消亡）、系统集成项目的特点、信息化与项目管理的对接点。它不与 ERP/CRM/SCM 等具体应用专题重复，而是提供一个基础框架。",,,,,,,,,,sha256:82b62f2a87ef9ea0f8996217,ruankao ruankao::anki_build::20260520_223914 ruankao::difficulty::3 ruankao::domain::信息化与系统集成基础 ruankao::exam_use::上午选择 ruankao::importance::B ruankao::source_grounded ruankao::topic ruankao::topic::T-INFO-001 ruankao::type::关键词识别卡,100,final,通过内容、来源和工程门禁
软考::系统集成项目管理工程师::专题学习::01_信息化与信息系统::T-INFO-001_信息化、信息系统生命周期与系统集成基础,RuankaoTopicCard,信息化、信息系统生命周期与系统集成中，信息、信息系统与信息化的考试判断要点是什么？,"<div class=""answer-block"">
<div class=""section-title"">【答案】</div>
<div>信息、信息系统与信息化 [概念组｜三个基本概念] - 信息：经过加工后能减少不确定性的内容。数据是信息的载体，信息是有含义的数据。</div>
</div>","<div class=""extra"">
<div class=""section-title"">【理解】</div>
<div>信息、信息系统与信息化 [概念组｜三个基本概念] - 信息：经过加工后能减少不确定性的内容。数据是信息的载体，信息是有含义的数据。。这张卡来自源材料中的具体段落，用于把讲义内容改写为可回忆判断。</div>
<div class=""section-title"">【记忆线索】</div>
<div>抓住题干中的对象、动作和输出，不背整段讲义。</div>
<div class=""section-title"">【易错点】</div>
<div>避免把相邻概念按字面相似性混用。</div>
<div class=""section-title"">【题干信号】</div>
<div>定义识别、场景判断、角色/流程边界。</div>
<div class=""section-title"">【关联专题】</div>
<div>T-INFO-001 信息化、信息系统生命周期与系统集成基础</div>
<div class=""section-title"">【来源】</div>
<div>SRC-T-INFO-001-0003：信息化、信息系统生命周期与系统集成基础 &gt; 信息、信息系统与信息化；信息、信息系统与信息化 [概念组｜三个基本概念] - 信息：经过加工后能减少不确定性的内容。数据是信息的载体，信息是有含义的数据。</div>
</div>",概念卡,C,3,上午选择,信息化与系统集成基础,T-INFO-001,信息化、信息系统生命周期与系统集成基础,SRC-T-INFO-001-0003,topic_learning_packages/topics/01_信息化与信息系统/T-INFO-001_专题学习包_信息化信息系统生命周期与系统集成基础.md,信息化、信息系统生命周期与系统集成基础 > 信息、信息系统与信息化,信息、信息系统与信息化 [概念组｜三个基本概念] - 信息：经过加工后能减少不确定性的内容。数据是信息的载体，信息是有含义的数据。,,,,,,,,,,sha256:b86f84497b32f1acdd65c22d,ruankao ruankao::anki_build::20260520_223914 ruankao::difficulty::3 ruankao::domain::信息化与系统集成基础 ruankao::exam_use::上午选择 ruankao::importance::C ruankao::source_grounded ruankao::topic ruankao::topic::T-INFO-001 ruankao::type::概念卡,84,final,通过内容、来源和工程门禁；源材料自动扩展卡，建议后续人工润色
软考::系统集成项目管理工程师::专题学习::01_信息化与信息系统::T-INFO-001_信息化、信息系统生命周期与系统集成基础,RuankaoTopicCard,信息化、信息系统生命周期与系统集成中，信息系统生命周期的考试判断要点是什么？,"<div class=""answer-block"">
<div class=""section-title"">【答案】</div>
<div>信息系统生命周期 [概念组｜信息系统生命周期四阶段] 1. 立项阶段：提出系统建设的初步设想，形成项目建议书，进行可行性研究。 2. 开发阶段：需求分析→系统设计→编码实现→测试。</div>
</div>","<div class=""extra"">
<div class=""section-title"">【理解】</div>
<div>信息系统生命周期 [概念组｜信息系统生命周期四阶段] 1. 立项阶段：提出系统建设的初步设想，形成项目建议书，进行可行性研究。 2. 开发阶段：需求分析→系统设计→编码实现→测试。。这张卡来自源材料中的具体段落，用于把讲义内容改写为可回忆判断。</div>
<div class=""section-title"">【记忆线索】</div>
<div>抓住题干中的对象、动作和输出，不背整段讲义。</div>
<div class=""section-title"">【易错点】</div>
<div>避免把相邻概念按字面相似性混用。</div>
<div class=""section-title"">【题干信号】</div>
<div>测试、可行性</div>
<div class=""section-title"">【关联专题】</div>
<div>T-INFO-001 信息化、信息系统生命周期与系统集成基础</div>
<div class=""section-title"">【来源】</div>
<div>SRC-T-INFO-001-0004：信息化、信息系统生命周期与系统集成基础 &gt; 信息系统生命周期；信息系统生命周期 [概念组｜信息系统生命周期四阶段] 1. 立项阶段：提出系统建设的初步设想，形成项目建议书，进行可行性研究。 2. 开发阶段：需求分析→系统设计→编码实现→测试。</div>
</div>",概念卡,C,3,上午选择,信息化与系统集成基础,T-INFO-001,信息化、信息系统生命周期与系统集成基础,SRC-T-INFO-001-0004,topic_learning_packages/topics/01_信息化与信息系统/T-INFO-001_专题学习包_信息化信息系统生命周期与系统集成基础.md,信息化、信息系统生命周期与系统集成基础 > 信息系统生命周期,信息系统生命周期 [概念组｜信息系统生命周期四阶段] 1. 立项阶段：提出系统建设的初步设想，形成项目建议书，进行可行性研究。 2. 开发阶段：需求分析→系统设计→编码实现→测试。,,,,,,,,,,sha256:7a8a0d2105743693c5391685,ruankao ruankao::anki_build::20260520_223914 ruankao::difficulty::3 ruankao::domain::信息化与系统集成基础 ruankao::exam_use::上午选择 ruankao::importance::C ruankao::source_grounded ruankao::topic ruankao::topic::T-INFO-001 ruankao::type::概念卡,84,final,通过内容、来源和工程门禁；源材料自动扩展卡，建议后续人工润色
软考::系统集成项目管理工程师::专题学习::02_项目管理基础::T-PM-002_五大过程组、十大知识域与PDCA,RuankaoTopicCard,五大过程组、十大知识域与 PDCA的考试要点是什么？,"<div class=""answer-block"">
<div class=""section-title"">【答案】</div>
<div>T-PM-002｜五大过程组、十大知识域与 PDCA 本专题用于学习&quot;项目管理基础&quot;中为后续所有知识域提供框架的一组核心内容：五大过程组（启动、规划、执行、监控、收尾）、十大知识领域、过程组与知识域的矩阵关系、PDCA 循环、项目阶段与过程组的关系、关键管理过程的过程组归属。它们不是需要死记硬背的列表，而是围绕一个核心问题展开：项目管理工作从开始到结束，要在哪些方面、按什么节奏、用什么逻辑来组织？</div>
</div>","<div class=""extra"">
<div class=""section-title"">【理解】</div>
<div>T-PM-002｜五大过程组、十大知识域与 PDCA 本专题用于学习&quot;项目管理基础&quot;中为后续所有知识域提供框架的一组核心内容：五大过程组（启动、规划、执行、监控、收尾）、十大知识领域、过程组与知识域的矩阵关系、PDCA 循环、项目阶段与过程组的关系、关键管理过程的过程组归属。它们不是需要死记硬背的列表，而是围绕一个核心问题展开：项目管理工作从开始到结束，要在哪些方面、按什么节奏、用什么逻辑来组织？。这张卡来自源材料中的具体段落，用于把讲义内容改写为可回忆判断。</div>
<div class=""section-title"">【记忆线索】</div>
<div>抓住题干中的对象、动作和输出，不背整段讲义。</div>
<div class=""section-title"">【易错点】</div>
<div>避免把相邻概念按字面相似性混用。</div>
<div class=""section-title"">【题干信号】</div>
<div>问题</div>
<div class=""section-title"">【关联专题】</div>
<div>T-PM-002 五大过程组、十大知识域与 PDCA</div>
<div class=""section-title"">【来源】</div>
<div>SRC-T-PM-002-0001：五大过程组、十大知识域与 PDCA；T-PM-002｜五大过程组、十大知识域与 PDCA 本专题用于学习&quot;项目管理基础&quot;中为后续所有知识域提供框架的一组核心内容：五大过程组（启动、规划、执行、监控、收尾）、十大知识领域、过程组与知识域的矩阵关系、PDCA 循环、项目阶段与过程组的关系、关键管理过程的过程组归属。它们不是需要死记硬背的列表，而是围绕一个核心</div>
</div>",概念卡,B,3,上午选择,项目管理基础,T-PM-002,五大过程组、十大知识域与 PDCA,SRC-T-PM-002-0001,topic_learning_packages/topics/02_项目管理基础/T-PM-002_专题学习包_五大过程组十大知识域与PDCA.md,五大过程组、十大知识域与 PDCA,"T-PM-002｜五大过程组、十大知识域与 PDCA 本专题用于学习""项目管理基础""中为后续所有知识域提供框架的一组核心内容：五大过程组（启动、规划、执行、监控、收尾）、十大知识领域、过程组与知识域的矩阵关系、PDCA 循环、项目阶段与过程组的关系、关键管理过程的过程组归属。它们不是需要死记硬背的列表，而是围绕一个核心问题展开：项目管理工作从开始到结束，要在哪些方面、按什么节奏、用什么逻辑来组织？",,,,,,,,,,sha256:8047cdb2687fb0dde87f3eb4,ruankao ruankao::anki_build::20260520_223914 ruankao::difficulty::3 ruankao::domain::项目管理基础 ruankao::exam_use::上午选择 ruankao::importance::B ruankao::source_grounded ruankao::topic ruankao::topic::T-PM-002 ruankao::type::概念卡,80,final,疑似大而空问题
软考::系统集成项目管理工程师::专题学习::02_项目管理基础::T-PM-002_五大过程组、十大知识域与PDCA,RuankaoTopicCard,为什么不能只按知识域学习？的考试要点是什么？,"<div class=""answer-block"">
<div class=""section-title"">【答案】</div>
<div>为什么不能只按知识域学习？ 很多同学按知识域一个一个学——范围管理学完学进度、进度学完学成本——这样学完一门忘一门，而且无法理解过程之间的联系。</div>
</div>","<div class=""extra"">
<div class=""section-title"">【理解】</div>
<div>为什么不能只按知识域学习？ 很多同学按知识域一个一个学——范围管理学完学进度、进度学完学成本——这样学完一门忘一门，而且无法理解过程之间的联系。。这张卡来自源材料中的具体段落，用于把讲义内容改写为可回忆判断。</div>
<div class=""section-title"">【记忆线索】</div>
<div>抓住题干中的对象、动作和输出，不背整段讲义。</div>
<div class=""section-title"">【易错点】</div>
<div>避免把相邻概念按字面相似性混用。</div>
<div class=""section-title"">【题干信号】</div>
<div>定义识别、场景判断、角色/流程边界。</div>
<div class=""section-title"">【关联专题】</div>
<div>T-PM-002 五大过程组、十大知识域与 PDCA</div>
<div class=""section-title"">【来源】</div>
<div>SRC-T-PM-002-0003：五大过程组、十大知识域与 PDCA &gt; 为什么不能只按知识域学习？；为什么不能只按知识域学习？ 很多同学按知识域一个一个学——范围管理学完学进度、进度学完学成本——这样学完一门忘一门，而且无法理解过程之间的联系。</div>
</div>",概念卡,B,3,上午选择,项目管理基础,T-PM-002,五大过程组、十大知识域与 PDCA,SRC-T-PM-002-0003,topic_learning_packages/topics/02_项目管理基础/T-PM-002_专题学习包_五大过程组十大知识域与PDCA.md,五大过程组、十大知识域与 PDCA > 为什么不能只按知识域学习？,为什么不能只按知识域学习？ 很多同学按知识域一个一个学——范围管理学完学进度、进度学完学成本——这样学完一门忘一门，而且无法理解过程之间的联系。,,,,,,,,,,sha256:bbf6b977b9fed7e3b2f037db,ruankao ruankao::anki_build::20260520_223914 ruankao::difficulty::3 ruankao::domain::项目管理基础 ruankao::exam_use::上午选择 ruankao::importance::B ruankao::source_grounded ruankao::topic ruankao::topic::T-PM-002 ruankao::type::概念卡,100,final,通过内容、来源和工程门禁
软考::系统集成项目管理工程师::专题学习::02_项目管理基础::T-PM-002_五大过程组、十大知识域与PDCA,RuankaoTopicCard,五大过程组的考试要点是什么？,"<div class=""answer-block"">
<div class=""section-title"">【答案】</div>
<div>五大过程组：管理的&quot;时间维度&quot; [概念组｜五大过程组] 1. 启动过程组：定义一个新项目或现有项目的一个新阶段，授权开始该项目或阶段。核心输出：项目章程（批准项目存在、任命项目经理、授权动用资源）、识别干系人（形成干系人登记册）。</div>
</div>","<div class=""extra"">
<div class=""section-title"">【理解】</div>
<div>五大过程组：管理的&quot;时间维度&quot; [概念组｜五大过程组] 1. 启动过程组：定义一个新项目或现有项目的一个新阶段，授权开始该项目或阶段。核心输出：项目章程（批准项目存在、任命项目经理、授权动用资源）、识别干系人（形成干系人登记册）。。这张卡来自源材料中的具体段落，用于把讲义内容改写为可回忆判断。</div>
<div class=""section-title"">【记忆线索】</div>
<div>抓住题干中的对象、动作和输出，不背整段讲义。</div>
<div class=""section-title"">【易错点】</div>
<div>避免把相邻概念按字面相似性混用。</div>
<div class=""section-title"">【题干信号】</div>
<div>章程、干系人</div>
<div class=""section-title"">【关联专题】</div>
<div>T-PM-002 五大过程组、十大知识域与 PDCA</div>
<div class=""section-title"">【来源】</div>
<div>SRC-T-PM-002-0004：五大过程组、十大知识域与 PDCA &gt; 五大过程组：管理的&quot;时间维度&quot;；五大过程组：管理的&quot;时间维度&quot; [概念组｜五大过程组] 1. 启动过程组：定义一个新项目或现有项目的一个新阶段，授权开始该项目或阶段。核心输出：项目章程（批准项目存在、任命项目经理、授权动用资源）、识别干系人（形成干系人登记册）。</div>
</div>",概念卡,B,3,上午选择,项目管理基础,T-PM-002,五大过程组、十大知识域与 PDCA,SRC-T-PM-002-0004,topic_learning_packages/topics/02_项目管理基础/T-PM-002_专题学习包_五大过程组十大知识域与PDCA.md,"五大过程组、十大知识域与 PDCA > 五大过程组：管理的""时间维度""","五大过程组：管理的""时间维度"" [概念组｜五大过程组] 1. 启动过程组：定义一个新项目或现有项目的一个新阶段，授权开始该项目或阶段。核心输出：项目章程（批准项目存在、任命项目经理、授权动用资源）、识别干系人（形成干系人登记册）。",,,,,,,,,,sha256:c342778a4103993ba18a0ee1,ruankao ruankao::anki_build::20260520_223914 ruankao::difficulty::3 ruankao::domain::项目管理基础 ruankao::exam_use::上午选择 ruankao::importance::B ruankao::source_grounded ruankao::topic ruankao::topic::T-PM-002 ruankao::type::概念卡,100,final,通过内容、来源和工程门禁
软考::系统集成项目管理工程师::专题学习::02_项目管理基础::T-PM-002_五大过程组、十大知识域与PDCA,RuankaoTopicCard,PDCA 循环与过程组的关系相关公式或计算判断规则是什么？,"<div class=""answer-block"">
<div class=""section-title"">【答案】</div>
<div>PDCA 循环与过程组的关系 [概念｜PDCA] PDCA 循环（Plan-Do-Check-Act）是由休哈特提出、戴明推广的持续改进循环。在项目管理中： - Plan（计划） → 对应规划过程组：确定目标、制定方案 - Do（执行） → 对应执行过程组：按计划开展工作 - Check（检查） → 对应监控过程组：测量绩效、发现偏差 - Act（处理/行动） → 对应监控过程组中的变更控制与改进活动：根据检查结果采取纠正或预防措施 [</div>
</div>","<div class=""extra"">
<div class=""section-title"">【理解】</div>
<div>PDCA 循环与过程组的关系 [概念｜PDCA] PDCA 循环（Plan-Do-Check-Act）是由休哈特提出、戴明推广的持续改进循环。在项目管理中： - Plan（计划） → 对应规划过程组：确定目标、制定方案 - Do（执行） → 对应执行过程组：按计划开展工作 - Check（检查） → 对应监控过程组：测量绩效、发现偏差 - Act（处理/行动） → 对应监控过程组中的变更控制与改进活动：根据检查结果采取纠正或预防措施 [。这张卡来自源材料中的具体段落，用于把讲义内容改写为可回忆判断。</div>
<div class=""section-title"">【记忆线索】</div>
<div>先写公式，再代入数字，最后写文字判断。</div>
<div class=""section-title"">【易错点】</div>
<div>避免把相邻概念按字面相似性混用。</div>
<div class=""section-title"">【题干信号】</div>
<div>变更</div>
<div class=""section-title"">【关联专题】</div>
<div>T-PM-002 五大过程组、十大知识域与 PDCA</div>
<div class=""section-title"">【来源】</div>
<div>SRC-T-PM-002-0006：五大过程组、十大知识域与 PDCA &gt; PDCA 循环与过程组的关系；PDCA 循环与过程组的关系 [概念｜PDCA] PDCA 循环（Plan-Do-Check-Act）是由休哈特提出、戴明推广的持续改进循环。在项目管理中： - Plan（计划） → 对应规划过程组：确定目标、制定方案 - Do（执行） → 对应执行过程组：按计划开展工作 - Check（检查） → 对应监控过程组：测</div>
</div>",公式卡,B,3,上午选择,项目管理基础,T-PM-002,五大过程组、十大知识域与 PDCA,SRC-T-PM-002-0006,topic_learning_packages/topics/02_项目管理基础/T-PM-002_专题学习包_五大过程组十大知识域与PDCA.md,五大过程组、十大知识域与 PDCA > PDCA 循环与过程组的关系,PDCA 循环与过程组的关系 [概念｜PDCA] PDCA 循环（Plan-Do-Check-Act）是由休哈特提出、戴明推广的持续改进循环。在项目管理中： - Plan（计划） → 对应规划过程组：确定目标、制定方案 - Do（执行） → 对应执行过程组：按计划开展工作 - Check（检查） → 对应监控过程组：测量绩效、发现偏差 - Act（处理/行动） → 对应监控过程组中的变更控制与改进活动：根据检查结果采取纠正或预防措施 [,,,,,,,,,,sha256:847a5e2d93d217dc457b75b5,ruankao ruankao::anki_build::20260520_223914 ruankao::difficulty::3 ruankao::domain::项目管理基础 ruankao::exam_use::上午选择 ruankao::importance::B ruankao::source_grounded ruankao::topic ruankao::topic::T-PM-002 ruankao::type::公式卡,100,final,通过内容、来源和工程门禁
软考::系统集成项目管理工程师::专题学习::02_项目管理基础::T-PM-002_五大过程组、十大知识域与PDCA,RuankaoTopicCard,过程组 × 知识域矩阵类案例应从哪些角度分析？,"<div class=""answer-block"">
<div class=""section-title"">【答案】</div>
<div>过程组 × 知识域矩阵：考试定位系统 以下矩阵帮助你快速判断每个管理过程属于哪个过程组和知识域。记住关键过程的位置，是做选择题和案例题时的基础导航能力。</div>
</div>","<div class=""extra"">
<div class=""section-title"">【理解】</div>
<div>过程组 × 知识域矩阵：考试定位系统 以下矩阵帮助你快速判断每个管理过程属于哪个过程组和知识域。记住关键过程的位置，是做选择题和案例题时的基础导航能力。。这张卡来自源材料中的具体段落，用于把讲义内容改写为可回忆判断。</div>
<div class=""section-title"">【记忆线索】</div>
<div>抓住题干中的对象、动作和输出，不背整段讲义。</div>
<div class=""section-title"">【易错点】</div>
<div>避免把相邻概念按字面相似性混用。</div>
<div class=""section-title"">【题干信号】</div>
<div>定义识别、场景判断、角色/流程边界。</div>
<div class=""section-title"">【关联专题】</div>
<div>T-PM-002 五大过程组、十大知识域与 PDCA</div>
<div class=""section-title"">【来源】</div>
<div>SRC-T-PM-002-0007：五大过程组、十大知识域与 PDCA &gt; 过程组 × 知识域矩阵：考试定位系统；过程组 × 知识域矩阵：考试定位系统 以下矩阵帮助你快速判断每个管理过程属于哪个过程组和知识域。记住关键过程的位置，是做选择题和案例题时的基础导航能力。</div>
</div>",案例模板卡,B,3,下午案例,项目管理基础,T-PM-002,五大过程组、十大知识域与 PDCA,SRC-T-PM-002-0007,topic_learning_packages/topics/02_项目管理基础/T-PM-002_专题学习包_五大过程组十大知识域与PDCA.md,五大过程组、十大知识域与 PDCA > 过程组 × 知识域矩阵：考试定位系统,过程组 × 知识域矩阵：考试定位系统 以下矩阵帮助你快速判断每个管理过程属于哪个过程组和知识域。记住关键过程的位置，是做选择题和案例题时的基础导航能力。,,,,,,,,,,sha256:7d6b8ed68e46d21d1943fe2e,ruankao ruankao::anki_build::20260520_223914 ruankao::difficulty::3 ruankao::domain::项目管理基础 ruankao::exam_use::下午案例 ruankao::importance::B ruankao::source_grounded ruankao::topic ruankao::topic::T-PM-002 ruankao::type::案例模板卡,100,final,通过内容、来源和工程门禁
软考::系统集成项目管理工程师::专题学习::02_项目管理基础::T-PM-002_五大过程组、十大知识域与PDCA,RuankaoTopicCard,案例题中如何利用过程组/知识域框架定位问题类案例应从哪些角度分析？,"<div class=""answer-block"">
<div class=""section-title"">【答案】</div>
<div>案例题中如何利用过程组/知识域框架定位问题 这个框架在下午案例题中是最核心的&quot;定位系统&quot;。当你读到一个案例场景时，可以用以下流程快速归类： 这个流程的价值在于：你不会拿到案例题后脑子一片空白。</div>
</div>","<div class=""extra"">
<div class=""section-title"">【理解】</div>
<div>案例题中如何利用过程组/知识域框架定位问题 这个框架在下午案例题中是最核心的&quot;定位系统&quot;。当你读到一个案例场景时，可以用以下流程快速归类： 这个流程的价值在于：你不会拿到案例题后脑子一片空白。。这张卡来自源材料中的具体段落，用于把讲义内容改写为可回忆判断。</div>
<div class=""section-title"">【记忆线索】</div>
<div>抓住题干中的对象、动作和输出，不背整段讲义。</div>
<div class=""section-title"">【易错点】</div>
<div>避免把相邻概念按字面相似性混用。</div>
<div class=""section-title"">【题干信号】</div>
<div>问题</div>
<div class=""section-title"">【关联专题】</div>
<div>T-PM-002 五大过程组、十大知识域与 PDCA</div>
<div class=""section-title"">【来源】</div>
<div>SRC-T-PM-002-0008：五大过程组、十大知识域与 PDCA &gt; 案例题中如何利用过程组/知识域框架定位问题；案例题中如何利用过程组/知识域框架定位问题 这个框架在下午案例题中是最核心的&quot;定位系统&quot;。当你读到一个案例场景时，可以用以下流程快速归类： 这个流程的价值在于：你不会拿到案例题后脑子一片空白。</div>
</div>",案例模板卡,B,3,下午案例,项目管理基础,T-PM-002,五大过程组、十大知识域与 PDCA,SRC-T-PM-002-0008,topic_learning_packages/topics/02_项目管理基础/T-PM-002_专题学习包_五大过程组十大知识域与PDCA.md,五大过程组、十大知识域与 PDCA > 案例题中如何利用过程组/知识域框架定位问题,"案例题中如何利用过程组/知识域框架定位问题 这个框架在下午案例题中是最核心的""定位系统""。当你读到一个案例场景时，可以用以下流程快速归类： 这个流程的价值在于：你不会拿到案例题后脑子一片空白。",,,,,,,,,,sha256:104d92e25224ab5a1c8e1418,ruankao ruankao::anki_build::20260520_223914 ruankao::difficulty::3 ruankao::domain::项目管理基础 ruankao::exam_use::下午案例 ruankao::importance::B ruankao::source_grounded ruankao::topic ruankao::topic::T-PM-002 ruankao::type::案例模板卡,100,final,通过内容、来源和工程门禁
软考::系统集成项目管理工程师::专题学习::02_项目管理基础::T-PM-002_五大过程组、十大知识域与PDCA,RuankaoTopicCard,本轮真题覆盖增强的考试要点是什么？,"<div class=""answer-block"">
<div class=""section-title"">【答案】</div>
<div>本轮真题覆盖增强：过程组归属与 PDCA 定位 本节把 questions.full.clean.md 与既有真题映射中的高频考法反查回本专题。题库反复考“创建 WBS 属于规划过程组”“过程组不是项目阶段”“PDCA 与监控闭环”。</div>
</div>","<div class=""extra"">
<div class=""section-title"">【理解】</div>
<div>本轮真题覆盖增强：过程组归属与 PDCA 定位 本节把 questions.full.clean.md 与既有真题映射中的高频考法反查回本专题。题库反复考“创建 WBS 属于规划过程组”“过程组不是项目阶段”“PDCA 与监控闭环”。。这张卡来自源材料中的具体段落，用于把讲义内容改写为可回忆判断。</div>
<div class=""section-title"">【记忆线索】</div>
<div>抓住题干中的对象、动作和输出，不背整段讲义。</div>
<div class=""section-title"">【易错点】</div>
<div>避免把相邻概念按字面相似性混用。</div>
<div class=""section-title"">【题干信号】</div>
<div>WBS</div>
<div class=""section-title"">【关联专题】</div>
<div>T-PM-002 五大过程组、十大知识域与 PDCA</div>
<div class=""section-title"">【来源】</div>
<div>SRC-T-PM-002-0010：五大过程组、十大知识域与 PDCA &gt; 本轮真题覆盖增强：过程组归属与 PDCA 定位；本轮真题覆盖增强：过程组归属与 PDCA 定位 本节把 questions.full.clean.md 与既有真题映射中的高频考法反查回本专题。题库反复考“创建 WBS 属于规划过程组”“过程组不是项目阶段”“PDCA 与监控闭环”。</div>
</div>",概念卡,B,3,上午选择,项目管理基础,T-PM-002,五大过程组、十大知识域与 PDCA,SRC-T-PM-002-0010,topic_learning_packages/topics/02_项目管理基础/T-PM-002_专题学习包_五大过程组十大知识域与PDCA.md,五大过程组、十大知识域与 PDCA > 本轮真题覆盖增强：过程组归属与 PDCA 定位,本轮真题覆盖增强：过程组归属与 PDCA 定位 本节把 questions.full.clean.md 与既有真题映射中的高频考法反查回本专题。题库反复考“创建 WBS 属于规划过程组”“过程组不是项目阶段”“PDCA 与监控闭环”。,,,,,,,,,,sha256:a41594ff45d1316f808a6df1,ruankao ruankao::anki_build::20260520_223914 ruankao::difficulty::3 ruankao::domain::项目管理基础 ruankao::exam_use::上午选择 ruankao::importance::B ruankao::source_grounded ruankao::topic ruankao::topic::T-PM-002 ruankao::type::概念卡,100,final,通过内容、来源和工程门禁
软考::系统集成项目管理工程师::专题学习::02_项目管理基础::T-PM-002_五大过程组、十大知识域与PDCA,RuankaoTopicCard,题干出现哪些信号时，应想到“五大过程组、十大知识域与 PDCA”？,"<div class=""answer-block"">
<div class=""section-title"">【答案】</div>
<div>围绕“五大过程组、十大知识域与 PDCA”的对象、动作、输出物、责任主体和常见陷阱定位考点。</div>
</div>","<div class=""extra"">
<div class=""section-title"">【理解】</div>
<div>围绕“五大过程组、十大知识域与 PDCA”的对象、动作、输出物、责任主体和常见陷阱定位考点。。这张卡来自源材料中的具体段落，用于把讲义内容改写为可回忆判断。</div>
<div class=""section-title"">【记忆线索】</div>
<div>抓住题干中的对象、动作和输出，不背整段讲义。</div>
<div class=""section-title"">【易错点】</div>
<div>避免把相邻概念按字面相似性混用。</div>
<div class=""section-title"">【题干信号】</div>
<div>定义识别、场景判断、角色/流程边界。</div>
<div class=""section-title"">【关联专题】</div>
<div>T-PM-002 五大过程组、十大知识域与 PDCA</div>
<div class=""section-title"">【来源】</div>
<div>SRC-T-PM-002-0001：五大过程组、十大知识域与 PDCA；T-PM-002｜五大过程组、十大知识域与 PDCA 本专题用于学习&quot;项目管理基础&quot;中为后续所有知识域提供框架的一组核心内容：五大过程组（启动、规划、执行、监控、收尾）、十大知识领域、过程组与知识域的矩阵关系、PDCA 循环、项目阶段与过程组的关系、关键管理过程的过程组归属。它们不是需要死记硬背的列表，而是围绕一个核心</div>
</div>",关键词识别卡,B,3,上午选择,项目管理基础,T-PM-002,五大过程组、十大知识域与 PDCA,SRC-T-PM-002-0001,topic_learning_packages/topics/02_项目管理基础/T-PM-002_专题学习包_五大过程组十大知识域与PDCA.md,五大过程组、十大知识域与 PDCA,"T-PM-002｜五大过程组、十大知识域与 PDCA 本专题用于学习""项目管理基础""中为后续所有知识域提供框架的一组核心内容：五大过程组（启动、规划、执行、监控、收尾）、十大知识领域、过程组与知识域的矩阵关系、PDCA 循环、项目阶段与过程组的关系、关键管理过程的过程组归属。它们不是需要死记硬背的列表，而是围绕一个核心问题展开：项目管理工作从开始到结束，要在哪些方面、按什么节奏、用什么逻辑来组织？",,,,,,,,,,sha256:51603fed10bad38d9c13bacd,ruankao ruankao::anki_build::20260520_223914 ruankao::difficulty::3 ruankao::domain::项目管理基础 ruankao::exam_use::上午选择 ruankao::importance::B ruankao::source_grounded ruankao::topic ruankao::topic::T-PM-002 ruankao::type::关键词识别卡,100,final,通过内容、来源和工程门禁
软考::系统集成项目管理工程师::专题学习::02_项目管理基础::T-PM-002_五大过程组、十大知识域与PDCA,RuankaoTopicCard,五大过程组、十大知识域与 PDCA中，五大过程组、十大知识域与 PDCA的考试判断要点是什么？,"<div class=""answer-block"">
<div class=""section-title"">【答案】</div>
<div>T-PM-002｜五大过程组、十大知识域与 PDCA 本专题用于学习&quot;项目管理基础&quot;中为后续所有知识域提供框架的一组核心内容：五大过程组（启动、规划、执行、监控、收尾）、十大知识领域、过程组与知识域的矩阵关系、PDCA 循环、项目阶段与过程组的关系、关键管理过程的过程组归属。它们不是需要死记硬背的列表，而是围绕一个核心问题展开：项目管理工作从开始到结束，要在哪些方面、按什么节奏、用什么逻辑来组织？</div>
</div>","<div class=""extra"">
<div class=""section-title"">【理解】</div>
<div>T-PM-002｜五大过程组、十大知识域与 PDCA 本专题用于学习&quot;项目管理基础&quot;中为后续所有知识域提供框架的一组核心内容：五大过程组（启动、规划、执行、监控、收尾）、十大知识领域、过程组与知识域的矩阵关系、PDCA 循环、项目阶段与过程组的关系、关键管理过程的过程组归属。它们不是需要死记硬背的列表，而是围绕一个核心问题展开：项目管理工作从开始到结束，要在哪些方面、按什么节奏、用什么逻辑来组织？。这张卡来自源材料中的具体段落，用于把讲义内容改写为可回忆判断。</div>
<div class=""section-title"">【记忆线索】</div>
<div>抓住题干中的对象、动作和输出，不背整段讲义。</div>
<div class=""section-title"">【易错点】</div>
<div>避免把相邻概念按字面相似性混用。</div>
<div class=""section-title"">【题干信号】</div>
<div>问题</div>
<div class=""section-title"">【关联专题】</div>
<div>T-PM-002 五大过程组、十大知识域与 PDCA</div>
<div class=""section-title"">【来源】</div>
<div>SRC-T-PM-002-0001：五大过程组、十大知识域与 PDCA；T-PM-002｜五大过程组、十大知识域与 PDCA 本专题用于学习&quot;项目管理基础&quot;中为后续所有知识域提供框架的一组核心内容：五大过程组（启动、规划、执行、监控、收尾）、十大知识领域、过程组与知识域的矩阵关系、PDCA 循环、项目阶段与过程组的关系、关键管理过程的过程组归属。它们不是需要死记硬背的列表，而是围绕一个核心</div>
</div>",概念卡,C,3,上午选择,项目管理基础,T-PM-002,五大过程组、十大知识域与 PDCA,SRC-T-PM-002-0001,topic_learning_packages/topics/02_项目管理基础/T-PM-002_专题学习包_五大过程组十大知识域与PDCA.md,五大过程组、十大知识域与 PDCA,"T-PM-002｜五大过程组、十大知识域与 PDCA 本专题用于学习""项目管理基础""中为后续所有知识域提供框架的一组核心内容：五大过程组（启动、规划、执行、监控、收尾）、十大知识领域、过程组与知识域的矩阵关系、PDCA 循环、项目阶段与过程组的关系、关键管理过程的过程组归属。它们不是需要死记硬背的列表，而是围绕一个核心问题展开：项目管理工作从开始到结束，要在哪些方面、按什么节奏、用什么逻辑来组织？",,,,,,,,,,sha256:becdbf31732aa5bd0948a1b4,ruankao ruankao::anki_build::20260520_223914 ruankao::difficulty::3 ruankao::domain::项目管理基础 ruankao::exam_use::上午选择 ruankao::importance::C ruankao::source_grounded ruankao::topic ruankao::topic::T-PM-002 ruankao::type::概念卡,84,final,通过内容、来源和工程门禁；源材料自动扩展卡，建议后续人工润色
软考::系统集成项目管理工程师::专题学习::02_项目管理基础::T-PM-002_五大过程组、十大知识域与PDCA,RuankaoTopicCard,五大过程组、十大知识域与 PDCA中，五大过程组、十大知识域与 PDCA的考试判断要点是什么？,"<div class=""answer-block"">
<div class=""section-title"">【答案】</div>
<div>先看这个专题的主线 很多同学第一步就是背&quot;五大过程组、十大知识域、47 个过程&quot;，但背完仍然不知道怎么用。因为过程组和知识域不是&quot;目录&quot;——它们是项目经理的&quot;工作组织框架&quot;。</div>
</div>","<div class=""extra"">
<div class=""section-title"">【理解】</div>
<div>先看这个专题的主线 很多同学第一步就是背&quot;五大过程组、十大知识域、47 个过程&quot;，但背完仍然不知道怎么用。因为过程组和知识域不是&quot;目录&quot;——它们是项目经理的&quot;工作组织框架&quot;。。这张卡来自源材料中的具体段落，用于把讲义内容改写为可回忆判断。</div>
<div class=""section-title"">【记忆线索】</div>
<div>抓住题干中的对象、动作和输出，不背整段讲义。</div>
<div class=""section-title"">【易错点】</div>
<div>避免把相邻概念按字面相似性混用。</div>
<div class=""section-title"">【题干信号】</div>
<div>定义识别、场景判断、角色/流程边界。</div>
<div class=""section-title"">【关联专题】</div>
<div>T-PM-002 五大过程组、十大知识域与 PDCA</div>
<div class=""section-title"">【来源】</div>
<div>SRC-T-PM-002-0002：五大过程组、十大知识域与 PDCA &gt; 先看这个专题的主线；先看这个专题的主线 很多同学第一步就是背&quot;五大过程组、十大知识域、47 个过程&quot;，但背完仍然不知道怎么用。因为过程组和知识域不是&quot;目录&quot;——它们是项目经理的&quot;工作组织框架&quot;。</div>
</div>",概念卡,C,3,上午选择,项目管理基础,T-PM-002,五大过程组、十大知识域与 PDCA,SRC-T-PM-002-0002,topic_learning_packages/topics/02_项目管理基础/T-PM-002_专题学习包_五大过程组十大知识域与PDCA.md,五大过程组、十大知识域与 PDCA > 先看这个专题的主线,"先看这个专题的主线 很多同学第一步就是背""五大过程组、十大知识域、47 个过程""，但背完仍然不知道怎么用。因为过程组和知识域不是""目录""——它们是项目经理的""工作组织框架""。",,,,,,,,,,sha256:ebd5372dec0af7f6f66e722d,ruankao ruankao::anki_build::20260520_223914 ruankao::difficulty::3 ruankao::domain::项目管理基础 ruankao::exam_use::上午选择 ruankao::importance::C ruankao::source_grounded ruankao::topic ruankao::topic::T-PM-002 ruankao::type::概念卡,84,final,通过内容、来源和工程门禁；源材料自动扩展卡，建议后续人工润色
软考::系统集成项目管理工程师::专题学习::02_项目管理基础::T-PM-002_五大过程组、十大知识域与PDCA,RuankaoTopicCard,五大过程组、十大知识域与 PDCA中，为什么不能只按知识域学习？的考试判断要点是什么？,"<div class=""answer-block"">
<div class=""section-title"">【答案】</div>
<div>为什么不能只按知识域学习？ 很多同学按知识域一个一个学——范围管理学完学进度、进度学完学成本——这样学完一门忘一门，而且无法理解过程之间的联系。</div>
</div>","<div class=""extra"">
<div class=""section-title"">【理解】</div>
<div>为什么不能只按知识域学习？ 很多同学按知识域一个一个学——范围管理学完学进度、进度学完学成本——这样学完一门忘一门，而且无法理解过程之间的联系。。这张卡来自源材料中的具体段落，用于把讲义内容改写为可回忆判断。</div>
<div class=""section-title"">【记忆线索】</div>
<div>抓住题干中的对象、动作和输出，不背整段讲义。</div>
<div class=""section-title"">【易错点】</div>
<div>避免把相邻概念按字面相似性混用。</div>
<div class=""section-title"">【题干信号】</div>
<div>定义识别、场景判断、角色/流程边界。</div>
<div class=""section-title"">【关联专题】</div>
<div>T-PM-002 五大过程组、十大知识域与 PDCA</div>
<div class=""section-title"">【来源】</div>
<div>SRC-T-PM-002-0003：五大过程组、十大知识域与 PDCA &gt; 为什么不能只按知识域学习？；为什么不能只按知识域学习？ 很多同学按知识域一个一个学——范围管理学完学进度、进度学完学成本——这样学完一门忘一门，而且无法理解过程之间的联系。</div>
</div>",概念卡,C,3,上午选择,项目管理基础,T-PM-002,五大过程组、十大知识域与 PDCA,SRC-T-PM-002-0003,topic_learning_packages/topics/02_项目管理基础/T-PM-002_专题学习包_五大过程组十大知识域与PDCA.md,五大过程组、十大知识域与 PDCA > 为什么不能只按知识域学习？,为什么不能只按知识域学习？ 很多同学按知识域一个一个学——范围管理学完学进度、进度学完学成本——这样学完一门忘一门，而且无法理解过程之间的联系。,,,,,,,,,,sha256:9c4c9f12c0e0eed1b8cef45f,ruankao ruankao::anki_build::20260520_223914 ruankao::difficulty::3 ruankao::domain::项目管理基础 ruankao::exam_use::上午选择 ruankao::importance::C ruankao::source_grounded ruankao::topic ruankao::topic::T-PM-002 ruankao::type::概念卡,84,final,通过内容、来源和工程门禁；源材料自动扩展卡，建议后续人工润色
软考::系统集成项目管理工程师::专题学习::02_项目管理基础::T-PM-002_五大过程组、十大知识域与PDCA,RuankaoTopicCard,五大过程组、十大知识域与 PDCA中，五大过程组的考试判断要点是什么？,"<div class=""answer-block"">
<div class=""section-title"">【答案】</div>
<div>五大过程组：管理的&quot;时间维度&quot; [概念组｜五大过程组] 1. 启动过程组：定义一个新项目或现有项目的一个新阶段，授权开始该项目或阶段。核心输出：项目章程（批准项目存在、任命项目经理、授权动用资源）、识别干系人（形成干系人登记册）。</div>
</div>","<div class=""extra"">
<div class=""section-title"">【理解】</div>
<div>五大过程组：管理的&quot;时间维度&quot; [概念组｜五大过程组] 1. 启动过程组：定义一个新项目或现有项目的一个新阶段，授权开始该项目或阶段。核心输出：项目章程（批准项目存在、任命项目经理、授权动用资源）、识别干系人（形成干系人登记册）。。这张卡来自源材料中的具体段落，用于把讲义内容改写为可回忆判断。</div>
<div class=""section-title"">【记忆线索】</div>
<div>抓住题干中的对象、动作和输出，不背整段讲义。</div>
<div class=""section-title"">【易错点】</div>
<div>避免把相邻概念按字面相似性混用。</div>
<div class=""section-title"">【题干信号】</div>
<div>章程、干系人</div>
<div class=""section-title"">【关联专题】</div>
<div>T-PM-002 五大过程组、十大知识域与 PDCA</div>
<div class=""section-title"">【来源】</div>
<div>SRC-T-PM-002-0004：五大过程组、十大知识域与 PDCA &gt; 五大过程组：管理的&quot;时间维度&quot;；五大过程组：管理的&quot;时间维度&quot; [概念组｜五大过程组] 1. 启动过程组：定义一个新项目或现有项目的一个新阶段，授权开始该项目或阶段。核心输出：项目章程（批准项目存在、任命项目经理、授权动用资源）、识别干系人（形成干系人登记册）。</div>
</div>",概念卡,C,3,上午选择,项目管理基础,T-PM-002,五大过程组、十大知识域与 PDCA,SRC-T-PM-002-0004,topic_learning_packages/topics/02_项目管理基础/T-PM-002_专题学习包_五大过程组十大知识域与PDCA.md,"五大过程组、十大知识域与 PDCA > 五大过程组：管理的""时间维度""","五大过程组：管理的""时间维度"" [概念组｜五大过程组] 1. 启动过程组：定义一个新项目或现有项目的一个新阶段，授权开始该项目或阶段。核心输出：项目章程（批准项目存在、任命项目经理、授权动用资源）、识别干系人（形成干系人登记册）。",,,,,,,,,,sha256:36ceffe149ba3612fa9e523b,ruankao ruankao::anki_build::20260520_223914 ruankao::difficulty::3 ruankao::domain::项目管理基础 ruankao::exam_use::上午选择 ruankao::importance::C ruankao::source_grounded ruankao::topic ruankao::topic::T-PM-002 ruankao::type::概念卡,84,final,通过内容、来源和工程门禁；源材料自动扩展卡，建议后续人工润色
软考::系统集成项目管理工程师::专题学习::03_立项管理::T-FEA-001_立项管理_项目建议书、可行性研究与项目论证,RuankaoTopicCard,项目建议书在立项管理中的作用是什么？,"<div class=""answer-block"">
<div class=""section-title"">【答案】</div>
<div>项目建议书说明建设必要性、初步目标、建设内容、投资估算和预期效益，为后续可行性研究和立项决策提供依据。</div>
</div>","<div class=""extra"">
<div class=""section-title"">【理解】</div>
<div>项目建议书说明建设必要性、初步目标、建设内容、投资估算和预期效益，为后续可行性研究和立项决策提供依据。。这张卡来自源材料中的具体段落，用于把讲义内容改写为可回忆判断。</div>
<div class=""section-title"">【记忆线索】</div>
<div>抓住题干中的对象、动作和输出，不背整段讲义。</div>
<div class=""section-title"">【易错点】</div>
<div>不要和项目章程混淆：建议书偏立项前建议，章程偏正式授权。</div>
<div class=""section-title"">【题干信号】</div>
<div>可行性</div>
<div class=""section-title"">【关联专题】</div>
<div>T-FEA-001 立项管理：项目建议书、可行性研究与项目论证；T-INT-002</div>
<div class=""section-title"">【来源】</div>
<div>SRC-T-FEA-001-0001：立项管理：项目建议书、可行性研究与项目论证；T-FEA-001｜立项管理：项目建议书、可行性研究与项目论证 本专题用于学习&quot;项目立项管理&quot;的核心内容：项目建议书、可行性研究（内容与七步法）、机会研究与初步/详细可研、项目论证与项目评估、投资估算与经济评价基础。它们围绕一个核心问题展开：在项目正式启动之前，如何证明这个项目值得做、必须做、可以做？</div>
</div>",概念卡,A,2,上午选择,立项管理,T-FEA-001,立项管理：项目建议书、可行性研究与项目论证,SRC-T-FEA-001-0001,topic_learning_packages/topics/03_立项管理/T-FEA-001_专题学习包_立项管理项目建议书可行性研究与项目论证.md,立项管理：项目建议书、可行性研究与项目论证,"T-FEA-001｜立项管理：项目建议书、可行性研究与项目论证 本专题用于学习""项目立项管理""的核心内容：项目建议书、可行性研究（内容与七步法）、机会研究与初步/详细可研、项目论证与项目评估、投资估算与经济评价基础。它们围绕一个核心问题展开：在项目正式启动之前，如何证明这个项目值得做、必须做、可以做？",,T-INT-002,,,,,,,,sha256:05824d6e49b965d4dede87b0,ruankao ruankao::anki_build::20260520_223914 ruankao::difficulty::2 ruankao::domain::立项管理 ruankao::exam_use::上午选择 ruankao::importance::A ruankao::source_grounded ruankao::topic ruankao::topic::T-FEA-001 ruankao::type::概念卡,100,final,通过内容、来源和工程门禁
软考::系统集成项目管理工程师::专题学习::03_立项管理::T-FEA-001_立项管理_项目建议书、可行性研究与项目论证,RuankaoTopicCard,项目建议书 vs 项目章程的核心区别是什么？,"<div class=""answer-block"">
<div class=""section-title"">【答案】</div>
<div>项目建议书偏立项前建议和研究依据；项目章程偏项目正式启动和授权项目经理。</div>
</div>","<div class=""extra"">
<div class=""section-title"">【理解】</div>
<div>项目建议书偏立项前建议和研究依据；项目章程偏项目正式启动和授权项目经理。。这张卡来自源材料中的具体段落，用于把讲义内容改写为可回忆判断。</div>
<div class=""section-title"">【记忆线索】</div>
<div>先判断对象、责任主体、时间点和输出物，再排除张冠李戴的选项。</div>
<div class=""section-title"">【易错点】</div>
<div>不要和项目章程混淆：建议书偏立项前建议，章程偏正式授权。</div>
<div class=""section-title"">【题干信号】</div>
<div>章程</div>
<div class=""section-title"">【关联专题】</div>
<div>T-FEA-001 立项管理：项目建议书、可行性研究与项目论证；T-INT-002</div>
<div class=""section-title"">【来源】</div>
<div>SRC-T-FEA-001-0001：立项管理：项目建议书、可行性研究与项目论证；T-FEA-001｜立项管理：项目建议书、可行性研究与项目论证 本专题用于学习&quot;项目立项管理&quot;的核心内容：项目建议书、可行性研究（内容与七步法）、机会研究与初步/详细可研、项目论证与项目评估、投资估算与经济评价基础。它们围绕一个核心问题展开：在项目正式启动之前，如何证明这个项目值得做、必须做、可以做？</div>
</div>",辨析卡,A,3,跨域辨析,立项管理,T-FEA-001,立项管理：项目建议书、可行性研究与项目论证,SRC-T-FEA-001-0001,topic_learning_packages/topics/03_立项管理/T-FEA-001_专题学习包_立项管理项目建议书可行性研究与项目论证.md,立项管理：项目建议书、可行性研究与项目论证,"T-FEA-001｜立项管理：项目建议书、可行性研究与项目论证 本专题用于学习""项目立项管理""的核心内容：项目建议书、可行性研究（内容与七步法）、机会研究与初步/详细可研、项目论证与项目评估、投资估算与经济评价基础。它们围绕一个核心问题展开：在项目正式启动之前，如何证明这个项目值得做、必须做、可以做？",,T-INT-002,,,,,,,,sha256:8c8003f02f84a9d566e6c53f,ruankao ruankao::anki_build::20260520_223914 ruankao::difficulty::3 ruankao::domain::立项管理 ruankao::exam_use::跨域辨析 ruankao::importance::A ruankao::source_grounded ruankao::topic ruankao::topic::T-FEA-001 ruankao::type::辨析卡,100,final,通过内容、来源和工程门禁
软考::系统集成项目管理工程师::专题学习::03_立项管理::T-FEA-001_立项管理_项目建议书、可行性研究与项目论证,RuankaoTopicCard,机会研究、初步可行性研究、详细可行性研究的核心区别是什么？,"<div class=""answer-block"">
<div class=""section-title"">【答案】</div>
<div>机会研究偏发现投资机会；初步可研偏筛选方案、判断是否值得深入；详细可研偏全面论证并支撑投资决策。</div>
</div>","<div class=""extra"">
<div class=""section-title"">【理解】</div>
<div>机会研究偏发现投资机会；初步可研偏筛选方案、判断是否值得深入；详细可研偏全面论证并支撑投资决策。。这张卡来自源材料中的具体段落，用于把讲义内容改写为可回忆判断。</div>
<div class=""section-title"">【记忆线索】</div>
<div>先判断对象、责任主体、时间点和输出物，再排除张冠李戴的选项。</div>
<div class=""section-title"">【易错点】</div>
<div>不要把可行性研究当作项目管理计划；它服务立项决策。</div>
<div class=""section-title"">【题干信号】</div>
<div>可行性、论证</div>
<div class=""section-title"">【关联专题】</div>
<div>T-FEA-001 立项管理：项目建议书、可行性研究与项目论证</div>
<div class=""section-title"">【来源】</div>
<div>SRC-T-FEA-001-0001：立项管理：项目建议书、可行性研究与项目论证；T-FEA-001｜立项管理：项目建议书、可行性研究与项目论证 本专题用于学习&quot;项目立项管理&quot;的核心内容：项目建议书、可行性研究（内容与七步法）、机会研究与初步/详细可研、项目论证与项目评估、投资估算与经济评价基础。它们围绕一个核心问题展开：在项目正式启动之前，如何证明这个项目值得做、必须做、可以做？</div>
</div>",辨析卡,A,3,上午选择,立项管理,T-FEA-001,立项管理：项目建议书、可行性研究与项目论证,SRC-T-FEA-001-0001,topic_learning_packages/topics/03_立项管理/T-FEA-001_专题学习包_立项管理项目建议书可行性研究与项目论证.md,立项管理：项目建议书、可行性研究与项目论证,"T-FEA-001｜立项管理：项目建议书、可行性研究与项目论证 本专题用于学习""项目立项管理""的核心内容：项目建议书、可行性研究（内容与七步法）、机会研究与初步/详细可研、项目论证与项目评估、投资估算与经济评价基础。它们围绕一个核心问题展开：在项目正式启动之前，如何证明这个项目值得做、必须做、可以做？",,,,,,,,,,sha256:5c5b965395a33b92e07c8c24,ruankao ruankao::anki_build::20260520_223914 ruankao::difficulty::3 ruankao::domain::立项管理 ruankao::exam_use::上午选择 ruankao::importance::A ruankao::source_grounded ruankao::topic ruankao::topic::T-FEA-001 ruankao::type::辨析卡,100,final,通过内容、来源和工程门禁
软考::系统集成项目管理工程师::专题学习::03_立项管理::T-FEA-001_立项管理_项目建议书、可行性研究与项目论证,RuankaoTopicCard,可行性研究通常从哪些维度判断项目是否值得做？,"<div class=""answer-block"">
<div class=""section-title"">【答案】</div>
<div>从技术、经济、社会/组织、运行维护等维度综合判断项目是否具备立项条件。</div>
</div>","<div class=""extra"">
<div class=""section-title"">【理解】</div>
<div>从技术、经济、社会/组织、运行维护等维度综合判断项目是否具备立项条件。。这张卡来自源材料中的具体段落，用于把讲义内容改写为可回忆判断。</div>
<div class=""section-title"">【记忆线索】</div>
<div>抓住题干中的对象、动作和输出，不背整段讲义。</div>
<div class=""section-title"">【易错点】</div>
<div>不要把可行性研究当作项目管理计划；它服务立项决策。</div>
<div class=""section-title"">【题干信号】</div>
<div>可行性</div>
<div class=""section-title"">【关联专题】</div>
<div>T-FEA-001 立项管理：项目建议书、可行性研究与项目论证</div>
<div class=""section-title"">【来源】</div>
<div>SRC-T-FEA-001-0001：立项管理：项目建议书、可行性研究与项目论证；T-FEA-001｜立项管理：项目建议书、可行性研究与项目论证 本专题用于学习&quot;项目立项管理&quot;的核心内容：项目建议书、可行性研究（内容与七步法）、机会研究与初步/详细可研、项目论证与项目评估、投资估算与经济评价基础。它们围绕一个核心问题展开：在项目正式启动之前，如何证明这个项目值得做、必须做、可以做？</div>
</div>",概念卡,A,2,上午选择,立项管理,T-FEA-001,立项管理：项目建议书、可行性研究与项目论证,SRC-T-FEA-001-0001,topic_learning_packages/topics/03_立项管理/T-FEA-001_专题学习包_立项管理项目建议书可行性研究与项目论证.md,立项管理：项目建议书、可行性研究与项目论证,"T-FEA-001｜立项管理：项目建议书、可行性研究与项目论证 本专题用于学习""项目立项管理""的核心内容：项目建议书、可行性研究（内容与七步法）、机会研究与初步/详细可研、项目论证与项目评估、投资估算与经济评价基础。它们围绕一个核心问题展开：在项目正式启动之前，如何证明这个项目值得做、必须做、可以做？",,,,,,,,,,sha256:9fc79e5097ca34c68663f52e,ruankao ruankao::anki_build::20260520_223914 ruankao::difficulty::2 ruankao::domain::立项管理 ruankao::exam_use::上午选择 ruankao::importance::A ruankao::source_grounded ruankao::topic ruankao::topic::T-FEA-001 ruankao::type::概念卡,100,final,通过内容、来源和工程门禁
软考::系统集成项目管理工程师::专题学习::03_立项管理::T-FEA-001_立项管理_项目建议书、可行性研究与项目论证,RuankaoTopicCard,项目论证和项目评估的核心区别是什么？,"<div class=""answer-block"">
<div class=""section-title"">【答案】</div>
<div>项目论证偏证明项目方案可行；项目评估偏独立审查、评价和把关论证结论。</div>
</div>","<div class=""extra"">
<div class=""section-title"">【理解】</div>
<div>项目论证偏证明项目方案可行；项目评估偏独立审查、评价和把关论证结论。。这张卡来自源材料中的具体段落，用于把讲义内容改写为可回忆判断。</div>
<div class=""section-title"">【记忆线索】</div>
<div>先判断对象、责任主体、时间点和输出物，再排除张冠李戴的选项。</div>
<div class=""section-title"">【易错点】</div>
<div>避免把相邻概念按字面相似性混用。</div>
<div class=""section-title"">【题干信号】</div>
<div>论证、评估</div>
<div class=""section-title"">【关联专题】</div>
<div>T-FEA-001 立项管理：项目建议书、可行性研究与项目论证</div>
<div class=""section-title"">【来源】</div>
<div>SRC-T-FEA-001-0001：立项管理：项目建议书、可行性研究与项目论证；T-FEA-001｜立项管理：项目建议书、可行性研究与项目论证 本专题用于学习&quot;项目立项管理&quot;的核心内容：项目建议书、可行性研究（内容与七步法）、机会研究与初步/详细可研、项目论证与项目评估、投资估算与经济评价基础。它们围绕一个核心问题展开：在项目正式启动之前，如何证明这个项目值得做、必须做、可以做？</div>
</div>",辨析卡,A,3,上午选择,立项管理,T-FEA-001,立项管理：项目建议书、可行性研究与项目论证,SRC-T-FEA-001-0001,topic_learning_packages/topics/03_立项管理/T-FEA-001_专题学习包_立项管理项目建议书可行性研究与项目论证.md,立项管理：项目建议书、可行性研究与项目论证,"T-FEA-001｜立项管理：项目建议书、可行性研究与项目论证 本专题用于学习""项目立项管理""的核心内容：项目建议书、可行性研究（内容与七步法）、机会研究与初步/详细可研、项目论证与项目评估、投资估算与经济评价基础。它们围绕一个核心问题展开：在项目正式启动之前，如何证明这个项目值得做、必须做、可以做？",,,,,,,,,,sha256:bcff0835b1f1901b0d43b112,ruankao ruankao::anki_build::20260520_223914 ruankao::difficulty::3 ruankao::domain::立项管理 ruankao::exam_use::上午选择 ruankao::importance::A ruankao::source_grounded ruankao::topic ruankao::topic::T-FEA-001 ruankao::type::辨析卡,100,final,通过内容、来源和工程门禁
软考::系统集成项目管理工程师::专题学习::03_立项管理::T-FEA-001_立项管理_项目建议书、可行性研究与项目论证,RuankaoTopicCard,题干出现哪些信号时，应优先想到可行性研究？,"<div class=""answer-block"">
<div class=""section-title"">【答案】</div>
<div>是否值得投资、技术/经济/社会条件分析、方案比较、投资估算、效益分析、风险分析、立项决策依据。</div>
</div>","<div class=""extra"">
<div class=""section-title"">【理解】</div>
<div>是否值得投资、技术/经济/社会条件分析、方案比较、投资估算、效益分析、风险分析、立项决策依据。。这张卡来自源材料中的具体段落，用于把讲义内容改写为可回忆判断。</div>
<div class=""section-title"">【记忆线索】</div>
<div>抓住题干中的对象、动作和输出，不背整段讲义。</div>
<div class=""section-title"">【易错点】</div>
<div>不要把可行性研究当作项目管理计划；它服务立项决策。</div>
<div class=""section-title"">【题干信号】</div>
<div>风险、可行性</div>
<div class=""section-title"">【关联专题】</div>
<div>T-FEA-001 立项管理：项目建议书、可行性研究与项目论证；T-INT-002</div>
<div class=""section-title"">【来源】</div>
<div>SRC-T-FEA-001-0001：立项管理：项目建议书、可行性研究与项目论证；T-FEA-001｜立项管理：项目建议书、可行性研究与项目论证 本专题用于学习&quot;项目立项管理&quot;的核心内容：项目建议书、可行性研究（内容与七步法）、机会研究与初步/详细可研、项目论证与项目评估、投资估算与经济评价基础。它们围绕一个核心问题展开：在项目正式启动之前，如何证明这个项目值得做、必须做、可以做？</div>
</div>",关键词识别卡,A,3,上午选择,立项管理,T-FEA-001,立项管理：项目建议书、可行性研究与项目论证,SRC-T-FEA-001-0001,topic_learning_packages/topics/03_立项管理/T-FEA-001_专题学习包_立项管理项目建议书可行性研究与项目论证.md,立项管理：项目建议书、可行性研究与项目论证,"T-FEA-001｜立项管理：项目建议书、可行性研究与项目论证 本专题用于学习""项目立项管理""的核心内容：项目建议书、可行性研究（内容与七步法）、机会研究与初步/详细可研、项目论证与项目评估、投资估算与经济评价基础。它们围绕一个核心问题展开：在项目正式启动之前，如何证明这个项目值得做、必须做、可以做？",,T-INT-002,,,,,,,,sha256:7ec6448e118f4a098dd8b46f,ruankao ruankao::anki_build::20260520_223914 ruankao::difficulty::3 ruankao::domain::立项管理 ruankao::exam_use::上午选择 ruankao::importance::A ruankao::source_grounded ruankao::topic ruankao::topic::T-FEA-001 ruankao::type::关键词识别卡,100,final,通过内容、来源和工程门禁
软考::系统集成项目管理工程师::专题学习::03_立项管理::T-FEA-001_立项管理_项目建议书、可行性研究与项目论证,RuankaoTopicCard,立项不足类案例通常有哪些表现？,"<div class=""answer-block"">
<div class=""section-title"">【答案】</div>
<div>缺少充分可行性研究、论证评估不足、投资估算粗糙、风险识别不足、需求和建设目标不清。</div>
</div>","<div class=""extra"">
<div class=""section-title"">【理解】</div>
<div>缺少充分可行性研究、论证评估不足、投资估算粗糙、风险识别不足、需求和建设目标不清。。这张卡来自源材料中的具体段落，用于把讲义内容改写为可回忆判断。</div>
<div class=""section-title"">【记忆线索】</div>
<div>抓住题干中的对象、动作和输出，不背整段讲义。</div>
<div class=""section-title"">【易错点】</div>
<div>避免把相邻概念按字面相似性混用。</div>
<div class=""section-title"">【题干信号】</div>
<div>风险、可行性、论证、评估</div>
<div class=""section-title"">【关联专题】</div>
<div>T-FEA-001 立项管理：项目建议书、可行性研究与项目论证；T-CASE-001</div>
<div class=""section-title"">【来源】</div>
<div>SRC-T-FEA-001-0001：立项管理：项目建议书、可行性研究与项目论证；T-FEA-001｜立项管理：项目建议书、可行性研究与项目论证 本专题用于学习&quot;项目立项管理&quot;的核心内容：项目建议书、可行性研究（内容与七步法）、机会研究与初步/详细可研、项目论证与项目评估、投资估算与经济评价基础。它们围绕一个核心问题展开：在项目正式启动之前，如何证明这个项目值得做、必须做、可以做？</div>
</div>",案例模板卡,A,3,下午案例,立项管理,T-FEA-001,立项管理：项目建议书、可行性研究与项目论证,SRC-T-FEA-001-0001,topic_learning_packages/topics/03_立项管理/T-FEA-001_专题学习包_立项管理项目建议书可行性研究与项目论证.md,立项管理：项目建议书、可行性研究与项目论证,"T-FEA-001｜立项管理：项目建议书、可行性研究与项目论证 本专题用于学习""项目立项管理""的核心内容：项目建议书、可行性研究（内容与七步法）、机会研究与初步/详细可研、项目论证与项目评估、投资估算与经济评价基础。它们围绕一个核心问题展开：在项目正式启动之前，如何证明这个项目值得做、必须做、可以做？",,T-CASE-001,,,,,,,,sha256:00ff66f87373bf1f33c35386,ruankao ruankao::anki_build::20260520_223914 ruankao::difficulty::3 ruankao::domain::立项管理 ruankao::exam_use::下午案例 ruankao::importance::A ruankao::source_grounded ruankao::topic ruankao::topic::T-FEA-001 ruankao::type::案例模板卡,100,final,通过内容、来源和工程门禁
软考::系统集成项目管理工程师::专题学习::03_立项管理::T-FEA-001_立项管理_项目建议书、可行性研究与项目论证,RuankaoTopicCard,立项阶段的输出通常服务于什么决策？,"<div class=""answer-block"">
<div class=""section-title"">【答案】</div>
<div>服务于是否批准项目、是否进入后续研究或正式启动的投资与建设决策。</div>
</div>","<div class=""extra"">
<div class=""section-title"">【理解】</div>
<div>服务于是否批准项目、是否进入后续研究或正式启动的投资与建设决策。。这张卡来自源材料中的具体段落，用于把讲义内容改写为可回忆判断。</div>
<div class=""section-title"">【记忆线索】</div>
<div>抓住题干中的对象、动作和输出，不背整段讲义。</div>
<div class=""section-title"">【易错点】</div>
<div>避免把相邻概念按字面相似性混用。</div>
<div class=""section-title"">【题干信号】</div>
<div>定义识别、场景判断、角色/流程边界。</div>
<div class=""section-title"">【关联专题】</div>
<div>T-FEA-001 立项管理：项目建议书、可行性研究与项目论证</div>
<div class=""section-title"">【来源】</div>
<div>SRC-T-FEA-001-0001：立项管理：项目建议书、可行性研究与项目论证；T-FEA-001｜立项管理：项目建议书、可行性研究与项目论证 本专题用于学习&quot;项目立项管理&quot;的核心内容：项目建议书、可行性研究（内容与七步法）、机会研究与初步/详细可研、项目论证与项目评估、投资估算与经济评价基础。它们围绕一个核心问题展开：在项目正式启动之前，如何证明这个项目值得做、必须做、可以做？</div>
</div>",概念卡,B,2,上午选择,立项管理,T-FEA-001,立项管理：项目建议书、可行性研究与项目论证,SRC-T-FEA-001-0001,topic_learning_packages/topics/03_立项管理/T-FEA-001_专题学习包_立项管理项目建议书可行性研究与项目论证.md,立项管理：项目建议书、可行性研究与项目论证,"T-FEA-001｜立项管理：项目建议书、可行性研究与项目论证 本专题用于学习""项目立项管理""的核心内容：项目建议书、可行性研究（内容与七步法）、机会研究与初步/详细可研、项目论证与项目评估、投资估算与经济评价基础。它们围绕一个核心问题展开：在项目正式启动之前，如何证明这个项目值得做、必须做、可以做？",,,,,,,,,,sha256:dcb3add23b3c9d4a5af31e99,ruankao ruankao::anki_build::20260520_223914 ruankao::difficulty::2 ruankao::domain::立项管理 ruankao::exam_use::上午选择 ruankao::importance::B ruankao::source_grounded ruankao::topic ruankao::topic::T-FEA-001 ruankao::type::概念卡,100,final,通过内容、来源和工程门禁
软考::系统集成项目管理工程师::专题学习::04_整体管理::T-CLOSE-001_项目收尾_管理收尾、合同收尾与验收,RuankaoTopicCard,遇到项目收尾场景时，处理流程是什么？,"<div class=""answer-block"">
<div class=""section-title"">【答案】</div>
<div>T-CLOSE-001｜项目收尾：管理收尾、合同收尾与验收 本专题用于学习&quot;项目收尾管理&quot;中最容易出辨析题和流程题的核心内容：管理收尾（行政收尾）与合同收尾的区别、验收与移交、经验教训总结、项目档案归档、资源释放、收尾过程的输入输出。它们不是&quot;项目做完了签个字&quot;这么简单，而是围绕一个核心问题展开：如何确保项目的结束不是&quot;人去楼空&quot;，而是有序、完整、可追溯的正式关闭？</div>
</div>","<div class=""extra"">
<div class=""section-title"">【理解】</div>
<div>T-CLOSE-001｜项目收尾：管理收尾、合同收尾与验收 本专题用于学习&quot;项目收尾管理&quot;中最容易出辨析题和流程题的核心内容：管理收尾（行政收尾）与合同收尾的区别、验收与移交、经验教训总结、项目档案归档、资源释放、收尾过程的输入输出。它们不是&quot;项目做完了签个字&quot;这么简单，而是围绕一个核心问题展开：如何确保项目的结束不是&quot;人去楼空&quot;，而是有序、完整、可追溯的正式关闭？。这张卡来自源材料中的具体段落，用于把讲义内容改写为可回忆判断。</div>
<div class=""section-title"">【记忆线索】</div>
<div>按“先记录/识别，再分析，再批准/执行，最后更新和沟通”的管理链回忆。</div>
<div class=""section-title"">【易错点】</div>
<div>避免把相邻概念按字面相似性混用。</div>
<div class=""section-title"">【题干信号】</div>
<div>验收、问题、合同</div>
<div class=""section-title"">【关联专题】</div>
<div>T-CLOSE-001 项目收尾：管理收尾、合同收尾与验收</div>
<div class=""section-title"">【来源】</div>
<div>SRC-T-CLOSE-001-0001：项目收尾：管理收尾、合同收尾与验收；T-CLOSE-001｜项目收尾：管理收尾、合同收尾与验收 本专题用于学习&quot;项目收尾管理&quot;中最容易出辨析题和流程题的核心内容：管理收尾（行政收尾）与合同收尾的区别、验收与移交、经验教训总结、项目档案归档、资源释放、收尾过程的输入输出。它们不是&quot;项目做完了签个字&quot;这么简单，而是围绕一个核心问题展开：如何确保项目的结束不是</div>
</div>",流程卡,B,3,上午选择,整体管理,T-CLOSE-001,项目收尾：管理收尾、合同收尾与验收,SRC-T-CLOSE-001-0001,topic_learning_packages/topics/04_整体管理/T-CLOSE-001_专题学习包_项目收尾管理收尾合同收尾与验收.md,项目收尾：管理收尾、合同收尾与验收,"T-CLOSE-001｜项目收尾：管理收尾、合同收尾与验收 本专题用于学习""项目收尾管理""中最容易出辨析题和流程题的核心内容：管理收尾（行政收尾）与合同收尾的区别、验收与移交、经验教训总结、项目档案归档、资源释放、收尾过程的输入输出。它们不是""项目做完了签个字""这么简单，而是围绕一个核心问题展开：如何确保项目的结束不是""人去楼空""，而是有序、完整、可追溯的正式关闭？",,,,,,,,,,sha256:c049a8dd4addd638b6150390,ruankao ruankao::anki_build::20260520_223914 ruankao::difficulty::3 ruankao::domain::整体管理 ruankao::exam_use::上午选择 ruankao::importance::B ruankao::source_grounded ruankao::topic ruankao::topic::T-CLOSE-001 ruankao::type::流程卡,100,final,通过内容、来源和工程门禁
软考::系统集成项目管理工程师::专题学习::04_整体管理::T-CLOSE-001_项目收尾_管理收尾、合同收尾与验收,RuankaoTopicCard,项目收尾相关公式或计算判断规则是什么？,"<div class=""answer-block"">
<div class=""section-title"">【答案】</div>
<div>先看这个专题的主线 收尾管理最容易被轻视——选择题总觉得&quot;收尾没什么可考的&quot;，案例题也经常漏掉收尾环节。但实际上收尾有一组固定的辨析考点：管理收尾 vs 合同收尾、收尾 vs PDCA 的 Act、验收 vs 确认范围。</div>
</div>","<div class=""extra"">
<div class=""section-title"">【理解】</div>
<div>先看这个专题的主线 收尾管理最容易被轻视——选择题总觉得&quot;收尾没什么可考的&quot;，案例题也经常漏掉收尾环节。但实际上收尾有一组固定的辨析考点：管理收尾 vs 合同收尾、收尾 vs PDCA 的 Act、验收 vs 确认范围。。这张卡来自源材料中的具体段落，用于把讲义内容改写为可回忆判断。</div>
<div class=""section-title"">【记忆线索】</div>
<div>先写公式，再代入数字，最后写文字判断。</div>
<div class=""section-title"">【易错点】</div>
<div>避免把相邻概念按字面相似性混用。</div>
<div class=""section-title"">【题干信号】</div>
<div>验收、合同</div>
<div class=""section-title"">【关联专题】</div>
<div>T-CLOSE-001 项目收尾：管理收尾、合同收尾与验收</div>
<div class=""section-title"">【来源】</div>
<div>SRC-T-CLOSE-001-0002：项目收尾：管理收尾、合同收尾与验收 &gt; 先看这个专题的主线；先看这个专题的主线 收尾管理最容易被轻视——选择题总觉得&quot;收尾没什么可考的&quot;，案例题也经常漏掉收尾环节。但实际上收尾有一组固定的辨析考点：管理收尾 vs 合同收尾、收尾 vs PDCA 的 Act、验收 vs 确认范围。</div>
</div>",公式卡,B,3,上午选择,整体管理,T-CLOSE-001,项目收尾：管理收尾、合同收尾与验收,SRC-T-CLOSE-001-0002,topic_learning_packages/topics/04_整体管理/T-CLOSE-001_专题学习包_项目收尾管理收尾合同收尾与验收.md,项目收尾：管理收尾、合同收尾与验收 > 先看这个专题的主线,"先看这个专题的主线 收尾管理最容易被轻视——选择题总觉得""收尾没什么可考的""，案例题也经常漏掉收尾环节。但实际上收尾有一组固定的辨析考点：管理收尾 vs 合同收尾、收尾 vs PDCA 的 Act、验收 vs 确认范围。",,,,,,,,,,sha256:414d300de0c08cf367c6c323,ruankao ruankao::anki_build::20260520_223914 ruankao::difficulty::3 ruankao::domain::整体管理 ruankao::exam_use::上午选择 ruankao::importance::B ruankao::source_grounded ruankao::topic ruankao::topic::T-CLOSE-001 ruankao::type::公式卡,100,final,通过内容、来源和工程门禁
软考::系统集成项目管理工程师::专题学习::04_整体管理::T-CLOSE-001_项目收尾_管理收尾、合同收尾与验收,RuankaoTopicCard,管理收尾 vs 合同收尾的核心区别或边界是什么？,"<div class=""answer-block"">
<div class=""section-title"">【答案】</div>
<div>管理收尾 vs 合同收尾 [高频辨析｜管理收尾 vs 合同收尾] 管理收尾（行政收尾）：项目或阶段结束时的全面收尾活动。包括：获得最终验收、移交成果、总结经验教训、归档文件、释放资源。</div>
</div>","<div class=""extra"">
<div class=""section-title"">【理解】</div>
<div>管理收尾 vs 合同收尾 [高频辨析｜管理收尾 vs 合同收尾] 管理收尾（行政收尾）：项目或阶段结束时的全面收尾活动。包括：获得最终验收、移交成果、总结经验教训、归档文件、释放资源。。这张卡来自源材料中的具体段落，用于把讲义内容改写为可回忆判断。</div>
<div class=""section-title"">【记忆线索】</div>
<div>先判断对象、责任主体、时间点和输出物，再排除张冠李戴的选项。</div>
<div class=""section-title"">【易错点】</div>
<div>避免把相邻概念按字面相似性混用。</div>
<div class=""section-title"">【题干信号】</div>
<div>验收、合同</div>
<div class=""section-title"">【关联专题】</div>
<div>T-CLOSE-001 项目收尾：管理收尾、合同收尾与验收</div>
<div class=""section-title"">【来源】</div>
<div>SRC-T-CLOSE-001-0003：项目收尾：管理收尾、合同收尾与验收 &gt; 管理收尾 vs 合同收尾；管理收尾 vs 合同收尾 [高频辨析｜管理收尾 vs 合同收尾] 管理收尾（行政收尾）：项目或阶段结束时的全面收尾活动。包括：获得最终验收、移交成果、总结经验教训、归档文件、释放资源。</div>
</div>",辨析卡,B,3,上午选择,整体管理,T-CLOSE-001,项目收尾：管理收尾、合同收尾与验收,SRC-T-CLOSE-001-0003,topic_learning_packages/topics/04_整体管理/T-CLOSE-001_专题学习包_项目收尾管理收尾合同收尾与验收.md,项目收尾：管理收尾、合同收尾与验收 > 管理收尾 vs 合同收尾,管理收尾 vs 合同收尾 [高频辨析｜管理收尾 vs 合同收尾] 管理收尾（行政收尾）：项目或阶段结束时的全面收尾活动。包括：获得最终验收、移交成果、总结经验教训、归档文件、释放资源。,,,,,,,,,,sha256:bf5803909f3169ec6ddc3d65,ruankao ruankao::anki_build::20260520_223914 ruankao::difficulty::3 ruankao::domain::整体管理 ruankao::exam_use::上午选择 ruankao::importance::B ruankao::source_grounded ruankao::topic ruankao::topic::T-CLOSE-001 ruankao::type::辨析卡,100,final,通过内容、来源和工程门禁
软考::系统集成项目管理工程师::专题学习::04_整体管理::T-CLOSE-001_项目收尾_管理收尾、合同收尾与验收,RuankaoTopicCard,验收与确认范围的关系的核心区别或边界是什么？,"<div class=""answer-block"">
<div class=""section-title"">【答案】</div>
<div>验收与确认范围的关系 [辨析｜验收 vs 确认范围] 确认范围（监控过程组）：过程中对已完成可交付成果的阶段性验收。发生在项目执行过程中，每个可交付成果完成后都可以做一次确认范围。</div>
</div>","<div class=""extra"">
<div class=""section-title"">【理解】</div>
<div>验收与确认范围的关系 [辨析｜验收 vs 确认范围] 确认范围（监控过程组）：过程中对已完成可交付成果的阶段性验收。发生在项目执行过程中，每个可交付成果完成后都可以做一次确认范围。。这张卡来自源材料中的具体段落，用于把讲义内容改写为可回忆判断。</div>
<div class=""section-title"">【记忆线索】</div>
<div>先判断对象、责任主体、时间点和输出物，再排除张冠李戴的选项。</div>
<div class=""section-title"">【易错点】</div>
<div>避免把相邻概念按字面相似性混用。</div>
<div class=""section-title"">【题干信号】</div>
<div>验收</div>
<div class=""section-title"">【关联专题】</div>
<div>T-CLOSE-001 项目收尾：管理收尾、合同收尾与验收</div>
<div class=""section-title"">【来源】</div>
<div>SRC-T-CLOSE-001-0004：项目收尾：管理收尾、合同收尾与验收 &gt; 验收与确认范围的关系；验收与确认范围的关系 [辨析｜验收 vs 确认范围] 确认范围（监控过程组）：过程中对已完成可交付成果的阶段性验收。发生在项目执行过程中，每个可交付成果完成后都可以做一次确认范围。</div>
</div>",辨析卡,B,3,上午选择,整体管理,T-CLOSE-001,项目收尾：管理收尾、合同收尾与验收,SRC-T-CLOSE-001-0004,topic_learning_packages/topics/04_整体管理/T-CLOSE-001_专题学习包_项目收尾管理收尾合同收尾与验收.md,项目收尾：管理收尾、合同收尾与验收 > 验收与确认范围的关系,验收与确认范围的关系 [辨析｜验收 vs 确认范围] 确认范围（监控过程组）：过程中对已完成可交付成果的阶段性验收。发生在项目执行过程中，每个可交付成果完成后都可以做一次确认范围。,,,,,,,,,,sha256:538aa3482c7b52561c482508,ruankao ruankao::anki_build::20260520_223914 ruankao::difficulty::3 ruankao::domain::整体管理 ruankao::exam_use::上午选择 ruankao::importance::B ruankao::source_grounded ruankao::topic ruankao::topic::T-CLOSE-001 ruankao::type::辨析卡,100,final,通过内容、来源和工程门禁
软考::系统集成项目管理工程师::专题学习::04_整体管理::T-CLOSE-001_项目收尾_管理收尾、合同收尾与验收,RuankaoTopicCard,遇到典型题详解与举一反三场景时，处理流程是什么？,"<div class=""answer-block"">
<div class=""section-title"">【答案】</div>
<div>典型题详解与举一反三 例题 1｜收尾顺序 项目进入收尾阶段，以下哪个顺序是正确的？ A. 管理收尾 → 合同收尾 B. 合同收尾 → 管理收尾 C. 两者同时进行 D. 不分先后 正确答案是 B。</div>
</div>","<div class=""extra"">
<div class=""section-title"">【理解】</div>
<div>典型题详解与举一反三 例题 1｜收尾顺序 项目进入收尾阶段，以下哪个顺序是正确的？ A. 管理收尾 → 合同收尾 B. 合同收尾 → 管理收尾 C. 两者同时进行 D. 不分先后 正确答案是 B。。这张卡来自源材料中的具体段落，用于把讲义内容改写为可回忆判断。</div>
<div class=""section-title"">【记忆线索】</div>
<div>按“先记录/识别，再分析，再批准/执行，最后更新和沟通”的管理链回忆。</div>
<div class=""section-title"">【易错点】</div>
<div>避免把相邻概念按字面相似性混用。</div>
<div class=""section-title"">【题干信号】</div>
<div>合同</div>
<div class=""section-title"">【关联专题】</div>
<div>T-CLOSE-001 项目收尾：管理收尾、合同收尾与验收</div>
<div class=""section-title"">【来源】</div>
<div>SRC-T-CLOSE-001-0005：项目收尾：管理收尾、合同收尾与验收 &gt; 典型题详解与举一反三；典型题详解与举一反三 例题 1｜收尾顺序 项目进入收尾阶段，以下哪个顺序是正确的？ A. 管理收尾 → 合同收尾 B. 合同收尾 → 管理收尾 C. 两者同时进行 D. 不分先后 正确答案是 B。</div>
</div>",流程卡,B,3,上午选择,整体管理,T-CLOSE-001,项目收尾：管理收尾、合同收尾与验收,SRC-T-CLOSE-001-0005,topic_learning_packages/topics/04_整体管理/T-CLOSE-001_专题学习包_项目收尾管理收尾合同收尾与验收.md,项目收尾：管理收尾、合同收尾与验收 > 典型题详解与举一反三,典型题详解与举一反三 例题 1｜收尾顺序 项目进入收尾阶段，以下哪个顺序是正确的？ A. 管理收尾 → 合同收尾 B. 合同收尾 → 管理收尾 C. 两者同时进行 D. 不分先后 正确答案是 B。,,,,,,,,,,sha256:408de94575c3b4e4b5f2fdde,ruankao ruankao::anki_build::20260520_223914 ruankao::difficulty::3 ruankao::domain::整体管理 ruankao::exam_use::上午选择 ruankao::importance::B ruankao::source_grounded ruankao::topic ruankao::topic::T-CLOSE-001 ruankao::type::流程卡,100,final,通过内容、来源和工程门禁
软考::系统集成项目管理工程师::专题学习::04_整体管理::T-CLOSE-001_项目收尾_管理收尾、合同收尾与验收,RuankaoTopicCard,本轮真题覆盖增强类案例应从哪些角度分析？,"<div class=""answer-block"">
<div class=""section-title"">【答案】</div>
<div>本轮真题覆盖增强：验收、合同收尾与管理收尾 本节把 questions.full.clean.md 与既有真题映射中的高频考法反查回本专题。2019 下午合同案例和多类案例题都会追问验收、索赔、归档、经验教训，收尾不是“项目做完就散”。</div>
</div>","<div class=""extra"">
<div class=""section-title"">【理解】</div>
<div>本轮真题覆盖增强：验收、合同收尾与管理收尾 本节把 questions.full.clean.md 与既有真题映射中的高频考法反查回本专题。2019 下午合同案例和多类案例题都会追问验收、索赔、归档、经验教训，收尾不是“项目做完就散”。。这张卡来自源材料中的具体段落，用于把讲义内容改写为可回忆判断。</div>
<div class=""section-title"">【记忆线索】</div>
<div>抓住题干中的对象、动作和输出，不背整段讲义。</div>
<div class=""section-title"">【易错点】</div>
<div>避免把相邻概念按字面相似性混用。</div>
<div class=""section-title"">【题干信号】</div>
<div>验收、合同、索赔</div>
<div class=""section-title"">【关联专题】</div>
<div>T-CLOSE-001 项目收尾：管理收尾、合同收尾与验收</div>
<div class=""section-title"">【来源】</div>
<div>SRC-T-CLOSE-001-0006：项目收尾：管理收尾、合同收尾与验收 &gt; 本轮真题覆盖增强：验收、合同收尾与管理收尾；本轮真题覆盖增强：验收、合同收尾与管理收尾 本节把 questions.full.clean.md 与既有真题映射中的高频考法反查回本专题。2019 下午合同案例和多类案例题都会追问验收、索赔、归档、经验教训，收尾不是“项目做完就散”。</div>
</div>",案例模板卡,B,3,下午案例,整体管理,T-CLOSE-001,项目收尾：管理收尾、合同收尾与验收,SRC-T-CLOSE-001-0006,topic_learning_packages/topics/04_整体管理/T-CLOSE-001_专题学习包_项目收尾管理收尾合同收尾与验收.md,项目收尾：管理收尾、合同收尾与验收 > 本轮真题覆盖增强：验收、合同收尾与管理收尾,本轮真题覆盖增强：验收、合同收尾与管理收尾 本节把 questions.full.clean.md 与既有真题映射中的高频考法反查回本专题。2019 下午合同案例和多类案例题都会追问验收、索赔、归档、经验教训，收尾不是“项目做完就散”。,,,,,,,,,,sha256:12359a731ca4b3794625f42f,ruankao ruankao::anki_build::20260520_223914 ruankao::difficulty::3 ruankao::domain::整体管理 ruankao::exam_use::下午案例 ruankao::importance::B ruankao::source_grounded ruankao::topic ruankao::topic::T-CLOSE-001 ruankao::type::案例模板卡,100,final,通过内容、来源和工程门禁
软考::系统集成项目管理工程师::专题学习::04_整体管理::T-CLOSE-001_项目收尾_管理收尾、合同收尾与验收,RuankaoTopicCard,题干出现哪些信号时，应想到“项目收尾”？,"<div class=""answer-block"">
<div class=""section-title"">【答案】</div>
<div>围绕“项目收尾：管理收尾、合同收尾与验收”的对象、动作、输出物、责任主体和常见陷阱定位考点。</div>
</div>","<div class=""extra"">
<div class=""section-title"">【理解】</div>
<div>围绕“项目收尾：管理收尾、合同收尾与验收”的对象、动作、输出物、责任主体和常见陷阱定位考点。。这张卡来自源材料中的具体段落，用于把讲义内容改写为可回忆判断。</div>
<div class=""section-title"">【记忆线索】</div>
<div>抓住题干中的对象、动作和输出，不背整段讲义。</div>
<div class=""section-title"">【易错点】</div>
<div>避免把相邻概念按字面相似性混用。</div>
<div class=""section-title"">【题干信号】</div>
<div>验收、合同</div>
<div class=""section-title"">【关联专题】</div>
<div>T-CLOSE-001 项目收尾：管理收尾、合同收尾与验收</div>
<div class=""section-title"">【来源】</div>
<div>SRC-T-CLOSE-001-0001：项目收尾：管理收尾、合同收尾与验收；T-CLOSE-001｜项目收尾：管理收尾、合同收尾与验收 本专题用于学习&quot;项目收尾管理&quot;中最容易出辨析题和流程题的核心内容：管理收尾（行政收尾）与合同收尾的区别、验收与移交、经验教训总结、项目档案归档、资源释放、收尾过程的输入输出。它们不是&quot;项目做完了签个字&quot;这么简单，而是围绕一个核心问题展开：如何确保项目的结束不是</div>
</div>",关键词识别卡,B,3,上午选择,整体管理,T-CLOSE-001,项目收尾：管理收尾、合同收尾与验收,SRC-T-CLOSE-001-0001,topic_learning_packages/topics/04_整体管理/T-CLOSE-001_专题学习包_项目收尾管理收尾合同收尾与验收.md,项目收尾：管理收尾、合同收尾与验收,"T-CLOSE-001｜项目收尾：管理收尾、合同收尾与验收 本专题用于学习""项目收尾管理""中最容易出辨析题和流程题的核心内容：管理收尾（行政收尾）与合同收尾的区别、验收与移交、经验教训总结、项目档案归档、资源释放、收尾过程的输入输出。它们不是""项目做完了签个字""这么简单，而是围绕一个核心问题展开：如何确保项目的结束不是""人去楼空""，而是有序、完整、可追溯的正式关闭？",,,,,,,,,,sha256:0025bd242ab315f4946067cc,ruankao ruankao::anki_build::20260520_223914 ruankao::difficulty::3 ruankao::domain::整体管理 ruankao::exam_use::上午选择 ruankao::importance::B ruankao::source_grounded ruankao::topic ruankao::topic::T-CLOSE-001 ruankao::type::关键词识别卡,100,final,通过内容、来源和工程门禁
软考::系统集成项目管理工程师::专题学习::04_整体管理::T-CLOSE-001_项目收尾_管理收尾、合同收尾与验收,RuankaoTopicCard,项目收尾中，项目收尾的考试判断要点是什么？,"<div class=""answer-block"">
<div class=""section-title"">【答案】</div>
<div>先看这个专题的主线 收尾管理最容易被轻视——选择题总觉得&quot;收尾没什么可考的&quot;，案例题也经常漏掉收尾环节。但实际上收尾有一组固定的辨析考点：管理收尾 vs 合同收尾、收尾 vs PDCA 的 Act、验收 vs 确认范围。</div>
</div>","<div class=""extra"">
<div class=""section-title"">【理解】</div>
<div>先看这个专题的主线 收尾管理最容易被轻视——选择题总觉得&quot;收尾没什么可考的&quot;，案例题也经常漏掉收尾环节。但实际上收尾有一组固定的辨析考点：管理收尾 vs 合同收尾、收尾 vs PDCA 的 Act、验收 vs 确认范围。。这张卡来自源材料中的具体段落，用于把讲义内容改写为可回忆判断。</div>
<div class=""section-title"">【记忆线索】</div>
<div>抓住题干中的对象、动作和输出，不背整段讲义。</div>
<div class=""section-title"">【易错点】</div>
<div>避免把相邻概念按字面相似性混用。</div>
<div class=""section-title"">【题干信号】</div>
<div>验收、合同</div>
<div class=""section-title"">【关联专题】</div>
<div>T-CLOSE-001 项目收尾：管理收尾、合同收尾与验收</div>
<div class=""section-title"">【来源】</div>
<div>SRC-T-CLOSE-001-0002：项目收尾：管理收尾、合同收尾与验收 &gt; 先看这个专题的主线；先看这个专题的主线 收尾管理最容易被轻视——选择题总觉得&quot;收尾没什么可考的&quot;，案例题也经常漏掉收尾环节。但实际上收尾有一组固定的辨析考点：管理收尾 vs 合同收尾、收尾 vs PDCA 的 Act、验收 vs 确认范围。</div>
</div>",概念卡,C,3,上午选择,整体管理,T-CLOSE-001,项目收尾：管理收尾、合同收尾与验收,SRC-T-CLOSE-001-0002,topic_learning_packages/topics/04_整体管理/T-CLOSE-001_专题学习包_项目收尾管理收尾合同收尾与验收.md,项目收尾：管理收尾、合同收尾与验收 > 先看这个专题的主线,"先看这个专题的主线 收尾管理最容易被轻视——选择题总觉得""收尾没什么可考的""，案例题也经常漏掉收尾环节。但实际上收尾有一组固定的辨析考点：管理收尾 vs 合同收尾、收尾 vs PDCA 的 Act、验收 vs 确认范围。",,,,,,,,,,sha256:709f6086c950a55a5cc1c4e8,ruankao ruankao::anki_build::20260520_223914 ruankao::difficulty::3 ruankao::domain::整体管理 ruankao::exam_use::上午选择 ruankao::importance::C ruankao::source_grounded ruankao::topic ruankao::topic::T-CLOSE-001 ruankao::type::概念卡,84,final,通过内容、来源和工程门禁；源材料自动扩展卡，建议后续人工润色
软考::系统集成项目管理工程师::专题学习::04_整体管理::T-INT-002_项目章程、SOW、项目管理计划与基准体系,RuankaoTopicCard,项目章程、SOW、项目管理计划与基准体系的核心区别或边界是什么？,"<div class=""answer-block"">
<div class=""section-title"">【答案】</div>
<div>T-INT-002｜项目章程、SOW、项目管理计划与基准体系 本专题用于学习&quot;项目整体管理&quot;中定义项目起点和管理框架的一组核心内容：项目章程（内容、作用、发布者）、工作说明书 SOW、项目管理计划（总计划与子计划体系）、三大基准（范围/进度/成本基准）、章程与计划的关系与区别。它们不是独立文档，而是围绕一个核心问题展开：一个项目从&quot;被批准存在&quot;到&quot;有可执行的完整路线图&quot;，需要哪些关键文件？</div>
</div>","<div class=""extra"">
<div class=""section-title"">【理解】</div>
<div>T-INT-002｜项目章程、SOW、项目管理计划与基准体系 本专题用于学习&quot;项目整体管理&quot;中定义项目起点和管理框架的一组核心内容：项目章程（内容、作用、发布者）、工作说明书 SOW、项目管理计划（总计划与子计划体系）、三大基准（范围/进度/成本基准）、章程与计划的关系与区别。它们不是独立文档，而是围绕一个核心问题展开：一个项目从&quot;被批准存在&quot;到&quot;有可执行的完整路线图&quot;，需要哪些关键文件？。这张卡来自源材料中的具体段落，用于把讲义内容改写为可回忆判断。</div>
<div class=""section-title"">【记忆线索】</div>
<div>先判断对象、责任主体、时间点和输出物，再排除张冠李戴的选项。</div>
<div class=""section-title"">【易错点】</div>
<div>避免把相邻概念按字面相似性混用。</div>
<div class=""section-title"">【题干信号】</div>
<div>问题、章程</div>
<div class=""section-title"">【关联专题】</div>
<div>T-INT-002 项目章程、SOW、项目管理计划与基准体系</div>
<div class=""section-title"">【来源】</div>
<div>SRC-T-INT-002-0001：项目章程、SOW、项目管理计划与基准体系；T-INT-002｜项目章程、SOW、项目管理计划与基准体系 本专题用于学习&quot;项目整体管理&quot;中定义项目起点和管理框架的一组核心内容：项目章程（内容、作用、发布者）、工作说明书 SOW、项目管理计划（总计划与子计划体系）、三大基准（范围/进度/成本基准）、章程与计划的关系与区别。它们不是独立文档，而是围绕一个核心问题展开</div>
</div>",辨析卡,B,3,上午选择,整体管理,T-INT-002,项目章程、SOW、项目管理计划与基准体系,SRC-T-INT-002-0001,topic_learning_packages/topics/04_整体管理/T-INT-002_专题学习包_项目章程SOW项目管理计划与基准关系.md,项目章程、SOW、项目管理计划与基准体系,"T-INT-002｜项目章程、SOW、项目管理计划与基准体系 本专题用于学习""项目整体管理""中定义项目起点和管理框架的一组核心内容：项目章程（内容、作用、发布者）、工作说明书 SOW、项目管理计划（总计划与子计划体系）、三大基准（范围/进度/成本基准）、章程与计划的关系与区别。它们不是独立文档，而是围绕一个核心问题展开：一个项目从""被批准存在""到""有可执行的完整路线图""，需要哪些关键文件？",,,,,,,,,,sha256:ee95edf7b03bed706783077f,ruankao ruankao::anki_build::20260520_223914 ruankao::difficulty::3 ruankao::domain::整体管理 ruankao::exam_use::上午选择 ruankao::importance::B ruankao::source_grounded ruankao::topic ruankao::topic::T-INT-002 ruankao::type::辨析卡,100,final,通过内容、来源和工程门禁
软考::系统集成项目管理工程师::专题学习::04_整体管理::T-INT-002_项目章程、SOW、项目管理计划与基准体系,RuankaoTopicCard,项目章程的考试要点是什么？,"<div class=""answer-block"">
<div class=""section-title"">【答案】</div>
<div>项目章程：项目的&quot;出生证&quot; [定义｜项目章程] 项目章程是正式批准项目存在、授权项目经理动用组织资源开展项目活动的文件。由发起人（或项目以外的管理层）发布，是项目的起点。</div>
</div>","<div class=""extra"">
<div class=""section-title"">【理解】</div>
<div>项目章程：项目的&quot;出生证&quot; [定义｜项目章程] 项目章程是正式批准项目存在、授权项目经理动用组织资源开展项目活动的文件。由发起人（或项目以外的管理层）发布，是项目的起点。。这张卡来自源材料中的具体段落，用于把讲义内容改写为可回忆判断。</div>
<div class=""section-title"">【记忆线索】</div>
<div>抓住题干中的对象、动作和输出，不背整段讲义。</div>
<div class=""section-title"">【易错点】</div>
<div>避免把相邻概念按字面相似性混用。</div>
<div class=""section-title"">【题干信号】</div>
<div>章程</div>
<div class=""section-title"">【关联专题】</div>
<div>T-INT-002 项目章程、SOW、项目管理计划与基准体系</div>
<div class=""section-title"">【来源】</div>
<div>SRC-T-INT-002-0003：项目章程、SOW、项目管理计划与基准体系 &gt; 项目章程：项目的&quot;出生证&quot;；项目章程：项目的&quot;出生证&quot; [定义｜项目章程] 项目章程是正式批准项目存在、授权项目经理动用组织资源开展项目活动的文件。由发起人（或项目以外的管理层）发布，是项目的起点。</div>
</div>",概念卡,B,3,上午选择,整体管理,T-INT-002,项目章程、SOW、项目管理计划与基准体系,SRC-T-INT-002-0003,topic_learning_packages/topics/04_整体管理/T-INT-002_专题学习包_项目章程SOW项目管理计划与基准关系.md,"项目章程、SOW、项目管理计划与基准体系 > 项目章程：项目的""出生证""","项目章程：项目的""出生证"" [定义｜项目章程] 项目章程是正式批准项目存在、授权项目经理动用组织资源开展项目活动的文件。由发起人（或项目以外的管理层）发布，是项目的起点。",,,,,,,,,,sha256:aa8f5dbc4d83480263499e37,ruankao ruankao::anki_build::20260520_223914 ruankao::difficulty::3 ruankao::domain::整体管理 ruankao::exam_use::上午选择 ruankao::importance::B ruankao::source_grounded ruankao::topic ruankao::topic::T-INT-002 ruankao::type::概念卡,100,final,通过内容、来源和工程门禁
软考::系统集成项目管理工程师::专题学习::04_整体管理::T-INT-002_项目章程、SOW、项目管理计划与基准体系,RuankaoTopicCard,工作说明书 SOW的考试要点是什么？,"<div class=""answer-block"">
<div class=""section-title"">【答案】</div>
<div>工作说明书 SOW [定义｜SOW] 工作说明书（Statement of Work）是对项目需交付的产品或服务的叙述性说明。它可以来自发起人、客户或其他干系人。</div>
</div>","<div class=""extra"">
<div class=""section-title"">【理解】</div>
<div>工作说明书 SOW [定义｜SOW] 工作说明书（Statement of Work）是对项目需交付的产品或服务的叙述性说明。它可以来自发起人、客户或其他干系人。。这张卡来自源材料中的具体段落，用于把讲义内容改写为可回忆判断。</div>
<div class=""section-title"">【记忆线索】</div>
<div>抓住题干中的对象、动作和输出，不背整段讲义。</div>
<div class=""section-title"">【易错点】</div>
<div>避免把相邻概念按字面相似性混用。</div>
<div class=""section-title"">【题干信号】</div>
<div>干系人</div>
<div class=""section-title"">【关联专题】</div>
<div>T-INT-002 项目章程、SOW、项目管理计划与基准体系</div>
<div class=""section-title"">【来源】</div>
<div>SRC-T-INT-002-0004：项目章程、SOW、项目管理计划与基准体系 &gt; 工作说明书 SOW；工作说明书 SOW [定义｜SOW] 工作说明书（Statement of Work）是对项目需交付的产品或服务的叙述性说明。它可以来自发起人、客户或其他干系人。</div>
</div>",概念卡,B,3,上午选择,整体管理,T-INT-002,项目章程、SOW、项目管理计划与基准体系,SRC-T-INT-002-0004,topic_learning_packages/topics/04_整体管理/T-INT-002_专题学习包_项目章程SOW项目管理计划与基准关系.md,项目章程、SOW、项目管理计划与基准体系 > 工作说明书 SOW,工作说明书 SOW [定义｜SOW] 工作说明书（Statement of Work）是对项目需交付的产品或服务的叙述性说明。它可以来自发起人、客户或其他干系人。,,,,,,,,,,sha256:80765e2e71b48ded6858b500,ruankao ruankao::anki_build::20260520_223914 ruankao::difficulty::3 ruankao::domain::整体管理 ruankao::exam_use::上午选择 ruankao::importance::B ruankao::source_grounded ruankao::topic ruankao::topic::T-INT-002 ruankao::type::概念卡,100,final,通过内容、来源和工程门禁
软考::系统集成项目管理工程师::专题学习::04_整体管理::T-INT-002_项目章程、SOW、项目管理计划与基准体系,RuankaoTopicCard,项目管理计划的考试要点是什么？,"<div class=""answer-block"">
<div class=""section-title"">【答案】</div>
<div>项目管理计划：项目的&quot;操作手册&quot; [定义｜项目管理计划] 项目管理计划是说明项目将如何执行、监督和控制的文件。它整合了所有子管理计划和基准，由项目经理领导制定，是项目工作的总指南。</div>
</div>","<div class=""extra"">
<div class=""section-title"">【理解】</div>
<div>项目管理计划：项目的&quot;操作手册&quot; [定义｜项目管理计划] 项目管理计划是说明项目将如何执行、监督和控制的文件。它整合了所有子管理计划和基准，由项目经理领导制定，是项目工作的总指南。。这张卡来自源材料中的具体段落，用于把讲义内容改写为可回忆判断。</div>
<div class=""section-title"">【记忆线索】</div>
<div>抓住题干中的对象、动作和输出，不背整段讲义。</div>
<div class=""section-title"">【易错点】</div>
<div>避免把相邻概念按字面相似性混用。</div>
<div class=""section-title"">【题干信号】</div>
<div>定义识别、场景判断、角色/流程边界。</div>
<div class=""section-title"">【关联专题】</div>
<div>T-INT-002 项目章程、SOW、项目管理计划与基准体系</div>
<div class=""section-title"">【来源】</div>
<div>SRC-T-INT-002-0005：项目章程、SOW、项目管理计划与基准体系 &gt; 项目管理计划：项目的&quot;操作手册&quot;；项目管理计划：项目的&quot;操作手册&quot; [定义｜项目管理计划] 项目管理计划是说明项目将如何执行、监督和控制的文件。它整合了所有子管理计划和基准，由项目经理领导制定，是项目工作的总指南。</div>
</div>",概念卡,B,3,上午选择,整体管理,T-INT-002,项目章程、SOW、项目管理计划与基准体系,SRC-T-INT-002-0005,topic_learning_packages/topics/04_整体管理/T-INT-002_专题学习包_项目章程SOW项目管理计划与基准关系.md,"项目章程、SOW、项目管理计划与基准体系 > 项目管理计划：项目的""操作手册""","项目管理计划：项目的""操作手册"" [定义｜项目管理计划] 项目管理计划是说明项目将如何执行、监督和控制的文件。它整合了所有子管理计划和基准，由项目经理领导制定，是项目工作的总指南。",,,,,,,,,,sha256:c069d5aa78f6f29a8f822eac,ruankao ruankao::anki_build::20260520_223914 ruankao::difficulty::3 ruankao::domain::整体管理 ruankao::exam_use::上午选择 ruankao::importance::B ruankao::source_grounded ruankao::topic ruankao::topic::T-INT-002 ruankao::type::概念卡,100,final,通过内容、来源和工程门禁
软考::系统集成项目管理工程师::专题学习::04_整体管理::T-INT-002_项目章程、SOW、项目管理计划与基准体系,RuankaoTopicCard,三大基准的考试要点是什么？,"<div class=""answer-block"">
<div class=""section-title"">【答案】</div>
<div>三大基准 [概念组｜项目管理三大基准] 1. 范围基准：范围说明书 + WBS + WBS 词典。回答&quot;项目要交付什么&quot;。</div>
</div>","<div class=""extra"">
<div class=""section-title"">【理解】</div>
<div>三大基准 [概念组｜项目管理三大基准] 1. 范围基准：范围说明书 + WBS + WBS 词典。回答&quot;项目要交付什么&quot;。。这张卡来自源材料中的具体段落，用于把讲义内容改写为可回忆判断。</div>
<div class=""section-title"">【记忆线索】</div>
<div>抓住题干中的对象、动作和输出，不背整段讲义。</div>
<div class=""section-title"">【易错点】</div>
<div>避免把相邻概念按字面相似性混用。</div>
<div class=""section-title"">【题干信号】</div>
<div>WBS</div>
<div class=""section-title"">【关联专题】</div>
<div>T-INT-002 项目章程、SOW、项目管理计划与基准体系</div>
<div class=""section-title"">【来源】</div>
<div>SRC-T-INT-002-0006：项目章程、SOW、项目管理计划与基准体系 &gt; 三大基准；三大基准 [概念组｜项目管理三大基准] 1. 范围基准：范围说明书 + WBS + WBS 词典。回答&quot;项目要交付什么&quot;。</div>
</div>",概念卡,B,3,上午选择,整体管理,T-INT-002,项目章程、SOW、项目管理计划与基准体系,SRC-T-INT-002-0006,topic_learning_packages/topics/04_整体管理/T-INT-002_专题学习包_项目章程SOW项目管理计划与基准关系.md,项目章程、SOW、项目管理计划与基准体系 > 三大基准,"三大基准 [概念组｜项目管理三大基准] 1. 范围基准：范围说明书 + WBS + WBS 词典。回答""项目要交付什么""。",,,,,,,,,,sha256:c2f24ce308a11b68316ff844,ruankao ruankao::anki_build::20260520_223914 ruankao::difficulty::3 ruankao::domain::整体管理 ruankao::exam_use::上午选择 ruankao::importance::B ruankao::source_grounded ruankao::topic ruankao::topic::T-INT-002 ruankao::type::概念卡,100,final,通过内容、来源和工程门禁
软考::系统集成项目管理工程师::专题学习::04_整体管理::T-INT-002_项目章程、SOW、项目管理计划与基准体系,RuankaoTopicCard,典型题详解与举一反三的核心区别或边界是什么？,"<div class=""answer-block"">
<div class=""section-title"">【答案】</div>
<div>典型题详解与举一反三 例题 1｜章程 vs 计划内容 以下哪项是项目章程的内容？ A. 详细的 WBS B. 成本绩效基准 C. 任命项目经理并授权 D. 风险应对计划 A、B、D 属于项目管理计划或子计划的产物。</div>
</div>","<div class=""extra"">
<div class=""section-title"">【理解】</div>
<div>典型题详解与举一反三 例题 1｜章程 vs 计划内容 以下哪项是项目章程的内容？ A. 详细的 WBS B. 成本绩效基准 C. 任命项目经理并授权 D. 风险应对计划 A、B、D 属于项目管理计划或子计划的产物。。这张卡来自源材料中的具体段落，用于把讲义内容改写为可回忆判断。</div>
<div class=""section-title"">【记忆线索】</div>
<div>先判断对象、责任主体、时间点和输出物，再排除张冠李戴的选项。</div>
<div class=""section-title"">【易错点】</div>
<div>避免把相邻概念按字面相似性混用。</div>
<div class=""section-title"">【题干信号】</div>
<div>风险、WBS、章程</div>
<div class=""section-title"">【关联专题】</div>
<div>T-INT-002 项目章程、SOW、项目管理计划与基准体系</div>
<div class=""section-title"">【来源】</div>
<div>SRC-T-INT-002-0007：项目章程、SOW、项目管理计划与基准体系 &gt; 典型题详解与举一反三；典型题详解与举一反三 例题 1｜章程 vs 计划内容 以下哪项是项目章程的内容？ A. 详细的 WBS B. 成本绩效基准 C. 任命项目经理并授权 D. 风险应对计划 A、B、D 属于项目管理计划或子计划的产物。</div>
</div>",辨析卡,B,3,上午选择,整体管理,T-INT-002,项目章程、SOW、项目管理计划与基准体系,SRC-T-INT-002-0007,topic_learning_packages/topics/04_整体管理/T-INT-002_专题学习包_项目章程SOW项目管理计划与基准关系.md,项目章程、SOW、项目管理计划与基准体系 > 典型题详解与举一反三,典型题详解与举一反三 例题 1｜章程 vs 计划内容 以下哪项是项目章程的内容？ A. 详细的 WBS B. 成本绩效基准 C. 任命项目经理并授权 D. 风险应对计划 A、B、D 属于项目管理计划或子计划的产物。,,,,,,,,,,sha256:719c1e6210f7b0b8acfe26b5,ruankao ruankao::anki_build::20260520_223914 ruankao::difficulty::3 ruankao::domain::整体管理 ruankao::exam_use::上午选择 ruankao::importance::B ruankao::source_grounded ruankao::topic ruankao::topic::T-INT-002 ruankao::type::辨析卡,100,final,通过内容、来源和工程门禁
软考::系统集成项目管理工程师::专题学习::04_整体管理::T-INT-002_项目章程、SOW、项目管理计划与基准体系,RuankaoTopicCard,本轮真题覆盖增强的考试要点是什么？,"<div class=""answer-block"">
<div class=""section-title"">【答案】</div>
<div>本轮真题覆盖增强：章程、SOW、计划和基准 本节把 questions.full.clean.md 与既有真题映射中的高频考法反查回本专题。上午题常用文件内容设陷阱：授权项目经理是章程，整合各分计划的是项目管理计划，经批准的范围/进度/成本形成基准。</div>
</div>","<div class=""extra"">
<div class=""section-title"">【理解】</div>
<div>本轮真题覆盖增强：章程、SOW、计划和基准 本节把 questions.full.clean.md 与既有真题映射中的高频考法反查回本专题。上午题常用文件内容设陷阱：授权项目经理是章程，整合各分计划的是项目管理计划，经批准的范围/进度/成本形成基准。。这张卡来自源材料中的具体段落，用于把讲义内容改写为可回忆判断。</div>
<div class=""section-title"">【记忆线索】</div>
<div>抓住题干中的对象、动作和输出，不背整段讲义。</div>
<div class=""section-title"">【易错点】</div>
<div>避免把相邻概念按字面相似性混用。</div>
<div class=""section-title"">【题干信号】</div>
<div>章程</div>
<div class=""section-title"">【关联专题】</div>
<div>T-INT-002 项目章程、SOW、项目管理计划与基准体系</div>
<div class=""section-title"">【来源】</div>
<div>SRC-T-INT-002-0008：项目章程、SOW、项目管理计划与基准体系 &gt; 本轮真题覆盖增强：章程、SOW、计划和基准；本轮真题覆盖增强：章程、SOW、计划和基准 本节把 questions.full.clean.md 与既有真题映射中的高频考法反查回本专题。上午题常用文件内容设陷阱：授权项目经理是章程，整合各分计划的是项目管理计划，经批准的范围/进度/成本形成基准。</div>
</div>",概念卡,B,3,上午选择,整体管理,T-INT-002,项目章程、SOW、项目管理计划与基准体系,SRC-T-INT-002-0008,topic_learning_packages/topics/04_整体管理/T-INT-002_专题学习包_项目章程SOW项目管理计划与基准关系.md,项目章程、SOW、项目管理计划与基准体系 > 本轮真题覆盖增强：章程、SOW、计划和基准,本轮真题覆盖增强：章程、SOW、计划和基准 本节把 questions.full.clean.md 与既有真题映射中的高频考法反查回本专题。上午题常用文件内容设陷阱：授权项目经理是章程，整合各分计划的是项目管理计划，经批准的范围/进度/成本形成基准。,,,,,,,,,,sha256:cc9c8cf7190a7f90673dbb2c,ruankao ruankao::anki_build::20260520_223914 ruankao::difficulty::3 ruankao::domain::整体管理 ruankao::exam_use::上午选择 ruankao::importance::B ruankao::source_grounded ruankao::topic ruankao::topic::T-INT-002 ruankao::type::概念卡,100,final,通过内容、来源和工程门禁
软考::系统集成项目管理工程师::专题学习::04_整体管理::T-INT-002_项目章程、SOW、项目管理计划与基准体系,RuankaoTopicCard,题干出现哪些信号时，应想到“项目章程、SOW、项目计划与基准体系”？,"<div class=""answer-block"">
<div class=""section-title"">【答案】</div>
<div>围绕“项目章程、SOW、项目管理计划与基准体系”的对象、动作、输出物、责任主体和常见陷阱定位考点。</div>
</div>","<div class=""extra"">
<div class=""section-title"">【理解】</div>
<div>围绕“项目章程、SOW、项目管理计划与基准体系”的对象、动作、输出物、责任主体和常见陷阱定位考点。。这张卡来自源材料中的具体段落，用于把讲义内容改写为可回忆判断。</div>
<div class=""section-title"">【记忆线索】</div>
<div>抓住题干中的对象、动作和输出，不背整段讲义。</div>
<div class=""section-title"">【易错点】</div>
<div>避免把相邻概念按字面相似性混用。</div>
<div class=""section-title"">【题干信号】</div>
<div>章程</div>
<div class=""section-title"">【关联专题】</div>
<div>T-INT-002 项目章程、SOW、项目管理计划与基准体系</div>
<div class=""section-title"">【来源】</div>
<div>SRC-T-INT-002-0001：项目章程、SOW、项目管理计划与基准体系；T-INT-002｜项目章程、SOW、项目管理计划与基准体系 本专题用于学习&quot;项目整体管理&quot;中定义项目起点和管理框架的一组核心内容：项目章程（内容、作用、发布者）、工作说明书 SOW、项目管理计划（总计划与子计划体系）、三大基准（范围/进度/成本基准）、章程与计划的关系与区别。它们不是独立文档，而是围绕一个核心问题展开</div>
</div>",关键词识别卡,B,3,上午选择,整体管理,T-INT-002,项目章程、SOW、项目管理计划与基准体系,SRC-T-INT-002-0001,topic_learning_packages/topics/04_整体管理/T-INT-002_专题学习包_项目章程SOW项目管理计划与基准关系.md,项目章程、SOW、项目管理计划与基准体系,"T-INT-002｜项目章程、SOW、项目管理计划与基准体系 本专题用于学习""项目整体管理""中定义项目起点和管理框架的一组核心内容：项目章程（内容、作用、发布者）、工作说明书 SOW、项目管理计划（总计划与子计划体系）、三大基准（范围/进度/成本基准）、章程与计划的关系与区别。它们不是独立文档，而是围绕一个核心问题展开：一个项目从""被批准存在""到""有可执行的完整路线图""，需要哪些关键文件？",,,,,,,,,,sha256:96bb987970bb1c8b9c04737b,ruankao ruankao::anki_build::20260520_223914 ruankao::difficulty::3 ruankao::domain::整体管理 ruankao::exam_use::上午选择 ruankao::importance::B ruankao::source_grounded ruankao::topic ruankao::topic::T-INT-002 ruankao::type::关键词识别卡,100,final,通过内容、来源和工程门禁
软考::系统集成项目管理工程师::专题学习::04_整体管理::T-INT-002_项目章程、SOW、项目管理计划与基准体系,RuankaoTopicCard,项目章程、SOW、项目计划与基准体系类案例通常应从哪些角度答？,"<div class=""answer-block"">
<div class=""section-title"">【答案】</div>
<div>先从题干事实定位“项目章程、SOW、项目管理计划与基准体系”相关管理缺口，再写原因、影响、纠正措施、预防措施和需更新的文件。</div>
</div>","<div class=""extra"">
<div class=""section-title"">【理解】</div>
<div>先从题干事实定位“项目章程、SOW、项目管理计划与基准体系”相关管理缺口，再写原因、影响、纠正措施、预防措施和需更新的文件。。这张卡来自源材料中的具体段落，用于把讲义内容改写为可回忆判断。</div>
<div class=""section-title"">【记忆线索】</div>
<div>抓住题干中的对象、动作和输出，不背整段讲义。</div>
<div class=""section-title"">【易错点】</div>
<div>避免把相邻概念按字面相似性混用。</div>
<div class=""section-title"">【题干信号】</div>
<div>章程</div>
<div class=""section-title"">【关联专题】</div>
<div>T-INT-002 项目章程、SOW、项目管理计划与基准体系</div>
<div class=""section-title"">【来源】</div>
<div>SRC-T-INT-002-0002：项目章程、SOW、项目管理计划与基准体系 &gt; 先看这个专题的主线；先看这个专题的主线 项目章程和项目管理计划是软考选择题中最高频的&quot;调换陷阱&quot;——题目把章程的内容说成计划的，把计划的特征说成章程的。要破解这类题，关键是抓住两个文档的不同本质。</div>
</div>",案例模板卡,B,3,下午案例,整体管理,T-INT-002,项目章程、SOW、项目管理计划与基准体系,SRC-T-INT-002-0002,topic_learning_packages/topics/04_整体管理/T-INT-002_专题学习包_项目章程SOW项目管理计划与基准关系.md,项目章程、SOW、项目管理计划与基准体系 > 先看这个专题的主线,"先看这个专题的主线 项目章程和项目管理计划是软考选择题中最高频的""调换陷阱""——题目把章程的内容说成计划的，把计划的特征说成章程的。要破解这类题，关键是抓住两个文档的不同本质。",,,,,,,,,,sha256:743f901e0d4bb6d983fcf423,ruankao ruankao::anki_build::20260520_223914 ruankao::difficulty::3 ruankao::domain::整体管理 ruankao::exam_use::下午案例 ruankao::importance::B ruankao::source_grounded ruankao::topic ruankao::topic::T-INT-002 ruankao::type::案例模板卡,84,final,通过内容、来源和工程门禁；源材料自动扩展卡，建议后续人工润色
软考::系统集成项目管理工程师::专题学习::04_整体管理::T-INT-002_项目章程、SOW、项目管理计划与基准体系,RuankaoTopicCard,项目章程、SOW、项目计划与基准体系中，项目章程、SOW、项目管理计划与基准体系的考试判断要点是什么？,"<div class=""answer-block"">
<div class=""section-title"">【答案】</div>
<div>先看这个专题的主线 项目章程和项目管理计划是软考选择题中最高频的&quot;调换陷阱&quot;——题目把章程的内容说成计划的，把计划的特征说成章程的。要破解这类题，关键是抓住两个文档的不同本质。</div>
</div>","<div class=""extra"">
<div class=""section-title"">【理解】</div>
<div>先看这个专题的主线 项目章程和项目管理计划是软考选择题中最高频的&quot;调换陷阱&quot;——题目把章程的内容说成计划的，把计划的特征说成章程的。要破解这类题，关键是抓住两个文档的不同本质。。这张卡来自源材料中的具体段落，用于把讲义内容改写为可回忆判断。</div>
<div class=""section-title"">【记忆线索】</div>
<div>抓住题干中的对象、动作和输出，不背整段讲义。</div>
<div class=""section-title"">【易错点】</div>
<div>避免把相邻概念按字面相似性混用。</div>
<div class=""section-title"">【题干信号】</div>
<div>章程</div>
<div class=""section-title"">【关联专题】</div>
<div>T-INT-002 项目章程、SOW、项目管理计划与基准体系</div>
<div class=""section-title"">【来源】</div>
<div>SRC-T-INT-002-0002：项目章程、SOW、项目管理计划与基准体系 &gt; 先看这个专题的主线；先看这个专题的主线 项目章程和项目管理计划是软考选择题中最高频的&quot;调换陷阱&quot;——题目把章程的内容说成计划的，把计划的特征说成章程的。要破解这类题，关键是抓住两个文档的不同本质。</div>
</div>",概念卡,C,3,上午选择,整体管理,T-INT-002,项目章程、SOW、项目管理计划与基准体系,SRC-T-INT-002-0002,topic_learning_packages/topics/04_整体管理/T-INT-002_专题学习包_项目章程SOW项目管理计划与基准关系.md,项目章程、SOW、项目管理计划与基准体系 > 先看这个专题的主线,"先看这个专题的主线 项目章程和项目管理计划是软考选择题中最高频的""调换陷阱""——题目把章程的内容说成计划的，把计划的特征说成章程的。要破解这类题，关键是抓住两个文档的不同本质。",,,,,,,,,,sha256:4807558661068692c84f087e,ruankao ruankao::anki_build::20260520_223914 ruankao::difficulty::3 ruankao::domain::整体管理 ruankao::exam_use::上午选择 ruankao::importance::C ruankao::source_grounded ruankao::topic ruankao::topic::T-INT-002 ruankao::type::概念卡,84,final,通过内容、来源和工程门禁；源材料自动扩展卡，建议后续人工润色
软考::系统集成项目管理工程师::专题学习::04_整体管理::T-INT-002_项目章程、SOW、项目管理计划与基准体系,RuankaoTopicCard,项目章程、SOW、项目计划与基准体系中，项目章程的考试判断要点是什么？,"<div class=""answer-block"">
<div class=""section-title"">【答案】</div>
<div>项目章程：项目的&quot;出生证&quot; [定义｜项目章程] 项目章程是正式批准项目存在、授权项目经理动用组织资源开展项目活动的文件。由发起人（或项目以外的管理层）发布，是项目的起点。</div>
</div>","<div class=""extra"">
<div class=""section-title"">【理解】</div>
<div>项目章程：项目的&quot;出生证&quot; [定义｜项目章程] 项目章程是正式批准项目存在、授权项目经理动用组织资源开展项目活动的文件。由发起人（或项目以外的管理层）发布，是项目的起点。。这张卡来自源材料中的具体段落，用于把讲义内容改写为可回忆判断。</div>
<div class=""section-title"">【记忆线索】</div>
<div>抓住题干中的对象、动作和输出，不背整段讲义。</div>
<div class=""section-title"">【易错点】</div>
<div>避免把相邻概念按字面相似性混用。</div>
<div class=""section-title"">【题干信号】</div>
<div>章程</div>
<div class=""section-title"">【关联专题】</div>
<div>T-INT-002 项目章程、SOW、项目管理计划与基准体系</div>
<div class=""section-title"">【来源】</div>
<div>SRC-T-INT-002-0003：项目章程、SOW、项目管理计划与基准体系 &gt; 项目章程：项目的&quot;出生证&quot;；项目章程：项目的&quot;出生证&quot; [定义｜项目章程] 项目章程是正式批准项目存在、授权项目经理动用组织资源开展项目活动的文件。由发起人（或项目以外的管理层）发布，是项目的起点。</div>
</div>",概念卡,C,3,上午选择,整体管理,T-INT-002,项目章程、SOW、项目管理计划与基准体系,SRC-T-INT-002-0003,topic_learning_packages/topics/04_整体管理/T-INT-002_专题学习包_项目章程SOW项目管理计划与基准关系.md,"项目章程、SOW、项目管理计划与基准体系 > 项目章程：项目的""出生证""","项目章程：项目的""出生证"" [定义｜项目章程] 项目章程是正式批准项目存在、授权项目经理动用组织资源开展项目活动的文件。由发起人（或项目以外的管理层）发布，是项目的起点。",,,,,,,,,,sha256:025c84aa99584a45fac59d7a,ruankao ruankao::anki_build::20260520_223914 ruankao::difficulty::3 ruankao::domain::整体管理 ruankao::exam_use::上午选择 ruankao::importance::C ruankao::source_grounded ruankao::topic ruankao::topic::T-INT-002 ruankao::type::概念卡,84,final,通过内容、来源和工程门禁；源材料自动扩展卡，建议后续人工润色
软考::系统集成项目管理工程师::专题学习::04_整体管理::T-INT-002_项目章程、SOW、项目管理计划与基准体系,RuankaoTopicCard,项目章程、SOW、项目计划与基准体系中，工作说明书 SOW的考试判断要点是什么？,"<div class=""answer-block"">
<div class=""section-title"">【答案】</div>
<div>工作说明书 SOW [定义｜SOW] 工作说明书（Statement of Work）是对项目需交付的产品或服务的叙述性说明。它可以来自发起人、客户或其他干系人。</div>
</div>","<div class=""extra"">
<div class=""section-title"">【理解】</div>
<div>工作说明书 SOW [定义｜SOW] 工作说明书（Statement of Work）是对项目需交付的产品或服务的叙述性说明。它可以来自发起人、客户或其他干系人。。这张卡来自源材料中的具体段落，用于把讲义内容改写为可回忆判断。</div>
<div class=""section-title"">【记忆线索】</div>
<div>抓住题干中的对象、动作和输出，不背整段讲义。</div>
<div class=""section-title"">【易错点】</div>
<div>避免把相邻概念按字面相似性混用。</div>
<div class=""section-title"">【题干信号】</div>
<div>章程、干系人</div>
<div class=""section-title"">【关联专题】</div>
<div>T-INT-002 项目章程、SOW、项目管理计划与基准体系</div>
<div class=""section-title"">【来源】</div>
<div>SRC-T-INT-002-0004：项目章程、SOW、项目管理计划与基准体系 &gt; 工作说明书 SOW；工作说明书 SOW [定义｜SOW] 工作说明书（Statement of Work）是对项目需交付的产品或服务的叙述性说明。它可以来自发起人、客户或其他干系人。</div>
</div>",概念卡,C,3,上午选择,整体管理,T-INT-002,项目章程、SOW、项目管理计划与基准体系,SRC-T-INT-002-0004,topic_learning_packages/topics/04_整体管理/T-INT-002_专题学习包_项目章程SOW项目管理计划与基准关系.md,项目章程、SOW、项目管理计划与基准体系 > 工作说明书 SOW,工作说明书 SOW [定义｜SOW] 工作说明书（Statement of Work）是对项目需交付的产品或服务的叙述性说明。它可以来自发起人、客户或其他干系人。,,,,,,,,,,sha256:aa37fc0198b3d9c5e7c7603d,ruankao ruankao::anki_build::20260520_223914 ruankao::difficulty::3 ruankao::domain::整体管理 ruankao::exam_use::上午选择 ruankao::importance::C ruankao::source_grounded ruankao::topic ruankao::topic::T-INT-002 ruankao::type::概念卡,84,final,通过内容、来源和工程门禁；源材料自动扩展卡，建议后续人工润色
软考::系统集成项目管理工程师::专题学习::04_整体管理::T-INT-004_整体变更控制与CCB,RuankaoTopicCard,整体变更控制与 CCB类案例应从哪些角度分析？,"<div class=""answer-block"">
<div class=""section-title"">【答案】</div>
<div>T-INT-004｜整体变更控制与 CCB 本专题用于学习&quot;项目整体管理&quot;中必出选择题和案例题的一组核心内容：整体变更控制、变更控制委员会（CCB）、变更请求的四种类型、变更控制流程、批准后更新。它们不是孤立管理动作，而是围绕一个核心问题展开：当项目需要改变时，如何确保这种改变是经过评估、经过授权、经过记录、经过沟通的——而不是&quot;谁嗓门大谁说了算&quot;？</div>
</div>","<div class=""extra"">
<div class=""section-title"">【理解】</div>
<div>T-INT-004｜整体变更控制与 CCB 本专题用于学习&quot;项目整体管理&quot;中必出选择题和案例题的一组核心内容：整体变更控制、变更控制委员会（CCB）、变更请求的四种类型、变更控制流程、批准后更新。它们不是孤立管理动作，而是围绕一个核心问题展开：当项目需要改变时，如何确保这种改变是经过评估、经过授权、经过记录、经过沟通的——而不是&quot;谁嗓门大谁说了算&quot;？。这张卡来自源材料中的具体段落，用于把讲义内容改写为可回忆判断。</div>
<div class=""section-title"">【记忆线索】</div>
<div>抓住题干中的对象、动作和输出，不背整段讲义。</div>
<div class=""section-title"">【易错点】</div>
<div>不能口头同意或绕过 CCB 直接改基准。</div>
<div class=""section-title"">【题干信号】</div>
<div>变更、问题、评估、沟通</div>
<div class=""section-title"">【关联专题】</div>
<div>T-INT-004 整体变更控制与 CCB</div>
<div class=""section-title"">【来源】</div>
<div>SRC-T-INT-004-0001：整体变更控制与 CCB；T-INT-004｜整体变更控制与 CCB 本专题用于学习&quot;项目整体管理&quot;中必出选择题和案例题的一组核心内容：整体变更控制、变更控制委员会（CCB）、变更请求的四种类型、变更控制流程、批准后更新。它们不是孤立管理动作，而是围绕一个核心问题展开：当项目需要改变时，如何确保这种改变是经过评估、经过授权、经过记录、经过沟通的</div>
</div>",案例模板卡,B,3,下午案例,整体管理,T-INT-004,整体变更控制与 CCB,SRC-T-INT-004-0001,topic_learning_packages/topics/04_整体管理/T-INT-004_专题学习包_整体变更控制与CCB.md,整体变更控制与 CCB,"T-INT-004｜整体变更控制与 CCB 本专题用于学习""项目整体管理""中必出选择题和案例题的一组核心内容：整体变更控制、变更控制委员会（CCB）、变更请求的四种类型、变更控制流程、批准后更新。它们不是孤立管理动作，而是围绕一个核心问题展开：当项目需要改变时，如何确保这种改变是经过评估、经过授权、经过记录、经过沟通的——而不是""谁嗓门大谁说了算""？",,,,,,,,,,sha256:918e884531507d5c0dc86752,ruankao ruankao::anki_build::20260520_223914 ruankao::difficulty::3 ruankao::domain::整体管理 ruankao::exam_use::下午案例 ruankao::importance::B ruankao::source_grounded ruankao::topic ruankao::topic::T-INT-004 ruankao::type::案例模板卡,100,final,通过内容、来源和工程门禁
软考::系统集成项目管理工程师::专题学习::04_整体管理::T-INT-004_整体变更控制与CCB,RuankaoTopicCard,遇到变更控制的核心理念场景时，处理流程是什么？,"<div class=""answer-block"">
<div class=""section-title"">【答案】</div>
<div>变更控制的核心理念 [定义｜整体变更控制] 整体变更控制是审查所有变更请求、批准变更、管理对可交付成果、组织过程资产、项目文件和项目管理计划的变更，并对变更处理结果进行沟通的过程。它贯穿项目始终，项目经理对此负最终责任。</div>
</div>","<div class=""extra"">
<div class=""section-title"">【理解】</div>
<div>变更控制的核心理念 [定义｜整体变更控制] 整体变更控制是审查所有变更请求、批准变更、管理对可交付成果、组织过程资产、项目文件和项目管理计划的变更，并对变更处理结果进行沟通的过程。它贯穿项目始终，项目经理对此负最终责任。。这张卡来自源材料中的具体段落，用于把讲义内容改写为可回忆判断。</div>
<div class=""section-title"">【记忆线索】</div>
<div>按“先记录/识别，再分析，再批准/执行，最后更新和沟通”的管理链回忆。</div>
<div class=""section-title"">【易错点】</div>
<div>不能口头同意或绕过 CCB 直接改基准。</div>
<div class=""section-title"">【题干信号】</div>
<div>变更、沟通</div>
<div class=""section-title"">【关联专题】</div>
<div>T-INT-004 整体变更控制与 CCB</div>
<div class=""section-title"">【来源】</div>
<div>SRC-T-INT-004-0003：整体变更控制与 CCB &gt; 变更控制的核心理念；变更控制的核心理念 [定义｜整体变更控制] 整体变更控制是审查所有变更请求、批准变更、管理对可交付成果、组织过程资产、项目文件和项目管理计划的变更，并对变更处理结果进行沟通的过程。它贯穿项目始终，项目经理对此负最终责任。</div>
</div>",流程卡,B,3,上午选择,整体管理,T-INT-004,整体变更控制与 CCB,SRC-T-INT-004-0003,topic_learning_packages/topics/04_整体管理/T-INT-004_专题学习包_整体变更控制与CCB.md,整体变更控制与 CCB > 变更控制的核心理念,变更控制的核心理念 [定义｜整体变更控制] 整体变更控制是审查所有变更请求、批准变更、管理对可交付成果、组织过程资产、项目文件和项目管理计划的变更，并对变更处理结果进行沟通的过程。它贯穿项目始终，项目经理对此负最终责任。,,,,,,,,,,sha256:ea725a95e8397bb2cde63fe5,ruankao ruankao::anki_build::20260520_223914 ruankao::difficulty::3 ruankao::domain::整体管理 ruankao::exam_use::上午选择 ruankao::importance::B ruankao::source_grounded ruankao::topic ruankao::topic::T-INT-004 ruankao::type::流程卡,100,final,通过内容、来源和工程门禁
软考::系统集成项目管理工程师::专题学习::04_整体管理::T-INT-004_整体变更控制与CCB,RuankaoTopicCard,遇到CCB场景时，处理流程是什么？,"<div class=""answer-block"">
<div class=""section-title"">【答案】</div>
<div>CCB：变更控制委员会的角色与边界 [定义｜CCB] 变更控制委员会（Change Control Board）是一个正式组成的团体，负责审查、评价、批准、推迟或否决项目变更，以及记录和传达变更处理决定。 关于 CCB，有几个高频考点： CCB 批什么？</div>
</div>","<div class=""extra"">
<div class=""section-title"">【理解】</div>
<div>CCB：变更控制委员会的角色与边界 [定义｜CCB] 变更控制委员会（Change Control Board）是一个正式组成的团体，负责审查、评价、批准、推迟或否决项目变更，以及记录和传达变更处理决定。 关于 CCB，有几个高频考点： CCB 批什么？。这张卡来自源材料中的具体段落，用于把讲义内容改写为可回忆判断。</div>
<div class=""section-title"">【记忆线索】</div>
<div>按“先记录/识别，再分析，再批准/执行，最后更新和沟通”的管理链回忆。</div>
<div class=""section-title"">【易错点】</div>
<div>避免把相邻概念按字面相似性混用。</div>
<div class=""section-title"">【题干信号】</div>
<div>变更</div>
<div class=""section-title"">【关联专题】</div>
<div>T-INT-004 整体变更控制与 CCB</div>
<div class=""section-title"">【来源】</div>
<div>SRC-T-INT-004-0004：整体变更控制与 CCB &gt; CCB：变更控制委员会的角色与边界；CCB：变更控制委员会的角色与边界 [定义｜CCB] 变更控制委员会（Change Control Board）是一个正式组成的团体，负责审查、评价、批准、推迟或否决项目变更，以及记录和传达变更处理决定。 关于 CCB，有几个高频考点： CCB 批什么？</div>
</div>",流程卡,B,3,上午选择,整体管理,T-INT-004,整体变更控制与 CCB,SRC-T-INT-004-0004,topic_learning_packages/topics/04_整体管理/T-INT-004_专题学习包_整体变更控制与CCB.md,整体变更控制与 CCB > CCB：变更控制委员会的角色与边界,CCB：变更控制委员会的角色与边界 [定义｜CCB] 变更控制委员会（Change Control Board）是一个正式组成的团体，负责审查、评价、批准、推迟或否决项目变更，以及记录和传达变更处理决定。 关于 CCB，有几个高频考点： CCB 批什么？,,,,,,,,,,sha256:bdb0df5cb2ccd33b20ec5a68,ruankao ruankao::anki_build::20260520_223914 ruankao::difficulty::3 ruankao::domain::整体管理 ruankao::exam_use::上午选择 ruankao::importance::B ruankao::source_grounded ruankao::topic ruankao::topic::T-INT-004 ruankao::type::流程卡,100,final,通过内容、来源和工程门禁
软考::系统集成项目管理工程师::专题学习::04_整体管理::T-INT-004_整体变更控制与CCB,RuankaoTopicCard,四种变更请求的考试要点是什么？,"<div class=""answer-block"">
<div class=""section-title"">【答案】</div>
<div>四种变更请求 软考中会出现的变更请求类型不止一种。能够区分它们是理解变更管理的基础。</div>
</div>","<div class=""extra"">
<div class=""section-title"">【理解】</div>
<div>四种变更请求 软考中会出现的变更请求类型不止一种。能够区分它们是理解变更管理的基础。。这张卡来自源材料中的具体段落，用于把讲义内容改写为可回忆判断。</div>
<div class=""section-title"">【记忆线索】</div>
<div>抓住题干中的对象、动作和输出，不背整段讲义。</div>
<div class=""section-title"">【易错点】</div>
<div>不能口头同意或绕过 CCB 直接改基准。</div>
<div class=""section-title"">【题干信号】</div>
<div>变更</div>
<div class=""section-title"">【关联专题】</div>
<div>T-INT-004 整体变更控制与 CCB</div>
<div class=""section-title"">【来源】</div>
<div>SRC-T-INT-004-0005：整体变更控制与 CCB &gt; 四种变更请求；四种变更请求 软考中会出现的变更请求类型不止一种。能够区分它们是理解变更管理的基础。</div>
</div>",概念卡,B,3,上午选择,整体管理,T-INT-004,整体变更控制与 CCB,SRC-T-INT-004-0005,topic_learning_packages/topics/04_整体管理/T-INT-004_专题学习包_整体变更控制与CCB.md,整体变更控制与 CCB > 四种变更请求,四种变更请求 软考中会出现的变更请求类型不止一种。能够区分它们是理解变更管理的基础。,,,,,,,,,,sha256:30fe16e4ebfc26b2ecdfaba0,ruankao ruankao::anki_build::20260520_223914 ruankao::difficulty::3 ruankao::domain::整体管理 ruankao::exam_use::上午选择 ruankao::importance::B ruankao::source_grounded ruankao::topic ruankao::topic::T-INT-004 ruankao::type::概念卡,100,final,通过内容、来源和工程门禁
软考::系统集成项目管理工程师::专题学习::04_整体管理::T-INT-004_整体变更控制与CCB,RuankaoTopicCard,典型题详解与举一反三的考试要点是什么？,"<div class=""answer-block"">
<div class=""section-title"">【答案】</div>
<div>典型题详解与举一反三 例题 1｜CCB 审批范围 以下哪项通常需要提交给 CCB 审批？ A. 项目团队成员的请假申请 B. 增加新功能的变更请求 C. 周报中发现的进度偏差 D. 项目例会的会议纪要 A 属于日常人员管理，不需要 CCB；C 是监控发现的问题，可能需要分析后提出变更请求，但偏差本身不需要 CCB 审批；D 是例行文档，不需要 CCB。</div>
</div>","<div class=""extra"">
<div class=""section-title"">【理解】</div>
<div>典型题详解与举一反三 例题 1｜CCB 审批范围 以下哪项通常需要提交给 CCB 审批？ A. 项目团队成员的请假申请 B. 增加新功能的变更请求 C. 周报中发现的进度偏差 D. 项目例会的会议纪要 A 属于日常人员管理，不需要 CCB；C 是监控发现的问题，可能需要分析后提出变更请求，但偏差本身不需要 CCB 审批；D 是例行文档，不需要 CCB。。这张卡来自源材料中的具体段落，用于把讲义内容改写为可回忆判断。</div>
<div class=""section-title"">【记忆线索】</div>
<div>抓住题干中的对象、动作和输出，不背整段讲义。</div>
<div class=""section-title"">【易错点】</div>
<div>避免把相邻概念按字面相似性混用。</div>
<div class=""section-title"">【题干信号】</div>
<div>变更、问题</div>
<div class=""section-title"">【关联专题】</div>
<div>T-INT-004 整体变更控制与 CCB</div>
<div class=""section-title"">【来源】</div>
<div>SRC-T-INT-004-0007：整体变更控制与 CCB &gt; 典型题详解与举一反三；典型题详解与举一反三 例题 1｜CCB 审批范围 以下哪项通常需要提交给 CCB 审批？ A. 项目团队成员的请假申请 B. 增加新功能的变更请求 C. 周报中发现的进度偏差 D. 项目例会的会议纪要 A 属于日常人员管理，不需要 CCB；C 是监控发现的问题，可能需要分析后提出变更请求，但偏差本身不需要 CCB 审批</div>
</div>",概念卡,B,3,上午选择,整体管理,T-INT-004,整体变更控制与 CCB,SRC-T-INT-004-0007,topic_learning_packages/topics/04_整体管理/T-INT-004_专题学习包_整体变更控制与CCB.md,整体变更控制与 CCB > 典型题详解与举一反三,典型题详解与举一反三 例题 1｜CCB 审批范围 以下哪项通常需要提交给 CCB 审批？ A. 项目团队成员的请假申请 B. 增加新功能的变更请求 C. 周报中发现的进度偏差 D. 项目例会的会议纪要 A 属于日常人员管理，不需要 CCB；C 是监控发现的问题，可能需要分析后提出变更请求，但偏差本身不需要 CCB 审批；D 是例行文档，不需要 CCB。,,,,,,,,,,sha256:0a5cc6303ec16f4cd69db564,ruankao ruankao::anki_build::20260520_223914 ruankao::difficulty::3 ruankao::domain::整体管理 ruankao::exam_use::上午选择 ruankao::importance::B ruankao::source_grounded ruankao::topic ruankao::topic::T-INT-004 ruankao::type::概念卡,80,final,疑似大而空问题
软考::系统集成项目管理工程师::专题学习::04_整体管理::T-INT-004_整体变更控制与CCB,RuankaoTopicCard,本轮真题覆盖增强类案例应从哪些角度分析？,"<div class=""answer-block"">
<div class=""section-title"">【答案】</div>
<div>本轮真题覆盖增强：变更请求到 CCB 闭环 本节把 questions.full.clean.md 与既有真题映射中的高频考法反查回本专题。2019 范围案例和多类下午题都把“口头变更、客户直接找开发、领导直接指示”作为变更失控证据。</div>
</div>","<div class=""extra"">
<div class=""section-title"">【理解】</div>
<div>本轮真题覆盖增强：变更请求到 CCB 闭环 本节把 questions.full.clean.md 与既有真题映射中的高频考法反查回本专题。2019 范围案例和多类下午题都把“口头变更、客户直接找开发、领导直接指示”作为变更失控证据。。这张卡来自源材料中的具体段落，用于把讲义内容改写为可回忆判断。</div>
<div class=""section-title"">【记忆线索】</div>
<div>抓住题干中的对象、动作和输出，不背整段讲义。</div>
<div class=""section-title"">【易错点】</div>
<div>避免把相邻概念按字面相似性混用。</div>
<div class=""section-title"">【题干信号】</div>
<div>变更</div>
<div class=""section-title"">【关联专题】</div>
<div>T-INT-004 整体变更控制与 CCB</div>
<div class=""section-title"">【来源】</div>
<div>SRC-T-INT-004-0008：整体变更控制与 CCB &gt; 本轮真题覆盖增强：变更请求到 CCB 闭环；本轮真题覆盖增强：变更请求到 CCB 闭环 本节把 questions.full.clean.md 与既有真题映射中的高频考法反查回本专题。2019 范围案例和多类下午题都把“口头变更、客户直接找开发、领导直接指示”作为变更失控证据。</div>
</div>",案例模板卡,B,3,下午案例,整体管理,T-INT-004,整体变更控制与 CCB,SRC-T-INT-004-0008,topic_learning_packages/topics/04_整体管理/T-INT-004_专题学习包_整体变更控制与CCB.md,整体变更控制与 CCB > 本轮真题覆盖增强：变更请求到 CCB 闭环,本轮真题覆盖增强：变更请求到 CCB 闭环 本节把 questions.full.clean.md 与既有真题映射中的高频考法反查回本专题。2019 范围案例和多类下午题都把“口头变更、客户直接找开发、领导直接指示”作为变更失控证据。,,,,,,,,,,sha256:defcb8cc83d767fc907bd7ba,ruankao ruankao::anki_build::20260520_223914 ruankao::difficulty::3 ruankao::domain::整体管理 ruankao::exam_use::下午案例 ruankao::importance::B ruankao::source_grounded ruankao::topic ruankao::topic::T-INT-004 ruankao::type::案例模板卡,100,final,通过内容、来源和工程门禁
软考::系统集成项目管理工程师::专题学习::04_整体管理::T-INT-004_整体变更控制与CCB,RuankaoTopicCard,题干出现哪些信号时，应想到“整体变更控制与 CCB”？,"<div class=""answer-block"">
<div class=""section-title"">【答案】</div>
<div>围绕“整体变更控制与 CCB”的对象、动作、输出物、责任主体和常见陷阱定位考点。</div>
</div>","<div class=""extra"">
<div class=""section-title"">【理解】</div>
<div>围绕“整体变更控制与 CCB”的对象、动作、输出物、责任主体和常见陷阱定位考点。。这张卡来自源材料中的具体段落，用于把讲义内容改写为可回忆判断。</div>
<div class=""section-title"">【记忆线索】</div>
<div>抓住题干中的对象、动作和输出，不背整段讲义。</div>
<div class=""section-title"">【易错点】</div>
<div>不能口头同意或绕过 CCB 直接改基准。</div>
<div class=""section-title"">【题干信号】</div>
<div>变更</div>
<div class=""section-title"">【关联专题】</div>
<div>T-INT-004 整体变更控制与 CCB</div>
<div class=""section-title"">【来源】</div>
<div>SRC-T-INT-004-0001：整体变更控制与 CCB；T-INT-004｜整体变更控制与 CCB 本专题用于学习&quot;项目整体管理&quot;中必出选择题和案例题的一组核心内容：整体变更控制、变更控制委员会（CCB）、变更请求的四种类型、变更控制流程、批准后更新。它们不是孤立管理动作，而是围绕一个核心问题展开：当项目需要改变时，如何确保这种改变是经过评估、经过授权、经过记录、经过沟通的</div>
</div>",关键词识别卡,B,3,上午选择,整体管理,T-INT-004,整体变更控制与 CCB,SRC-T-INT-004-0001,topic_learning_packages/topics/04_整体管理/T-INT-004_专题学习包_整体变更控制与CCB.md,整体变更控制与 CCB,"T-INT-004｜整体变更控制与 CCB 本专题用于学习""项目整体管理""中必出选择题和案例题的一组核心内容：整体变更控制、变更控制委员会（CCB）、变更请求的四种类型、变更控制流程、批准后更新。它们不是孤立管理动作，而是围绕一个核心问题展开：当项目需要改变时，如何确保这种改变是经过评估、经过授权、经过记录、经过沟通的——而不是""谁嗓门大谁说了算""？",,,,,,,,,,sha256:de629bb32e91bee834d04f88,ruankao ruankao::anki_build::20260520_223914 ruankao::difficulty::3 ruankao::domain::整体管理 ruankao::exam_use::上午选择 ruankao::importance::B ruankao::source_grounded ruankao::topic ruankao::topic::T-INT-004 ruankao::type::关键词识别卡,100,final,通过内容、来源和工程门禁
软考::系统集成项目管理工程师::专题学习::04_整体管理::T-INT-004_整体变更控制与CCB,RuankaoTopicCard,整体变更控制与 CCB中，整体变更控制与 CCB的考试判断要点是什么？,"<div class=""answer-block"">
<div class=""section-title"">【答案】</div>
<div>T-INT-004｜整体变更控制与 CCB 本专题用于学习&quot;项目整体管理&quot;中必出选择题和案例题的一组核心内容：整体变更控制、变更控制委员会（CCB）、变更请求的四种类型、变更控制流程、批准后更新。它们不是孤立管理动作，而是围绕一个核心问题展开：当项目需要改变时，如何确保这种改变是经过评估、经过授权、经过记录、经过沟通的——而不是&quot;谁嗓门大谁说了算&quot;？</div>
</div>","<div class=""extra"">
<div class=""section-title"">【理解】</div>
<div>T-INT-004｜整体变更控制与 CCB 本专题用于学习&quot;项目整体管理&quot;中必出选择题和案例题的一组核心内容：整体变更控制、变更控制委员会（CCB）、变更请求的四种类型、变更控制流程、批准后更新。它们不是孤立管理动作，而是围绕一个核心问题展开：当项目需要改变时，如何确保这种改变是经过评估、经过授权、经过记录、经过沟通的——而不是&quot;谁嗓门大谁说了算&quot;？。这张卡来自源材料中的具体段落，用于把讲义内容改写为可回忆判断。</div>
<div class=""section-title"">【记忆线索】</div>
<div>抓住题干中的对象、动作和输出，不背整段讲义。</div>
<div class=""section-title"">【易错点】</div>
<div>不能口头同意或绕过 CCB 直接改基准。</div>
<div class=""section-title"">【题干信号】</div>
<div>变更、问题、评估、沟通</div>
<div class=""section-title"">【关联专题】</div>
<div>T-INT-004 整体变更控制与 CCB</div>
<div class=""section-title"">【来源】</div>
<div>SRC-T-INT-004-0001：整体变更控制与 CCB；T-INT-004｜整体变更控制与 CCB 本专题用于学习&quot;项目整体管理&quot;中必出选择题和案例题的一组核心内容：整体变更控制、变更控制委员会（CCB）、变更请求的四种类型、变更控制流程、批准后更新。它们不是孤立管理动作，而是围绕一个核心问题展开：当项目需要改变时，如何确保这种改变是经过评估、经过授权、经过记录、经过沟通的</div>
</div>",概念卡,C,3,上午选择,整体管理,T-INT-004,整体变更控制与 CCB,SRC-T-INT-004-0001,topic_learning_packages/topics/04_整体管理/T-INT-004_专题学习包_整体变更控制与CCB.md,整体变更控制与 CCB,"T-INT-004｜整体变更控制与 CCB 本专题用于学习""项目整体管理""中必出选择题和案例题的一组核心内容：整体变更控制、变更控制委员会（CCB）、变更请求的四种类型、变更控制流程、批准后更新。它们不是孤立管理动作，而是围绕一个核心问题展开：当项目需要改变时，如何确保这种改变是经过评估、经过授权、经过记录、经过沟通的——而不是""谁嗓门大谁说了算""？",,,,,,,,,,sha256:744b7c36cbba8712a83e0a3c,ruankao ruankao::anki_build::20260520_223914 ruankao::difficulty::3 ruankao::domain::整体管理 ruankao::exam_use::上午选择 ruankao::importance::C ruankao::source_grounded ruankao::topic ruankao::topic::T-INT-004 ruankao::type::概念卡,84,final,通过内容、来源和工程门禁；源材料自动扩展卡，建议后续人工润色
软考::系统集成项目管理工程师::专题学习::04_整体管理::T-INT-004_整体变更控制与CCB,RuankaoTopicCard,整体变更控制与 CCB中，整体变更控制与 CCB的考试判断要点是什么？,"<div class=""answer-block"">
<div class=""section-title"">【答案】</div>
<div>先看这个专题的主线 变更控制在很多同学看来就是&quot;填个表、领导签个字&quot;。但软考对变更控制的考查远超这个层次——它会从变更和配置的关系、CCB 的角色边界、不同类型的变更请求、变更后必须更新哪些文件等多个维度出题。</div>
</div>","<div class=""extra"">
<div class=""section-title"">【理解】</div>
<div>先看这个专题的主线 变更控制在很多同学看来就是&quot;填个表、领导签个字&quot;。但软考对变更控制的考查远超这个层次——它会从变更和配置的关系、CCB 的角色边界、不同类型的变更请求、变更后必须更新哪些文件等多个维度出题。。这张卡来自源材料中的具体段落，用于把讲义内容改写为可回忆判断。</div>
<div class=""section-title"">【记忆线索】</div>
<div>抓住题干中的对象、动作和输出，不背整段讲义。</div>
<div class=""section-title"">【易错点】</div>
<div>不能口头同意或绕过 CCB 直接改基准。</div>
<div class=""section-title"">【题干信号】</div>
<div>变更、配置</div>
<div class=""section-title"">【关联专题】</div>
<div>T-INT-004 整体变更控制与 CCB</div>
<div class=""section-title"">【来源】</div>
<div>SRC-T-INT-004-0002：整体变更控制与 CCB &gt; 先看这个专题的主线；先看这个专题的主线 变更控制在很多同学看来就是&quot;填个表、领导签个字&quot;。但软考对变更控制的考查远超这个层次——它会从变更和配置的关系、CCB 的角色边界、不同类型的变更请求、变更后必须更新哪些文件等多个维度出题。</div>
</div>",概念卡,C,3,上午选择,整体管理,T-INT-004,整体变更控制与 CCB,SRC-T-INT-004-0002,topic_learning_packages/topics/04_整体管理/T-INT-004_专题学习包_整体变更控制与CCB.md,整体变更控制与 CCB > 先看这个专题的主线,"先看这个专题的主线 变更控制在很多同学看来就是""填个表、领导签个字""。但软考对变更控制的考查远超这个层次——它会从变更和配置的关系、CCB 的角色边界、不同类型的变更请求、变更后必须更新哪些文件等多个维度出题。",,,,,,,,,,sha256:d85e77c53070e7bcf9d3af4e,ruankao ruankao::anki_build::20260520_223914 ruankao::difficulty::3 ruankao::domain::整体管理 ruankao::exam_use::上午选择 ruankao::importance::C ruankao::source_grounded ruankao::topic ruankao::topic::T-INT-004 ruankao::type::概念卡,84,final,通过内容、来源和工程门禁；源材料自动扩展卡，建议后续人工润色
软考::系统集成项目管理工程师::专题学习::04_整体管理::T-INT-004_整体变更控制与CCB,RuankaoTopicCard,整体变更控制与 CCB中，变更控制的核心理念的考试判断要点是什么？,"<div class=""answer-block"">
<div class=""section-title"">【答案】</div>
<div>变更控制的核心理念 [定义｜整体变更控制] 整体变更控制是审查所有变更请求、批准变更、管理对可交付成果、组织过程资产、项目文件和项目管理计划的变更，并对变更处理结果进行沟通的过程。它贯穿项目始终，项目经理对此负最终责任。</div>
</div>","<div class=""extra"">
<div class=""section-title"">【理解】</div>
<div>变更控制的核心理念 [定义｜整体变更控制] 整体变更控制是审查所有变更请求、批准变更、管理对可交付成果、组织过程资产、项目文件和项目管理计划的变更，并对变更处理结果进行沟通的过程。它贯穿项目始终，项目经理对此负最终责任。。这张卡来自源材料中的具体段落，用于把讲义内容改写为可回忆判断。</div>
<div class=""section-title"">【记忆线索】</div>
<div>抓住题干中的对象、动作和输出，不背整段讲义。</div>
<div class=""section-title"">【易错点】</div>
<div>不能口头同意或绕过 CCB 直接改基准。</div>
<div class=""section-title"">【题干信号】</div>
<div>变更、沟通</div>
<div class=""section-title"">【关联专题】</div>
<div>T-INT-004 整体变更控制与 CCB</div>
<div class=""section-title"">【来源】</div>
<div>SRC-T-INT-004-0003：整体变更控制与 CCB &gt; 变更控制的核心理念；变更控制的核心理念 [定义｜整体变更控制] 整体变更控制是审查所有变更请求、批准变更、管理对可交付成果、组织过程资产、项目文件和项目管理计划的变更，并对变更处理结果进行沟通的过程。它贯穿项目始终，项目经理对此负最终责任。</div>
</div>",概念卡,C,3,上午选择,整体管理,T-INT-004,整体变更控制与 CCB,SRC-T-INT-004-0003,topic_learning_packages/topics/04_整体管理/T-INT-004_专题学习包_整体变更控制与CCB.md,整体变更控制与 CCB > 变更控制的核心理念,变更控制的核心理念 [定义｜整体变更控制] 整体变更控制是审查所有变更请求、批准变更、管理对可交付成果、组织过程资产、项目文件和项目管理计划的变更，并对变更处理结果进行沟通的过程。它贯穿项目始终，项目经理对此负最终责任。,,,,,,,,,,sha256:4b22666c12a9054f6b22acee,ruankao ruankao::anki_build::20260520_223914 ruankao::difficulty::3 ruankao::domain::整体管理 ruankao::exam_use::上午选择 ruankao::importance::C ruankao::source_grounded ruankao::topic ruankao::topic::T-INT-004 ruankao::type::概念卡,84,final,通过内容、来源和工程门禁；源材料自动扩展卡，建议后续人工润色
软考::系统集成项目管理工程师::专题学习::04_整体管理::T-INT-004_整体变更控制与CCB,RuankaoTopicCard,整体变更控制与 CCB中，CCB的考试判断要点是什么？,"<div class=""answer-block"">
<div class=""section-title"">【答案】</div>
<div>CCB：变更控制委员会的角色与边界 [定义｜CCB] 变更控制委员会（Change Control Board）是一个正式组成的团体，负责审查、评价、批准、推迟或否决项目变更，以及记录和传达变更处理决定。 关于 CCB，有几个高频考点： CCB 批什么？</div>
</div>","<div class=""extra"">
<div class=""section-title"">【理解】</div>
<div>CCB：变更控制委员会的角色与边界 [定义｜CCB] 变更控制委员会（Change Control Board）是一个正式组成的团体，负责审查、评价、批准、推迟或否决项目变更，以及记录和传达变更处理决定。 关于 CCB，有几个高频考点： CCB 批什么？。这张卡来自源材料中的具体段落，用于把讲义内容改写为可回忆判断。</div>
<div class=""section-title"">【记忆线索】</div>
<div>抓住题干中的对象、动作和输出，不背整段讲义。</div>
<div class=""section-title"">【易错点】</div>
<div>不能口头同意或绕过 CCB 直接改基准。</div>
<div class=""section-title"">【题干信号】</div>
<div>变更</div>
<div class=""section-title"">【关联专题】</div>
<div>T-INT-004 整体变更控制与 CCB</div>
<div class=""section-title"">【来源】</div>
<div>SRC-T-INT-004-0004：整体变更控制与 CCB &gt; CCB：变更控制委员会的角色与边界；CCB：变更控制委员会的角色与边界 [定义｜CCB] 变更控制委员会（Change Control Board）是一个正式组成的团体，负责审查、评价、批准、推迟或否决项目变更，以及记录和传达变更处理决定。 关于 CCB，有几个高频考点： CCB 批什么？</div>
</div>",辨析卡,C,3,上午选择,整体管理,T-INT-004,整体变更控制与 CCB,SRC-T-INT-004-0004,topic_learning_packages/topics/04_整体管理/T-INT-004_专题学习包_整体变更控制与CCB.md,整体变更控制与 CCB > CCB：变更控制委员会的角色与边界,CCB：变更控制委员会的角色与边界 [定义｜CCB] 变更控制委员会（Change Control Board）是一个正式组成的团体，负责审查、评价、批准、推迟或否决项目变更，以及记录和传达变更处理决定。 关于 CCB，有几个高频考点： CCB 批什么？,,,,,,,,,,sha256:4d70e473eac765b4581af486,ruankao ruankao::anki_build::20260520_223914 ruankao::difficulty::3 ruankao::domain::整体管理 ruankao::exam_use::上午选择 ruankao::importance::C ruankao::source_grounded ruankao::topic ruankao::topic::T-INT-004 ruankao::type::辨析卡,84,final,通过内容、来源和工程门禁；源材料自动扩展卡，建议后续人工润色
软考::系统集成项目管理工程师::专题学习::04_整体管理::T-INT-004_整体变更控制与CCB,RuankaoTopicCard,整体变更控制与 CCB中，四种变更请求的考试判断要点是什么？,"<div class=""answer-block"">
<div class=""section-title"">【答案】</div>
<div>四种变更请求 软考中会出现的变更请求类型不止一种。能够区分它们是理解变更管理的基础。</div>
</div>","<div class=""extra"">
<div class=""section-title"">【理解】</div>
<div>四种变更请求 软考中会出现的变更请求类型不止一种。能够区分它们是理解变更管理的基础。。这张卡来自源材料中的具体段落，用于把讲义内容改写为可回忆判断。</div>
<div class=""section-title"">【记忆线索】</div>
<div>抓住题干中的对象、动作和输出，不背整段讲义。</div>
<div class=""section-title"">【易错点】</div>
<div>不能口头同意或绕过 CCB 直接改基准。</div>
<div class=""section-title"">【题干信号】</div>
<div>变更</div>
<div class=""section-title"">【关联专题】</div>
<div>T-INT-004 整体变更控制与 CCB</div>
<div class=""section-title"">【来源】</div>
<div>SRC-T-INT-004-0005：整体变更控制与 CCB &gt; 四种变更请求；四种变更请求 软考中会出现的变更请求类型不止一种。能够区分它们是理解变更管理的基础。</div>
</div>",概念卡,C,3,上午选择,整体管理,T-INT-004,整体变更控制与 CCB,SRC-T-INT-004-0005,topic_learning_packages/topics/04_整体管理/T-INT-004_专题学习包_整体变更控制与CCB.md,整体变更控制与 CCB > 四种变更请求,四种变更请求 软考中会出现的变更请求类型不止一种。能够区分它们是理解变更管理的基础。,,,,,,,,,,sha256:caeacfad8181625186786c18,ruankao ruankao::anki_build::20260520_223914 ruankao::difficulty::3 ruankao::domain::整体管理 ruankao::exam_use::上午选择 ruankao::importance::C ruankao::source_grounded ruankao::topic ruankao::topic::T-INT-004 ruankao::type::概念卡,84,final,通过内容、来源和工程门禁；源材料自动扩展卡，建议后续人工润色
软考::系统集成项目管理工程师::专题学习::05_范围管理::T-SCOPE-002_WBS、工作包、WBS字典与范围基准,RuankaoTopicCard,WBS 的核心特征是什么？,"<div class=""answer-block"">
<div class=""section-title"">【答案】</div>
<div>WBS 以可交付成果为导向，把项目范围逐层分解到可管理的工作包。</div>
</div>","<div class=""extra"">
<div class=""section-title"">【理解】</div>
<div>WBS 以可交付成果为导向，把项目范围逐层分解到可管理的工作包。。这张卡来自源材料中的具体段落，用于把讲义内容改写为可回忆判断。</div>
<div class=""section-title"">【记忆线索】</div>
<div>抓住题干中的对象、动作和输出，不背整段讲义。</div>
<div class=""section-title"">【易错点】</div>
<div>避免把相邻概念按字面相似性混用。</div>
<div class=""section-title"">【题干信号】</div>
<div>WBS</div>
<div class=""section-title"">【关联专题】</div>
<div>T-SCOPE-002 WBS、工作包、WBS 字典与范围基准</div>
<div class=""section-title"">【来源】</div>
<div>SRC-T-SCOPE-002-0001：WBS、工作包、WBS 字典与范围基准；T-SCOPE-002｜WBS、工作包、WBS 字典与范围基准 本专题用于学习&quot;项目范围管理&quot;中最核心也最容易被低估的一组内容：工作分解结构（WBS）、工作包、WBS 字典、范围基准、控制账户和分解原则。它们不是孤立文档，而是围绕一个核心问题展开：如何把模糊的项目目标转化为可管理、可估算、可分配、可控制的工作单元，并形</div>
</div>",概念卡,A,2,上午选择,范围管理,T-SCOPE-002,WBS、工作包、WBS 字典与范围基准,SRC-T-SCOPE-002-0001,topic_learning_packages/topics/05_范围管理/T-SCOPE-002_专题学习包_WBS工作包WBS字典与范围基准.md,WBS、工作包、WBS 字典与范围基准,"T-SCOPE-002｜WBS、工作包、WBS 字典与范围基准 本专题用于学习""项目范围管理""中最核心也最容易被低估的一组内容：工作分解结构（WBS）、工作包、WBS 字典、范围基准、控制账户和分解原则。它们不是孤立文档，而是围绕一个核心问题展开：如何把模糊的项目目标转化为可管理、可估算、可分配、可控制的工作单元，并形成稳定的范围基准？",,,,,,,,,,sha256:c7700fd203e48923f83ace25,ruankao ruankao::anki_build::20260520_223914 ruankao::difficulty::2 ruankao::domain::范围管理 ruankao::exam_use::上午选择 ruankao::importance::A ruankao::source_grounded ruankao::topic ruankao::topic::T-SCOPE-002 ruankao::type::概念卡,100,final,通过内容、来源和工程门禁
软考::系统集成项目管理工程师::专题学习::05_范围管理::T-SCOPE-002_WBS、工作包、WBS字典与范围基准,RuankaoTopicCard,范围基准由哪三部分组成？,"<div class=""answer-block"">
<div class=""section-title"">【答案】</div>
<div>范围基准由项目范围说明书、WBS 和 WBS 字典组成。</div>
</div>","<div class=""extra"">
<div class=""section-title"">【理解】</div>
<div>范围基准由项目范围说明书、WBS 和 WBS 字典组成。。这张卡来自源材料中的具体段落，用于把讲义内容改写为可回忆判断。</div>
<div class=""section-title"">【记忆线索】</div>
<div>抓住题干中的对象、动作和输出，不背整段讲义。</div>
<div class=""section-title"">【易错点】</div>
<div>避免把相邻概念按字面相似性混用。</div>
<div class=""section-title"">【题干信号】</div>
<div>WBS</div>
<div class=""section-title"">【关联专题】</div>
<div>T-SCOPE-002 WBS、工作包、WBS 字典与范围基准</div>
<div class=""section-title"">【来源】</div>
<div>SRC-T-SCOPE-002-0005：WBS、工作包、WBS 字典与范围基准 &gt; 范围基准：WBS + WBS 词典 + 范围说明书；范围基准：WBS + WBS 词典 + 范围说明书 [定义｜范围基准] 范围基准是经过批准的项目范围说明书、WBS 和 WBS 词典的组合。只有通过正式的变更控制程序才能更改范围基准。</div>
</div>",概念卡,A,2,上午选择,范围管理,T-SCOPE-002,WBS、工作包、WBS 字典与范围基准,SRC-T-SCOPE-002-0005,topic_learning_packages/topics/05_范围管理/T-SCOPE-002_专题学习包_WBS工作包WBS字典与范围基准.md,WBS、工作包、WBS 字典与范围基准 > 范围基准：WBS + WBS 词典 + 范围说明书,范围基准：WBS + WBS 词典 + 范围说明书 [定义｜范围基准] 范围基准是经过批准的项目范围说明书、WBS 和 WBS 词典的组合。只有通过正式的变更控制程序才能更改范围基准。,,,,,,,,,,sha256:dfc1eccfe5a45fd1eabb05ef,ruankao ruankao::anki_build::20260520_223914 ruankao::difficulty::2 ruankao::domain::范围管理 ruankao::exam_use::上午选择 ruankao::importance::A ruankao::source_grounded ruankao::topic ruankao::topic::T-SCOPE-002 ruankao::type::概念卡,100,final,通过内容、来源和工程门禁
软考::系统集成项目管理工程师::专题学习::05_范围管理::T-SCOPE-002_WBS、工作包、WBS字典与范围基准,RuankaoTopicCard,WBS vs 活动清单的核心区别是什么？,"<div class=""answer-block"">
<div class=""section-title"">【答案】</div>
<div>WBS 回答要交付什么成果；活动清单回答为完成成果要做哪些活动。</div>
</div>","<div class=""extra"">
<div class=""section-title"">【理解】</div>
<div>WBS 回答要交付什么成果；活动清单回答为完成成果要做哪些活动。。这张卡来自源材料中的具体段落，用于把讲义内容改写为可回忆判断。</div>
<div class=""section-title"">【记忆线索】</div>
<div>先判断对象、责任主体、时间点和输出物，再排除张冠李戴的选项。</div>
<div class=""section-title"">【易错点】</div>
<div>避免把相邻概念按字面相似性混用。</div>
<div class=""section-title"">【题干信号】</div>
<div>WBS</div>
<div class=""section-title"">【关联专题】</div>
<div>T-SCOPE-002 WBS、工作包、WBS 字典与范围基准；T-SCH-002</div>
<div class=""section-title"">【来源】</div>
<div>SRC-T-SCOPE-002-0001：WBS、工作包、WBS 字典与范围基准；T-SCOPE-002｜WBS、工作包、WBS 字典与范围基准 本专题用于学习&quot;项目范围管理&quot;中最核心也最容易被低估的一组内容：工作分解结构（WBS）、工作包、WBS 字典、范围基准、控制账户和分解原则。它们不是孤立文档，而是围绕一个核心问题展开：如何把模糊的项目目标转化为可管理、可估算、可分配、可控制的工作单元，并形</div>
</div>",辨析卡,A,3,跨域辨析,范围管理,T-SCOPE-002,WBS、工作包、WBS 字典与范围基准,SRC-T-SCOPE-002-0001,topic_learning_packages/topics/05_范围管理/T-SCOPE-002_专题学习包_WBS工作包WBS字典与范围基准.md,WBS、工作包、WBS 字典与范围基准,"T-SCOPE-002｜WBS、工作包、WBS 字典与范围基准 本专题用于学习""项目范围管理""中最核心也最容易被低估的一组内容：工作分解结构（WBS）、工作包、WBS 字典、范围基准、控制账户和分解原则。它们不是孤立文档，而是围绕一个核心问题展开：如何把模糊的项目目标转化为可管理、可估算、可分配、可控制的工作单元，并形成稳定的范围基准？",,T-SCH-002,,,,,,,,sha256:35965dafc088476ac505c0dd,ruankao ruankao::anki_build::20260520_223914 ruankao::difficulty::3 ruankao::domain::范围管理 ruankao::exam_use::跨域辨析 ruankao::importance::A ruankao::source_grounded ruankao::topic ruankao::topic::T-SCOPE-002 ruankao::type::辨析卡,100,final,通过内容、来源和工程门禁
软考::系统集成项目管理工程师::专题学习::05_范围管理::T-SCOPE-002_WBS、工作包、WBS字典与范围基准,RuankaoTopicCard,WBS 字典的作用是什么？,"<div class=""answer-block"">
<div class=""section-title"">【答案】</div>
<div>WBS 字典为 WBS 组件提供详细说明，如工作描述、责任、验收标准、里程碑和资源等。</div>
</div>","<div class=""extra"">
<div class=""section-title"">【理解】</div>
<div>WBS 字典为 WBS 组件提供详细说明，如工作描述、责任、验收标准、里程碑和资源等。。这张卡来自源材料中的具体段落，用于把讲义内容改写为可回忆判断。</div>
<div class=""section-title"">【记忆线索】</div>
<div>抓住题干中的对象、动作和输出，不背整段讲义。</div>
<div class=""section-title"">【易错点】</div>
<div>避免把相邻概念按字面相似性混用。</div>
<div class=""section-title"">【题干信号】</div>
<div>验收、WBS</div>
<div class=""section-title"">【关联专题】</div>
<div>T-SCOPE-002 WBS、工作包、WBS 字典与范围基准</div>
<div class=""section-title"">【来源】</div>
<div>SRC-T-SCOPE-002-0001：WBS、工作包、WBS 字典与范围基准；T-SCOPE-002｜WBS、工作包、WBS 字典与范围基准 本专题用于学习&quot;项目范围管理&quot;中最核心也最容易被低估的一组内容：工作分解结构（WBS）、工作包、WBS 字典、范围基准、控制账户和分解原则。它们不是孤立文档，而是围绕一个核心问题展开：如何把模糊的项目目标转化为可管理、可估算、可分配、可控制的工作单元，并形</div>
</div>",概念卡,B,3,上午选择,范围管理,T-SCOPE-002,WBS、工作包、WBS 字典与范围基准,SRC-T-SCOPE-002-0001,topic_learning_packages/topics/05_范围管理/T-SCOPE-002_专题学习包_WBS工作包WBS字典与范围基准.md,WBS、工作包、WBS 字典与范围基准,"T-SCOPE-002｜WBS、工作包、WBS 字典与范围基准 本专题用于学习""项目范围管理""中最核心也最容易被低估的一组内容：工作分解结构（WBS）、工作包、WBS 字典、范围基准、控制账户和分解原则。它们不是孤立文档，而是围绕一个核心问题展开：如何把模糊的项目目标转化为可管理、可估算、可分配、可控制的工作单元，并形成稳定的范围基准？",,,,,,,,,,sha256:0740915d05d7dc6decb57689,ruankao ruankao::anki_build::20260520_223914 ruankao::difficulty::3 ruankao::domain::范围管理 ruankao::exam_use::上午选择 ruankao::importance::B ruankao::source_grounded ruankao::topic ruankao::topic::T-SCOPE-002 ruankao::type::概念卡,100,final,通过内容、来源和工程门禁
软考::系统集成项目管理工程师::专题学习::05_范围管理::T-SCOPE-002_WBS、工作包、WBS字典与范围基准,RuankaoTopicCard,WBS、工作包、WBS 字典与范围基准的考试要点是什么？,"<div class=""answer-block"">
<div class=""section-title"">【答案】</div>
<div>T-SCOPE-002｜WBS、工作包、WBS 字典与范围基准 本专题用于学习&quot;项目范围管理&quot;中最核心也最容易被低估的一组内容：工作分解结构（WBS）、工作包、WBS 字典、范围基准、控制账户和分解原则。它们不是孤立文档，而是围绕一个核心问题展开：如何把模糊的项目目标转化为可管理、可估算、可分配、可控制的工作单元，并形成稳定的范围基准？</div>
</div>","<div class=""extra"">
<div class=""section-title"">【理解】</div>
<div>T-SCOPE-002｜WBS、工作包、WBS 字典与范围基准 本专题用于学习&quot;项目范围管理&quot;中最核心也最容易被低估的一组内容：工作分解结构（WBS）、工作包、WBS 字典、范围基准、控制账户和分解原则。它们不是孤立文档，而是围绕一个核心问题展开：如何把模糊的项目目标转化为可管理、可估算、可分配、可控制的工作单元，并形成稳定的范围基准？。这张卡来自源材料中的具体段落，用于把讲义内容改写为可回忆判断。</div>
<div class=""section-title"">【记忆线索】</div>
<div>抓住题干中的对象、动作和输出，不背整段讲义。</div>
<div class=""section-title"">【易错点】</div>
<div>避免把相邻概念按字面相似性混用。</div>
<div class=""section-title"">【题干信号】</div>
<div>问题、WBS</div>
<div class=""section-title"">【关联专题】</div>
<div>T-SCOPE-002 WBS、工作包、WBS 字典与范围基准</div>
<div class=""section-title"">【来源】</div>
<div>SRC-T-SCOPE-002-0001：WBS、工作包、WBS 字典与范围基准；T-SCOPE-002｜WBS、工作包、WBS 字典与范围基准 本专题用于学习&quot;项目范围管理&quot;中最核心也最容易被低估的一组内容：工作分解结构（WBS）、工作包、WBS 字典、范围基准、控制账户和分解原则。它们不是孤立文档，而是围绕一个核心问题展开：如何把模糊的项目目标转化为可管理、可估算、可分配、可控制的工作单元，并形</div>
</div>",概念卡,B,3,上午选择,范围管理,T-SCOPE-002,WBS、工作包、WBS 字典与范围基准,SRC-T-SCOPE-002-0001,topic_learning_packages/topics/05_范围管理/T-SCOPE-002_专题学习包_WBS工作包WBS字典与范围基准.md,WBS、工作包、WBS 字典与范围基准,"T-SCOPE-002｜WBS、工作包、WBS 字典与范围基准 本专题用于学习""项目范围管理""中最核心也最容易被低估的一组内容：工作分解结构（WBS）、工作包、WBS 字典、范围基准、控制账户和分解原则。它们不是孤立文档，而是围绕一个核心问题展开：如何把模糊的项目目标转化为可管理、可估算、可分配、可控制的工作单元，并形成稳定的范围基准？",,,,,,,,,,sha256:ada6f60469ff39d6b11624f7,ruankao ruankao::anki_build::20260520_223914 ruankao::difficulty::3 ruankao::domain::范围管理 ruankao::exam_use::上午选择 ruankao::importance::B ruankao::source_grounded ruankao::topic ruankao::topic::T-SCOPE-002 ruankao::type::概念卡,80,final,疑似大而空问题
软考::系统集成项目管理工程师::专题学习::05_范围管理::T-SCOPE-002_WBS、工作包、WBS字典与范围基准,RuankaoTopicCard,WBS 是什么的考试要点是什么？,"<div class=""answer-block"">
<div class=""section-title"">【答案】</div>
<div>WBS 是什么：以可交付成果为导向的层级分解 [定义｜WBS] 工作分解结构（Work Breakdown Structure）是以可交付成果为导向的，对项目团队为实现项目目标、创建所需可交付成果而需要实施的全部工作范围的层级分解。WBS 组织并定义了项目的全部范围。</div>
</div>","<div class=""extra"">
<div class=""section-title"">【理解】</div>
<div>WBS 是什么：以可交付成果为导向的层级分解 [定义｜WBS] 工作分解结构（Work Breakdown Structure）是以可交付成果为导向的，对项目团队为实现项目目标、创建所需可交付成果而需要实施的全部工作范围的层级分解。WBS 组织并定义了项目的全部范围。。这张卡来自源材料中的具体段落，用于把讲义内容改写为可回忆判断。</div>
<div class=""section-title"">【记忆线索】</div>
<div>抓住题干中的对象、动作和输出，不背整段讲义。</div>
<div class=""section-title"">【易错点】</div>
<div>避免把相邻概念按字面相似性混用。</div>
<div class=""section-title"">【题干信号】</div>
<div>WBS</div>
<div class=""section-title"">【关联专题】</div>
<div>T-SCOPE-002 WBS、工作包、WBS 字典与范围基准</div>
<div class=""section-title"">【来源】</div>
<div>SRC-T-SCOPE-002-0003：WBS、工作包、WBS 字典与范围基准 &gt; WBS 是什么：以可交付成果为导向的层级分解；WBS 是什么：以可交付成果为导向的层级分解 [定义｜WBS] 工作分解结构（Work Breakdown Structure）是以可交付成果为导向的，对项目团队为实现项目目标、创建所需可交付成果而需要实施的全部工作范围的层级分解。WBS 组织并定义了项目的全部范围。</div>
</div>",概念卡,B,3,上午选择,范围管理,T-SCOPE-002,WBS、工作包、WBS 字典与范围基准,SRC-T-SCOPE-002-0003,topic_learning_packages/topics/05_范围管理/T-SCOPE-002_专题学习包_WBS工作包WBS字典与范围基准.md,WBS、工作包、WBS 字典与范围基准 > WBS 是什么：以可交付成果为导向的层级分解,WBS 是什么：以可交付成果为导向的层级分解 [定义｜WBS] 工作分解结构（Work Breakdown Structure）是以可交付成果为导向的，对项目团队为实现项目目标、创建所需可交付成果而需要实施的全部工作范围的层级分解。WBS 组织并定义了项目的全部范围。,,,,,,,,,,sha256:ecd0e1d04e87f51f71b27aeb,ruankao ruankao::anki_build::20260520_223914 ruankao::difficulty::3 ruankao::domain::范围管理 ruankao::exam_use::上午选择 ruankao::importance::B ruankao::source_grounded ruankao::topic ruankao::topic::T-SCOPE-002 ruankao::type::概念卡,100,final,通过内容、来源和工程门禁
软考::系统集成项目管理工程师::专题学习::05_范围管理::T-SCOPE-002_WBS、工作包、WBS字典与范围基准,RuankaoTopicCard,控制账户相关公式或计算判断规则是什么？,"<div class=""answer-block"">
<div class=""section-title"">【答案】</div>
<div>控制账户：连接范围、成本与进度的管理点 [定义｜控制账户] 控制账户（Control Account）是设置在 WBS 选定节点上的管理控制点。在该点上，把范围、预算、实际成本和进度加以整合，并与挣值相比较，以测量绩效。</div>
</div>","<div class=""extra"">
<div class=""section-title"">【理解】</div>
<div>控制账户：连接范围、成本与进度的管理点 [定义｜控制账户] 控制账户（Control Account）是设置在 WBS 选定节点上的管理控制点。在该点上，把范围、预算、实际成本和进度加以整合，并与挣值相比较，以测量绩效。。这张卡来自源材料中的具体段落，用于把讲义内容改写为可回忆判断。</div>
<div class=""section-title"">【记忆线索】</div>
<div>先写公式，再代入数字，最后写文字判断。</div>
<div class=""section-title"">【易错点】</div>
<div>避免把相邻概念按字面相似性混用。</div>
<div class=""section-title"">【题干信号】</div>
<div>WBS</div>
<div class=""section-title"">【关联专题】</div>
<div>T-SCOPE-002 WBS、工作包、WBS 字典与范围基准</div>
<div class=""section-title"">【来源】</div>
<div>SRC-T-SCOPE-002-0006：WBS、工作包、WBS 字典与范围基准 &gt; 控制账户：连接范围、成本与进度的管理点；控制账户：连接范围、成本与进度的管理点 [定义｜控制账户] 控制账户（Control Account）是设置在 WBS 选定节点上的管理控制点。在该点上，把范围、预算、实际成本和进度加以整合，并与挣值相比较，以测量绩效。</div>
</div>",公式卡,B,3,上午选择,范围管理,T-SCOPE-002,WBS、工作包、WBS 字典与范围基准,SRC-T-SCOPE-002-0006,topic_learning_packages/topics/05_范围管理/T-SCOPE-002_专题学习包_WBS工作包WBS字典与范围基准.md,WBS、工作包、WBS 字典与范围基准 > 控制账户：连接范围、成本与进度的管理点,控制账户：连接范围、成本与进度的管理点 [定义｜控制账户] 控制账户（Control Account）是设置在 WBS 选定节点上的管理控制点。在该点上，把范围、预算、实际成本和进度加以整合，并与挣值相比较，以测量绩效。,,,,,,,,,,sha256:0ac6b49675bbf5b390e1845e,ruankao ruankao::anki_build::20260520_223914 ruankao::difficulty::3 ruankao::domain::范围管理 ruankao::exam_use::上午选择 ruankao::importance::B ruankao::source_grounded ruankao::topic ruankao::topic::T-SCOPE-002 ruankao::type::公式卡,100,final,通过内容、来源和工程门禁
软考::系统集成项目管理工程师::专题学习::05_范围管理::T-SCOPE-002_WBS、工作包、WBS字典与范围基准,RuankaoTopicCard,题干出现哪些信号时，应想到“WBS、工作包、WBS 字典与范围基”？,"<div class=""answer-block"">
<div class=""section-title"">【答案】</div>
<div>围绕“WBS、工作包、WBS 字典与范围基准”的对象、动作、输出物、责任主体和常见陷阱定位考点。</div>
</div>","<div class=""extra"">
<div class=""section-title"">【理解】</div>
<div>围绕“WBS、工作包、WBS 字典与范围基准”的对象、动作、输出物、责任主体和常见陷阱定位考点。。这张卡来自源材料中的具体段落，用于把讲义内容改写为可回忆判断。</div>
<div class=""section-title"">【记忆线索】</div>
<div>抓住题干中的对象、动作和输出，不背整段讲义。</div>
<div class=""section-title"">【易错点】</div>
<div>避免把相邻概念按字面相似性混用。</div>
<div class=""section-title"">【题干信号】</div>
<div>WBS</div>
<div class=""section-title"">【关联专题】</div>
<div>T-SCOPE-002 WBS、工作包、WBS 字典与范围基准</div>
<div class=""section-title"">【来源】</div>
<div>SRC-T-SCOPE-002-0001：WBS、工作包、WBS 字典与范围基准；T-SCOPE-002｜WBS、工作包、WBS 字典与范围基准 本专题用于学习&quot;项目范围管理&quot;中最核心也最容易被低估的一组内容：工作分解结构（WBS）、工作包、WBS 字典、范围基准、控制账户和分解原则。它们不是孤立文档，而是围绕一个核心问题展开：如何把模糊的项目目标转化为可管理、可估算、可分配、可控制的工作单元，并形</div>
</div>",关键词识别卡,B,3,上午选择,范围管理,T-SCOPE-002,WBS、工作包、WBS 字典与范围基准,SRC-T-SCOPE-002-0001,topic_learning_packages/topics/05_范围管理/T-SCOPE-002_专题学习包_WBS工作包WBS字典与范围基准.md,WBS、工作包、WBS 字典与范围基准,"T-SCOPE-002｜WBS、工作包、WBS 字典与范围基准 本专题用于学习""项目范围管理""中最核心也最容易被低估的一组内容：工作分解结构（WBS）、工作包、WBS 字典、范围基准、控制账户和分解原则。它们不是孤立文档，而是围绕一个核心问题展开：如何把模糊的项目目标转化为可管理、可估算、可分配、可控制的工作单元，并形成稳定的范围基准？",,,,,,,,,,sha256:d6a32f907df8bf1f0de11261,ruankao ruankao::anki_build::20260520_223914 ruankao::difficulty::3 ruankao::domain::范围管理 ruankao::exam_use::上午选择 ruankao::importance::B ruankao::source_grounded ruankao::topic ruankao::topic::T-SCOPE-002 ruankao::type::关键词识别卡,100,final,通过内容、来源和工程门禁
软考::系统集成项目管理工程师::专题学习::05_范围管理::T-SCOPE-002_WBS、工作包、WBS字典与范围基准,RuankaoTopicCard,WBS、工作包、WBS 字典与范围基类案例通常应从哪些角度答？,"<div class=""answer-block"">
<div class=""section-title"">【答案】</div>
<div>先从题干事实定位“WBS、工作包、WBS 字典与范围基准”相关管理缺口，再写原因、影响、纠正措施、预防措施和需更新的文件。</div>
</div>","<div class=""extra"">
<div class=""section-title"">【理解】</div>
<div>先从题干事实定位“WBS、工作包、WBS 字典与范围基准”相关管理缺口，再写原因、影响、纠正措施、预防措施和需更新的文件。。这张卡来自源材料中的具体段落，用于把讲义内容改写为可回忆判断。</div>
<div class=""section-title"">【记忆线索】</div>
<div>抓住题干中的对象、动作和输出，不背整段讲义。</div>
<div class=""section-title"">【易错点】</div>
<div>避免把相邻概念按字面相似性混用。</div>
<div class=""section-title"">【题干信号】</div>
<div>WBS</div>
<div class=""section-title"">【关联专题】</div>
<div>T-SCOPE-002 WBS、工作包、WBS 字典与范围基准</div>
<div class=""section-title"">【来源】</div>
<div>SRC-T-SCOPE-002-0002：WBS、工作包、WBS 字典与范围基准 &gt; 先看这个专题的主线；先看这个专题的主线 WBS 在很多同学眼里就是&quot;画一棵倒树&quot;，画完就结束了。但软考对 WBS 的考查远不止于此——它会从&quot;什么应该包含在 WBS 中&quot;&quot;WBS 词典有什么用&quot;&quot;范围基准由什么组成&quot;&quot;WBS 与进度、成本的关系&quot;等多个角度出题。</div>
</div>",案例模板卡,B,3,下午案例,范围管理,T-SCOPE-002,WBS、工作包、WBS 字典与范围基准,SRC-T-SCOPE-002-0002,topic_learning_packages/topics/05_范围管理/T-SCOPE-002_专题学习包_WBS工作包WBS字典与范围基准.md,WBS、工作包、WBS 字典与范围基准 > 先看这个专题的主线,"先看这个专题的主线 WBS 在很多同学眼里就是""画一棵倒树""，画完就结束了。但软考对 WBS 的考查远不止于此——它会从""什么应该包含在 WBS 中""""WBS 词典有什么用""""范围基准由什么组成""""WBS 与进度、成本的关系""等多个角度出题。",,,,,,,,,,sha256:11866987083ec3449d38bf27,ruankao ruankao::anki_build::20260520_223914 ruankao::difficulty::3 ruankao::domain::范围管理 ruankao::exam_use::下午案例 ruankao::importance::B ruankao::source_grounded ruankao::topic ruankao::topic::T-SCOPE-002 ruankao::type::案例模板卡,84,final,通过内容、来源和工程门禁；源材料自动扩展卡，建议后续人工润色
软考::系统集成项目管理工程师::专题学习::05_范围管理::T-SCOPE-002_WBS、工作包、WBS字典与范围基准,RuankaoTopicCard,WBS、工作包、WBS 字典与范围基中，WBS、工作包、WBS 字典与范围基准的考试判断要点是什么？,"<div class=""answer-block"">
<div class=""section-title"">【答案】</div>
<div>先看这个专题的主线 WBS 在很多同学眼里就是&quot;画一棵倒树&quot;，画完就结束了。但软考对 WBS 的考查远不止于此——它会从&quot;什么应该包含在 WBS 中&quot;&quot;WBS 词典有什么用&quot;&quot;范围基准由什么组成&quot;&quot;WBS 与进度、成本的关系&quot;等多个角度出题。</div>
</div>","<div class=""extra"">
<div class=""section-title"">【理解】</div>
<div>先看这个专题的主线 WBS 在很多同学眼里就是&quot;画一棵倒树&quot;，画完就结束了。但软考对 WBS 的考查远不止于此——它会从&quot;什么应该包含在 WBS 中&quot;&quot;WBS 词典有什么用&quot;&quot;范围基准由什么组成&quot;&quot;WBS 与进度、成本的关系&quot;等多个角度出题。。这张卡来自源材料中的具体段落，用于把讲义内容改写为可回忆判断。</div>
<div class=""section-title"">【记忆线索】</div>
<div>抓住题干中的对象、动作和输出，不背整段讲义。</div>
<div class=""section-title"">【易错点】</div>
<div>避免把相邻概念按字面相似性混用。</div>
<div class=""section-title"">【题干信号】</div>
<div>WBS</div>
<div class=""section-title"">【关联专题】</div>
<div>T-SCOPE-002 WBS、工作包、WBS 字典与范围基准</div>
<div class=""section-title"">【来源】</div>
<div>SRC-T-SCOPE-002-0002：WBS、工作包、WBS 字典与范围基准 &gt; 先看这个专题的主线；先看这个专题的主线 WBS 在很多同学眼里就是&quot;画一棵倒树&quot;，画完就结束了。但软考对 WBS 的考查远不止于此——它会从&quot;什么应该包含在 WBS 中&quot;&quot;WBS 词典有什么用&quot;&quot;范围基准由什么组成&quot;&quot;WBS 与进度、成本的关系&quot;等多个角度出题。</div>
</div>",概念卡,C,3,上午选择,范围管理,T-SCOPE-002,WBS、工作包、WBS 字典与范围基准,SRC-T-SCOPE-002-0002,topic_learning_packages/topics/05_范围管理/T-SCOPE-002_专题学习包_WBS工作包WBS字典与范围基准.md,WBS、工作包、WBS 字典与范围基准 > 先看这个专题的主线,"先看这个专题的主线 WBS 在很多同学眼里就是""画一棵倒树""，画完就结束了。但软考对 WBS 的考查远不止于此——它会从""什么应该包含在 WBS 中""""WBS 词典有什么用""""范围基准由什么组成""""WBS 与进度、成本的关系""等多个角度出题。",,,,,,,,,,sha256:94f922721ac0c14a6c713816,ruankao ruankao::anki_build::20260520_223914 ruankao::difficulty::3 ruankao::domain::范围管理 ruankao::exam_use::上午选择 ruankao::importance::C ruankao::source_grounded ruankao::topic ruankao::topic::T-SCOPE-002 ruankao::type::概念卡,84,final,通过内容、来源和工程门禁；源材料自动扩展卡，建议后续人工润色
软考::系统集成项目管理工程师::专题学习::05_范围管理::T-SCOPE-002_WBS、工作包、WBS字典与范围基准,RuankaoTopicCard,WBS、工作包、WBS 字典与范围基中，WBS 是什么的考试判断要点是什么？,"<div class=""answer-block"">
<div class=""section-title"">【答案】</div>
<div>WBS 是什么：以可交付成果为导向的层级分解 [定义｜WBS] 工作分解结构（Work Breakdown Structure）是以可交付成果为导向的，对项目团队为实现项目目标、创建所需可交付成果而需要实施的全部工作范围的层级分解。WBS 组织并定义了项目的全部范围。</div>
</div>","<div class=""extra"">
<div class=""section-title"">【理解】</div>
<div>WBS 是什么：以可交付成果为导向的层级分解 [定义｜WBS] 工作分解结构（Work Breakdown Structure）是以可交付成果为导向的，对项目团队为实现项目目标、创建所需可交付成果而需要实施的全部工作范围的层级分解。WBS 组织并定义了项目的全部范围。。这张卡来自源材料中的具体段落，用于把讲义内容改写为可回忆判断。</div>
<div class=""section-title"">【记忆线索】</div>
<div>抓住题干中的对象、动作和输出，不背整段讲义。</div>
<div class=""section-title"">【易错点】</div>
<div>避免把相邻概念按字面相似性混用。</div>
<div class=""section-title"">【题干信号】</div>
<div>WBS</div>
<div class=""section-title"">【关联专题】</div>
<div>T-SCOPE-002 WBS、工作包、WBS 字典与范围基准</div>
<div class=""section-title"">【来源】</div>
<div>SRC-T-SCOPE-002-0003：WBS、工作包、WBS 字典与范围基准 &gt; WBS 是什么：以可交付成果为导向的层级分解；WBS 是什么：以可交付成果为导向的层级分解 [定义｜WBS] 工作分解结构（Work Breakdown Structure）是以可交付成果为导向的，对项目团队为实现项目目标、创建所需可交付成果而需要实施的全部工作范围的层级分解。WBS 组织并定义了项目的全部范围。</div>
</div>",概念卡,C,3,上午选择,范围管理,T-SCOPE-002,WBS、工作包、WBS 字典与范围基准,SRC-T-SCOPE-002-0003,topic_learning_packages/topics/05_范围管理/T-SCOPE-002_专题学习包_WBS工作包WBS字典与范围基准.md,WBS、工作包、WBS 字典与范围基准 > WBS 是什么：以可交付成果为导向的层级分解,WBS 是什么：以可交付成果为导向的层级分解 [定义｜WBS] 工作分解结构（Work Breakdown Structure）是以可交付成果为导向的，对项目团队为实现项目目标、创建所需可交付成果而需要实施的全部工作范围的层级分解。WBS 组织并定义了项目的全部范围。,,,,,,,,,,sha256:7e98bfb4cd7003616aa81b5a,ruankao ruankao::anki_build::20260520_223914 ruankao::difficulty::3 ruankao::domain::范围管理 ruankao::exam_use::上午选择 ruankao::importance::C ruankao::source_grounded ruankao::topic ruankao::topic::T-SCOPE-002 ruankao::type::概念卡,84,final,通过内容、来源和工程门禁；源材料自动扩展卡，建议后续人工润色
软考::系统集成项目管理工程师::专题学习::05_范围管理::T-SCOPE-002_WBS、工作包、WBS字典与范围基准,RuankaoTopicCard,WBS、工作包、WBS 字典与范围基中，控制账户的考试判断要点是什么？,"<div class=""answer-block"">
<div class=""section-title"">【答案】</div>
<div>控制账户：连接范围、成本与进度的管理点 [定义｜控制账户] 控制账户（Control Account）是设置在 WBS 选定节点上的管理控制点。在该点上，把范围、预算、实际成本和进度加以整合，并与挣值相比较，以测量绩效。</div>
</div>","<div class=""extra"">
<div class=""section-title"">【理解】</div>
<div>控制账户：连接范围、成本与进度的管理点 [定义｜控制账户] 控制账户（Control Account）是设置在 WBS 选定节点上的管理控制点。在该点上，把范围、预算、实际成本和进度加以整合，并与挣值相比较，以测量绩效。。这张卡来自源材料中的具体段落，用于把讲义内容改写为可回忆判断。</div>
<div class=""section-title"">【记忆线索】</div>
<div>抓住题干中的对象、动作和输出，不背整段讲义。</div>
<div class=""section-title"">【易错点】</div>
<div>避免把相邻概念按字面相似性混用。</div>
<div class=""section-title"">【题干信号】</div>
<div>WBS</div>
<div class=""section-title"">【关联专题】</div>
<div>T-SCOPE-002 WBS、工作包、WBS 字典与范围基准</div>
<div class=""section-title"">【来源】</div>
<div>SRC-T-SCOPE-002-0006：WBS、工作包、WBS 字典与范围基准 &gt; 控制账户：连接范围、成本与进度的管理点；控制账户：连接范围、成本与进度的管理点 [定义｜控制账户] 控制账户（Control Account）是设置在 WBS 选定节点上的管理控制点。在该点上，把范围、预算、实际成本和进度加以整合，并与挣值相比较，以测量绩效。</div>
</div>",概念卡,C,3,上午选择,范围管理,T-SCOPE-002,WBS、工作包、WBS 字典与范围基准,SRC-T-SCOPE-002-0006,topic_learning_packages/topics/05_范围管理/T-SCOPE-002_专题学习包_WBS工作包WBS字典与范围基准.md,WBS、工作包、WBS 字典与范围基准 > 控制账户：连接范围、成本与进度的管理点,控制账户：连接范围、成本与进度的管理点 [定义｜控制账户] 控制账户（Control Account）是设置在 WBS 选定节点上的管理控制点。在该点上，把范围、预算、实际成本和进度加以整合，并与挣值相比较，以测量绩效。,,,,,,,,,,sha256:e14020cfc14286ca2894d43b,ruankao ruankao::anki_build::20260520_223914 ruankao::difficulty::3 ruankao::domain::范围管理 ruankao::exam_use::上午选择 ruankao::importance::C ruankao::source_grounded ruankao::topic ruankao::topic::T-SCOPE-002 ruankao::type::概念卡,84,final,通过内容、来源和工程门禁；源材料自动扩展卡，建议后续人工润色
软考::系统集成项目管理工程师::专题学习::06_进度管理::T-SCH-002_活动排序、依赖关系、PDM_AOA与提前滞后量,RuankaoTopicCard,活动排序、依赖关系、PDM/AOA 与提前滞后量相关公式或计算判断规则是什么？,"<div class=""answer-block"">
<div class=""section-title"">【答案】</div>
<div>T-SCH-002｜活动排序、依赖关系、PDM/AOA 与提前滞后量 本专题用于学习&quot;项目进度管理&quot;中连接&quot;活动定义&quot;和&quot;关键路径计算&quot;的关键中间环节：活动排序、四种依赖关系（FS/SS/FF/SF）、前导图法（PDM/AON）与箭线图法（ADM/AOA）、四种依赖类型（强制性/选择性/外部/内部）、提前量与滞后量。它们不是孤立画法，而是围绕一个核心问题展开：活动之间的先后顺序如何被准确表达？</div>
</div>","<div class=""extra"">
<div class=""section-title"">【理解】</div>
<div>T-SCH-002｜活动排序、依赖关系、PDM/AOA 与提前滞后量 本专题用于学习&quot;项目进度管理&quot;中连接&quot;活动定义&quot;和&quot;关键路径计算&quot;的关键中间环节：活动排序、四种依赖关系（FS/SS/FF/SF）、前导图法（PDM/AON）与箭线图法（ADM/AOA）、四种依赖类型（强制性/选择性/外部/内部）、提前量与滞后量。它们不是孤立画法，而是围绕一个核心问题展开：活动之间的先后顺序如何被准确表达？。这张卡来自源材料中的具体段落，用于把讲义内容改写为可回忆判断。</div>
<div class=""section-title"">【记忆线索】</div>
<div>先写公式，再代入数字，最后写文字判断。</div>
<div class=""section-title"">【易错点】</div>
<div>避免把相邻概念按字面相似性混用。</div>
<div class=""section-title"">【题干信号】</div>
<div>问题</div>
<div class=""section-title"">【关联专题】</div>
<div>T-SCH-002 活动排序、依赖关系、PDM/AOA 与提前滞后量</div>
<div class=""section-title"">【来源】</div>
<div>SRC-T-SCH-002-0001：活动排序、依赖关系、PDM/AOA 与提前滞后量；T-SCH-002｜活动排序、依赖关系、PDM/AOA 与提前滞后量 本专题用于学习&quot;项目进度管理&quot;中连接&quot;活动定义&quot;和&quot;关键路径计算&quot;的关键中间环节：活动排序、四种依赖关系（FS/SS/FF/SF）、前导图法（PDM/AON）与箭线图法（ADM/AOA）、四种依赖类型（强制性/选择性/外部/内部）、提前量与滞后量。它</div>
</div>",公式卡,B,3,上午选择,进度管理,T-SCH-002,活动排序、依赖关系、PDM/AOA 与提前滞后量,SRC-T-SCH-002-0001,topic_learning_packages/topics/06_进度管理/T-SCH-002_专题学习包_活动排序依赖关系PDM_AOA与提前滞后量.md,活动排序、依赖关系、PDM/AOA 与提前滞后量,"T-SCH-002｜活动排序、依赖关系、PDM/AOA 与提前滞后量 本专题用于学习""项目进度管理""中连接""活动定义""和""关键路径计算""的关键中间环节：活动排序、四种依赖关系（FS/SS/FF/SF）、前导图法（PDM/AON）与箭线图法（ADM/AOA）、四种依赖类型（强制性/选择性/外部/内部）、提前量与滞后量。它们不是孤立画法，而是围绕一个核心问题展开：活动之间的先后顺序如何被准确表达？",,,,,,,,,,sha256:cdbccb2c8d029e3fb42a55cb,ruankao ruankao::anki_build::20260520_223914 ruankao::difficulty::3 ruankao::domain::进度管理 ruankao::exam_use::上午选择 ruankao::importance::B ruankao::source_grounded ruankao::topic ruankao::topic::T-SCH-002 ruankao::type::公式卡,100,final,通过内容、来源和工程门禁
软考::系统集成项目管理工程师::专题学习::06_进度管理::T-SCH-002_活动排序、依赖关系、PDM_AOA与提前滞后量,RuankaoTopicCard,四种依赖关系类型的考试要点是什么？,"<div class=""answer-block"">
<div class=""section-title"">【答案】</div>
<div>四种依赖关系类型 [概念组｜活动的四种依赖关系] 1. 完成-开始（FS）：前序活动完成后，后续活动才能开始。这是最常用的关系。</div>
</div>","<div class=""extra"">
<div class=""section-title"">【理解】</div>
<div>四种依赖关系类型 [概念组｜活动的四种依赖关系] 1. 完成-开始（FS）：前序活动完成后，后续活动才能开始。这是最常用的关系。。这张卡来自源材料中的具体段落，用于把讲义内容改写为可回忆判断。</div>
<div class=""section-title"">【记忆线索】</div>
<div>抓住题干中的对象、动作和输出，不背整段讲义。</div>
<div class=""section-title"">【易错点】</div>
<div>避免把相邻概念按字面相似性混用。</div>
<div class=""section-title"">【题干信号】</div>
<div>定义识别、场景判断、角色/流程边界。</div>
<div class=""section-title"">【关联专题】</div>
<div>T-SCH-002 活动排序、依赖关系、PDM/AOA 与提前滞后量</div>
<div class=""section-title"">【来源】</div>
<div>SRC-T-SCH-002-0003：活动排序、依赖关系、PDM/AOA 与提前滞后量 &gt; 四种依赖关系类型；四种依赖关系类型 [概念组｜活动的四种依赖关系] 1. 完成-开始（FS）：前序活动完成后，后续活动才能开始。这是最常用的关系。</div>
</div>",概念卡,B,3,上午选择,进度管理,T-SCH-002,活动排序、依赖关系、PDM/AOA 与提前滞后量,SRC-T-SCH-002-0003,topic_learning_packages/topics/06_进度管理/T-SCH-002_专题学习包_活动排序依赖关系PDM_AOA与提前滞后量.md,活动排序、依赖关系、PDM/AOA 与提前滞后量 > 四种依赖关系类型,四种依赖关系类型 [概念组｜活动的四种依赖关系] 1. 完成-开始（FS）：前序活动完成后，后续活动才能开始。这是最常用的关系。,,,,,,,,,,sha256:072c845a31bd9899c3568f40,ruankao ruankao::anki_build::20260520_223914 ruankao::difficulty::3 ruankao::domain::进度管理 ruankao::exam_use::上午选择 ruankao::importance::B ruankao::source_grounded ruankao::topic ruankao::topic::T-SCH-002 ruankao::type::概念卡,100,final,通过内容、来源和工程门禁
软考::系统集成项目管理工程师::专题学习::06_进度管理::T-SCH-002_活动排序、依赖关系、PDM_AOA与提前滞后量,RuankaoTopicCard,四种依赖确定方式的考试要点是什么？,"<div class=""answer-block"">
<div class=""section-title"">【答案】</div>
<div>四种依赖确定方式 [概念组｜依赖的确定方式] 1. 强制性依赖（硬逻辑）：工作本身的内在性质决定的，不可违反。例如：必须先建地基才能建墙壁。</div>
</div>","<div class=""extra"">
<div class=""section-title"">【理解】</div>
<div>四种依赖确定方式 [概念组｜依赖的确定方式] 1. 强制性依赖（硬逻辑）：工作本身的内在性质决定的，不可违反。例如：必须先建地基才能建墙壁。。这张卡来自源材料中的具体段落，用于把讲义内容改写为可回忆判断。</div>
<div class=""section-title"">【记忆线索】</div>
<div>抓住题干中的对象、动作和输出，不背整段讲义。</div>
<div class=""section-title"">【易错点】</div>
<div>避免把相邻概念按字面相似性混用。</div>
<div class=""section-title"">【题干信号】</div>
<div>定义识别、场景判断、角色/流程边界。</div>
<div class=""section-title"">【关联专题】</div>
<div>T-SCH-002 活动排序、依赖关系、PDM/AOA 与提前滞后量</div>
<div class=""section-title"">【来源】</div>
<div>SRC-T-SCH-002-0004：活动排序、依赖关系、PDM/AOA 与提前滞后量 &gt; 四种依赖确定方式；四种依赖确定方式 [概念组｜依赖的确定方式] 1. 强制性依赖（硬逻辑）：工作本身的内在性质决定的，不可违反。例如：必须先建地基才能建墙壁。</div>
</div>",概念卡,B,3,上午选择,进度管理,T-SCH-002,活动排序、依赖关系、PDM/AOA 与提前滞后量,SRC-T-SCH-002-0004,topic_learning_packages/topics/06_进度管理/T-SCH-002_专题学习包_活动排序依赖关系PDM_AOA与提前滞后量.md,活动排序、依赖关系、PDM/AOA 与提前滞后量 > 四种依赖确定方式,四种依赖确定方式 [概念组｜依赖的确定方式] 1. 强制性依赖（硬逻辑）：工作本身的内在性质决定的，不可违反。例如：必须先建地基才能建墙壁。,,,,,,,,,,sha256:963af36e360cf83539c335ef,ruankao ruankao::anki_build::20260520_223914 ruankao::difficulty::3 ruankao::domain::进度管理 ruankao::exam_use::上午选择 ruankao::importance::B ruankao::source_grounded ruankao::topic ruankao::topic::T-SCH-002 ruankao::type::概念卡,100,final,通过内容、来源和工程门禁
软考::系统集成项目管理工程师::专题学习::06_进度管理::T-SCH-002_活动排序、依赖关系、PDM_AOA与提前滞后量,RuankaoTopicCard,PDM/AON 与 ADM/AOA 对比的核心区别或边界是什么？,"<div class=""answer-block"">
<div class=""section-title"">【答案】</div>
<div>PDM/AON 与 ADM/AOA 对比 [辨析｜PDM vs ADM] PDM（前导图法）= AON（单代号网络图）：活动在节点（方框）上，箭线表示逻辑关系。这是大多数项目管理软件采用的方法，也是软考最常用的画法。</div>
</div>","<div class=""extra"">
<div class=""section-title"">【理解】</div>
<div>PDM/AON 与 ADM/AOA 对比 [辨析｜PDM vs ADM] PDM（前导图法）= AON（单代号网络图）：活动在节点（方框）上，箭线表示逻辑关系。这是大多数项目管理软件采用的方法，也是软考最常用的画法。。这张卡来自源材料中的具体段落，用于把讲义内容改写为可回忆判断。</div>
<div class=""section-title"">【记忆线索】</div>
<div>先判断对象、责任主体、时间点和输出物，再排除张冠李戴的选项。</div>
<div class=""section-title"">【易错点】</div>
<div>避免把相邻概念按字面相似性混用。</div>
<div class=""section-title"">【题干信号】</div>
<div>定义识别、场景判断、角色/流程边界。</div>
<div class=""section-title"">【关联专题】</div>
<div>T-SCH-002 活动排序、依赖关系、PDM/AOA 与提前滞后量</div>
<div class=""section-title"">【来源】</div>
<div>SRC-T-SCH-002-0005：活动排序、依赖关系、PDM/AOA 与提前滞后量 &gt; PDM/AON 与 ADM/AOA 对比；PDM/AON 与 ADM/AOA 对比 [辨析｜PDM vs ADM] PDM（前导图法）= AON（单代号网络图）：活动在节点（方框）上，箭线表示逻辑关系。这是大多数项目管理软件采用的方法，也是软考最常用的画法。</div>
</div>",辨析卡,B,3,上午选择,进度管理,T-SCH-002,活动排序、依赖关系、PDM/AOA 与提前滞后量,SRC-T-SCH-002-0005,topic_learning_packages/topics/06_进度管理/T-SCH-002_专题学习包_活动排序依赖关系PDM_AOA与提前滞后量.md,活动排序、依赖关系、PDM/AOA 与提前滞后量 > PDM/AON 与 ADM/AOA 对比,PDM/AON 与 ADM/AOA 对比 [辨析｜PDM vs ADM] PDM（前导图法）= AON（单代号网络图）：活动在节点（方框）上，箭线表示逻辑关系。这是大多数项目管理软件采用的方法，也是软考最常用的画法。,,,,,,,,,,sha256:1cc0602333facc3768e7265e,ruankao ruankao::anki_build::20260520_223914 ruankao::difficulty::3 ruankao::domain::进度管理 ruankao::exam_use::上午选择 ruankao::importance::B ruankao::source_grounded ruankao::topic ruankao::topic::T-SCH-002 ruankao::type::辨析卡,100,final,通过内容、来源和工程门禁
软考::系统集成项目管理工程师::专题学习::06_进度管理::T-SCH-002_活动排序、依赖关系、PDM_AOA与提前滞后量,RuankaoTopicCard,本轮真题覆盖增强的考试要点是什么？,"<div class=""answer-block"">
<div class=""section-title"">【答案】</div>
<div>本轮真题覆盖增强：依赖关系与前导图识别 本节把 questions.full.clean.md 与既有真题映射中的高频考法反查回本专题。题库出现“编码前不能测试”判断强制依赖，以及 PDM/AOA 英文题。</div>
</div>","<div class=""extra"">
<div class=""section-title"">【理解】</div>
<div>本轮真题覆盖增强：依赖关系与前导图识别 本节把 questions.full.clean.md 与既有真题映射中的高频考法反查回本专题。题库出现“编码前不能测试”判断强制依赖，以及 PDM/AOA 英文题。。这张卡来自源材料中的具体段落，用于把讲义内容改写为可回忆判断。</div>
<div class=""section-title"">【记忆线索】</div>
<div>抓住题干中的对象、动作和输出，不背整段讲义。</div>
<div class=""section-title"">【易错点】</div>
<div>避免把相邻概念按字面相似性混用。</div>
<div class=""section-title"">【题干信号】</div>
<div>测试</div>
<div class=""section-title"">【关联专题】</div>
<div>T-SCH-002 活动排序、依赖关系、PDM/AOA 与提前滞后量</div>
<div class=""section-title"">【来源】</div>
<div>SRC-T-SCH-002-0008：活动排序、依赖关系、PDM/AOA 与提前滞后量 &gt; 本轮真题覆盖增强：依赖关系与前导图识别；本轮真题覆盖增强：依赖关系与前导图识别 本节把 questions.full.clean.md 与既有真题映射中的高频考法反查回本专题。题库出现“编码前不能测试”判断强制依赖，以及 PDM/AOA 英文题。</div>
</div>",概念卡,B,3,上午选择,进度管理,T-SCH-002,活动排序、依赖关系、PDM/AOA 与提前滞后量,SRC-T-SCH-002-0008,topic_learning_packages/topics/06_进度管理/T-SCH-002_专题学习包_活动排序依赖关系PDM_AOA与提前滞后量.md,活动排序、依赖关系、PDM/AOA 与提前滞后量 > 本轮真题覆盖增强：依赖关系与前导图识别,本轮真题覆盖增强：依赖关系与前导图识别 本节把 questions.full.clean.md 与既有真题映射中的高频考法反查回本专题。题库出现“编码前不能测试”判断强制依赖，以及 PDM/AOA 英文题。,,,,,,,,,,sha256:55e1e5e55271be0afc4cca26,ruankao ruankao::anki_build::20260520_223914 ruankao::difficulty::3 ruankao::domain::进度管理 ruankao::exam_use::上午选择 ruankao::importance::B ruankao::source_grounded ruankao::topic ruankao::topic::T-SCH-002 ruankao::type::概念卡,100,final,通过内容、来源和工程门禁
软考::系统集成项目管理工程师::专题学习::06_进度管理::T-SCH-002_活动排序、依赖关系、PDM_AOA与提前滞后量,RuankaoTopicCard,题干出现哪些信号时，应想到“活动排序、依赖关系、PDM/AOA ”？,"<div class=""answer-block"">
<div class=""section-title"">【答案】</div>
<div>围绕“活动排序、依赖关系、PDM/AOA 与提前滞后量”的对象、动作、输出物、责任主体和常见陷阱定位考点。</div>
</div>","<div class=""extra"">
<div class=""section-title"">【理解】</div>
<div>围绕“活动排序、依赖关系、PDM/AOA 与提前滞后量”的对象、动作、输出物、责任主体和常见陷阱定位考点。。这张卡来自源材料中的具体段落，用于把讲义内容改写为可回忆判断。</div>
<div class=""section-title"">【记忆线索】</div>
<div>抓住题干中的对象、动作和输出，不背整段讲义。</div>
<div class=""section-title"">【易错点】</div>
<div>避免把相邻概念按字面相似性混用。</div>
<div class=""section-title"">【题干信号】</div>
<div>定义识别、场景判断、角色/流程边界。</div>
<div class=""section-title"">【关联专题】</div>
<div>T-SCH-002 活动排序、依赖关系、PDM/AOA 与提前滞后量</div>
<div class=""section-title"">【来源】</div>
<div>SRC-T-SCH-002-0001：活动排序、依赖关系、PDM/AOA 与提前滞后量；T-SCH-002｜活动排序、依赖关系、PDM/AOA 与提前滞后量 本专题用于学习&quot;项目进度管理&quot;中连接&quot;活动定义&quot;和&quot;关键路径计算&quot;的关键中间环节：活动排序、四种依赖关系（FS/SS/FF/SF）、前导图法（PDM/AON）与箭线图法（ADM/AOA）、四种依赖类型（强制性/选择性/外部/内部）、提前量与滞后量。它</div>
</div>",关键词识别卡,B,3,上午选择,进度管理,T-SCH-002,活动排序、依赖关系、PDM/AOA 与提前滞后量,SRC-T-SCH-002-0001,topic_learning_packages/topics/06_进度管理/T-SCH-002_专题学习包_活动排序依赖关系PDM_AOA与提前滞后量.md,活动排序、依赖关系、PDM/AOA 与提前滞后量,"T-SCH-002｜活动排序、依赖关系、PDM/AOA 与提前滞后量 本专题用于学习""项目进度管理""中连接""活动定义""和""关键路径计算""的关键中间环节：活动排序、四种依赖关系（FS/SS/FF/SF）、前导图法（PDM/AON）与箭线图法（ADM/AOA）、四种依赖类型（强制性/选择性/外部/内部）、提前量与滞后量。它们不是孤立画法，而是围绕一个核心问题展开：活动之间的先后顺序如何被准确表达？",,,,,,,,,,sha256:fd0918d0abb933c73564ee79,ruankao ruankao::anki_build::20260520_223914 ruankao::difficulty::3 ruankao::domain::进度管理 ruankao::exam_use::上午选择 ruankao::importance::B ruankao::source_grounded ruankao::topic ruankao::topic::T-SCH-002 ruankao::type::关键词识别卡,100,final,通过内容、来源和工程门禁
软考::系统集成项目管理工程师::专题学习::06_进度管理::T-SCH-002_活动排序、依赖关系、PDM_AOA与提前滞后量,RuankaoTopicCard,活动排序、依赖关系、PDM/AOA 类案例通常应从哪些角度答？,"<div class=""answer-block"">
<div class=""section-title"">【答案】</div>
<div>先从题干事实定位“活动排序、依赖关系、PDM/AOA 与提前滞后量”相关管理缺口，再写原因、影响、纠正措施、预防措施和需更新的文件。</div>
</div>","<div class=""extra"">
<div class=""section-title"">【理解】</div>
<div>先从题干事实定位“活动排序、依赖关系、PDM/AOA 与提前滞后量”相关管理缺口，再写原因、影响、纠正措施、预防措施和需更新的文件。。这张卡来自源材料中的具体段落，用于把讲义内容改写为可回忆判断。</div>
<div class=""section-title"">【记忆线索】</div>
<div>抓住题干中的对象、动作和输出，不背整段讲义。</div>
<div class=""section-title"">【易错点】</div>
<div>避免把相邻概念按字面相似性混用。</div>
<div class=""section-title"">【题干信号】</div>
<div>定义识别、场景判断、角色/流程边界。</div>
<div class=""section-title"">【关联专题】</div>
<div>T-SCH-002 活动排序、依赖关系、PDM/AOA 与提前滞后量</div>
<div class=""section-title"">【来源】</div>
<div>SRC-T-SCH-002-0002：活动排序、依赖关系、PDM/AOA 与提前滞后量 &gt; 先看这个专题的主线；先看这个专题的主线 很多同学学进度管理时直接从 WBS 跳到关键路径，忽略了中间最关键的&quot;排序&quot;环节。活动排序决定了整个网络图的结构——如果依赖关系画错了，后面的关键路径、时差计算、进度压缩全都跟着错。</div>
</div>",案例模板卡,B,3,下午案例,进度管理,T-SCH-002,活动排序、依赖关系、PDM/AOA 与提前滞后量,SRC-T-SCH-002-0002,topic_learning_packages/topics/06_进度管理/T-SCH-002_专题学习包_活动排序依赖关系PDM_AOA与提前滞后量.md,活动排序、依赖关系、PDM/AOA 与提前滞后量 > 先看这个专题的主线,"先看这个专题的主线 很多同学学进度管理时直接从 WBS 跳到关键路径，忽略了中间最关键的""排序""环节。活动排序决定了整个网络图的结构——如果依赖关系画错了，后面的关键路径、时差计算、进度压缩全都跟着错。",,,,,,,,,,sha256:4e78a073983235c57889c89e,ruankao ruankao::anki_build::20260520_223914 ruankao::difficulty::3 ruankao::domain::进度管理 ruankao::exam_use::下午案例 ruankao::importance::B ruankao::source_grounded ruankao::topic ruankao::topic::T-SCH-002 ruankao::type::案例模板卡,84,final,通过内容、来源和工程门禁；源材料自动扩展卡，建议后续人工润色
软考::系统集成项目管理工程师::专题学习::06_进度管理::T-SCH-002_活动排序、依赖关系、PDM_AOA与提前滞后量,RuankaoTopicCard,活动排序、依赖关系、PDM/AOA 中，活动排序、依赖关系、PDM/AOA 与提前滞后量的考试判断要点是什么？,"<div class=""answer-block"">
<div class=""section-title"">【答案】</div>
<div>先看这个专题的主线 很多同学学进度管理时直接从 WBS 跳到关键路径，忽略了中间最关键的&quot;排序&quot;环节。活动排序决定了整个网络图的结构——如果依赖关系画错了，后面的关键路径、时差计算、进度压缩全都跟着错。</div>
</div>","<div class=""extra"">
<div class=""section-title"">【理解】</div>
<div>先看这个专题的主线 很多同学学进度管理时直接从 WBS 跳到关键路径，忽略了中间最关键的&quot;排序&quot;环节。活动排序决定了整个网络图的结构——如果依赖关系画错了，后面的关键路径、时差计算、进度压缩全都跟着错。。这张卡来自源材料中的具体段落，用于把讲义内容改写为可回忆判断。</div>
<div class=""section-title"">【记忆线索】</div>
<div>抓住题干中的对象、动作和输出，不背整段讲义。</div>
<div class=""section-title"">【易错点】</div>
<div>避免把相邻概念按字面相似性混用。</div>
<div class=""section-title"">【题干信号】</div>
<div>WBS</div>
<div class=""section-title"">【关联专题】</div>
<div>T-SCH-002 活动排序、依赖关系、PDM/AOA 与提前滞后量</div>
<div class=""section-title"">【来源】</div>
<div>SRC-T-SCH-002-0002：活动排序、依赖关系、PDM/AOA 与提前滞后量 &gt; 先看这个专题的主线；先看这个专题的主线 很多同学学进度管理时直接从 WBS 跳到关键路径，忽略了中间最关键的&quot;排序&quot;环节。活动排序决定了整个网络图的结构——如果依赖关系画错了，后面的关键路径、时差计算、进度压缩全都跟着错。</div>
</div>",概念卡,C,3,上午选择,进度管理,T-SCH-002,活动排序、依赖关系、PDM/AOA 与提前滞后量,SRC-T-SCH-002-0002,topic_learning_packages/topics/06_进度管理/T-SCH-002_专题学习包_活动排序依赖关系PDM_AOA与提前滞后量.md,活动排序、依赖关系、PDM/AOA 与提前滞后量 > 先看这个专题的主线,"先看这个专题的主线 很多同学学进度管理时直接从 WBS 跳到关键路径，忽略了中间最关键的""排序""环节。活动排序决定了整个网络图的结构——如果依赖关系画错了，后面的关键路径、时差计算、进度压缩全都跟着错。",,,,,,,,,,sha256:0b363bfab6fdb540d36e0241,ruankao ruankao::anki_build::20260520_223914 ruankao::difficulty::3 ruankao::domain::进度管理 ruankao::exam_use::上午选择 ruankao::importance::C ruankao::source_grounded ruankao::topic ruankao::topic::T-SCH-002 ruankao::type::概念卡,84,final,通过内容、来源和工程门禁；源材料自动扩展卡，建议后续人工润色
软考::系统集成项目管理工程师::专题学习::06_进度管理::T-SCH-002_活动排序、依赖关系、PDM_AOA与提前滞后量,RuankaoTopicCard,活动排序、依赖关系、PDM/AOA 中，四种依赖关系类型的考试判断要点是什么？,"<div class=""answer-block"">
<div class=""section-title"">【答案】</div>
<div>四种依赖关系类型 [概念组｜活动的四种依赖关系] 1. 完成-开始（FS）：前序活动完成后，后续活动才能开始。这是最常用的关系。</div>
</div>","<div class=""extra"">
<div class=""section-title"">【理解】</div>
<div>四种依赖关系类型 [概念组｜活动的四种依赖关系] 1. 完成-开始（FS）：前序活动完成后，后续活动才能开始。这是最常用的关系。。这张卡来自源材料中的具体段落，用于把讲义内容改写为可回忆判断。</div>
<div class=""section-title"">【记忆线索】</div>
<div>抓住题干中的对象、动作和输出，不背整段讲义。</div>
<div class=""section-title"">【易错点】</div>
<div>避免把相邻概念按字面相似性混用。</div>
<div class=""section-title"">【题干信号】</div>
<div>定义识别、场景判断、角色/流程边界。</div>
<div class=""section-title"">【关联专题】</div>
<div>T-SCH-002 活动排序、依赖关系、PDM/AOA 与提前滞后量</div>
<div class=""section-title"">【来源】</div>
<div>SRC-T-SCH-002-0003：活动排序、依赖关系、PDM/AOA 与提前滞后量 &gt; 四种依赖关系类型；四种依赖关系类型 [概念组｜活动的四种依赖关系] 1. 完成-开始（FS）：前序活动完成后，后续活动才能开始。这是最常用的关系。</div>
</div>",概念卡,C,3,上午选择,进度管理,T-SCH-002,活动排序、依赖关系、PDM/AOA 与提前滞后量,SRC-T-SCH-002-0003,topic_learning_packages/topics/06_进度管理/T-SCH-002_专题学习包_活动排序依赖关系PDM_AOA与提前滞后量.md,活动排序、依赖关系、PDM/AOA 与提前滞后量 > 四种依赖关系类型,四种依赖关系类型 [概念组｜活动的四种依赖关系] 1. 完成-开始（FS）：前序活动完成后，后续活动才能开始。这是最常用的关系。,,,,,,,,,,sha256:568dd68870a18742773e4e14,ruankao ruankao::anki_build::20260520_223914 ruankao::difficulty::3 ruankao::domain::进度管理 ruankao::exam_use::上午选择 ruankao::importance::C ruankao::source_grounded ruankao::topic ruankao::topic::T-SCH-002 ruankao::type::概念卡,84,final,通过内容、来源和工程门禁；源材料自动扩展卡，建议后续人工润色
软考::系统集成项目管理工程师::专题学习::06_进度管理::T-SCH-002_活动排序、依赖关系、PDM_AOA与提前滞后量,RuankaoTopicCard,活动排序、依赖关系、PDM/AOA 中，四种依赖确定方式的考试判断要点是什么？,"<div class=""answer-block"">
<div class=""section-title"">【答案】</div>
<div>四种依赖确定方式 [概念组｜依赖的确定方式] 1. 强制性依赖（硬逻辑）：工作本身的内在性质决定的，不可违反。例如：必须先建地基才能建墙壁。</div>
</div>","<div class=""extra"">
<div class=""section-title"">【理解】</div>
<div>四种依赖确定方式 [概念组｜依赖的确定方式] 1. 强制性依赖（硬逻辑）：工作本身的内在性质决定的，不可违反。例如：必须先建地基才能建墙壁。。这张卡来自源材料中的具体段落，用于把讲义内容改写为可回忆判断。</div>
<div class=""section-title"">【记忆线索】</div>
<div>抓住题干中的对象、动作和输出，不背整段讲义。</div>
<div class=""section-title"">【易错点】</div>
<div>避免把相邻概念按字面相似性混用。</div>
<div class=""section-title"">【题干信号】</div>
<div>定义识别、场景判断、角色/流程边界。</div>
<div class=""section-title"">【关联专题】</div>
<div>T-SCH-002 活动排序、依赖关系、PDM/AOA 与提前滞后量</div>
<div class=""section-title"">【来源】</div>
<div>SRC-T-SCH-002-0004：活动排序、依赖关系、PDM/AOA 与提前滞后量 &gt; 四种依赖确定方式；四种依赖确定方式 [概念组｜依赖的确定方式] 1. 强制性依赖（硬逻辑）：工作本身的内在性质决定的，不可违反。例如：必须先建地基才能建墙壁。</div>
</div>",概念卡,C,3,上午选择,进度管理,T-SCH-002,活动排序、依赖关系、PDM/AOA 与提前滞后量,SRC-T-SCH-002-0004,topic_learning_packages/topics/06_进度管理/T-SCH-002_专题学习包_活动排序依赖关系PDM_AOA与提前滞后量.md,活动排序、依赖关系、PDM/AOA 与提前滞后量 > 四种依赖确定方式,四种依赖确定方式 [概念组｜依赖的确定方式] 1. 强制性依赖（硬逻辑）：工作本身的内在性质决定的，不可违反。例如：必须先建地基才能建墙壁。,,,,,,,,,,sha256:789bf9d45e70b80f37ee5ede,ruankao ruankao::anki_build::20260520_223914 ruankao::difficulty::3 ruankao::domain::进度管理 ruankao::exam_use::上午选择 ruankao::importance::C ruankao::source_grounded ruankao::topic ruankao::topic::T-SCH-002 ruankao::type::概念卡,84,final,通过内容、来源和工程门禁；源材料自动扩展卡，建议后续人工润色
软考::系统集成项目管理工程师::专题学习::06_进度管理::T-SCH-002_活动排序、依赖关系、PDM_AOA与提前滞后量,RuankaoTopicCard,活动排序、依赖关系、PDM/AOA 中，PDM/AON 与 ADM/AOA 对比的考试判断要点是什么？,"<div class=""answer-block"">
<div class=""section-title"">【答案】</div>
<div>PDM/AON 与 ADM/AOA 对比 [辨析｜PDM vs ADM] PDM（前导图法）= AON（单代号网络图）：活动在节点（方框）上，箭线表示逻辑关系。这是大多数项目管理软件采用的方法，也是软考最常用的画法。</div>
</div>","<div class=""extra"">
<div class=""section-title"">【理解】</div>
<div>PDM/AON 与 ADM/AOA 对比 [辨析｜PDM vs ADM] PDM（前导图法）= AON（单代号网络图）：活动在节点（方框）上，箭线表示逻辑关系。这是大多数项目管理软件采用的方法，也是软考最常用的画法。。这张卡来自源材料中的具体段落，用于把讲义内容改写为可回忆判断。</div>
<div class=""section-title"">【记忆线索】</div>
<div>抓住题干中的对象、动作和输出，不背整段讲义。</div>
<div class=""section-title"">【易错点】</div>
<div>避免把相邻概念按字面相似性混用。</div>
<div class=""section-title"">【题干信号】</div>
<div>定义识别、场景判断、角色/流程边界。</div>
<div class=""section-title"">【关联专题】</div>
<div>T-SCH-002 活动排序、依赖关系、PDM/AOA 与提前滞后量</div>
<div class=""section-title"">【来源】</div>
<div>SRC-T-SCH-002-0005：活动排序、依赖关系、PDM/AOA 与提前滞后量 &gt; PDM/AON 与 ADM/AOA 对比；PDM/AON 与 ADM/AOA 对比 [辨析｜PDM vs ADM] PDM（前导图法）= AON（单代号网络图）：活动在节点（方框）上，箭线表示逻辑关系。这是大多数项目管理软件采用的方法，也是软考最常用的画法。</div>
</div>",辨析卡,C,3,上午选择,进度管理,T-SCH-002,活动排序、依赖关系、PDM/AOA 与提前滞后量,SRC-T-SCH-002-0005,topic_learning_packages/topics/06_进度管理/T-SCH-002_专题学习包_活动排序依赖关系PDM_AOA与提前滞后量.md,活动排序、依赖关系、PDM/AOA 与提前滞后量 > PDM/AON 与 ADM/AOA 对比,PDM/AON 与 ADM/AOA 对比 [辨析｜PDM vs ADM] PDM（前导图法）= AON（单代号网络图）：活动在节点（方框）上，箭线表示逻辑关系。这是大多数项目管理软件采用的方法，也是软考最常用的画法。,,,,,,,,,,sha256:21e69ea187f0056166ded620,ruankao ruankao::anki_build::20260520_223914 ruankao::difficulty::3 ruankao::domain::进度管理 ruankao::exam_use::上午选择 ruankao::importance::C ruankao::source_grounded ruankao::topic ruankao::topic::T-SCH-002 ruankao::type::辨析卡,84,final,通过内容、来源和工程门禁；源材料自动扩展卡，建议后续人工润色
软考::系统集成项目管理工程师::专题学习::06_进度管理::T-SCH-002_活动排序、依赖关系、PDM_AOA与提前滞后量,RuankaoTopicCard,活动排序、依赖关系、PDM/AOA 中，本轮真题覆盖增强的考试判断要点是什么？,"<div class=""answer-block"">
<div class=""section-title"">【答案】</div>
<div>本轮真题覆盖增强：依赖关系与前导图识别 本节把 questions.full.clean.md 与既有真题映射中的高频考法反查回本专题。题库出现“编码前不能测试”判断强制依赖，以及 PDM/AOA 英文题。</div>
</div>","<div class=""extra"">
<div class=""section-title"">【理解】</div>
<div>本轮真题覆盖增强：依赖关系与前导图识别 本节把 questions.full.clean.md 与既有真题映射中的高频考法反查回本专题。题库出现“编码前不能测试”判断强制依赖，以及 PDM/AOA 英文题。。这张卡来自源材料中的具体段落，用于把讲义内容改写为可回忆判断。</div>
<div class=""section-title"">【记忆线索】</div>
<div>抓住题干中的对象、动作和输出，不背整段讲义。</div>
<div class=""section-title"">【易错点】</div>
<div>避免把相邻概念按字面相似性混用。</div>
<div class=""section-title"">【题干信号】</div>
<div>测试</div>
<div class=""section-title"">【关联专题】</div>
<div>T-SCH-002 活动排序、依赖关系、PDM/AOA 与提前滞后量</div>
<div class=""section-title"">【来源】</div>
<div>SRC-T-SCH-002-0008：活动排序、依赖关系、PDM/AOA 与提前滞后量 &gt; 本轮真题覆盖增强：依赖关系与前导图识别；本轮真题覆盖增强：依赖关系与前导图识别 本节把 questions.full.clean.md 与既有真题映射中的高频考法反查回本专题。题库出现“编码前不能测试”判断强制依赖，以及 PDM/AOA 英文题。</div>
</div>",概念卡,C,3,上午选择,进度管理,T-SCH-002,活动排序、依赖关系、PDM/AOA 与提前滞后量,SRC-T-SCH-002-0008,topic_learning_packages/topics/06_进度管理/T-SCH-002_专题学习包_活动排序依赖关系PDM_AOA与提前滞后量.md,活动排序、依赖关系、PDM/AOA 与提前滞后量 > 本轮真题覆盖增强：依赖关系与前导图识别,本轮真题覆盖增强：依赖关系与前导图识别 本节把 questions.full.clean.md 与既有真题映射中的高频考法反查回本专题。题库出现“编码前不能测试”判断强制依赖，以及 PDM/AOA 英文题。,,,,,,,,,,sha256:9c7330deade945a34369ad04,ruankao ruankao::anki_build::20260520_223914 ruankao::difficulty::3 ruankao::domain::进度管理 ruankao::exam_use::上午选择 ruankao::importance::C ruankao::source_grounded ruankao::topic ruankao::topic::T-SCH-002 ruankao::type::概念卡,84,final,通过内容、来源和工程门禁；源材料自动扩展卡，建议后续人工润色
软考::系统集成项目管理工程师::专题学习::06_进度管理::T-SCH-003_关键路径、总时差、自由时差与网络图判断,RuankaoTopicCard,关键路径、总时差、自由时差与网络图判断相关公式或计算判断规则是什么？,"<div class=""answer-block"">
<div class=""section-title"">【答案】</div>
<div>T-SCH-003｜关键路径、总时差、自由时差与网络图判断 本专题用于学习&quot;项目进度管理&quot;中必出计算题和选择题的一组核心内容：前导图法（PDM）、箭线图法（ADM）、关键路径法（CPM）、总时差（总浮动时间）、自由时差（自由浮动时间）、网络图的正推法与逆推法。它们不是孤立概念，而是围绕一个核心问题展开：给定一组活动的工期和逻辑关系，如何确定项目的最短工期？</div>
</div>","<div class=""extra"">
<div class=""section-title"">【理解】</div>
<div>T-SCH-003｜关键路径、总时差、自由时差与网络图判断 本专题用于学习&quot;项目进度管理&quot;中必出计算题和选择题的一组核心内容：前导图法（PDM）、箭线图法（ADM）、关键路径法（CPM）、总时差（总浮动时间）、自由时差（自由浮动时间）、网络图的正推法与逆推法。它们不是孤立概念，而是围绕一个核心问题展开：给定一组活动的工期和逻辑关系，如何确定项目的最短工期？。这张卡来自源材料中的具体段落，用于把讲义内容改写为可回忆判断。</div>
<div class=""section-title"">【记忆线索】</div>
<div>先写公式，再代入数字，最后写文字判断。</div>
<div class=""section-title"">【易错点】</div>
<div>避免把相邻概念按字面相似性混用。</div>
<div class=""section-title"">【题干信号】</div>
<div>问题</div>
<div class=""section-title"">【关联专题】</div>
<div>T-SCH-003 关键路径、总时差、自由时差与网络图判断</div>
<div class=""section-title"">【来源】</div>
<div>SRC-T-SCH-003-0001：关键路径、总时差、自由时差与网络图判断；T-SCH-003｜关键路径、总时差、自由时差与网络图判断 本专题用于学习&quot;项目进度管理&quot;中必出计算题和选择题的一组核心内容：前导图法（PDM）、箭线图法（ADM）、关键路径法（CPM）、总时差（总浮动时间）、自由时差（自由浮动时间）、网络图的正推法与逆推法。它们不是孤立概念，而是围绕一个核心问题展开：给定一组活动的工</div>
</div>",公式卡,B,3,上午选择,进度管理,T-SCH-003,关键路径、总时差、自由时差与网络图判断,SRC-T-SCH-003-0001,topic_learning_packages/topics/06_进度管理/T-SCH-003_专题学习包_关键路径总时差自由时差与网络图判断.md,关键路径、总时差、自由时差与网络图判断,"T-SCH-003｜关键路径、总时差、自由时差与网络图判断 本专题用于学习""项目进度管理""中必出计算题和选择题的一组核心内容：前导图法（PDM）、箭线图法（ADM）、关键路径法（CPM）、总时差（总浮动时间）、自由时差（自由浮动时间）、网络图的正推法与逆推法。它们不是孤立概念，而是围绕一个核心问题展开：给定一组活动的工期和逻辑关系，如何确定项目的最短工期？",,,,,,,,,,sha256:6d9c08ed742e1a470cc7c227,ruankao ruankao::anki_build::20260520_223914 ruankao::difficulty::3 ruankao::domain::进度管理 ruankao::exam_use::上午选择 ruankao::importance::B ruankao::source_grounded ruankao::topic ruankao::topic::T-SCH-003 ruankao::type::公式卡,100,final,通过内容、来源和工程门禁
软考::系统集成项目管理工程师::专题学习::06_进度管理::T-SCH-003_关键路径、总时差、自由时差与网络图判断,RuankaoTopicCard,网络图的两种画法相关公式或计算判断规则是什么？,"<div class=""answer-block"">
<div class=""section-title"">【答案】</div>
<div>网络图的两种画法：PDM vs ADM 在计算关键路径之前，需要先理解活动之间的逻辑关系是如何表达的。</div>
</div>","<div class=""extra"">
<div class=""section-title"">【理解】</div>
<div>网络图的两种画法：PDM vs ADM 在计算关键路径之前，需要先理解活动之间的逻辑关系是如何表达的。。这张卡来自源材料中的具体段落，用于把讲义内容改写为可回忆判断。</div>
<div class=""section-title"">【记忆线索】</div>
<div>先写公式，再代入数字，最后写文字判断。</div>
<div class=""section-title"">【易错点】</div>
<div>避免把相邻概念按字面相似性混用。</div>
<div class=""section-title"">【题干信号】</div>
<div>定义识别、场景判断、角色/流程边界。</div>
<div class=""section-title"">【关联专题】</div>
<div>T-SCH-003 关键路径、总时差、自由时差与网络图判断</div>
<div class=""section-title"">【来源】</div>
<div>SRC-T-SCH-003-0003：关键路径、总时差、自由时差与网络图判断 &gt; 网络图的两种画法：PDM vs ADM；网络图的两种画法：PDM vs ADM 在计算关键路径之前，需要先理解活动之间的逻辑关系是如何表达的。</div>
</div>",公式卡,B,3,上午选择,进度管理,T-SCH-003,关键路径、总时差、自由时差与网络图判断,SRC-T-SCH-003-0003,topic_learning_packages/topics/06_进度管理/T-SCH-003_专题学习包_关键路径总时差自由时差与网络图判断.md,关键路径、总时差、自由时差与网络图判断 > 网络图的两种画法：PDM vs ADM,网络图的两种画法：PDM vs ADM 在计算关键路径之前，需要先理解活动之间的逻辑关系是如何表达的。,,,,,,,,,,sha256:cd1212c0a435da6c99311aab,ruankao ruankao::anki_build::20260520_223914 ruankao::difficulty::3 ruankao::domain::进度管理 ruankao::exam_use::上午选择 ruankao::importance::B ruankao::source_grounded ruankao::topic ruankao::topic::T-SCH-003 ruankao::type::公式卡,100,final,通过内容、来源和工程门禁
软考::系统集成项目管理工程师::专题学习::06_进度管理::T-SCH-003_关键路径、总时差、自由时差与网络图判断,RuankaoTopicCard,前导图法（PDM / AON）相关公式或计算判断规则是什么？,"<div class=""answer-block"">
<div class=""section-title"">【答案】</div>
<div>前导图法（PDM / AON） [定义｜PDM / AON] 前导图法（Precedence Diagramming Method）用方框（节点）代表活动，箭头表示活动之间的逻辑关系。因为只有活动节点需要编号，所以也叫单代号网络图（Activity On Node, AON）。</div>
</div>","<div class=""extra"">
<div class=""section-title"">【理解】</div>
<div>前导图法（PDM / AON） [定义｜PDM / AON] 前导图法（Precedence Diagramming Method）用方框（节点）代表活动，箭头表示活动之间的逻辑关系。因为只有活动节点需要编号，所以也叫单代号网络图（Activity On Node, AON）。。这张卡来自源材料中的具体段落，用于把讲义内容改写为可回忆判断。</div>
<div class=""section-title"">【记忆线索】</div>
<div>先写公式，再代入数字，最后写文字判断。</div>
<div class=""section-title"">【易错点】</div>
<div>避免把相邻概念按字面相似性混用。</div>
<div class=""section-title"">【题干信号】</div>
<div>定义识别、场景判断、角色/流程边界。</div>
<div class=""section-title"">【关联专题】</div>
<div>T-SCH-003 关键路径、总时差、自由时差与网络图判断</div>
<div class=""section-title"">【来源】</div>
<div>SRC-T-SCH-003-0004：关键路径、总时差、自由时差与网络图判断 &gt; 网络图的两种画法：PDM vs ADM &gt; 前导图法（PDM / AON）；前导图法（PDM / AON） [定义｜PDM / AON] 前导图法（Precedence Diagramming Method）用方框（节点）代表活动，箭头表示活动之间的逻辑关系。因为只有活动节点需要编号，所以也叫单代号网络图（Activity On Node, AON）。</div>
</div>",公式卡,B,3,上午选择,进度管理,T-SCH-003,关键路径、总时差、自由时差与网络图判断,SRC-T-SCH-003-0004,topic_learning_packages/topics/06_进度管理/T-SCH-003_专题学习包_关键路径总时差自由时差与网络图判断.md,关键路径、总时差、自由时差与网络图判断 > 网络图的两种画法：PDM vs ADM > 前导图法（PDM / AON）,"前导图法（PDM / AON） [定义｜PDM / AON] 前导图法（Precedence Diagramming Method）用方框（节点）代表活动，箭头表示活动之间的逻辑关系。因为只有活动节点需要编号，所以也叫单代号网络图（Activity On Node, AON）。",,,,,,,,,,sha256:0714fd970242d5e743c26675,ruankao ruankao::anki_build::20260520_223914 ruankao::difficulty::3 ruankao::domain::进度管理 ruankao::exam_use::上午选择 ruankao::importance::B ruankao::source_grounded ruankao::topic ruankao::topic::T-SCH-003 ruankao::type::公式卡,100,final,通过内容、来源和工程门禁
软考::系统集成项目管理工程师::专题学习::06_进度管理::T-SCH-003_关键路径、总时差、自由时差与网络图判断,RuankaoTopicCard,箭线图法（ADM / AOA）相关公式或计算判断规则是什么？,"<div class=""answer-block"">
<div class=""section-title"">【答案】</div>
<div>箭线图法（ADM / AOA） [定义｜ADM / AOA] 箭线图法（Arrow Diagramming Method）用箭线代表活动，节点代表事件（活动的开始或完成）。因为节点和箭线都需要编号，所以也叫双代号网络图（Activity On Arrow, AOA）。</div>
</div>","<div class=""extra"">
<div class=""section-title"">【理解】</div>
<div>箭线图法（ADM / AOA） [定义｜ADM / AOA] 箭线图法（Arrow Diagramming Method）用箭线代表活动，节点代表事件（活动的开始或完成）。因为节点和箭线都需要编号，所以也叫双代号网络图（Activity On Arrow, AOA）。。这张卡来自源材料中的具体段落，用于把讲义内容改写为可回忆判断。</div>
<div class=""section-title"">【记忆线索】</div>
<div>先写公式，再代入数字，最后写文字判断。</div>
<div class=""section-title"">【易错点】</div>
<div>避免把相邻概念按字面相似性混用。</div>
<div class=""section-title"">【题干信号】</div>
<div>定义识别、场景判断、角色/流程边界。</div>
<div class=""section-title"">【关联专题】</div>
<div>T-SCH-003 关键路径、总时差、自由时差与网络图判断</div>
<div class=""section-title"">【来源】</div>
<div>SRC-T-SCH-003-0005：关键路径、总时差、自由时差与网络图判断 &gt; 网络图的两种画法：PDM vs ADM &gt; 箭线图法（ADM / AOA）；箭线图法（ADM / AOA） [定义｜ADM / AOA] 箭线图法（Arrow Diagramming Method）用箭线代表活动，节点代表事件（活动的开始或完成）。因为节点和箭线都需要编号，所以也叫双代号网络图（Activity On Arrow, AOA）。</div>
</div>",公式卡,B,3,上午选择,进度管理,T-SCH-003,关键路径、总时差、自由时差与网络图判断,SRC-T-SCH-003-0005,topic_learning_packages/topics/06_进度管理/T-SCH-003_专题学习包_关键路径总时差自由时差与网络图判断.md,关键路径、总时差、自由时差与网络图判断 > 网络图的两种画法：PDM vs ADM > 箭线图法（ADM / AOA）,"箭线图法（ADM / AOA） [定义｜ADM / AOA] 箭线图法（Arrow Diagramming Method）用箭线代表活动，节点代表事件（活动的开始或完成）。因为节点和箭线都需要编号，所以也叫双代号网络图（Activity On Arrow, AOA）。",,,,,,,,,,sha256:fcd08c4886c60c0db63f8113,ruankao ruankao::anki_build::20260520_223914 ruankao::difficulty::3 ruankao::domain::进度管理 ruankao::exam_use::上午选择 ruankao::importance::B ruankao::source_grounded ruankao::topic ruankao::topic::T-SCH-003 ruankao::type::公式卡,100,final,通过内容、来源和工程门禁
软考::系统集成项目管理工程师::专题学习::06_进度管理::T-SCH-003_关键路径、总时差、自由时差与网络图判断,RuankaoTopicCard,正推法（Forward Pass）相关公式或计算判断规则是什么？,"<div class=""answer-block"">
<div class=""section-title"">【答案】</div>
<div>正推法（Forward Pass）：计算 ES 和 EF 正推法从网络图的起点开始，沿箭线方向逐个计算每个活动的最早开始时间（ES）和最早完成时间（EF）。 [规则｜正推法] 1. 起始活动的 ES = 0（或项目指定的开始日期） 2. EF = ES + 工期 3. 后续活动的 ES = 所有紧前活动中最大的 EF 4. 遇到汇合点时，ES 取所有进入路径中 EF 的最大值 正推法的口诀：&quot;顺箭线，取最大&quot;</div>
</div>","<div class=""extra"">
<div class=""section-title"">【理解】</div>
<div>正推法（Forward Pass）：计算 ES 和 EF 正推法从网络图的起点开始，沿箭线方向逐个计算每个活动的最早开始时间（ES）和最早完成时间（EF）。 [规则｜正推法] 1. 起始活动的 ES = 0（或项目指定的开始日期） 2. EF = ES + 工期 3. 后续活动的 ES = 所有紧前活动中最大的 EF 4. 遇到汇合点时，ES 取所有进入路径中 EF 的最大值 正推法的口诀：&quot;顺箭线，取最大&quot;。这张卡来自源材料中的具体段落，用于把讲义内容改写为可回忆判断。</div>
<div class=""section-title"">【记忆线索】</div>
<div>先写公式，再代入数字，最后写文字判断。</div>
<div class=""section-title"">【易错点】</div>
<div>避免把相邻概念按字面相似性混用。</div>
<div class=""section-title"">【题干信号】</div>
<div>定义识别、场景判断、角色/流程边界。</div>
<div class=""section-title"">【关联专题】</div>
<div>T-SCH-003 关键路径、总时差、自由时差与网络图判断</div>
<div class=""section-title"">【来源】</div>
<div>SRC-T-SCH-003-0006：关键路径、总时差、自由时差与网络图判断 &gt; 正推法与逆推法：计算时间参数的核心方法 &gt; 正推法（Forward Pass）：计算 ES 和 EF；正推法（Forward Pass）：计算 ES 和 EF 正推法从网络图的起点开始，沿箭线方向逐个计算每个活动的最早开始时间（ES）和最早完成时间（EF）。 [规则｜正推法] 1. 起始活动的 ES = 0（或项目指定的开始日期） 2. EF = ES + 工期 3. 后续活动的 ES = 所有紧前活动中最大的 EF </div>
</div>",公式卡,B,3,上午选择,进度管理,T-SCH-003,关键路径、总时差、自由时差与网络图判断,SRC-T-SCH-003-0006,topic_learning_packages/topics/06_进度管理/T-SCH-003_专题学习包_关键路径总时差自由时差与网络图判断.md,关键路径、总时差、自由时差与网络图判断 > 正推法与逆推法：计算时间参数的核心方法 > 正推法（Forward Pass）：计算 ES 和 EF,"正推法（Forward Pass）：计算 ES 和 EF 正推法从网络图的起点开始，沿箭线方向逐个计算每个活动的最早开始时间（ES）和最早完成时间（EF）。 [规则｜正推法] 1. 起始活动的 ES = 0（或项目指定的开始日期） 2. EF = ES + 工期 3. 后续活动的 ES = 所有紧前活动中最大的 EF 4. 遇到汇合点时，ES 取所有进入路径中 EF 的最大值 正推法的口诀：""顺箭线，取最大""",,,,,,,,,,sha256:de4f1867fca1fce990d61c01,ruankao ruankao::anki_build::20260520_223914 ruankao::difficulty::3 ruankao::domain::进度管理 ruankao::exam_use::上午选择 ruankao::importance::B ruankao::source_grounded ruankao::topic ruankao::topic::T-SCH-003 ruankao::type::公式卡,100,final,通过内容、来源和工程门禁
软考::系统集成项目管理工程师::专题学习::06_进度管理::T-SCH-003_关键路径、总时差、自由时差与网络图判断,RuankaoTopicCard,逆推法（Backward Pass）相关公式或计算判断规则是什么？,"<div class=""answer-block"">
<div class=""section-title"">【答案】</div>
<div>逆推法（Backward Pass）：计算 LS 和 LF 逆推法从网络图的终点开始，逆箭线方向逐个计算每个活动的最迟开始时间（LS）和最迟完成时间（LF）。 [规则｜逆推法] 1. 结束活动的 LF = 项目的总工期（正推法算出的最后 EF） 2. LS = LF − 工期 3. 前置活动的 LF = 所有紧后活动中最小的 LS 4. 遇到分支点时，LF 取所有出去路径中 LS 的最小值 逆推法的口诀：&quot;逆箭线，取最小&quot; 正推和逆推完</div>
</div>","<div class=""extra"">
<div class=""section-title"">【理解】</div>
<div>逆推法（Backward Pass）：计算 LS 和 LF 逆推法从网络图的终点开始，逆箭线方向逐个计算每个活动的最迟开始时间（LS）和最迟完成时间（LF）。 [规则｜逆推法] 1. 结束活动的 LF = 项目的总工期（正推法算出的最后 EF） 2. LS = LF − 工期 3. 前置活动的 LF = 所有紧后活动中最小的 LS 4. 遇到分支点时，LF 取所有出去路径中 LS 的最小值 逆推法的口诀：&quot;逆箭线，取最小&quot; 正推和逆推完。这张卡来自源材料中的具体段落，用于把讲义内容改写为可回忆判断。</div>
<div class=""section-title"">【记忆线索】</div>
<div>先写公式，再代入数字，最后写文字判断。</div>
<div class=""section-title"">【易错点】</div>
<div>避免把相邻概念按字面相似性混用。</div>
<div class=""section-title"">【题干信号】</div>
<div>定义识别、场景判断、角色/流程边界。</div>
<div class=""section-title"">【关联专题】</div>
<div>T-SCH-003 关键路径、总时差、自由时差与网络图判断</div>
<div class=""section-title"">【来源】</div>
<div>SRC-T-SCH-003-0007：关键路径、总时差、自由时差与网络图判断 &gt; 正推法与逆推法：计算时间参数的核心方法 &gt; 逆推法（Backward Pass）：计算 LS 和 LF；逆推法（Backward Pass）：计算 LS 和 LF 逆推法从网络图的终点开始，逆箭线方向逐个计算每个活动的最迟开始时间（LS）和最迟完成时间（LF）。 [规则｜逆推法] 1. 结束活动的 LF = 项目的总工期（正推法算出的最后 EF） 2. LS = LF − 工期 3. 前置活动的 LF = 所有紧后活动中</div>
</div>",公式卡,B,3,上午选择,进度管理,T-SCH-003,关键路径、总时差、自由时差与网络图判断,SRC-T-SCH-003-0007,topic_learning_packages/topics/06_进度管理/T-SCH-003_专题学习包_关键路径总时差自由时差与网络图判断.md,关键路径、总时差、自由时差与网络图判断 > 正推法与逆推法：计算时间参数的核心方法 > 逆推法（Backward Pass）：计算 LS 和 LF,"逆推法（Backward Pass）：计算 LS 和 LF 逆推法从网络图的终点开始，逆箭线方向逐个计算每个活动的最迟开始时间（LS）和最迟完成时间（LF）。 [规则｜逆推法] 1. 结束活动的 LF = 项目的总工期（正推法算出的最后 EF） 2. LS = LF − 工期 3. 前置活动的 LF = 所有紧后活动中最小的 LS 4. 遇到分支点时，LF 取所有出去路径中 LS 的最小值 逆推法的口诀：""逆箭线，取最小"" 正推和逆推完",,,,,,,,,,sha256:94cae453b74542b53c5b3584,ruankao ruankao::anki_build::20260520_223914 ruankao::difficulty::3 ruankao::domain::进度管理 ruankao::exam_use::上午选择 ruankao::importance::B ruankao::source_grounded ruankao::topic ruankao::topic::T-SCH-003 ruankao::type::公式卡,100,final,通过内容、来源和工程门禁
软考::系统集成项目管理工程师::专题学习::06_进度管理::T-SCH-003_关键路径、总时差、自由时差与网络图判断,RuankaoTopicCard,本轮真题覆盖增强相关公式或计算判断规则是什么？,"<div class=""answer-block"">
<div class=""section-title"">【答案】</div>
<div>本轮真题覆盖增强：关键路径变化与时差 本节把 questions.full.clean.md 与既有真题映射中的高频考法反查回本专题。下午题常给活动表求关键路径；上午题常考“关键路径可能变化、可能不止一条、不是所有控制点都在关键路径上”。</div>
</div>","<div class=""extra"">
<div class=""section-title"">【理解】</div>
<div>本轮真题覆盖增强：关键路径变化与时差 本节把 questions.full.clean.md 与既有真题映射中的高频考法反查回本专题。下午题常给活动表求关键路径；上午题常考“关键路径可能变化、可能不止一条、不是所有控制点都在关键路径上”。。这张卡来自源材料中的具体段落，用于把讲义内容改写为可回忆判断。</div>
<div class=""section-title"">【记忆线索】</div>
<div>先写公式，再代入数字，最后写文字判断。</div>
<div class=""section-title"">【易错点】</div>
<div>避免把相邻概念按字面相似性混用。</div>
<div class=""section-title"">【题干信号】</div>
<div>定义识别、场景判断、角色/流程边界。</div>
<div class=""section-title"">【关联专题】</div>
<div>T-SCH-003 关键路径、总时差、自由时差与网络图判断</div>
<div class=""section-title"">【来源】</div>
<div>SRC-T-SCH-003-0011：关键路径、总时差、自由时差与网络图判断 &gt; 本轮真题覆盖增强：关键路径变化与时差；本轮真题覆盖增强：关键路径变化与时差 本节把 questions.full.clean.md 与既有真题映射中的高频考法反查回本专题。下午题常给活动表求关键路径；上午题常考“关键路径可能变化、可能不止一条、不是所有控制点都在关键路径上”。</div>
</div>",公式卡,B,3,上午选择,进度管理,T-SCH-003,关键路径、总时差、自由时差与网络图判断,SRC-T-SCH-003-0011,topic_learning_packages/topics/06_进度管理/T-SCH-003_专题学习包_关键路径总时差自由时差与网络图判断.md,关键路径、总时差、自由时差与网络图判断 > 本轮真题覆盖增强：关键路径变化与时差,本轮真题覆盖增强：关键路径变化与时差 本节把 questions.full.clean.md 与既有真题映射中的高频考法反查回本专题。下午题常给活动表求关键路径；上午题常考“关键路径可能变化、可能不止一条、不是所有控制点都在关键路径上”。,,,,,,,,,,sha256:e72f8dbfb6e344f50e3493c9,ruankao ruankao::anki_build::20260520_223914 ruankao::difficulty::3 ruankao::domain::进度管理 ruankao::exam_use::上午选择 ruankao::importance::B ruankao::source_grounded ruankao::topic ruankao::topic::T-SCH-003 ruankao::type::公式卡,100,final,通过内容、来源和工程门禁
软考::系统集成项目管理工程师::专题学习::06_进度管理::T-SCH-003_关键路径、总时差、自由时差与网络图判断,RuankaoTopicCard,题干出现哪些信号时，应想到“关键路径、总时差、自由时差与网络图判”？,"<div class=""answer-block"">
<div class=""section-title"">【答案】</div>
<div>围绕“关键路径、总时差、自由时差与网络图判断”的对象、动作、输出物、责任主体和常见陷阱定位考点。</div>
</div>","<div class=""extra"">
<div class=""section-title"">【理解】</div>
<div>围绕“关键路径、总时差、自由时差与网络图判断”的对象、动作、输出物、责任主体和常见陷阱定位考点。。这张卡来自源材料中的具体段落，用于把讲义内容改写为可回忆判断。</div>
<div class=""section-title"">【记忆线索】</div>
<div>抓住题干中的对象、动作和输出，不背整段讲义。</div>
<div class=""section-title"">【易错点】</div>
<div>避免把相邻概念按字面相似性混用。</div>
<div class=""section-title"">【题干信号】</div>
<div>定义识别、场景判断、角色/流程边界。</div>
<div class=""section-title"">【关联专题】</div>
<div>T-SCH-003 关键路径、总时差、自由时差与网络图判断</div>
<div class=""section-title"">【来源】</div>
<div>SRC-T-SCH-003-0001：关键路径、总时差、自由时差与网络图判断；T-SCH-003｜关键路径、总时差、自由时差与网络图判断 本专题用于学习&quot;项目进度管理&quot;中必出计算题和选择题的一组核心内容：前导图法（PDM）、箭线图法（ADM）、关键路径法（CPM）、总时差（总浮动时间）、自由时差（自由浮动时间）、网络图的正推法与逆推法。它们不是孤立概念，而是围绕一个核心问题展开：给定一组活动的工</div>
</div>",关键词识别卡,B,3,上午选择,进度管理,T-SCH-003,关键路径、总时差、自由时差与网络图判断,SRC-T-SCH-003-0001,topic_learning_packages/topics/06_进度管理/T-SCH-003_专题学习包_关键路径总时差自由时差与网络图判断.md,关键路径、总时差、自由时差与网络图判断,"T-SCH-003｜关键路径、总时差、自由时差与网络图判断 本专题用于学习""项目进度管理""中必出计算题和选择题的一组核心内容：前导图法（PDM）、箭线图法（ADM）、关键路径法（CPM）、总时差（总浮动时间）、自由时差（自由浮动时间）、网络图的正推法与逆推法。它们不是孤立概念，而是围绕一个核心问题展开：给定一组活动的工期和逻辑关系，如何确定项目的最短工期？",,,,,,,,,,sha256:eeaf5245ec4f2dacb113cf77,ruankao ruankao::anki_build::20260520_223914 ruankao::difficulty::3 ruankao::domain::进度管理 ruankao::exam_use::上午选择 ruankao::importance::B ruankao::source_grounded ruankao::topic ruankao::topic::T-SCH-003 ruankao::type::关键词识别卡,100,final,通过内容、来源和工程门禁
软考::系统集成项目管理工程师::专题学习::06_进度管理::T-SCH-003_关键路径、总时差、自由时差与网络图判断,RuankaoTopicCard,关键路径、总时差、自由时差与网络图判类案例通常应从哪些角度答？,"<div class=""answer-block"">
<div class=""section-title"">【答案】</div>
<div>先从题干事实定位“关键路径、总时差、自由时差与网络图判断”相关管理缺口，再写原因、影响、纠正措施、预防措施和需更新的文件。</div>
</div>","<div class=""extra"">
<div class=""section-title"">【理解】</div>
<div>先从题干事实定位“关键路径、总时差、自由时差与网络图判断”相关管理缺口，再写原因、影响、纠正措施、预防措施和需更新的文件。。这张卡来自源材料中的具体段落，用于把讲义内容改写为可回忆判断。</div>
<div class=""section-title"">【记忆线索】</div>
<div>抓住题干中的对象、动作和输出，不背整段讲义。</div>
<div class=""section-title"">【易错点】</div>
<div>避免把相邻概念按字面相似性混用。</div>
<div class=""section-title"">【题干信号】</div>
<div>定义识别、场景判断、角色/流程边界。</div>
<div class=""section-title"">【关联专题】</div>
<div>T-SCH-003 关键路径、总时差、自由时差与网络图判断</div>
<div class=""section-title"">【来源】</div>
<div>SRC-T-SCH-003-0003：关键路径、总时差、自由时差与网络图判断 &gt; 网络图的两种画法：PDM vs ADM；网络图的两种画法：PDM vs ADM 在计算关键路径之前，需要先理解活动之间的逻辑关系是如何表达的。</div>
</div>",案例模板卡,B,3,下午案例,进度管理,T-SCH-003,关键路径、总时差、自由时差与网络图判断,SRC-T-SCH-003-0003,topic_learning_packages/topics/06_进度管理/T-SCH-003_专题学习包_关键路径总时差自由时差与网络图判断.md,关键路径、总时差、自由时差与网络图判断 > 网络图的两种画法：PDM vs ADM,网络图的两种画法：PDM vs ADM 在计算关键路径之前，需要先理解活动之间的逻辑关系是如何表达的。,,,,,,,,,,sha256:3ca1e537955ea431b0957dd2,ruankao ruankao::anki_build::20260520_223914 ruankao::difficulty::3 ruankao::domain::进度管理 ruankao::exam_use::下午案例 ruankao::importance::B ruankao::source_grounded ruankao::topic ruankao::topic::T-SCH-003 ruankao::type::案例模板卡,84,final,通过内容、来源和工程门禁；源材料自动扩展卡，建议后续人工润色
软考::系统集成项目管理工程师::专题学习::06_进度管理::T-SCH-003_关键路径、总时差、自由时差与网络图判断,RuankaoTopicCard,关键路径、总时差、自由时差与网络图判中，前导图法（PDM / AON）的考试判断要点是什么？,"<div class=""answer-block"">
<div class=""section-title"">【答案】</div>
<div>前导图法（PDM / AON） [定义｜PDM / AON] 前导图法（Precedence Diagramming Method）用方框（节点）代表活动，箭头表示活动之间的逻辑关系。因为只有活动节点需要编号，所以也叫单代号网络图（Activity On Node, AON）。</div>
</div>","<div class=""extra"">
<div class=""section-title"">【理解】</div>
<div>前导图法（PDM / AON） [定义｜PDM / AON] 前导图法（Precedence Diagramming Method）用方框（节点）代表活动，箭头表示活动之间的逻辑关系。因为只有活动节点需要编号，所以也叫单代号网络图（Activity On Node, AON）。。这张卡来自源材料中的具体段落，用于把讲义内容改写为可回忆判断。</div>
<div class=""section-title"">【记忆线索】</div>
<div>抓住题干中的对象、动作和输出，不背整段讲义。</div>
<div class=""section-title"">【易错点】</div>
<div>避免把相邻概念按字面相似性混用。</div>
<div class=""section-title"">【题干信号】</div>
<div>定义识别、场景判断、角色/流程边界。</div>
<div class=""section-title"">【关联专题】</div>
<div>T-SCH-003 关键路径、总时差、自由时差与网络图判断</div>
<div class=""section-title"">【来源】</div>
<div>SRC-T-SCH-003-0004：关键路径、总时差、自由时差与网络图判断 &gt; 网络图的两种画法：PDM vs ADM &gt; 前导图法（PDM / AON）；前导图法（PDM / AON） [定义｜PDM / AON] 前导图法（Precedence Diagramming Method）用方框（节点）代表活动，箭头表示活动之间的逻辑关系。因为只有活动节点需要编号，所以也叫单代号网络图（Activity On Node, AON）。</div>
</div>",公式卡,C,3,上午选择,进度管理,T-SCH-003,关键路径、总时差、自由时差与网络图判断,SRC-T-SCH-003-0004,topic_learning_packages/topics/06_进度管理/T-SCH-003_专题学习包_关键路径总时差自由时差与网络图判断.md,关键路径、总时差、自由时差与网络图判断 > 网络图的两种画法：PDM vs ADM > 前导图法（PDM / AON）,"前导图法（PDM / AON） [定义｜PDM / AON] 前导图法（Precedence Diagramming Method）用方框（节点）代表活动，箭头表示活动之间的逻辑关系。因为只有活动节点需要编号，所以也叫单代号网络图（Activity On Node, AON）。",,,,,,,,,,sha256:1f403d66ae999776fdb1f473,ruankao ruankao::anki_build::20260520_223914 ruankao::difficulty::3 ruankao::domain::进度管理 ruankao::exam_use::上午选择 ruankao::importance::C ruankao::source_grounded ruankao::topic ruankao::topic::T-SCH-003 ruankao::type::公式卡,84,final,通过内容、来源和工程门禁；源材料自动扩展卡，建议后续人工润色
软考::系统集成项目管理工程师::专题学习::06_进度管理::T-SCH-003_关键路径、总时差、自由时差与网络图判断,RuankaoTopicCard,关键路径、总时差、自由时差与网络图判中，箭线图法（ADM / AOA）的考试判断要点是什么？,"<div class=""answer-block"">
<div class=""section-title"">【答案】</div>
<div>箭线图法（ADM / AOA） [定义｜ADM / AOA] 箭线图法（Arrow Diagramming Method）用箭线代表活动，节点代表事件（活动的开始或完成）。因为节点和箭线都需要编号，所以也叫双代号网络图（Activity On Arrow, AOA）。</div>
</div>","<div class=""extra"">
<div class=""section-title"">【理解】</div>
<div>箭线图法（ADM / AOA） [定义｜ADM / AOA] 箭线图法（Arrow Diagramming Method）用箭线代表活动，节点代表事件（活动的开始或完成）。因为节点和箭线都需要编号，所以也叫双代号网络图（Activity On Arrow, AOA）。。这张卡来自源材料中的具体段落，用于把讲义内容改写为可回忆判断。</div>
<div class=""section-title"">【记忆线索】</div>
<div>抓住题干中的对象、动作和输出，不背整段讲义。</div>
<div class=""section-title"">【易错点】</div>
<div>避免把相邻概念按字面相似性混用。</div>
<div class=""section-title"">【题干信号】</div>
<div>定义识别、场景判断、角色/流程边界。</div>
<div class=""section-title"">【关联专题】</div>
<div>T-SCH-003 关键路径、总时差、自由时差与网络图判断</div>
<div class=""section-title"">【来源】</div>
<div>SRC-T-SCH-003-0005：关键路径、总时差、自由时差与网络图判断 &gt; 网络图的两种画法：PDM vs ADM &gt; 箭线图法（ADM / AOA）；箭线图法（ADM / AOA） [定义｜ADM / AOA] 箭线图法（Arrow Diagramming Method）用箭线代表活动，节点代表事件（活动的开始或完成）。因为节点和箭线都需要编号，所以也叫双代号网络图（Activity On Arrow, AOA）。</div>
</div>",公式卡,C,3,上午选择,进度管理,T-SCH-003,关键路径、总时差、自由时差与网络图判断,SRC-T-SCH-003-0005,topic_learning_packages/topics/06_进度管理/T-SCH-003_专题学习包_关键路径总时差自由时差与网络图判断.md,关键路径、总时差、自由时差与网络图判断 > 网络图的两种画法：PDM vs ADM > 箭线图法（ADM / AOA）,"箭线图法（ADM / AOA） [定义｜ADM / AOA] 箭线图法（Arrow Diagramming Method）用箭线代表活动，节点代表事件（活动的开始或完成）。因为节点和箭线都需要编号，所以也叫双代号网络图（Activity On Arrow, AOA）。",,,,,,,,,,sha256:86edef7a9d343509341bd1b4,ruankao ruankao::anki_build::20260520_223914 ruankao::difficulty::3 ruankao::domain::进度管理 ruankao::exam_use::上午选择 ruankao::importance::C ruankao::source_grounded ruankao::topic ruankao::topic::T-SCH-003 ruankao::type::公式卡,84,final,通过内容、来源和工程门禁；源材料自动扩展卡，建议后续人工润色
软考::系统集成项目管理工程师::专题学习::06_进度管理::T-SCH-003_关键路径、总时差、自由时差与网络图判断,RuankaoTopicCard,关键路径、总时差、自由时差与网络图判中，正推法（Forward Pass）的考试判断要点是什么？,"<div class=""answer-block"">
<div class=""section-title"">【答案】</div>
<div>正推法（Forward Pass）：计算 ES 和 EF 正推法从网络图的起点开始，沿箭线方向逐个计算每个活动的最早开始时间（ES）和最早完成时间（EF）。 [规则｜正推法] 1. 起始活动的 ES = 0（或项目指定的开始日期） 2. EF = ES + 工期 3. 后续活动的 ES = 所有紧前活动中最大的 EF 4. 遇到汇合点时，ES 取所有进入路径中 EF 的最大值 正推法的口诀：&quot;顺箭线，取最大&quot;</div>
</div>","<div class=""extra"">
<div class=""section-title"">【理解】</div>
<div>正推法（Forward Pass）：计算 ES 和 EF 正推法从网络图的起点开始，沿箭线方向逐个计算每个活动的最早开始时间（ES）和最早完成时间（EF）。 [规则｜正推法] 1. 起始活动的 ES = 0（或项目指定的开始日期） 2. EF = ES + 工期 3. 后续活动的 ES = 所有紧前活动中最大的 EF 4. 遇到汇合点时，ES 取所有进入路径中 EF 的最大值 正推法的口诀：&quot;顺箭线，取最大&quot;。这张卡来自源材料中的具体段落，用于把讲义内容改写为可回忆判断。</div>
<div class=""section-title"">【记忆线索】</div>
<div>抓住题干中的对象、动作和输出，不背整段讲义。</div>
<div class=""section-title"">【易错点】</div>
<div>避免把相邻概念按字面相似性混用。</div>
<div class=""section-title"">【题干信号】</div>
<div>定义识别、场景判断、角色/流程边界。</div>
<div class=""section-title"">【关联专题】</div>
<div>T-SCH-003 关键路径、总时差、自由时差与网络图判断</div>
<div class=""section-title"">【来源】</div>
<div>SRC-T-SCH-003-0006：关键路径、总时差、自由时差与网络图判断 &gt; 正推法与逆推法：计算时间参数的核心方法 &gt; 正推法（Forward Pass）：计算 ES 和 EF；正推法（Forward Pass）：计算 ES 和 EF 正推法从网络图的起点开始，沿箭线方向逐个计算每个活动的最早开始时间（ES）和最早完成时间（EF）。 [规则｜正推法] 1. 起始活动的 ES = 0（或项目指定的开始日期） 2. EF = ES + 工期 3. 后续活动的 ES = 所有紧前活动中最大的 EF </div>
</div>",公式卡,C,3,上午选择,进度管理,T-SCH-003,关键路径、总时差、自由时差与网络图判断,SRC-T-SCH-003-0006,topic_learning_packages/topics/06_进度管理/T-SCH-003_专题学习包_关键路径总时差自由时差与网络图判断.md,关键路径、总时差、自由时差与网络图判断 > 正推法与逆推法：计算时间参数的核心方法 > 正推法（Forward Pass）：计算 ES 和 EF,"正推法（Forward Pass）：计算 ES 和 EF 正推法从网络图的起点开始，沿箭线方向逐个计算每个活动的最早开始时间（ES）和最早完成时间（EF）。 [规则｜正推法] 1. 起始活动的 ES = 0（或项目指定的开始日期） 2. EF = ES + 工期 3. 后续活动的 ES = 所有紧前活动中最大的 EF 4. 遇到汇合点时，ES 取所有进入路径中 EF 的最大值 正推法的口诀：""顺箭线，取最大""",,,,,,,,,,sha256:2ee4d3e85eb536a3b847fed8,ruankao ruankao::anki_build::20260520_223914 ruankao::difficulty::3 ruankao::domain::进度管理 ruankao::exam_use::上午选择 ruankao::importance::C ruankao::source_grounded ruankao::topic ruankao::topic::T-SCH-003 ruankao::type::公式卡,84,final,通过内容、来源和工程门禁；源材料自动扩展卡，建议后续人工润色
软考::系统集成项目管理工程师::专题学习::07_成本管理::T-COST-001_成本估算、成本预算、储备分析与成本基准,RuankaoTopicCard,成本估算、成本预算、储备分析与成本基准类案例应从哪些角度分析？,"<div class=""answer-block"">
<div class=""section-title"">【答案】</div>
<div>T-COST-001｜成本估算、成本预算、储备分析与成本基准 本专题用于学习&quot;项目成本管理&quot;中为挣值管理提供基础和上下文的核心内容：成本估算方法（类比/参数/自下而上/三点估算）、成本预算、成本基准、储备分析（应急储备 vs 管理储备）、资金限制平衡、成本失控的常见原因。它们不是挣值管理的附属品，而是围绕一个核心问题展开：在还不知道项目实际要花多少钱的时候，如何尽可能准确地估算？</div>
</div>","<div class=""extra"">
<div class=""section-title"">【理解】</div>
<div>T-COST-001｜成本估算、成本预算、储备分析与成本基准 本专题用于学习&quot;项目成本管理&quot;中为挣值管理提供基础和上下文的核心内容：成本估算方法（类比/参数/自下而上/三点估算）、成本预算、成本基准、储备分析（应急储备 vs 管理储备）、资金限制平衡、成本失控的常见原因。它们不是挣值管理的附属品，而是围绕一个核心问题展开：在还不知道项目实际要花多少钱的时候，如何尽可能准确地估算？。这张卡来自源材料中的具体段落，用于把讲义内容改写为可回忆判断。</div>
<div class=""section-title"">【记忆线索】</div>
<div>抓住题干中的对象、动作和输出，不背整段讲义。</div>
<div class=""section-title"">【易错点】</div>
<div>避免把相邻概念按字面相似性混用。</div>
<div class=""section-title"">【题干信号】</div>
<div>问题</div>
<div class=""section-title"">【关联专题】</div>
<div>T-COST-001 成本估算、成本预算、储备分析与成本基准</div>
<div class=""section-title"">【来源】</div>
<div>SRC-T-COST-001-0001：成本估算、成本预算、储备分析与成本基准；T-COST-001｜成本估算、成本预算、储备分析与成本基准 本专题用于学习&quot;项目成本管理&quot;中为挣值管理提供基础和上下文的核心内容：成本估算方法（类比/参数/自下而上/三点估算）、成本预算、成本基准、储备分析（应急储备 vs 管理储备）、资金限制平衡、成本失控的常见原因。它们不是挣值管理的附属品，而是围绕一个核心问题展</div>
</div>",案例模板卡,B,3,下午案例,成本管理,T-COST-001,成本估算、成本预算、储备分析与成本基准,SRC-T-COST-001-0001,topic_learning_packages/topics/07_成本管理/T-COST-001_专题学习包_成本估算预算储备分析与成本基准.md,成本估算、成本预算、储备分析与成本基准,"T-COST-001｜成本估算、成本预算、储备分析与成本基准 本专题用于学习""项目成本管理""中为挣值管理提供基础和上下文的核心内容：成本估算方法（类比/参数/自下而上/三点估算）、成本预算、成本基准、储备分析（应急储备 vs 管理储备）、资金限制平衡、成本失控的常见原因。它们不是挣值管理的附属品，而是围绕一个核心问题展开：在还不知道项目实际要花多少钱的时候，如何尽可能准确地估算？",,,,,,,,,,sha256:edc02b88690e4e1bd6023b49,ruankao ruankao::anki_build::20260520_223914 ruankao::difficulty::3 ruankao::domain::成本管理 ruankao::exam_use::下午案例 ruankao::importance::B ruankao::source_grounded ruankao::topic ruankao::topic::T-COST-001 ruankao::type::案例模板卡,100,final,通过内容、来源和工程门禁
软考::系统集成项目管理工程师::专题学习::07_成本管理::T-COST-001_成本估算、成本预算、储备分析与成本基准,RuankaoTopicCard,成本估算方法的考试要点是什么？,"<div class=""answer-block"">
<div class=""section-title"">【答案】</div>
<div>成本估算方法 [概念组｜成本估算主要方法] 1. 类比估算：使用以往类似项目的实际成本数据来估算当前项目。优点是快、成本低；缺点是准确性差。</div>
</div>","<div class=""extra"">
<div class=""section-title"">【理解】</div>
<div>成本估算方法 [概念组｜成本估算主要方法] 1. 类比估算：使用以往类似项目的实际成本数据来估算当前项目。优点是快、成本低；缺点是准确性差。。这张卡来自源材料中的具体段落，用于把讲义内容改写为可回忆判断。</div>
<div class=""section-title"">【记忆线索】</div>
<div>抓住题干中的对象、动作和输出，不背整段讲义。</div>
<div class=""section-title"">【易错点】</div>
<div>避免把相邻概念按字面相似性混用。</div>
<div class=""section-title"">【题干信号】</div>
<div>定义识别、场景判断、角色/流程边界。</div>
<div class=""section-title"">【关联专题】</div>
<div>T-COST-001 成本估算、成本预算、储备分析与成本基准</div>
<div class=""section-title"">【来源】</div>
<div>SRC-T-COST-001-0003：成本估算、成本预算、储备分析与成本基准 &gt; 成本估算方法；成本估算方法 [概念组｜成本估算主要方法] 1. 类比估算：使用以往类似项目的实际成本数据来估算当前项目。优点是快、成本低；缺点是准确性差。</div>
</div>",概念卡,B,3,上午选择,成本管理,T-COST-001,成本估算、成本预算、储备分析与成本基准,SRC-T-COST-001-0003,topic_learning_packages/topics/07_成本管理/T-COST-001_专题学习包_成本估算预算储备分析与成本基准.md,成本估算、成本预算、储备分析与成本基准 > 成本估算方法,成本估算方法 [概念组｜成本估算主要方法] 1. 类比估算：使用以往类似项目的实际成本数据来估算当前项目。优点是快、成本低；缺点是准确性差。,,,,,,,,,,sha256:3126c0d8bcfe1cfcdd2b0dc0,ruankao ruankao::anki_build::20260520_223914 ruankao::difficulty::3 ruankao::domain::成本管理 ruankao::exam_use::上午选择 ruankao::importance::B ruankao::source_grounded ruankao::topic ruankao::topic::T-COST-001 ruankao::type::概念卡,100,final,通过内容、来源和工程门禁
软考::系统集成项目管理工程师::专题学习::07_成本管理::T-COST-001_成本估算、成本预算、储备分析与成本基准,RuankaoTopicCard,成本预算与成本基准的考试要点是什么？,"<div class=""answer-block"">
<div class=""section-title"">【答案】</div>
<div>成本预算与成本基准 [定义｜成本预算] 成本预算是将批准的总成本估算分配到各个工作包和各个时间段的过程。它的输出是成本基准。</div>
</div>","<div class=""extra"">
<div class=""section-title"">【理解】</div>
<div>成本预算与成本基准 [定义｜成本预算] 成本预算是将批准的总成本估算分配到各个工作包和各个时间段的过程。它的输出是成本基准。。这张卡来自源材料中的具体段落，用于把讲义内容改写为可回忆判断。</div>
<div class=""section-title"">【记忆线索】</div>
<div>抓住题干中的对象、动作和输出，不背整段讲义。</div>
<div class=""section-title"">【易错点】</div>
<div>避免把相邻概念按字面相似性混用。</div>
<div class=""section-title"">【题干信号】</div>
<div>定义识别、场景判断、角色/流程边界。</div>
<div class=""section-title"">【关联专题】</div>
<div>T-COST-001 成本估算、成本预算、储备分析与成本基准</div>
<div class=""section-title"">【来源】</div>
<div>SRC-T-COST-001-0004：成本估算、成本预算、储备分析与成本基准 &gt; 成本预算与成本基准；成本预算与成本基准 [定义｜成本预算] 成本预算是将批准的总成本估算分配到各个工作包和各个时间段的过程。它的输出是成本基准。</div>
</div>",概念卡,B,3,上午选择,成本管理,T-COST-001,成本估算、成本预算、储备分析与成本基准,SRC-T-COST-001-0004,topic_learning_packages/topics/07_成本管理/T-COST-001_专题学习包_成本估算预算储备分析与成本基准.md,成本估算、成本预算、储备分析与成本基准 > 成本预算与成本基准,成本预算与成本基准 [定义｜成本预算] 成本预算是将批准的总成本估算分配到各个工作包和各个时间段的过程。它的输出是成本基准。,,,,,,,,,,sha256:558d0d12473a378b9877681a,ruankao ruankao::anki_build::20260520_223914 ruankao::difficulty::3 ruankao::domain::成本管理 ruankao::exam_use::上午选择 ruankao::importance::B ruankao::source_grounded ruankao::topic ruankao::topic::T-COST-001 ruankao::type::概念卡,100,final,通过内容、来源和工程门禁
软考::系统集成项目管理工程师::专题学习::07_成本管理::T-COST-001_成本估算、成本预算、储备分析与成本基准,RuankaoTopicCard,储备分析的核心区别或边界是什么？,"<div class=""answer-block"">
<div class=""section-title"">【答案】</div>
<div>储备分析：应急储备 vs 管理储备 [高频辨析｜应急储备 vs 管理储备] 应急储备：针对已识别风险（已知-未知）的预算预留。已经包含在成本基准中，项目经理可以动用。</div>
</div>","<div class=""extra"">
<div class=""section-title"">【理解】</div>
<div>储备分析：应急储备 vs 管理储备 [高频辨析｜应急储备 vs 管理储备] 应急储备：针对已识别风险（已知-未知）的预算预留。已经包含在成本基准中，项目经理可以动用。。这张卡来自源材料中的具体段落，用于把讲义内容改写为可回忆判断。</div>
<div class=""section-title"">【记忆线索】</div>
<div>先判断对象、责任主体、时间点和输出物，再排除张冠李戴的选项。</div>
<div class=""section-title"">【易错点】</div>
<div>避免把相邻概念按字面相似性混用。</div>
<div class=""section-title"">【题干信号】</div>
<div>风险</div>
<div class=""section-title"">【关联专题】</div>
<div>T-COST-001 成本估算、成本预算、储备分析与成本基准</div>
<div class=""section-title"">【来源】</div>
<div>SRC-T-COST-001-0005：成本估算、成本预算、储备分析与成本基准 &gt; 储备分析：应急储备 vs 管理储备；储备分析：应急储备 vs 管理储备 [高频辨析｜应急储备 vs 管理储备] 应急储备：针对已识别风险（已知-未知）的预算预留。已经包含在成本基准中，项目经理可以动用。</div>
</div>",辨析卡,B,3,上午选择,成本管理,T-COST-001,成本估算、成本预算、储备分析与成本基准,SRC-T-COST-001-0005,topic_learning_packages/topics/07_成本管理/T-COST-001_专题学习包_成本估算预算储备分析与成本基准.md,成本估算、成本预算、储备分析与成本基准 > 储备分析：应急储备 vs 管理储备,储备分析：应急储备 vs 管理储备 [高频辨析｜应急储备 vs 管理储备] 应急储备：针对已识别风险（已知-未知）的预算预留。已经包含在成本基准中，项目经理可以动用。,,,,,,,,,,sha256:232c2fcdfdc9bbf2ca78b752,ruankao ruankao::anki_build::20260520_223914 ruankao::difficulty::3 ruankao::domain::成本管理 ruankao::exam_use::上午选择 ruankao::importance::B ruankao::source_grounded ruankao::topic ruankao::topic::T-COST-001 ruankao::type::辨析卡,100,final,通过内容、来源和工程门禁
软考::系统集成项目管理工程师::专题学习::07_成本管理::T-COST-001_成本估算、成本预算、储备分析与成本基准,RuankaoTopicCard,本轮真题覆盖增强相关公式或计算判断规则是什么？,"<div class=""answer-block"">
<div class=""section-title"">【答案】</div>
<div>本轮真题覆盖增强：估算、预算与储备口径 本节把 questions.full.clean.md 与既有真题映射中的高频考法反查回本专题。2010 上午题考自下而上估算第一步、间接成本、EV 信息不足；成本专题要帮助判断“题目给的数据能不能算”。</div>
</div>","<div class=""extra"">
<div class=""section-title"">【理解】</div>
<div>本轮真题覆盖增强：估算、预算与储备口径 本节把 questions.full.clean.md 与既有真题映射中的高频考法反查回本专题。2010 上午题考自下而上估算第一步、间接成本、EV 信息不足；成本专题要帮助判断“题目给的数据能不能算”。。这张卡来自源材料中的具体段落，用于把讲义内容改写为可回忆判断。</div>
<div class=""section-title"">【记忆线索】</div>
<div>先写公式，再代入数字，最后写文字判断。</div>
<div class=""section-title"">【易错点】</div>
<div>避免把相邻概念按字面相似性混用。</div>
<div class=""section-title"">【题干信号】</div>
<div>定义识别、场景判断、角色/流程边界。</div>
<div class=""section-title"">【关联专题】</div>
<div>T-COST-001 成本估算、成本预算、储备分析与成本基准</div>
<div class=""section-title"">【来源】</div>
<div>SRC-T-COST-001-0007：成本估算、成本预算、储备分析与成本基准 &gt; 本轮真题覆盖增强：估算、预算与储备口径；本轮真题覆盖增强：估算、预算与储备口径 本节把 questions.full.clean.md 与既有真题映射中的高频考法反查回本专题。2010 上午题考自下而上估算第一步、间接成本、EV 信息不足；成本专题要帮助判断“题目给的数据能不能算”。</div>
</div>",公式卡,B,3,上午选择,成本管理,T-COST-001,成本估算、成本预算、储备分析与成本基准,SRC-T-COST-001-0007,topic_learning_packages/topics/07_成本管理/T-COST-001_专题学习包_成本估算预算储备分析与成本基准.md,成本估算、成本预算、储备分析与成本基准 > 本轮真题覆盖增强：估算、预算与储备口径,本轮真题覆盖增强：估算、预算与储备口径 本节把 questions.full.clean.md 与既有真题映射中的高频考法反查回本专题。2010 上午题考自下而上估算第一步、间接成本、EV 信息不足；成本专题要帮助判断“题目给的数据能不能算”。,,,,,,,,,,sha256:84e41f7615d4e1e5dbb90785,ruankao ruankao::anki_build::20260520_223914 ruankao::difficulty::3 ruankao::domain::成本管理 ruankao::exam_use::上午选择 ruankao::importance::B ruankao::source_grounded ruankao::topic ruankao::topic::T-COST-001 ruankao::type::公式卡,100,final,通过内容、来源和工程门禁
软考::系统集成项目管理工程师::专题学习::07_成本管理::T-COST-001_成本估算、成本预算、储备分析与成本基准,RuankaoTopicCard,题干出现哪些信号时，应想到“成本估算、成本预算、储备分析与成本基”？,"<div class=""answer-block"">
<div class=""section-title"">【答案】</div>
<div>围绕“成本估算、成本预算、储备分析与成本基准”的对象、动作、输出物、责任主体和常见陷阱定位考点。</div>
</div>","<div class=""extra"">
<div class=""section-title"">【理解】</div>
<div>围绕“成本估算、成本预算、储备分析与成本基准”的对象、动作、输出物、责任主体和常见陷阱定位考点。。这张卡来自源材料中的具体段落，用于把讲义内容改写为可回忆判断。</div>
<div class=""section-title"">【记忆线索】</div>
<div>抓住题干中的对象、动作和输出，不背整段讲义。</div>
<div class=""section-title"">【易错点】</div>
<div>避免把相邻概念按字面相似性混用。</div>
<div class=""section-title"">【题干信号】</div>
<div>定义识别、场景判断、角色/流程边界。</div>
<div class=""section-title"">【关联专题】</div>
<div>T-COST-001 成本估算、成本预算、储备分析与成本基准</div>
<div class=""section-title"">【来源】</div>
<div>SRC-T-COST-001-0001：成本估算、成本预算、储备分析与成本基准；T-COST-001｜成本估算、成本预算、储备分析与成本基准 本专题用于学习&quot;项目成本管理&quot;中为挣值管理提供基础和上下文的核心内容：成本估算方法（类比/参数/自下而上/三点估算）、成本预算、成本基准、储备分析（应急储备 vs 管理储备）、资金限制平衡、成本失控的常见原因。它们不是挣值管理的附属品，而是围绕一个核心问题展</div>
</div>",关键词识别卡,B,3,上午选择,成本管理,T-COST-001,成本估算、成本预算、储备分析与成本基准,SRC-T-COST-001-0001,topic_learning_packages/topics/07_成本管理/T-COST-001_专题学习包_成本估算预算储备分析与成本基准.md,成本估算、成本预算、储备分析与成本基准,"T-COST-001｜成本估算、成本预算、储备分析与成本基准 本专题用于学习""项目成本管理""中为挣值管理提供基础和上下文的核心内容：成本估算方法（类比/参数/自下而上/三点估算）、成本预算、成本基准、储备分析（应急储备 vs 管理储备）、资金限制平衡、成本失控的常见原因。它们不是挣值管理的附属品，而是围绕一个核心问题展开：在还不知道项目实际要花多少钱的时候，如何尽可能准确地估算？",,,,,,,,,,sha256:2dc468b961a819e8d37dde39,ruankao ruankao::anki_build::20260520_223914 ruankao::difficulty::3 ruankao::domain::成本管理 ruankao::exam_use::上午选择 ruankao::importance::B ruankao::source_grounded ruankao::topic ruankao::topic::T-COST-001 ruankao::type::关键词识别卡,100,final,通过内容、来源和工程门禁
软考::系统集成项目管理工程师::专题学习::07_成本管理::T-COST-001_成本估算、成本预算、储备分析与成本基准,RuankaoTopicCard,成本估算、成本预算、储备分析与成本基中，成本估算、成本预算、储备分析与成本基准的考试判断要点是什么？,"<div class=""answer-block"">
<div class=""section-title"">【答案】</div>
<div>T-COST-001｜成本估算、成本预算、储备分析与成本基准 本专题用于学习&quot;项目成本管理&quot;中为挣值管理提供基础和上下文的核心内容：成本估算方法（类比/参数/自下而上/三点估算）、成本预算、成本基准、储备分析（应急储备 vs 管理储备）、资金限制平衡、成本失控的常见原因。它们不是挣值管理的附属品，而是围绕一个核心问题展开：在还不知道项目实际要花多少钱的时候，如何尽可能准确地估算？</div>
</div>","<div class=""extra"">
<div class=""section-title"">【理解】</div>
<div>T-COST-001｜成本估算、成本预算、储备分析与成本基准 本专题用于学习&quot;项目成本管理&quot;中为挣值管理提供基础和上下文的核心内容：成本估算方法（类比/参数/自下而上/三点估算）、成本预算、成本基准、储备分析（应急储备 vs 管理储备）、资金限制平衡、成本失控的常见原因。它们不是挣值管理的附属品，而是围绕一个核心问题展开：在还不知道项目实际要花多少钱的时候，如何尽可能准确地估算？。这张卡来自源材料中的具体段落，用于把讲义内容改写为可回忆判断。</div>
<div class=""section-title"">【记忆线索】</div>
<div>抓住题干中的对象、动作和输出，不背整段讲义。</div>
<div class=""section-title"">【易错点】</div>
<div>避免把相邻概念按字面相似性混用。</div>
<div class=""section-title"">【题干信号】</div>
<div>问题</div>
<div class=""section-title"">【关联专题】</div>
<div>T-COST-001 成本估算、成本预算、储备分析与成本基准</div>
<div class=""section-title"">【来源】</div>
<div>SRC-T-COST-001-0001：成本估算、成本预算、储备分析与成本基准；T-COST-001｜成本估算、成本预算、储备分析与成本基准 本专题用于学习&quot;项目成本管理&quot;中为挣值管理提供基础和上下文的核心内容：成本估算方法（类比/参数/自下而上/三点估算）、成本预算、成本基准、储备分析（应急储备 vs 管理储备）、资金限制平衡、成本失控的常见原因。它们不是挣值管理的附属品，而是围绕一个核心问题展</div>
</div>",概念卡,C,3,上午选择,成本管理,T-COST-001,成本估算、成本预算、储备分析与成本基准,SRC-T-COST-001-0001,topic_learning_packages/topics/07_成本管理/T-COST-001_专题学习包_成本估算预算储备分析与成本基准.md,成本估算、成本预算、储备分析与成本基准,"T-COST-001｜成本估算、成本预算、储备分析与成本基准 本专题用于学习""项目成本管理""中为挣值管理提供基础和上下文的核心内容：成本估算方法（类比/参数/自下而上/三点估算）、成本预算、成本基准、储备分析（应急储备 vs 管理储备）、资金限制平衡、成本失控的常见原因。它们不是挣值管理的附属品，而是围绕一个核心问题展开：在还不知道项目实际要花多少钱的时候，如何尽可能准确地估算？",,,,,,,,,,sha256:7600a293732cb43f76a7cf79,ruankao ruankao::anki_build::20260520_223914 ruankao::difficulty::3 ruankao::domain::成本管理 ruankao::exam_use::上午选择 ruankao::importance::C ruankao::source_grounded ruankao::topic ruankao::topic::T-COST-001 ruankao::type::概念卡,84,final,通过内容、来源和工程门禁；源材料自动扩展卡，建议后续人工润色
软考::系统集成项目管理工程师::专题学习::07_成本管理::T-COST-001_成本估算、成本预算、储备分析与成本基准,RuankaoTopicCard,成本估算、成本预算、储备分析与成本基中，成本估算、成本预算、储备分析与成本基准的考试判断要点是什么？,"<div class=""answer-block"">
<div class=""section-title"">【答案】</div>
<div>先看这个专题的主线 很多同学学成本管理直接跳到挣值管理（EV/PV/AC/CPI/SPI），忽略了挣值管理依赖的前提——成本基准（PV 的来源）是怎么来的。如果成本基准不准，挣值管理的所有计算都是基于错误基线的&quot;精确错误&quot;。</div>
</div>","<div class=""extra"">
<div class=""section-title"">【理解】</div>
<div>先看这个专题的主线 很多同学学成本管理直接跳到挣值管理（EV/PV/AC/CPI/SPI），忽略了挣值管理依赖的前提——成本基准（PV 的来源）是怎么来的。如果成本基准不准，挣值管理的所有计算都是基于错误基线的&quot;精确错误&quot;。。这张卡来自源材料中的具体段落，用于把讲义内容改写为可回忆判断。</div>
<div class=""section-title"">【记忆线索】</div>
<div>抓住题干中的对象、动作和输出，不背整段讲义。</div>
<div class=""section-title"">【易错点】</div>
<div>避免把相邻概念按字面相似性混用。</div>
<div class=""section-title"">【题干信号】</div>
<div>CPI、SPI、基线</div>
<div class=""section-title"">【关联专题】</div>
<div>T-COST-001 成本估算、成本预算、储备分析与成本基准</div>
<div class=""section-title"">【来源】</div>
<div>SRC-T-COST-001-0002：成本估算、成本预算、储备分析与成本基准 &gt; 先看这个专题的主线；先看这个专题的主线 很多同学学成本管理直接跳到挣值管理（EV/PV/AC/CPI/SPI），忽略了挣值管理依赖的前提——成本基准（PV 的来源）是怎么来的。如果成本基准不准，挣值管理的所有计算都是基于错误基线的&quot;精确错误&quot;。</div>
</div>",概念卡,C,3,上午选择,成本管理,T-COST-001,成本估算、成本预算、储备分析与成本基准,SRC-T-COST-001-0002,topic_learning_packages/topics/07_成本管理/T-COST-001_专题学习包_成本估算预算储备分析与成本基准.md,成本估算、成本预算、储备分析与成本基准 > 先看这个专题的主线,"先看这个专题的主线 很多同学学成本管理直接跳到挣值管理（EV/PV/AC/CPI/SPI），忽略了挣值管理依赖的前提——成本基准（PV 的来源）是怎么来的。如果成本基准不准，挣值管理的所有计算都是基于错误基线的""精确错误""。",,,,,,,,,,sha256:7f105fa67e90c16f534dfe1b,ruankao ruankao::anki_build::20260520_223914 ruankao::difficulty::3 ruankao::domain::成本管理 ruankao::exam_use::上午选择 ruankao::importance::C ruankao::source_grounded ruankao::topic ruankao::topic::T-COST-001 ruankao::type::概念卡,84,final,通过内容、来源和工程门禁；源材料自动扩展卡，建议后续人工润色
软考::系统集成项目管理工程师::专题学习::07_成本管理::T-COST-001_成本估算、成本预算、储备分析与成本基准,RuankaoTopicCard,成本估算、成本预算、储备分析与成本基中，成本估算方法的考试判断要点是什么？,"<div class=""answer-block"">
<div class=""section-title"">【答案】</div>
<div>成本估算方法 [概念组｜成本估算主要方法] 1. 类比估算：使用以往类似项目的实际成本数据来估算当前项目。优点是快、成本低；缺点是准确性差。</div>
</div>","<div class=""extra"">
<div class=""section-title"">【理解】</div>
<div>成本估算方法 [概念组｜成本估算主要方法] 1. 类比估算：使用以往类似项目的实际成本数据来估算当前项目。优点是快、成本低；缺点是准确性差。。这张卡来自源材料中的具体段落，用于把讲义内容改写为可回忆判断。</div>
<div class=""section-title"">【记忆线索】</div>
<div>抓住题干中的对象、动作和输出，不背整段讲义。</div>
<div class=""section-title"">【易错点】</div>
<div>避免把相邻概念按字面相似性混用。</div>
<div class=""section-title"">【题干信号】</div>
<div>定义识别、场景判断、角色/流程边界。</div>
<div class=""section-title"">【关联专题】</div>
<div>T-COST-001 成本估算、成本预算、储备分析与成本基准</div>
<div class=""section-title"">【来源】</div>
<div>SRC-T-COST-001-0003：成本估算、成本预算、储备分析与成本基准 &gt; 成本估算方法；成本估算方法 [概念组｜成本估算主要方法] 1. 类比估算：使用以往类似项目的实际成本数据来估算当前项目。优点是快、成本低；缺点是准确性差。</div>
</div>",概念卡,C,3,上午选择,成本管理,T-COST-001,成本估算、成本预算、储备分析与成本基准,SRC-T-COST-001-0003,topic_learning_packages/topics/07_成本管理/T-COST-001_专题学习包_成本估算预算储备分析与成本基准.md,成本估算、成本预算、储备分析与成本基准 > 成本估算方法,成本估算方法 [概念组｜成本估算主要方法] 1. 类比估算：使用以往类似项目的实际成本数据来估算当前项目。优点是快、成本低；缺点是准确性差。,,,,,,,,,,sha256:21e825a5de528ab851d415c5,ruankao ruankao::anki_build::20260520_223914 ruankao::difficulty::3 ruankao::domain::成本管理 ruankao::exam_use::上午选择 ruankao::importance::C ruankao::source_grounded ruankao::topic ruankao::topic::T-COST-001 ruankao::type::概念卡,84,final,通过内容、来源和工程门禁；源材料自动扩展卡，建议后续人工润色
软考::系统集成项目管理工程师::专题学习::07_成本管理::T-COST-001_成本估算、成本预算、储备分析与成本基准,RuankaoTopicCard,成本估算、成本预算、储备分析与成本基中，成本预算与成本基准的考试判断要点是什么？,"<div class=""answer-block"">
<div class=""section-title"">【答案】</div>
<div>成本预算与成本基准 [定义｜成本预算] 成本预算是将批准的总成本估算分配到各个工作包和各个时间段的过程。它的输出是成本基准。</div>
</div>","<div class=""extra"">
<div class=""section-title"">【理解】</div>
<div>成本预算与成本基准 [定义｜成本预算] 成本预算是将批准的总成本估算分配到各个工作包和各个时间段的过程。它的输出是成本基准。。这张卡来自源材料中的具体段落，用于把讲义内容改写为可回忆判断。</div>
<div class=""section-title"">【记忆线索】</div>
<div>抓住题干中的对象、动作和输出，不背整段讲义。</div>
<div class=""section-title"">【易错点】</div>
<div>避免把相邻概念按字面相似性混用。</div>
<div class=""section-title"">【题干信号】</div>
<div>定义识别、场景判断、角色/流程边界。</div>
<div class=""section-title"">【关联专题】</div>
<div>T-COST-001 成本估算、成本预算、储备分析与成本基准</div>
<div class=""section-title"">【来源】</div>
<div>SRC-T-COST-001-0004：成本估算、成本预算、储备分析与成本基准 &gt; 成本预算与成本基准；成本预算与成本基准 [定义｜成本预算] 成本预算是将批准的总成本估算分配到各个工作包和各个时间段的过程。它的输出是成本基准。</div>
</div>",概念卡,C,3,上午选择,成本管理,T-COST-001,成本估算、成本预算、储备分析与成本基准,SRC-T-COST-001-0004,topic_learning_packages/topics/07_成本管理/T-COST-001_专题学习包_成本估算预算储备分析与成本基准.md,成本估算、成本预算、储备分析与成本基准 > 成本预算与成本基准,成本预算与成本基准 [定义｜成本预算] 成本预算是将批准的总成本估算分配到各个工作包和各个时间段的过程。它的输出是成本基准。,,,,,,,,,,sha256:b4f927fab95c2a7451af5fa9,ruankao ruankao::anki_build::20260520_223914 ruankao::difficulty::3 ruankao::domain::成本管理 ruankao::exam_use::上午选择 ruankao::importance::C ruankao::source_grounded ruankao::topic ruankao::topic::T-COST-001 ruankao::type::概念卡,84,final,通过内容、来源和工程门禁；源材料自动扩展卡，建议后续人工润色
软考::系统集成项目管理工程师::专题学习::07_成本管理::T-COST-001_成本估算、成本预算、储备分析与成本基准,RuankaoTopicCard,成本估算、成本预算、储备分析与成本基中，储备分析的考试判断要点是什么？,"<div class=""answer-block"">
<div class=""section-title"">【答案】</div>
<div>储备分析：应急储备 vs 管理储备 [高频辨析｜应急储备 vs 管理储备] 应急储备：针对已识别风险（已知-未知）的预算预留。已经包含在成本基准中，项目经理可以动用。</div>
</div>","<div class=""extra"">
<div class=""section-title"">【理解】</div>
<div>储备分析：应急储备 vs 管理储备 [高频辨析｜应急储备 vs 管理储备] 应急储备：针对已识别风险（已知-未知）的预算预留。已经包含在成本基准中，项目经理可以动用。。这张卡来自源材料中的具体段落，用于把讲义内容改写为可回忆判断。</div>
<div class=""section-title"">【记忆线索】</div>
<div>抓住题干中的对象、动作和输出，不背整段讲义。</div>
<div class=""section-title"">【易错点】</div>
<div>避免把相邻概念按字面相似性混用。</div>
<div class=""section-title"">【题干信号】</div>
<div>风险</div>
<div class=""section-title"">【关联专题】</div>
<div>T-COST-001 成本估算、成本预算、储备分析与成本基准</div>
<div class=""section-title"">【来源】</div>
<div>SRC-T-COST-001-0005：成本估算、成本预算、储备分析与成本基准 &gt; 储备分析：应急储备 vs 管理储备；储备分析：应急储备 vs 管理储备 [高频辨析｜应急储备 vs 管理储备] 应急储备：针对已识别风险（已知-未知）的预算预留。已经包含在成本基准中，项目经理可以动用。</div>
</div>",辨析卡,C,3,上午选择,成本管理,T-COST-001,成本估算、成本预算、储备分析与成本基准,SRC-T-COST-001-0005,topic_learning_packages/topics/07_成本管理/T-COST-001_专题学习包_成本估算预算储备分析与成本基准.md,成本估算、成本预算、储备分析与成本基准 > 储备分析：应急储备 vs 管理储备,储备分析：应急储备 vs 管理储备 [高频辨析｜应急储备 vs 管理储备] 应急储备：针对已识别风险（已知-未知）的预算预留。已经包含在成本基准中，项目经理可以动用。,,,,,,,,,,sha256:41175f3b5d2befe39eced2b4,ruankao ruankao::anki_build::20260520_223914 ruankao::difficulty::3 ruankao::domain::成本管理 ruankao::exam_use::上午选择 ruankao::importance::C ruankao::source_grounded ruankao::topic ruankao::topic::T-COST-001 ruankao::type::辨析卡,84,final,通过内容、来源和工程门禁；源材料自动扩展卡，建议后续人工润色
软考::系统集成项目管理工程师::专题学习::07_成本管理::T-COST-001_成本估算、成本预算、储备分析与成本基准,RuankaoTopicCard,成本估算、成本预算、储备分析与成本基中，本轮真题覆盖增强的考试判断要点是什么？,"<div class=""answer-block"">
<div class=""section-title"">【答案】</div>
<div>本轮真题覆盖增强：估算、预算与储备口径 本节把 questions.full.clean.md 与既有真题映射中的高频考法反查回本专题。2010 上午题考自下而上估算第一步、间接成本、EV 信息不足；成本专题要帮助判断“题目给的数据能不能算”。</div>
</div>","<div class=""extra"">
<div class=""section-title"">【理解】</div>
<div>本轮真题覆盖增强：估算、预算与储备口径 本节把 questions.full.clean.md 与既有真题映射中的高频考法反查回本专题。2010 上午题考自下而上估算第一步、间接成本、EV 信息不足；成本专题要帮助判断“题目给的数据能不能算”。。这张卡来自源材料中的具体段落，用于把讲义内容改写为可回忆判断。</div>
<div class=""section-title"">【记忆线索】</div>
<div>抓住题干中的对象、动作和输出，不背整段讲义。</div>
<div class=""section-title"">【易错点】</div>
<div>避免把相邻概念按字面相似性混用。</div>
<div class=""section-title"">【题干信号】</div>
<div>定义识别、场景判断、角色/流程边界。</div>
<div class=""section-title"">【关联专题】</div>
<div>T-COST-001 成本估算、成本预算、储备分析与成本基准</div>
<div class=""section-title"">【来源】</div>
<div>SRC-T-COST-001-0007：成本估算、成本预算、储备分析与成本基准 &gt; 本轮真题覆盖增强：估算、预算与储备口径；本轮真题覆盖增强：估算、预算与储备口径 本节把 questions.full.clean.md 与既有真题映射中的高频考法反查回本专题。2010 上午题考自下而上估算第一步、间接成本、EV 信息不足；成本专题要帮助判断“题目给的数据能不能算”。</div>
</div>",概念卡,C,3,上午选择,成本管理,T-COST-001,成本估算、成本预算、储备分析与成本基准,SRC-T-COST-001-0007,topic_learning_packages/topics/07_成本管理/T-COST-001_专题学习包_成本估算预算储备分析与成本基准.md,成本估算、成本预算、储备分析与成本基准 > 本轮真题覆盖增强：估算、预算与储备口径,本轮真题覆盖增强：估算、预算与储备口径 本节把 questions.full.clean.md 与既有真题映射中的高频考法反查回本专题。2010 上午题考自下而上估算第一步、间接成本、EV 信息不足；成本专题要帮助判断“题目给的数据能不能算”。,,,,,,,,,,sha256:ef18c3b82c875f52f9ad1976,ruankao ruankao::anki_build::20260520_223914 ruankao::difficulty::3 ruankao::domain::成本管理 ruankao::exam_use::上午选择 ruankao::importance::C ruankao::source_grounded ruankao::topic ruankao::topic::T-COST-001 ruankao::type::概念卡,84,final,通过内容、来源和工程门禁；源材料自动扩展卡，建议后续人工润色
软考::系统集成项目管理工程师::专题学习::07_成本管理::T-COST-002_挣值管理与成本绩效分析,RuankaoTopicCard,PV、EV、AC 分别回答哪三个问题？,"<div class=""answer-block"">
<div class=""section-title"">【答案】</div>
<div>PV 回答按计划应该完成值多少；EV 回答实际完成的工作按预算值多少；AC 回答实际花了多少钱。</div>
</div>","<div class=""extra"">
<div class=""section-title"">【理解】</div>
<div>PV 回答按计划应该完成值多少；EV 回答实际完成的工作按预算值多少；AC 回答实际花了多少钱。。这张卡来自源材料中的具体段落，用于把讲义内容改写为可回忆判断。</div>
<div class=""section-title"">【记忆线索】</div>
<div>抓住题干中的对象、动作和输出，不背整段讲义。</div>
<div class=""section-title"">【易错点】</div>
<div>避免把相邻概念按字面相似性混用。</div>
<div class=""section-title"">【题干信号】</div>
<div>问题</div>
<div class=""section-title"">【关联专题】</div>
<div>T-COST-002 挣值管理与成本绩效分析</div>
<div class=""section-title"">【来源】</div>
<div>SRC-T-COST-002-0001：挣值管理与成本绩效分析；T-COST-002｜挣值管理与成本绩效分析 本专题用于学习&quot;项目成本管理&quot;中最容易出计算题和案例题的一组核心内容：挣值管理（EVM）、计划值（PV）、挣值（EV）、实际成本（AC）、成本偏差（CV）、进度偏差（SV）、成本绩效指数（CPI）、进度绩效指数（SPI）、完工估算（EAC）、完工尚需估算（ETC）和完工偏差</div>
</div>",辨析卡,A,2,计算题,成本管理,T-COST-002,挣值管理与成本绩效分析,SRC-T-COST-002-0001,topic_learning_packages/topics/07_成本管理/T-COST-002_专题学习包_挣值管理与成本绩效分析.md,挣值管理与成本绩效分析,"T-COST-002｜挣值管理与成本绩效分析 本专题用于学习""项目成本管理""中最容易出计算题和案例题的一组核心内容：挣值管理（EVM）、计划值（PV）、挣值（EV）、实际成本（AC）、成本偏差（CV）、进度偏差（SV）、成本绩效指数（CPI）、进度绩效指数（SPI）、完工估算（EAC）、完工尚需估算（ETC）和完工偏差（VAC）。它们不是孤立公式，而是围绕一个核心问题展开：在项目执行过程中，如何用一套统一的货币化指标，同时判断项目的进度",,,,,,,,,,sha256:8faf1365084f13ec00e791d9,ruankao ruankao::anki_build::20260520_223914 ruankao::difficulty::2 ruankao::domain::成本管理 ruankao::exam_use::计算题 ruankao::importance::A ruankao::source_grounded ruankao::topic ruankao::topic::T-COST-002 ruankao::type::辨析卡,100,final,通过内容、来源和工程门禁
软考::系统集成项目管理工程师::专题学习::07_成本管理::T-COST-002_挣值管理与成本绩效分析,RuankaoTopicCard,为什么 EV 不是 AC？,"<div class=""answer-block"">
<div class=""section-title"">【答案】</div>
<div>EV 是已完成工作的预算价值，反映产出；AC 是完成这些工作实际发生的成本，反映投入。</div>
</div>","<div class=""extra"">
<div class=""section-title"">【理解】</div>
<div>EV 是已完成工作的预算价值，反映产出；AC 是完成这些工作实际发生的成本，反映投入。。这张卡来自源材料中的具体段落，用于把讲义内容改写为可回忆判断。</div>
<div class=""section-title"">【记忆线索】</div>
<div>抓住题干中的对象、动作和输出，不背整段讲义。</div>
<div class=""section-title"">【易错点】</div>
<div>避免把相邻概念按字面相似性混用。</div>
<div class=""section-title"">【题干信号】</div>
<div>定义识别、场景判断、角色/流程边界。</div>
<div class=""section-title"">【关联专题】</div>
<div>T-COST-002 挣值管理与成本绩效分析</div>
<div class=""section-title"">【来源】</div>
<div>SRC-T-COST-002-0001：挣值管理与成本绩效分析；T-COST-002｜挣值管理与成本绩效分析 本专题用于学习&quot;项目成本管理&quot;中最容易出计算题和案例题的一组核心内容：挣值管理（EVM）、计划值（PV）、挣值（EV）、实际成本（AC）、成本偏差（CV）、进度偏差（SV）、成本绩效指数（CPI）、进度绩效指数（SPI）、完工估算（EAC）、完工尚需估算（ETC）和完工偏差</div>
</div>",辨析卡,A,2,计算题,成本管理,T-COST-002,挣值管理与成本绩效分析,SRC-T-COST-002-0001,topic_learning_packages/topics/07_成本管理/T-COST-002_专题学习包_挣值管理与成本绩效分析.md,挣值管理与成本绩效分析,"T-COST-002｜挣值管理与成本绩效分析 本专题用于学习""项目成本管理""中最容易出计算题和案例题的一组核心内容：挣值管理（EVM）、计划值（PV）、挣值（EV）、实际成本（AC）、成本偏差（CV）、进度偏差（SV）、成本绩效指数（CPI）、进度绩效指数（SPI）、完工估算（EAC）、完工尚需估算（ETC）和完工偏差（VAC）。它们不是孤立公式，而是围绕一个核心问题展开：在项目执行过程中，如何用一套统一的货币化指标，同时判断项目的进度",,,,,,,,,,sha256:a9b7be354b6d625911a30790,ruankao ruankao::anki_build::20260520_223914 ruankao::difficulty::2 ruankao::domain::成本管理 ruankao::exam_use::计算题 ruankao::importance::A ruankao::source_grounded ruankao::topic ruankao::topic::T-COST-002 ruankao::type::辨析卡,100,final,通过内容、来源和工程门禁
软考::系统集成项目管理工程师::专题学习::07_成本管理::T-COST-002_挣值管理与成本绩效分析,RuankaoTopicCard,SV 和 CV 为什么都以 EV 为被减数？,"<div class=""answer-block"">
<div class=""section-title"">【答案】</div>
<div>因为 EVM 用实际完成的预算价值 EV 作为共同参照：EV-PV 判断进度，EV-AC 判断成本。</div>
</div>","<div class=""extra"">
<div class=""section-title"">【理解】</div>
<div>因为 EVM 用实际完成的预算价值 EV 作为共同参照：EV-PV 判断进度，EV-AC 判断成本。。这张卡来自源材料中的具体段落，用于把讲义内容改写为可回忆判断。</div>
<div class=""section-title"">【记忆线索】</div>
<div>抓住题干中的对象、动作和输出，不背整段讲义。</div>
<div class=""section-title"">【易错点】</div>
<div>避免把相邻概念按字面相似性混用。</div>
<div class=""section-title"">【题干信号】</div>
<div>定义识别、场景判断、角色/流程边界。</div>
<div class=""section-title"">【关联专题】</div>
<div>T-COST-002 挣值管理与成本绩效分析</div>
<div class=""section-title"">【来源】</div>
<div>SRC-T-COST-002-0001：挣值管理与成本绩效分析；T-COST-002｜挣值管理与成本绩效分析 本专题用于学习&quot;项目成本管理&quot;中最容易出计算题和案例题的一组核心内容：挣值管理（EVM）、计划值（PV）、挣值（EV）、实际成本（AC）、成本偏差（CV）、进度偏差（SV）、成本绩效指数（CPI）、进度绩效指数（SPI）、完工估算（EAC）、完工尚需估算（ETC）和完工偏差</div>
</div>",公式卡,A,3,计算题,成本管理,T-COST-002,挣值管理与成本绩效分析,SRC-T-COST-002-0001,topic_learning_packages/topics/07_成本管理/T-COST-002_专题学习包_挣值管理与成本绩效分析.md,挣值管理与成本绩效分析,"T-COST-002｜挣值管理与成本绩效分析 本专题用于学习""项目成本管理""中最容易出计算题和案例题的一组核心内容：挣值管理（EVM）、计划值（PV）、挣值（EV）、实际成本（AC）、成本偏差（CV）、进度偏差（SV）、成本绩效指数（CPI）、进度绩效指数（SPI）、完工估算（EAC）、完工尚需估算（ETC）和完工偏差（VAC）。它们不是孤立公式，而是围绕一个核心问题展开：在项目执行过程中，如何用一套统一的货币化指标，同时判断项目的进度",,,,,,,,,,sha256:fc190123d4f5369bf2c9de46,ruankao ruankao::anki_build::20260520_223914 ruankao::difficulty::3 ruankao::domain::成本管理 ruankao::exam_use::计算题 ruankao::importance::A ruankao::source_grounded ruankao::topic ruankao::topic::T-COST-002 ruankao::type::公式卡,100,final,通过内容、来源和工程门禁
软考::系统集成项目管理工程师::专题学习::07_成本管理::T-COST-002_挣值管理与成本绩效分析,RuankaoTopicCard,PV=100，EV=90，AC=110。计算 SV 和 CV 并判断状态。,"<div class=""answer-block"">
<div class=""section-title"">【答案】</div>
<div>SV=90-100=-10，进度滞后；CV=90-110=-20，成本超支。</div>
</div>","<div class=""extra"">
<div class=""section-title"">【理解】</div>
<div>SV=90-100=-10，进度滞后；CV=90-110=-20，成本超支。。这张卡来自源材料中的具体段落，用于把讲义内容改写为可回忆判断。</div>
<div class=""section-title"">【记忆线索】</div>
<div>先写公式，再代入数字，最后写文字判断。</div>
<div class=""section-title"">【易错点】</div>
<div>避免把相邻概念按字面相似性混用。</div>
<div class=""section-title"">【题干信号】</div>
<div>定义识别、场景判断、角色/流程边界。</div>
<div class=""section-title"">【关联专题】</div>
<div>T-COST-002 挣值管理与成本绩效分析</div>
<div class=""section-title"">【来源】</div>
<div>SRC-T-COST-002-0001：挣值管理与成本绩效分析；T-COST-002｜挣值管理与成本绩效分析 本专题用于学习&quot;项目成本管理&quot;中最容易出计算题和案例题的一组核心内容：挣值管理（EVM）、计划值（PV）、挣值（EV）、实际成本（AC）、成本偏差（CV）、进度偏差（SV）、成本绩效指数（CPI）、进度绩效指数（SPI）、完工估算（EAC）、完工尚需估算（ETC）和完工偏差</div>
</div>",计算卡,A,2,计算题,成本管理,T-COST-002,挣值管理与成本绩效分析,SRC-T-COST-002-0001,topic_learning_packages/topics/07_成本管理/T-COST-002_专题学习包_挣值管理与成本绩效分析.md,挣值管理与成本绩效分析,"T-COST-002｜挣值管理与成本绩效分析 本专题用于学习""项目成本管理""中最容易出计算题和案例题的一组核心内容：挣值管理（EVM）、计划值（PV）、挣值（EV）、实际成本（AC）、成本偏差（CV）、进度偏差（SV）、成本绩效指数（CPI）、进度绩效指数（SPI）、完工估算（EAC）、完工尚需估算（ETC）和完工偏差（VAC）。它们不是孤立公式，而是围绕一个核心问题展开：在项目执行过程中，如何用一套统一的货币化指标，同时判断项目的进度",,,,,,,,,,sha256:64759c3699970048bc181ab8,ruankao ruankao::anki_build::20260520_223914 ruankao::difficulty::2 ruankao::domain::成本管理 ruankao::exam_use::计算题 ruankao::importance::A ruankao::source_grounded ruankao::topic ruankao::topic::T-COST-002 ruankao::type::计算卡,100,final,通过内容、来源和工程门禁
软考::系统集成项目管理工程师::专题学习::07_成本管理::T-COST-002_挣值管理与成本绩效分析,RuankaoTopicCard,缺少 EV 时为什么不能判断成本超支？,"<div class=""answer-block"">
<div class=""section-title"">【答案】</div>
<div>成本偏差 CV=EV-AC；没有 EV 就不知道完成工作本应值多少钱，不能仅凭 AC 与 PV 判断成本绩效。</div>
</div>","<div class=""extra"">
<div class=""section-title"">【理解】</div>
<div>成本偏差 CV=EV-AC；没有 EV 就不知道完成工作本应值多少钱，不能仅凭 AC 与 PV 判断成本绩效。。这张卡来自源材料中的具体段落，用于把讲义内容改写为可回忆判断。</div>
<div class=""section-title"">【记忆线索】</div>
<div>抓住题干中的对象、动作和输出，不背整段讲义。</div>
<div class=""section-title"">【易错点】</div>
<div>避免把相邻概念按字面相似性混用。</div>
<div class=""section-title"">【题干信号】</div>
<div>定义识别、场景判断、角色/流程边界。</div>
<div class=""section-title"">【关联专题】</div>
<div>T-COST-002 挣值管理与成本绩效分析</div>
<div class=""section-title"">【来源】</div>
<div>SRC-T-COST-002-0001：挣值管理与成本绩效分析；T-COST-002｜挣值管理与成本绩效分析 本专题用于学习&quot;项目成本管理&quot;中最容易出计算题和案例题的一组核心内容：挣值管理（EVM）、计划值（PV）、挣值（EV）、实际成本（AC）、成本偏差（CV）、进度偏差（SV）、成本绩效指数（CPI）、进度绩效指数（SPI）、完工估算（EAC）、完工尚需估算（ETC）和完工偏差</div>
</div>",错项辨析卡,A,3,计算题,成本管理,T-COST-002,挣值管理与成本绩效分析,SRC-T-COST-002-0001,topic_learning_packages/topics/07_成本管理/T-COST-002_专题学习包_挣值管理与成本绩效分析.md,挣值管理与成本绩效分析,"T-COST-002｜挣值管理与成本绩效分析 本专题用于学习""项目成本管理""中最容易出计算题和案例题的一组核心内容：挣值管理（EVM）、计划值（PV）、挣值（EV）、实际成本（AC）、成本偏差（CV）、进度偏差（SV）、成本绩效指数（CPI）、进度绩效指数（SPI）、完工估算（EAC）、完工尚需估算（ETC）和完工偏差（VAC）。它们不是孤立公式，而是围绕一个核心问题展开：在项目执行过程中，如何用一套统一的货币化指标，同时判断项目的进度",,,,,,,,,,sha256:5e8c5eaae021b6985071c236,ruankao ruankao::anki_build::20260520_223914 ruankao::difficulty::3 ruankao::domain::成本管理 ruankao::exam_use::计算题 ruankao::importance::A ruankao::source_grounded ruankao::topic ruankao::topic::T-COST-002 ruankao::type::错项辨析卡,100,final,通过内容、来源和工程门禁
软考::系统集成项目管理工程师::专题学习::07_成本管理::T-COST-002_挣值管理与成本绩效分析,RuankaoTopicCard,典型偏差和非典型偏差下 EAC 公式如何选择？,"<div class=""answer-block"">
<div class=""section-title"">【答案】</div>
<div>非典型偏差用 EAC=AC+(BAC-EV)；典型偏差会延续时常用 EAC=BAC/CPI。</div>
</div>","<div class=""extra"">
<div class=""section-title"">【理解】</div>
<div>非典型偏差用 EAC=AC+(BAC-EV)；典型偏差会延续时常用 EAC=BAC/CPI。。这张卡来自源材料中的具体段落，用于把讲义内容改写为可回忆判断。</div>
<div class=""section-title"">【记忆线索】</div>
<div>先写公式，再代入数字，最后写文字判断。</div>
<div class=""section-title"">【易错点】</div>
<div>避免把相邻概念按字面相似性混用。</div>
<div class=""section-title"">【题干信号】</div>
<div>CPI</div>
<div class=""section-title"">【关联专题】</div>
<div>T-COST-002 挣值管理与成本绩效分析</div>
<div class=""section-title"">【来源】</div>
<div>SRC-T-COST-002-0001：挣值管理与成本绩效分析；T-COST-002｜挣值管理与成本绩效分析 本专题用于学习&quot;项目成本管理&quot;中最容易出计算题和案例题的一组核心内容：挣值管理（EVM）、计划值（PV）、挣值（EV）、实际成本（AC）、成本偏差（CV）、进度偏差（SV）、成本绩效指数（CPI）、进度绩效指数（SPI）、完工估算（EAC）、完工尚需估算（ETC）和完工偏差</div>
</div>",公式卡,A,3,计算题,成本管理,T-COST-002,挣值管理与成本绩效分析,SRC-T-COST-002-0001,topic_learning_packages/topics/07_成本管理/T-COST-002_专题学习包_挣值管理与成本绩效分析.md,挣值管理与成本绩效分析,"T-COST-002｜挣值管理与成本绩效分析 本专题用于学习""项目成本管理""中最容易出计算题和案例题的一组核心内容：挣值管理（EVM）、计划值（PV）、挣值（EV）、实际成本（AC）、成本偏差（CV）、进度偏差（SV）、成本绩效指数（CPI）、进度绩效指数（SPI）、完工估算（EAC）、完工尚需估算（ETC）和完工偏差（VAC）。它们不是孤立公式，而是围绕一个核心问题展开：在项目执行过程中，如何用一套统一的货币化指标，同时判断项目的进度",,,,,,,,,,sha256:ea46ff4c23641d528521e53a,ruankao ruankao::anki_build::20260520_223914 ruankao::difficulty::3 ruankao::domain::成本管理 ruankao::exam_use::计算题 ruankao::importance::A ruankao::source_grounded ruankao::topic ruankao::topic::T-COST-002 ruankao::type::公式卡,100,final,通过内容、来源和工程门禁
软考::系统集成项目管理工程师::专题学习::07_成本管理::T-COST-002_挣值管理与成本绩效分析,RuankaoTopicCard,挣值管理与成本绩效分析相关公式或计算判断规则是什么？,"<div class=""answer-block"">
<div class=""section-title"">【答案】</div>
<div>T-COST-002｜挣值管理与成本绩效分析 本专题用于学习&quot;项目成本管理&quot;中最容易出计算题和案例题的一组核心内容：挣值管理（EVM）、计划值（PV）、挣值（EV）、实际成本（AC）、成本偏差（CV）、进度偏差（SV）、成本绩效指数（CPI）、进度绩效指数（SPI）、完工估算（EAC）、完工尚需估算（ETC）和完工偏差（VAC）。它们不是孤立公式，而是围绕一个核心问题展开：在项目执行过程中，如何用一套统一的货币化指标，同时判断项目的进度</div>
</div>","<div class=""extra"">
<div class=""section-title"">【理解】</div>
<div>T-COST-002｜挣值管理与成本绩效分析 本专题用于学习&quot;项目成本管理&quot;中最容易出计算题和案例题的一组核心内容：挣值管理（EVM）、计划值（PV）、挣值（EV）、实际成本（AC）、成本偏差（CV）、进度偏差（SV）、成本绩效指数（CPI）、进度绩效指数（SPI）、完工估算（EAC）、完工尚需估算（ETC）和完工偏差（VAC）。它们不是孤立公式，而是围绕一个核心问题展开：在项目执行过程中，如何用一套统一的货币化指标，同时判断项目的进度。这张卡来自源材料中的具体段落，用于把讲义内容改写为可回忆判断。</div>
<div class=""section-title"">【记忆线索】</div>
<div>先写公式，再代入数字，最后写文字判断。</div>
<div class=""section-title"">【易错点】</div>
<div>避免把相邻概念按字面相似性混用。</div>
<div class=""section-title"">【题干信号】</div>
<div>问题、CPI、SPI</div>
<div class=""section-title"">【关联专题】</div>
<div>T-COST-002 挣值管理与成本绩效分析</div>
<div class=""section-title"">【来源】</div>
<div>SRC-T-COST-002-0001：挣值管理与成本绩效分析；T-COST-002｜挣值管理与成本绩效分析 本专题用于学习&quot;项目成本管理&quot;中最容易出计算题和案例题的一组核心内容：挣值管理（EVM）、计划值（PV）、挣值（EV）、实际成本（AC）、成本偏差（CV）、进度偏差（SV）、成本绩效指数（CPI）、进度绩效指数（SPI）、完工估算（EAC）、完工尚需估算（ETC）和完工偏差</div>
</div>",公式卡,B,3,上午选择,成本管理,T-COST-002,挣值管理与成本绩效分析,SRC-T-COST-002-0001,topic_learning_packages/topics/07_成本管理/T-COST-002_专题学习包_挣值管理与成本绩效分析.md,挣值管理与成本绩效分析,"T-COST-002｜挣值管理与成本绩效分析 本专题用于学习""项目成本管理""中最容易出计算题和案例题的一组核心内容：挣值管理（EVM）、计划值（PV）、挣值（EV）、实际成本（AC）、成本偏差（CV）、进度偏差（SV）、成本绩效指数（CPI）、进度绩效指数（SPI）、完工估算（EAC）、完工尚需估算（ETC）和完工偏差（VAC）。它们不是孤立公式，而是围绕一个核心问题展开：在项目执行过程中，如何用一套统一的货币化指标，同时判断项目的进度",,,,,,,,,,sha256:06ba129671717658ceacb32b,ruankao ruankao::anki_build::20260520_223914 ruankao::difficulty::3 ruankao::domain::成本管理 ruankao::exam_use::上午选择 ruankao::importance::B ruankao::source_grounded ruankao::topic ruankao::topic::T-COST-002 ruankao::type::公式卡,100,final,通过内容、来源和工程门禁
软考::系统集成项目管理工程师::专题学习::07_成本管理::T-COST-002_挣值管理与成本绩效分析,RuankaoTopicCard,挣值管理与成本绩效分析相关公式或计算判断规则是什么？,"<div class=""answer-block"">
<div class=""section-title"">【答案】</div>
<div>先看这个专题的主线 挣值管理最容易被学成&quot;背公式&quot;。很多同学把 PV、EV、AC、CV、SV、CPI、SPI 的公式抄在纸上反复默写，但一遇到稍微变化的题目就不知道用哪个公式。</div>
</div>","<div class=""extra"">
<div class=""section-title"">【理解】</div>
<div>先看这个专题的主线 挣值管理最容易被学成&quot;背公式&quot;。很多同学把 PV、EV、AC、CV、SV、CPI、SPI 的公式抄在纸上反复默写，但一遇到稍微变化的题目就不知道用哪个公式。。这张卡来自源材料中的具体段落，用于把讲义内容改写为可回忆判断。</div>
<div class=""section-title"">【记忆线索】</div>
<div>先写公式，再代入数字，最后写文字判断。</div>
<div class=""section-title"">【易错点】</div>
<div>避免把相邻概念按字面相似性混用。</div>
<div class=""section-title"">【题干信号】</div>
<div>CPI、SPI</div>
<div class=""section-title"">【关联专题】</div>
<div>T-COST-002 挣值管理与成本绩效分析</div>
<div class=""section-title"">【来源】</div>
<div>SRC-T-COST-002-0002：挣值管理与成本绩效分析 &gt; 先看这个专题的主线；先看这个专题的主线 挣值管理最容易被学成&quot;背公式&quot;。很多同学把 PV、EV、AC、CV、SV、CPI、SPI 的公式抄在纸上反复默写，但一遇到稍微变化的题目就不知道用哪个公式。</div>
</div>",公式卡,B,3,上午选择,成本管理,T-COST-002,挣值管理与成本绩效分析,SRC-T-COST-002-0002,topic_learning_packages/topics/07_成本管理/T-COST-002_专题学习包_挣值管理与成本绩效分析.md,挣值管理与成本绩效分析 > 先看这个专题的主线,"先看这个专题的主线 挣值管理最容易被学成""背公式""。很多同学把 PV、EV、AC、CV、SV、CPI、SPI 的公式抄在纸上反复默写，但一遇到稍微变化的题目就不知道用哪个公式。",,,,,,,,,,sha256:ee91fdbb40f66e19ca6b0723,ruankao ruankao::anki_build::20260520_223914 ruankao::difficulty::3 ruankao::domain::成本管理 ruankao::exam_use::上午选择 ruankao::importance::B ruankao::source_grounded ruankao::topic ruankao::topic::T-COST-002 ruankao::type::公式卡,100,final,通过内容、来源和工程门禁
软考::系统集成项目管理工程师::专题学习::07_成本管理::T-COST-002_挣值管理与成本绩效分析,RuankaoTopicCard,三个基础指标相关公式或计算判断规则是什么？,"<div class=""answer-block"">
<div class=""section-title"">【答案】</div>
<div>三个基础指标：PV、EV、AC 挣值管理的所有计算都建立在三个基础指标之上。这三个指标需要深刻理解，不是简单背定义。</div>
</div>","<div class=""extra"">
<div class=""section-title"">【理解】</div>
<div>三个基础指标：PV、EV、AC 挣值管理的所有计算都建立在三个基础指标之上。这三个指标需要深刻理解，不是简单背定义。。这张卡来自源材料中的具体段落，用于把讲义内容改写为可回忆判断。</div>
<div class=""section-title"">【记忆线索】</div>
<div>先写公式，再代入数字，最后写文字判断。</div>
<div class=""section-title"">【易错点】</div>
<div>避免把相邻概念按字面相似性混用。</div>
<div class=""section-title"">【题干信号】</div>
<div>定义识别、场景判断、角色/流程边界。</div>
<div class=""section-title"">【关联专题】</div>
<div>T-COST-002 挣值管理与成本绩效分析</div>
<div class=""section-title"">【来源】</div>
<div>SRC-T-COST-002-0003：挣值管理与成本绩效分析 &gt; 三个基础指标：PV、EV、AC；三个基础指标：PV、EV、AC 挣值管理的所有计算都建立在三个基础指标之上。这三个指标需要深刻理解，不是简单背定义。</div>
</div>",公式卡,B,3,上午选择,成本管理,T-COST-002,挣值管理与成本绩效分析,SRC-T-COST-002-0003,topic_learning_packages/topics/07_成本管理/T-COST-002_专题学习包_挣值管理与成本绩效分析.md,挣值管理与成本绩效分析 > 三个基础指标：PV、EV、AC,三个基础指标：PV、EV、AC 挣值管理的所有计算都建立在三个基础指标之上。这三个指标需要深刻理解，不是简单背定义。,,,,,,,,,,sha256:50941b559067de655f67d5b4,ruankao ruankao::anki_build::20260520_223914 ruankao::difficulty::3 ruankao::domain::成本管理 ruankao::exam_use::上午选择 ruankao::importance::B ruankao::source_grounded ruankao::topic ruankao::topic::T-COST-002 ruankao::type::公式卡,100,final,通过内容、来源和工程门禁
软考::系统集成项目管理工程师::专题学习::07_成本管理::T-COST-002_挣值管理与成本绩效分析,RuankaoTopicCard,"计划价值（PV）——""按计划应该完成的工作值多少相关公式或计算判断规则是什么？","<div class=""answer-block"">
<div class=""section-title"">【答案】</div>
<div>计划价值（PV）——&quot;按计划应该完成的工作值多少钱&quot; [定义｜计划价值 PV] 计划价值（Planned Value）是为计划工作分配的经批准的预算。它是到某个特定时点为止，按计划应该完成的工作所对应的预算金额。</div>
</div>","<div class=""extra"">
<div class=""section-title"">【理解】</div>
<div>计划价值（PV）——&quot;按计划应该完成的工作值多少钱&quot; [定义｜计划价值 PV] 计划价值（Planned Value）是为计划工作分配的经批准的预算。它是到某个特定时点为止，按计划应该完成的工作所对应的预算金额。。这张卡来自源材料中的具体段落，用于把讲义内容改写为可回忆判断。</div>
<div class=""section-title"">【记忆线索】</div>
<div>先写公式，再代入数字，最后写文字判断。</div>
<div class=""section-title"">【易错点】</div>
<div>避免把相邻概念按字面相似性混用。</div>
<div class=""section-title"">【题干信号】</div>
<div>定义识别、场景判断、角色/流程边界。</div>
<div class=""section-title"">【关联专题】</div>
<div>T-COST-002 挣值管理与成本绩效分析</div>
<div class=""section-title"">【来源】</div>
<div>SRC-T-COST-002-0004：挣值管理与成本绩效分析 &gt; 三个基础指标：PV、EV、AC &gt; 计划价值（PV）——&quot;按计划应该完成的工作值多少钱&quot;；计划价值（PV）——&quot;按计划应该完成的工作值多少钱&quot; [定义｜计划价值 PV] 计划价值（Planned Value）是为计划工作分配的经批准的预算。它是到某个特定时点为止，按计划应该完成的工作所对应的预算金额。</div>
</div>",公式卡,B,3,上午选择,成本管理,T-COST-002,挣值管理与成本绩效分析,SRC-T-COST-002-0004,topic_learning_packages/topics/07_成本管理/T-COST-002_专题学习包_挣值管理与成本绩效分析.md,"挣值管理与成本绩效分析 > 三个基础指标：PV、EV、AC > 计划价值（PV）——""按计划应该完成的工作值多少钱""","计划价值（PV）——""按计划应该完成的工作值多少钱"" [定义｜计划价值 PV] 计划价值（Planned Value）是为计划工作分配的经批准的预算。它是到某个特定时点为止，按计划应该完成的工作所对应的预算金额。",,,,,,,,,,sha256:7d15faf04db70268ed661923,ruankao ruankao::anki_build::20260520_223914 ruankao::difficulty::3 ruankao::domain::成本管理 ruankao::exam_use::上午选择 ruankao::importance::B ruankao::source_grounded ruankao::topic ruankao::topic::T-COST-002 ruankao::type::公式卡,100,final,通过内容、来源和工程门禁
软考::系统集成项目管理工程师::专题学习::07_成本管理::T-COST-002_挣值管理与成本绩效分析,RuankaoTopicCard,"挣值（EV）——""实际完成的工作按预算值多少钱""相关公式或计算判断规则是什么？","<div class=""answer-block"">
<div class=""section-title"">【答案】</div>
<div>挣值（EV）——&quot;实际完成的工作按预算值多少钱&quot; [定义｜挣值 EV] 挣值（Earned Value）是对已完成工作的测量值，用分配给该工作的预算来表示。它是实际完成的工作所对应的经批准的预算。</div>
</div>","<div class=""extra"">
<div class=""section-title"">【理解】</div>
<div>挣值（EV）——&quot;实际完成的工作按预算值多少钱&quot; [定义｜挣值 EV] 挣值（Earned Value）是对已完成工作的测量值，用分配给该工作的预算来表示。它是实际完成的工作所对应的经批准的预算。。这张卡来自源材料中的具体段落，用于把讲义内容改写为可回忆判断。</div>
<div class=""section-title"">【记忆线索】</div>
<div>先写公式，再代入数字，最后写文字判断。</div>
<div class=""section-title"">【易错点】</div>
<div>避免把相邻概念按字面相似性混用。</div>
<div class=""section-title"">【题干信号】</div>
<div>定义识别、场景判断、角色/流程边界。</div>
<div class=""section-title"">【关联专题】</div>
<div>T-COST-002 挣值管理与成本绩效分析</div>
<div class=""section-title"">【来源】</div>
<div>SRC-T-COST-002-0005：挣值管理与成本绩效分析 &gt; 三个基础指标：PV、EV、AC &gt; 挣值（EV）——&quot;实际完成的工作按预算值多少钱&quot;；挣值（EV）——&quot;实际完成的工作按预算值多少钱&quot; [定义｜挣值 EV] 挣值（Earned Value）是对已完成工作的测量值，用分配给该工作的预算来表示。它是实际完成的工作所对应的经批准的预算。</div>
</div>",公式卡,B,3,上午选择,成本管理,T-COST-002,挣值管理与成本绩效分析,SRC-T-COST-002-0005,topic_learning_packages/topics/07_成本管理/T-COST-002_专题学习包_挣值管理与成本绩效分析.md,"挣值管理与成本绩效分析 > 三个基础指标：PV、EV、AC > 挣值（EV）——""实际完成的工作按预算值多少钱""","挣值（EV）——""实际完成的工作按预算值多少钱"" [定义｜挣值 EV] 挣值（Earned Value）是对已完成工作的测量值，用分配给该工作的预算来表示。它是实际完成的工作所对应的经批准的预算。",,,,,,,,,,sha256:7b63898088e06762d055df6a,ruankao ruankao::anki_build::20260520_223914 ruankao::difficulty::3 ruankao::domain::成本管理 ruankao::exam_use::上午选择 ruankao::importance::B ruankao::source_grounded ruankao::topic ruankao::topic::T-COST-002 ruankao::type::公式卡,100,final,通过内容、来源和工程门禁
软考::系统集成项目管理工程师::专题学习::07_成本管理::T-COST-002_挣值管理与成本绩效分析,RuankaoTopicCard,"实际成本（AC）——""完成这些工作实际花了多少钱相关公式或计算判断规则是什么？","<div class=""answer-block"">
<div class=""section-title"">【答案】</div>
<div>实际成本（AC）——&quot;完成这些工作实际花了多少钱&quot; [定义｜实际成本 AC] 实际成本（Actual Cost）是在给定时段内，执行工作而实际发生的总成本。它是为完成与 EV 相对应的工作而发生的全部费用。</div>
</div>","<div class=""extra"">
<div class=""section-title"">【理解】</div>
<div>实际成本（AC）——&quot;完成这些工作实际花了多少钱&quot; [定义｜实际成本 AC] 实际成本（Actual Cost）是在给定时段内，执行工作而实际发生的总成本。它是为完成与 EV 相对应的工作而发生的全部费用。。这张卡来自源材料中的具体段落，用于把讲义内容改写为可回忆判断。</div>
<div class=""section-title"">【记忆线索】</div>
<div>先写公式，再代入数字，最后写文字判断。</div>
<div class=""section-title"">【易错点】</div>
<div>避免把相邻概念按字面相似性混用。</div>
<div class=""section-title"">【题干信号】</div>
<div>定义识别、场景判断、角色/流程边界。</div>
<div class=""section-title"">【关联专题】</div>
<div>T-COST-002 挣值管理与成本绩效分析</div>
<div class=""section-title"">【来源】</div>
<div>SRC-T-COST-002-0006：挣值管理与成本绩效分析 &gt; 三个基础指标：PV、EV、AC &gt; 实际成本（AC）——&quot;完成这些工作实际花了多少钱&quot;；实际成本（AC）——&quot;完成这些工作实际花了多少钱&quot; [定义｜实际成本 AC] 实际成本（Actual Cost）是在给定时段内，执行工作而实际发生的总成本。它是为完成与 EV 相对应的工作而发生的全部费用。</div>
</div>",公式卡,B,3,上午选择,成本管理,T-COST-002,挣值管理与成本绩效分析,SRC-T-COST-002-0006,topic_learning_packages/topics/07_成本管理/T-COST-002_专题学习包_挣值管理与成本绩效分析.md,"挣值管理与成本绩效分析 > 三个基础指标：PV、EV、AC > 实际成本（AC）——""完成这些工作实际花了多少钱""","实际成本（AC）——""完成这些工作实际花了多少钱"" [定义｜实际成本 AC] 实际成本（Actual Cost）是在给定时段内，执行工作而实际发生的总成本。它是为完成与 EV 相对应的工作而发生的全部费用。",,,,,,,,,,sha256:b37004d13fec5aae8a1f66f6,ruankao ruankao::anki_build::20260520_223914 ruankao::difficulty::3 ruankao::domain::成本管理 ruankao::exam_use::上午选择 ruankao::importance::B ruankao::source_grounded ruankao::topic ruankao::topic::T-COST-002 ruankao::type::公式卡,100,final,通过内容、来源和工程门禁
软考::系统集成项目管理工程师::专题学习::07_成本管理::T-COST-002_挣值管理与成本绩效分析,RuankaoTopicCard,题干出现哪些信号时，应想到“挣值与成本绩效分析”？,"<div class=""answer-block"">
<div class=""section-title"">【答案】</div>
<div>围绕“挣值管理与成本绩效分析”的对象、动作、输出物、责任主体和常见陷阱定位考点。</div>
</div>","<div class=""extra"">
<div class=""section-title"">【理解】</div>
<div>围绕“挣值管理与成本绩效分析”的对象、动作、输出物、责任主体和常见陷阱定位考点。。这张卡来自源材料中的具体段落，用于把讲义内容改写为可回忆判断。</div>
<div class=""section-title"">【记忆线索】</div>
<div>抓住题干中的对象、动作和输出，不背整段讲义。</div>
<div class=""section-title"">【易错点】</div>
<div>避免把相邻概念按字面相似性混用。</div>
<div class=""section-title"">【题干信号】</div>
<div>定义识别、场景判断、角色/流程边界。</div>
<div class=""section-title"">【关联专题】</div>
<div>T-COST-002 挣值管理与成本绩效分析</div>
<div class=""section-title"">【来源】</div>
<div>SRC-T-COST-002-0001：挣值管理与成本绩效分析；T-COST-002｜挣值管理与成本绩效分析 本专题用于学习&quot;项目成本管理&quot;中最容易出计算题和案例题的一组核心内容：挣值管理（EVM）、计划值（PV）、挣值（EV）、实际成本（AC）、成本偏差（CV）、进度偏差（SV）、成本绩效指数（CPI）、进度绩效指数（SPI）、完工估算（EAC）、完工尚需估算（ETC）和完工偏差</div>
</div>",关键词识别卡,B,3,上午选择,成本管理,T-COST-002,挣值管理与成本绩效分析,SRC-T-COST-002-0001,topic_learning_packages/topics/07_成本管理/T-COST-002_专题学习包_挣值管理与成本绩效分析.md,挣值管理与成本绩效分析,"T-COST-002｜挣值管理与成本绩效分析 本专题用于学习""项目成本管理""中最容易出计算题和案例题的一组核心内容：挣值管理（EVM）、计划值（PV）、挣值（EV）、实际成本（AC）、成本偏差（CV）、进度偏差（SV）、成本绩效指数（CPI）、进度绩效指数（SPI）、完工估算（EAC）、完工尚需估算（ETC）和完工偏差（VAC）。它们不是孤立公式，而是围绕一个核心问题展开：在项目执行过程中，如何用一套统一的货币化指标，同时判断项目的进度",,,,,,,,,,sha256:6e18953ac8efc1f81ca2dff4,ruankao ruankao::anki_build::20260520_223914 ruankao::difficulty::3 ruankao::domain::成本管理 ruankao::exam_use::上午选择 ruankao::importance::B ruankao::source_grounded ruankao::topic ruankao::topic::T-COST-002 ruankao::type::关键词识别卡,100,final,通过内容、来源和工程门禁
软考::系统集成项目管理工程师::专题学习::07_成本管理::T-COST-002_挣值管理与成本绩效分析,RuankaoTopicCard,挣值与成本绩效分析类案例通常应从哪些角度答？,"<div class=""answer-block"">
<div class=""section-title"">【答案】</div>
<div>先从题干事实定位“挣值管理与成本绩效分析”相关管理缺口，再写原因、影响、纠正措施、预防措施和需更新的文件。</div>
</div>","<div class=""extra"">
<div class=""section-title"">【理解】</div>
<div>先从题干事实定位“挣值管理与成本绩效分析”相关管理缺口，再写原因、影响、纠正措施、预防措施和需更新的文件。。这张卡来自源材料中的具体段落，用于把讲义内容改写为可回忆判断。</div>
<div class=""section-title"">【记忆线索】</div>
<div>抓住题干中的对象、动作和输出，不背整段讲义。</div>
<div class=""section-title"">【易错点】</div>
<div>避免把相邻概念按字面相似性混用。</div>
<div class=""section-title"">【题干信号】</div>
<div>定义识别、场景判断、角色/流程边界。</div>
<div class=""section-title"">【关联专题】</div>
<div>T-COST-002 挣值管理与成本绩效分析</div>
<div class=""section-title"">【来源】</div>
<div>SRC-T-COST-002-0002：挣值管理与成本绩效分析 &gt; 先看这个专题的主线；先看这个专题的主线 挣值管理最容易被学成&quot;背公式&quot;。很多同学把 PV、EV、AC、CV、SV、CPI、SPI 的公式抄在纸上反复默写，但一遇到稍微变化的题目就不知道用哪个公式。</div>
</div>",案例模板卡,B,3,下午案例,成本管理,T-COST-002,挣值管理与成本绩效分析,SRC-T-COST-002-0002,topic_learning_packages/topics/07_成本管理/T-COST-002_专题学习包_挣值管理与成本绩效分析.md,挣值管理与成本绩效分析 > 先看这个专题的主线,"先看这个专题的主线 挣值管理最容易被学成""背公式""。很多同学把 PV、EV、AC、CV、SV、CPI、SPI 的公式抄在纸上反复默写，但一遇到稍微变化的题目就不知道用哪个公式。",,,,,,,,,,sha256:d298bc5e1cd56eaaf8f8b5f6,ruankao ruankao::anki_build::20260520_223914 ruankao::difficulty::3 ruankao::domain::成本管理 ruankao::exam_use::下午案例 ruankao::importance::B ruankao::source_grounded ruankao::topic ruankao::topic::T-COST-002 ruankao::type::案例模板卡,84,final,通过内容、来源和工程门禁；源材料自动扩展卡，建议后续人工润色
软考::系统集成项目管理工程师::专题学习::08_质量管理::T-QUAL-001_质量保证、质量控制与质量审计,RuankaoTopicCard,QA、QC、质量审计三者如何区分？,"<div class=""answer-block"">
<div class=""section-title"">【答案】</div>
<div>QA 关注过程是否可靠；QC 关注成果是否合格；质量审计是 QA 中对质量活动的结构化独立评审。</div>
</div>","<div class=""extra"">
<div class=""section-title"">【理解】</div>
<div>QA 关注过程是否可靠；QC 关注成果是否合格；质量审计是 QA 中对质量活动的结构化独立评审。。这张卡来自源材料中的具体段落，用于把讲义内容改写为可回忆判断。</div>
<div class=""section-title"">【记忆线索】</div>
<div>抓住题干中的对象、动作和输出，不背整段讲义。</div>
<div class=""section-title"">【易错点】</div>
<div>避免把相邻概念按字面相似性混用。</div>
<div class=""section-title"">【题干信号】</div>
<div>定义识别、场景判断、角色/流程边界。</div>
<div class=""section-title"">【关联专题】</div>
<div>T-QUAL-001 质量保证、质量控制与质量审计；T-QUAL-002</div>
<div class=""section-title"">【来源】</div>
<div>SRC-T-QUAL-001-0001：质量保证、质量控制与质量审计；T-QUAL-001｜质量保证、质量控制与质量审计 本专题用于学习&quot;项目质量管理&quot;中最容易出辨析题和案例题的一组核心内容：质量规划、质量保证（QA）、质量控制（QC）、质量审计、质量与等级的区别、预防与检查。它们不是孤立管理动作，而是围绕一个核心问题展开：如何让项目不是最后才发现质量问题，而是在过程和结果两个层面持续保</div>
</div>",辨析卡,A,3,跨域辨析,质量管理,T-QUAL-001,质量保证、质量控制与质量审计,SRC-T-QUAL-001-0001,topic_learning_packages/topics/08_质量管理/T-QUAL-001_专题学习包_质量保证质量控制与质量审计.md,质量保证、质量控制与质量审计,"T-QUAL-001｜质量保证、质量控制与质量审计 本专题用于学习""项目质量管理""中最容易出辨析题和案例题的一组核心内容：质量规划、质量保证（QA）、质量控制（QC）、质量审计、质量与等级的区别、预防与检查。它们不是孤立管理动作，而是围绕一个核心问题展开：如何让项目不是最后才发现质量问题，而是在过程和结果两个层面持续保证质量？",,T-QUAL-002,,,,,,,,sha256:f3feaf52ad0d45ed8ea08b4a,ruankao ruankao::anki_build::20260520_223914 ruankao::difficulty::3 ruankao::domain::质量管理 ruankao::exam_use::跨域辨析 ruankao::importance::A ruankao::source_grounded ruankao::topic ruankao::topic::T-QUAL-001 ruankao::type::辨析卡,100,final,通过内容、来源和工程门禁
软考::系统集成项目管理工程师::专题学习::08_质量管理::T-QUAL-001_质量保证、质量控制与质量审计,RuankaoTopicCard,质量 vs 等级的核心区别是什么？,"<div class=""answer-block"">
<div class=""section-title"">【答案】</div>
<div>质量是满足要求的程度；等级是同类对象按技术特性划分的类别或档次。</div>
</div>","<div class=""extra"">
<div class=""section-title"">【理解】</div>
<div>质量是满足要求的程度；等级是同类对象按技术特性划分的类别或档次。。这张卡来自源材料中的具体段落，用于把讲义内容改写为可回忆判断。</div>
<div class=""section-title"">【记忆线索】</div>
<div>先判断对象、责任主体、时间点和输出物，再排除张冠李戴的选项。</div>
<div class=""section-title"">【易错点】</div>
<div>避免把相邻概念按字面相似性混用。</div>
<div class=""section-title"">【题干信号】</div>
<div>定义识别、场景判断、角色/流程边界。</div>
<div class=""section-title"">【关联专题】</div>
<div>T-QUAL-001 质量保证、质量控制与质量审计</div>
<div class=""section-title"">【来源】</div>
<div>SRC-T-QUAL-001-0001：质量保证、质量控制与质量审计；T-QUAL-001｜质量保证、质量控制与质量审计 本专题用于学习&quot;项目质量管理&quot;中最容易出辨析题和案例题的一组核心内容：质量规划、质量保证（QA）、质量控制（QC）、质量审计、质量与等级的区别、预防与检查。它们不是孤立管理动作，而是围绕一个核心问题展开：如何让项目不是最后才发现质量问题，而是在过程和结果两个层面持续保</div>
</div>",辨析卡,A,2,上午选择,质量管理,T-QUAL-001,质量保证、质量控制与质量审计,SRC-T-QUAL-001-0001,topic_learning_packages/topics/08_质量管理/T-QUAL-001_专题学习包_质量保证质量控制与质量审计.md,质量保证、质量控制与质量审计,"T-QUAL-001｜质量保证、质量控制与质量审计 本专题用于学习""项目质量管理""中最容易出辨析题和案例题的一组核心内容：质量规划、质量保证（QA）、质量控制（QC）、质量审计、质量与等级的区别、预防与检查。它们不是孤立管理动作，而是围绕一个核心问题展开：如何让项目不是最后才发现质量问题，而是在过程和结果两个层面持续保证质量？",,,,,,,,,,sha256:7dd77c4e68024e6a11d02895,ruankao ruankao::anki_build::20260520_223914 ruankao::difficulty::2 ruankao::domain::质量管理 ruankao::exam_use::上午选择 ruankao::importance::A ruankao::source_grounded ruankao::topic ruankao::topic::T-QUAL-001 ruankao::type::辨析卡,100,final,通过内容、来源和工程门禁
软考::系统集成项目管理工程师::专题学习::08_质量管理::T-QUAL-001_质量保证、质量控制与质量审计,RuankaoTopicCard,题干出现“质量审计”时，应想到什么管理活动？,"<div class=""answer-block"">
<div class=""section-title"">【答案】</div>
<div>应想到质量保证：通过独立、结构化评审检查过程是否符合组织和项目的质量要求。</div>
</div>","<div class=""extra"">
<div class=""section-title"">【理解】</div>
<div>应想到质量保证：通过独立、结构化评审检查过程是否符合组织和项目的质量要求。。这张卡来自源材料中的具体段落，用于把讲义内容改写为可回忆判断。</div>
<div class=""section-title"">【记忆线索】</div>
<div>抓住题干中的对象、动作和输出，不背整段讲义。</div>
<div class=""section-title"">【易错点】</div>
<div>避免把相邻概念按字面相似性混用。</div>
<div class=""section-title"">【题干信号】</div>
<div>定义识别、场景判断、角色/流程边界。</div>
<div class=""section-title"">【关联专题】</div>
<div>T-QUAL-001 质量保证、质量控制与质量审计</div>
<div class=""section-title"">【来源】</div>
<div>SRC-T-QUAL-001-0001：质量保证、质量控制与质量审计；T-QUAL-001｜质量保证、质量控制与质量审计 本专题用于学习&quot;项目质量管理&quot;中最容易出辨析题和案例题的一组核心内容：质量规划、质量保证（QA）、质量控制（QC）、质量审计、质量与等级的区别、预防与检查。它们不是孤立管理动作，而是围绕一个核心问题展开：如何让项目不是最后才发现质量问题，而是在过程和结果两个层面持续保</div>
</div>",关键词识别卡,A,3,上午选择,质量管理,T-QUAL-001,质量保证、质量控制与质量审计,SRC-T-QUAL-001-0001,topic_learning_packages/topics/08_质量管理/T-QUAL-001_专题学习包_质量保证质量控制与质量审计.md,质量保证、质量控制与质量审计,"T-QUAL-001｜质量保证、质量控制与质量审计 本专题用于学习""项目质量管理""中最容易出辨析题和案例题的一组核心内容：质量规划、质量保证（QA）、质量控制（QC）、质量审计、质量与等级的区别、预防与检查。它们不是孤立管理动作，而是围绕一个核心问题展开：如何让项目不是最后才发现质量问题，而是在过程和结果两个层面持续保证质量？",,,,,,,,,,sha256:594e550ce52326cffa1951b1,ruankao ruankao::anki_build::20260520_223914 ruankao::difficulty::3 ruankao::domain::质量管理 ruankao::exam_use::上午选择 ruankao::importance::A ruankao::source_grounded ruankao::topic ruankao::topic::T-QUAL-001 ruankao::type::关键词识别卡,100,final,通过内容、来源和工程门禁
软考::系统集成项目管理工程师::专题学习::08_质量管理::T-QUAL-001_质量保证、质量控制与质量审计,RuankaoTopicCard,质量问题案例中，为什么不能只靠最后测试？,"<div class=""answer-block"">
<div class=""section-title"">【答案】</div>
<div>只靠末端测试属于事后发现缺陷，缺少过程保证会导致返工和失败成本增加。</div>
</div>","<div class=""extra"">
<div class=""section-title"">【理解】</div>
<div>只靠末端测试属于事后发现缺陷，缺少过程保证会导致返工和失败成本增加。。这张卡来自源材料中的具体段落，用于把讲义内容改写为可回忆判断。</div>
<div class=""section-title"">【记忆线索】</div>
<div>抓住题干中的对象、动作和输出，不背整段讲义。</div>
<div class=""section-title"">【易错点】</div>
<div>避免把相邻概念按字面相似性混用。</div>
<div class=""section-title"">【题干信号】</div>
<div>测试、问题</div>
<div class=""section-title"">【关联专题】</div>
<div>T-QUAL-001 质量保证、质量控制与质量审计；T-QUAL-003</div>
<div class=""section-title"">【来源】</div>
<div>SRC-T-QUAL-001-0001：质量保证、质量控制与质量审计；T-QUAL-001｜质量保证、质量控制与质量审计 本专题用于学习&quot;项目质量管理&quot;中最容易出辨析题和案例题的一组核心内容：质量规划、质量保证（QA）、质量控制（QC）、质量审计、质量与等级的区别、预防与检查。它们不是孤立管理动作，而是围绕一个核心问题展开：如何让项目不是最后才发现质量问题，而是在过程和结果两个层面持续保</div>
</div>",案例模板卡,A,3,下午案例,质量管理,T-QUAL-001,质量保证、质量控制与质量审计,SRC-T-QUAL-001-0001,topic_learning_packages/topics/08_质量管理/T-QUAL-001_专题学习包_质量保证质量控制与质量审计.md,质量保证、质量控制与质量审计,"T-QUAL-001｜质量保证、质量控制与质量审计 本专题用于学习""项目质量管理""中最容易出辨析题和案例题的一组核心内容：质量规划、质量保证（QA）、质量控制（QC）、质量审计、质量与等级的区别、预防与检查。它们不是孤立管理动作，而是围绕一个核心问题展开：如何让项目不是最后才发现质量问题，而是在过程和结果两个层面持续保证质量？",,T-QUAL-003,,,,,,,,sha256:5df4bd4832fd2a97e6dd46be,ruankao ruankao::anki_build::20260520_223914 ruankao::difficulty::3 ruankao::domain::质量管理 ruankao::exam_use::下午案例 ruankao::importance::A ruankao::source_grounded ruankao::topic ruankao::topic::T-QUAL-001 ruankao::type::案例模板卡,100,final,通过内容、来源和工程门禁
软考::系统集成项目管理工程师::专题学习::08_质量管理::T-QUAL-001_质量保证、质量控制与质量审计,RuankaoTopicCard,质量保证、质量控制与质量审计类案例应从哪些角度分析？,"<div class=""answer-block"">
<div class=""section-title"">【答案】</div>
<div>T-QUAL-001｜质量保证、质量控制与质量审计 本专题用于学习&quot;项目质量管理&quot;中最容易出辨析题和案例题的一组核心内容：质量规划、质量保证（QA）、质量控制（QC）、质量审计、质量与等级的区别、预防与检查。它们不是孤立管理动作，而是围绕一个核心问题展开：如何让项目不是最后才发现质量问题，而是在过程和结果两个层面持续保证质量？</div>
</div>","<div class=""extra"">
<div class=""section-title"">【理解】</div>
<div>T-QUAL-001｜质量保证、质量控制与质量审计 本专题用于学习&quot;项目质量管理&quot;中最容易出辨析题和案例题的一组核心内容：质量规划、质量保证（QA）、质量控制（QC）、质量审计、质量与等级的区别、预防与检查。它们不是孤立管理动作，而是围绕一个核心问题展开：如何让项目不是最后才发现质量问题，而是在过程和结果两个层面持续保证质量？。这张卡来自源材料中的具体段落，用于把讲义内容改写为可回忆判断。</div>
<div class=""section-title"">【记忆线索】</div>
<div>抓住题干中的对象、动作和输出，不背整段讲义。</div>
<div class=""section-title"">【易错点】</div>
<div>避免把相邻概念按字面相似性混用。</div>
<div class=""section-title"">【题干信号】</div>
<div>问题</div>
<div class=""section-title"">【关联专题】</div>
<div>T-QUAL-001 质量保证、质量控制与质量审计</div>
<div class=""section-title"">【来源】</div>
<div>SRC-T-QUAL-001-0001：质量保证、质量控制与质量审计；T-QUAL-001｜质量保证、质量控制与质量审计 本专题用于学习&quot;项目质量管理&quot;中最容易出辨析题和案例题的一组核心内容：质量规划、质量保证（QA）、质量控制（QC）、质量审计、质量与等级的区别、预防与检查。它们不是孤立管理动作，而是围绕一个核心问题展开：如何让项目不是最后才发现质量问题，而是在过程和结果两个层面持续保</div>
</div>",案例模板卡,B,3,下午案例,质量管理,T-QUAL-001,质量保证、质量控制与质量审计,SRC-T-QUAL-001-0001,topic_learning_packages/topics/08_质量管理/T-QUAL-001_专题学习包_质量保证质量控制与质量审计.md,质量保证、质量控制与质量审计,"T-QUAL-001｜质量保证、质量控制与质量审计 本专题用于学习""项目质量管理""中最容易出辨析题和案例题的一组核心内容：质量规划、质量保证（QA）、质量控制（QC）、质量审计、质量与等级的区别、预防与检查。它们不是孤立管理动作，而是围绕一个核心问题展开：如何让项目不是最后才发现质量问题，而是在过程和结果两个层面持续保证质量？",,,,,,,,,,sha256:5899f51fe0ec5296108b5631,ruankao ruankao::anki_build::20260520_223914 ruankao::difficulty::3 ruankao::domain::质量管理 ruankao::exam_use::下午案例 ruankao::importance::B ruankao::source_grounded ruankao::topic ruankao::topic::T-QUAL-001 ruankao::type::案例模板卡,100,final,通过内容、来源和工程门禁
软考::系统集成项目管理工程师::专题学习::08_质量管理::T-QUAL-001_质量保证、质量控制与质量审计,RuankaoTopicCard,质量 vs 等级的核心区别或边界是什么？,"<div class=""answer-block"">
<div class=""section-title"">【答案】</div>
<div>质量 vs 等级：一个经典混淆 [辨析｜质量 vs 等级] 质量是一系列内在特性满足要求的程度。质量反映的是&quot;好不好&quot;——有没有缺陷、是否满足规格。</div>
</div>","<div class=""extra"">
<div class=""section-title"">【理解】</div>
<div>质量 vs 等级：一个经典混淆 [辨析｜质量 vs 等级] 质量是一系列内在特性满足要求的程度。质量反映的是&quot;好不好&quot;——有没有缺陷、是否满足规格。。这张卡来自源材料中的具体段落，用于把讲义内容改写为可回忆判断。</div>
<div class=""section-title"">【记忆线索】</div>
<div>先判断对象、责任主体、时间点和输出物，再排除张冠李戴的选项。</div>
<div class=""section-title"">【易错点】</div>
<div>避免把相邻概念按字面相似性混用。</div>
<div class=""section-title"">【题干信号】</div>
<div>定义识别、场景判断、角色/流程边界。</div>
<div class=""section-title"">【关联专题】</div>
<div>T-QUAL-001 质量保证、质量控制与质量审计</div>
<div class=""section-title"">【来源】</div>
<div>SRC-T-QUAL-001-0003：质量保证、质量控制与质量审计 &gt; 质量 vs 等级：一个经典混淆；质量 vs 等级：一个经典混淆 [辨析｜质量 vs 等级] 质量是一系列内在特性满足要求的程度。质量反映的是&quot;好不好&quot;——有没有缺陷、是否满足规格。</div>
</div>",辨析卡,B,3,上午选择,质量管理,T-QUAL-001,质量保证、质量控制与质量审计,SRC-T-QUAL-001-0003,topic_learning_packages/topics/08_质量管理/T-QUAL-001_专题学习包_质量保证质量控制与质量审计.md,质量保证、质量控制与质量审计 > 质量 vs 等级：一个经典混淆,"质量 vs 等级：一个经典混淆 [辨析｜质量 vs 等级] 质量是一系列内在特性满足要求的程度。质量反映的是""好不好""——有没有缺陷、是否满足规格。",,,,,,,,,,sha256:2a6f0b0ffe88b4e9a664ae50,ruankao ruankao::anki_build::20260520_223914 ruankao::difficulty::3 ruankao::domain::质量管理 ruankao::exam_use::上午选择 ruankao::importance::B ruankao::source_grounded ruankao::topic ruankao::topic::T-QUAL-001 ruankao::type::辨析卡,100,final,通过内容、来源和工程门禁
软考::系统集成项目管理工程师::专题学习::08_质量管理::T-QUAL-001_质量保证、质量控制与质量审计,RuankaoTopicCard,质量审计的考试要点是什么？,"<div class=""answer-block"">
<div class=""section-title"">【答案】</div>
<div>质量审计：QA 的核心工具 [定义｜质量审计] 质量审计是确定项目活动是否遵循了组织的质量政策和项目质量要求的结构化、独立的过程。它可以由内部或外部审计师执行。</div>
</div>","<div class=""extra"">
<div class=""section-title"">【理解】</div>
<div>质量审计：QA 的核心工具 [定义｜质量审计] 质量审计是确定项目活动是否遵循了组织的质量政策和项目质量要求的结构化、独立的过程。它可以由内部或外部审计师执行。。这张卡来自源材料中的具体段落，用于把讲义内容改写为可回忆判断。</div>
<div class=""section-title"">【记忆线索】</div>
<div>抓住题干中的对象、动作和输出，不背整段讲义。</div>
<div class=""section-title"">【易错点】</div>
<div>避免把相邻概念按字面相似性混用。</div>
<div class=""section-title"">【题干信号】</div>
<div>定义识别、场景判断、角色/流程边界。</div>
<div class=""section-title"">【关联专题】</div>
<div>T-QUAL-001 质量保证、质量控制与质量审计</div>
<div class=""section-title"">【来源】</div>
<div>SRC-T-QUAL-001-0005：质量保证、质量控制与质量审计 &gt; 质量审计：QA 的核心工具；质量审计：QA 的核心工具 [定义｜质量审计] 质量审计是确定项目活动是否遵循了组织的质量政策和项目质量要求的结构化、独立的过程。它可以由内部或外部审计师执行。</div>
</div>",概念卡,B,3,上午选择,质量管理,T-QUAL-001,质量保证、质量控制与质量审计,SRC-T-QUAL-001-0005,topic_learning_packages/topics/08_质量管理/T-QUAL-001_专题学习包_质量保证质量控制与质量审计.md,质量保证、质量控制与质量审计 > 质量审计：QA 的核心工具,质量审计：QA 的核心工具 [定义｜质量审计] 质量审计是确定项目活动是否遵循了组织的质量政策和项目质量要求的结构化、独立的过程。它可以由内部或外部审计师执行。,,,,,,,,,,sha256:041feefea6c376722466ee37,ruankao ruankao::anki_build::20260520_223914 ruankao::difficulty::3 ruankao::domain::质量管理 ruankao::exam_use::上午选择 ruankao::importance::B ruankao::source_grounded ruankao::topic ruankao::topic::T-QUAL-001 ruankao::type::概念卡,100,final,通过内容、来源和工程门禁
软考::系统集成项目管理工程师::专题学习::08_质量管理::T-QUAL-001_质量保证、质量控制与质量审计,RuankaoTopicCard,本轮真题覆盖增强类案例应从哪些角度分析？,"<div class=""answer-block"">
<div class=""section-title"">【答案】</div>
<div>本轮真题覆盖增强：QA、QC 与质量审计边界 本节把 questions.full.clean.md 与既有真题映射中的高频考法反查回本专题。2019 下午质量案例把 SQA、质量控制、质量计划编制混在一起，考角色独立性和过程/结果边界。</div>
</div>","<div class=""extra"">
<div class=""section-title"">【理解】</div>
<div>本轮真题覆盖增强：QA、QC 与质量审计边界 本节把 questions.full.clean.md 与既有真题映射中的高频考法反查回本专题。2019 下午质量案例把 SQA、质量控制、质量计划编制混在一起，考角色独立性和过程/结果边界。。这张卡来自源材料中的具体段落，用于把讲义内容改写为可回忆判断。</div>
<div class=""section-title"">【记忆线索】</div>
<div>抓住题干中的对象、动作和输出，不背整段讲义。</div>
<div class=""section-title"">【易错点】</div>
<div>避免把相邻概念按字面相似性混用。</div>
<div class=""section-title"">【题干信号】</div>
<div>定义识别、场景判断、角色/流程边界。</div>
<div class=""section-title"">【关联专题】</div>
<div>T-QUAL-001 质量保证、质量控制与质量审计</div>
<div class=""section-title"">【来源】</div>
<div>SRC-T-QUAL-001-0007：质量保证、质量控制与质量审计 &gt; 本轮真题覆盖增强：QA、QC 与质量审计边界；本轮真题覆盖增强：QA、QC 与质量审计边界 本节把 questions.full.clean.md 与既有真题映射中的高频考法反查回本专题。2019 下午质量案例把 SQA、质量控制、质量计划编制混在一起，考角色独立性和过程/结果边界。</div>
</div>",案例模板卡,B,3,下午案例,质量管理,T-QUAL-001,质量保证、质量控制与质量审计,SRC-T-QUAL-001-0007,topic_learning_packages/topics/08_质量管理/T-QUAL-001_专题学习包_质量保证质量控制与质量审计.md,质量保证、质量控制与质量审计 > 本轮真题覆盖增强：QA、QC 与质量审计边界,本轮真题覆盖增强：QA、QC 与质量审计边界 本节把 questions.full.clean.md 与既有真题映射中的高频考法反查回本专题。2019 下午质量案例把 SQA、质量控制、质量计划编制混在一起，考角色独立性和过程/结果边界。,,,,,,,,,,sha256:507d5bf93cd73f9877c7dabd,ruankao ruankao::anki_build::20260520_223914 ruankao::difficulty::3 ruankao::domain::质量管理 ruankao::exam_use::下午案例 ruankao::importance::B ruankao::source_grounded ruankao::topic ruankao::topic::T-QUAL-001 ruankao::type::案例模板卡,100,final,通过内容、来源和工程门禁
软考::系统集成项目管理工程师::专题学习::08_质量管理::T-QUAL-001_质量保证、质量控制与质量审计,RuankaoTopicCard,质量保证、质量控制与质量审计中，质量保证、质量控制与质量审计的考试判断要点是什么？,"<div class=""answer-block"">
<div class=""section-title"">【答案】</div>
<div>T-QUAL-001｜质量保证、质量控制与质量审计 本专题用于学习&quot;项目质量管理&quot;中最容易出辨析题和案例题的一组核心内容：质量规划、质量保证（QA）、质量控制（QC）、质量审计、质量与等级的区别、预防与检查。它们不是孤立管理动作，而是围绕一个核心问题展开：如何让项目不是最后才发现质量问题，而是在过程和结果两个层面持续保证质量？</div>
</div>","<div class=""extra"">
<div class=""section-title"">【理解】</div>
<div>T-QUAL-001｜质量保证、质量控制与质量审计 本专题用于学习&quot;项目质量管理&quot;中最容易出辨析题和案例题的一组核心内容：质量规划、质量保证（QA）、质量控制（QC）、质量审计、质量与等级的区别、预防与检查。它们不是孤立管理动作，而是围绕一个核心问题展开：如何让项目不是最后才发现质量问题，而是在过程和结果两个层面持续保证质量？。这张卡来自源材料中的具体段落，用于把讲义内容改写为可回忆判断。</div>
<div class=""section-title"">【记忆线索】</div>
<div>抓住题干中的对象、动作和输出，不背整段讲义。</div>
<div class=""section-title"">【易错点】</div>
<div>避免把相邻概念按字面相似性混用。</div>
<div class=""section-title"">【题干信号】</div>
<div>问题</div>
<div class=""section-title"">【关联专题】</div>
<div>T-QUAL-001 质量保证、质量控制与质量审计</div>
<div class=""section-title"">【来源】</div>
<div>SRC-T-QUAL-001-0001：质量保证、质量控制与质量审计；T-QUAL-001｜质量保证、质量控制与质量审计 本专题用于学习&quot;项目质量管理&quot;中最容易出辨析题和案例题的一组核心内容：质量规划、质量保证（QA）、质量控制（QC）、质量审计、质量与等级的区别、预防与检查。它们不是孤立管理动作，而是围绕一个核心问题展开：如何让项目不是最后才发现质量问题，而是在过程和结果两个层面持续保</div>
</div>",概念卡,C,3,上午选择,质量管理,T-QUAL-001,质量保证、质量控制与质量审计,SRC-T-QUAL-001-0001,topic_learning_packages/topics/08_质量管理/T-QUAL-001_专题学习包_质量保证质量控制与质量审计.md,质量保证、质量控制与质量审计,"T-QUAL-001｜质量保证、质量控制与质量审计 本专题用于学习""项目质量管理""中最容易出辨析题和案例题的一组核心内容：质量规划、质量保证（QA）、质量控制（QC）、质量审计、质量与等级的区别、预防与检查。它们不是孤立管理动作，而是围绕一个核心问题展开：如何让项目不是最后才发现质量问题，而是在过程和结果两个层面持续保证质量？",,,,,,,,,,sha256:d73af5122ca841c1e62a4a6d,ruankao ruankao::anki_build::20260520_223914 ruankao::difficulty::3 ruankao::domain::质量管理 ruankao::exam_use::上午选择 ruankao::importance::C ruankao::source_grounded ruankao::topic ruankao::topic::T-QUAL-001 ruankao::type::概念卡,84,final,通过内容、来源和工程门禁；源材料自动扩展卡，建议后续人工润色
软考::系统集成项目管理工程师::专题学习::08_质量管理::T-QUAL-001_质量保证、质量控制与质量审计,RuankaoTopicCard,质量保证、质量控制与质量审计中，质量 vs 等级的考试判断要点是什么？,"<div class=""answer-block"">
<div class=""section-title"">【答案】</div>
<div>质量 vs 等级：一个经典混淆 [辨析｜质量 vs 等级] 质量是一系列内在特性满足要求的程度。质量反映的是&quot;好不好&quot;——有没有缺陷、是否满足规格。</div>
</div>","<div class=""extra"">
<div class=""section-title"">【理解】</div>
<div>质量 vs 等级：一个经典混淆 [辨析｜质量 vs 等级] 质量是一系列内在特性满足要求的程度。质量反映的是&quot;好不好&quot;——有没有缺陷、是否满足规格。。这张卡来自源材料中的具体段落，用于把讲义内容改写为可回忆判断。</div>
<div class=""section-title"">【记忆线索】</div>
<div>先判断对象、责任主体、时间点和输出物，再排除张冠李戴的选项。</div>
<div class=""section-title"">【易错点】</div>
<div>避免把相邻概念按字面相似性混用。</div>
<div class=""section-title"">【题干信号】</div>
<div>定义识别、场景判断、角色/流程边界。</div>
<div class=""section-title"">【关联专题】</div>
<div>T-QUAL-001 质量保证、质量控制与质量审计</div>
<div class=""section-title"">【来源】</div>
<div>SRC-T-QUAL-001-0003：质量保证、质量控制与质量审计 &gt; 质量 vs 等级：一个经典混淆；质量 vs 等级：一个经典混淆 [辨析｜质量 vs 等级] 质量是一系列内在特性满足要求的程度。质量反映的是&quot;好不好&quot;——有没有缺陷、是否满足规格。</div>
</div>",辨析卡,C,3,上午选择,质量管理,T-QUAL-001,质量保证、质量控制与质量审计,SRC-T-QUAL-001-0003,topic_learning_packages/topics/08_质量管理/T-QUAL-001_专题学习包_质量保证质量控制与质量审计.md,质量保证、质量控制与质量审计 > 质量 vs 等级：一个经典混淆,"质量 vs 等级：一个经典混淆 [辨析｜质量 vs 等级] 质量是一系列内在特性满足要求的程度。质量反映的是""好不好""——有没有缺陷、是否满足规格。",,,,,,,,,,sha256:42b55fbb92019df8c2de7cff,ruankao ruankao::anki_build::20260520_223914 ruankao::difficulty::3 ruankao::domain::质量管理 ruankao::exam_use::上午选择 ruankao::importance::C ruankao::source_grounded ruankao::topic ruankao::topic::T-QUAL-001 ruankao::type::辨析卡,84,final,通过内容、来源和工程门禁；源材料自动扩展卡，建议后续人工润色
软考::系统集成项目管理工程师::专题学习::08_质量管理::T-QUAL-001_质量保证、质量控制与质量审计,RuankaoTopicCard,质量保证、质量控制与质量审计中，质量审计的考试判断要点是什么？,"<div class=""answer-block"">
<div class=""section-title"">【答案】</div>
<div>质量审计：QA 的核心工具 [定义｜质量审计] 质量审计是确定项目活动是否遵循了组织的质量政策和项目质量要求的结构化、独立的过程。它可以由内部或外部审计师执行。</div>
</div>","<div class=""extra"">
<div class=""section-title"">【理解】</div>
<div>质量审计：QA 的核心工具 [定义｜质量审计] 质量审计是确定项目活动是否遵循了组织的质量政策和项目质量要求的结构化、独立的过程。它可以由内部或外部审计师执行。。这张卡来自源材料中的具体段落，用于把讲义内容改写为可回忆判断。</div>
<div class=""section-title"">【记忆线索】</div>
<div>抓住题干中的对象、动作和输出，不背整段讲义。</div>
<div class=""section-title"">【易错点】</div>
<div>避免把相邻概念按字面相似性混用。</div>
<div class=""section-title"">【题干信号】</div>
<div>定义识别、场景判断、角色/流程边界。</div>
<div class=""section-title"">【关联专题】</div>
<div>T-QUAL-001 质量保证、质量控制与质量审计</div>
<div class=""section-title"">【来源】</div>
<div>SRC-T-QUAL-001-0005：质量保证、质量控制与质量审计 &gt; 质量审计：QA 的核心工具；质量审计：QA 的核心工具 [定义｜质量审计] 质量审计是确定项目活动是否遵循了组织的质量政策和项目质量要求的结构化、独立的过程。它可以由内部或外部审计师执行。</div>
</div>",概念卡,C,3,上午选择,质量管理,T-QUAL-001,质量保证、质量控制与质量审计,SRC-T-QUAL-001-0005,topic_learning_packages/topics/08_质量管理/T-QUAL-001_专题学习包_质量保证质量控制与质量审计.md,质量保证、质量控制与质量审计 > 质量审计：QA 的核心工具,质量审计：QA 的核心工具 [定义｜质量审计] 质量审计是确定项目活动是否遵循了组织的质量政策和项目质量要求的结构化、独立的过程。它可以由内部或外部审计师执行。,,,,,,,,,,sha256:56de6283eb54d30ee4f042e5,ruankao ruankao::anki_build::20260520_223914 ruankao::difficulty::3 ruankao::domain::质量管理 ruankao::exam_use::上午选择 ruankao::importance::C ruankao::source_grounded ruankao::topic ruankao::topic::T-QUAL-001 ruankao::type::概念卡,84,final,通过内容、来源和工程门禁；源材料自动扩展卡，建议后续人工润色
软考::系统集成项目管理工程师::专题学习::08_质量管理::T-QUAL-001_质量保证、质量控制与质量审计,RuankaoTopicCard,质量保证、质量控制与质量审计中，本轮真题覆盖增强的考试判断要点是什么？,"<div class=""answer-block"">
<div class=""section-title"">【答案】</div>
<div>本轮真题覆盖增强：QA、QC 与质量审计边界 本节把 questions.full.clean.md 与既有真题映射中的高频考法反查回本专题。2019 下午质量案例把 SQA、质量控制、质量计划编制混在一起，考角色独立性和过程/结果边界。</div>
</div>","<div class=""extra"">
<div class=""section-title"">【理解】</div>
<div>本轮真题覆盖增强：QA、QC 与质量审计边界 本节把 questions.full.clean.md 与既有真题映射中的高频考法反查回本专题。2019 下午质量案例把 SQA、质量控制、质量计划编制混在一起，考角色独立性和过程/结果边界。。这张卡来自源材料中的具体段落，用于把讲义内容改写为可回忆判断。</div>
<div class=""section-title"">【记忆线索】</div>
<div>抓住题干中的对象、动作和输出，不背整段讲义。</div>
<div class=""section-title"">【易错点】</div>
<div>避免把相邻概念按字面相似性混用。</div>
<div class=""section-title"">【题干信号】</div>
<div>定义识别、场景判断、角色/流程边界。</div>
<div class=""section-title"">【关联专题】</div>
<div>T-QUAL-001 质量保证、质量控制与质量审计</div>
<div class=""section-title"">【来源】</div>
<div>SRC-T-QUAL-001-0007：质量保证、质量控制与质量审计 &gt; 本轮真题覆盖增强：QA、QC 与质量审计边界；本轮真题覆盖增强：QA、QC 与质量审计边界 本节把 questions.full.clean.md 与既有真题映射中的高频考法反查回本专题。2019 下午质量案例把 SQA、质量控制、质量计划编制混在一起，考角色独立性和过程/结果边界。</div>
</div>",辨析卡,C,3,上午选择,质量管理,T-QUAL-001,质量保证、质量控制与质量审计,SRC-T-QUAL-001-0007,topic_learning_packages/topics/08_质量管理/T-QUAL-001_专题学习包_质量保证质量控制与质量审计.md,质量保证、质量控制与质量审计 > 本轮真题覆盖增强：QA、QC 与质量审计边界,本轮真题覆盖增强：QA、QC 与质量审计边界 本节把 questions.full.clean.md 与既有真题映射中的高频考法反查回本专题。2019 下午质量案例把 SQA、质量控制、质量计划编制混在一起，考角色独立性和过程/结果边界。,,,,,,,,,,sha256:3a20e97e97c663a85e54dab3,ruankao ruankao::anki_build::20260520_223914 ruankao::difficulty::3 ruankao::domain::质量管理 ruankao::exam_use::上午选择 ruankao::importance::C ruankao::source_grounded ruankao::topic ruankao::topic::T-QUAL-001 ruankao::type::辨析卡,84,final,通过内容、来源和工程门禁；源材料自动扩展卡，建议后续人工润色
软考::系统集成项目管理工程师::专题学习::08_质量管理::T-QUAL-002_质量管理七工具、新七工具与质量问题分析,RuankaoTopicCard,遇到质量管理七工具、新七工具与质量问题分析场景时，处理流程是什么？,"<div class=""answer-block"">
<div class=""section-title"">【答案】</div>
<div>T-QUAL-002｜质量管理七工具、新七工具与质量问题分析 本专题用于学习&quot;项目质量管理&quot;中的核心工具内容：质量七工具（因果图/流程图/检查表/帕累托图/直方图/控制图/散点图）、新七工具简介、控制图的判定规则（七点法则）、质量工具的选择场景。它们不是可背可不背的冷门知识，而是围绕一个核心问题展开：在质量管理中，什么时候用什么工具来分析问题、发现问题、展示问题、改进过程？</div>
</div>","<div class=""extra"">
<div class=""section-title"">【理解】</div>
<div>T-QUAL-002｜质量管理七工具、新七工具与质量问题分析 本专题用于学习&quot;项目质量管理&quot;中的核心工具内容：质量七工具（因果图/流程图/检查表/帕累托图/直方图/控制图/散点图）、新七工具简介、控制图的判定规则（七点法则）、质量工具的选择场景。它们不是可背可不背的冷门知识，而是围绕一个核心问题展开：在质量管理中，什么时候用什么工具来分析问题、发现问题、展示问题、改进过程？。这张卡来自源材料中的具体段落，用于把讲义内容改写为可回忆判断。</div>
<div class=""section-title"">【记忆线索】</div>
<div>按“先记录/识别，再分析，再批准/执行，最后更新和沟通”的管理链回忆。</div>
<div class=""section-title"">【易错点】</div>
<div>避免把相邻概念按字面相似性混用。</div>
<div class=""section-title"">【题干信号】</div>
<div>问题</div>
<div class=""section-title"">【关联专题】</div>
<div>T-QUAL-002 质量管理七工具、新七工具与质量问题分析</div>
<div class=""section-title"">【来源】</div>
<div>SRC-T-QUAL-002-0001：质量管理七工具、新七工具与质量问题分析；T-QUAL-002｜质量管理七工具、新七工具与质量问题分析 本专题用于学习&quot;项目质量管理&quot;中的核心工具内容：质量七工具（因果图/流程图/检查表/帕累托图/直方图/控制图/散点图）、新七工具简介、控制图的判定规则（七点法则）、质量工具的选择场景。它们不是可背可不背的冷门知识，而是围绕一个核心问题展开：在质量管理中，什么</div>
</div>",流程卡,B,3,上午选择,质量管理,T-QUAL-002,质量管理七工具、新七工具与质量问题分析,SRC-T-QUAL-002-0001,topic_learning_packages/topics/08_质量管理/T-QUAL-002_专题学习包_质量管理七工具新七工具与质量问题分析.md,质量管理七工具、新七工具与质量问题分析,"T-QUAL-002｜质量管理七工具、新七工具与质量问题分析 本专题用于学习""项目质量管理""中的核心工具内容：质量七工具（因果图/流程图/检查表/帕累托图/直方图/控制图/散点图）、新七工具简介、控制图的判定规则（七点法则）、质量工具的选择场景。它们不是可背可不背的冷门知识，而是围绕一个核心问题展开：在质量管理中，什么时候用什么工具来分析问题、发现问题、展示问题、改进过程？",,,,,,,,,,sha256:617f8e5509f41571076fff35,ruankao ruankao::anki_build::20260520_223914 ruankao::difficulty::3 ruankao::domain::质量管理 ruankao::exam_use::上午选择 ruankao::importance::B ruankao::source_grounded ruankao::topic ruankao::topic::T-QUAL-002 ruankao::type::流程卡,100,final,通过内容、来源和工程门禁
软考::系统集成项目管理工程师::专题学习::08_质量管理::T-QUAL-002_质量管理七工具、新七工具与质量问题分析,RuankaoTopicCard,1. 因果图（鱼骨图/石川图）类案例应从哪些角度分析？,"<div class=""answer-block"">
<div class=""section-title"">【答案】</div>
<div>1. 因果图（鱼骨图/石川图） 用途：找问题的根本原因。将问题（鱼头）和可能的原因（鱼骨）用图形连接。</div>
</div>","<div class=""extra"">
<div class=""section-title"">【理解】</div>
<div>1. 因果图（鱼骨图/石川图） 用途：找问题的根本原因。将问题（鱼头）和可能的原因（鱼骨）用图形连接。。这张卡来自源材料中的具体段落，用于把讲义内容改写为可回忆判断。</div>
<div class=""section-title"">【记忆线索】</div>
<div>抓住题干中的对象、动作和输出，不背整段讲义。</div>
<div class=""section-title"">【易错点】</div>
<div>避免把相邻概念按字面相似性混用。</div>
<div class=""section-title"">【题干信号】</div>
<div>问题</div>
<div class=""section-title"">【关联专题】</div>
<div>T-QUAL-002 质量管理七工具、新七工具与质量问题分析</div>
<div class=""section-title"">【来源】</div>
<div>SRC-T-QUAL-002-0003：质量管理七工具、新七工具与质量问题分析 &gt; 七工具逐一精讲 &gt; 1. 因果图（鱼骨图/石川图）；1. 因果图（鱼骨图/石川图） 用途：找问题的根本原因。将问题（鱼头）和可能的原因（鱼骨）用图形连接。</div>
</div>",案例模板卡,B,3,下午案例,质量管理,T-QUAL-002,质量管理七工具、新七工具与质量问题分析,SRC-T-QUAL-002-0003,topic_learning_packages/topics/08_质量管理/T-QUAL-002_专题学习包_质量管理七工具新七工具与质量问题分析.md,质量管理七工具、新七工具与质量问题分析 > 七工具逐一精讲 > 1. 因果图（鱼骨图/石川图）,1. 因果图（鱼骨图/石川图） 用途：找问题的根本原因。将问题（鱼头）和可能的原因（鱼骨）用图形连接。,,,,,,,,,,sha256:1011ac6ce94a0ba59d9817bc,ruankao ruankao::anki_build::20260520_223914 ruankao::difficulty::3 ruankao::domain::质量管理 ruankao::exam_use::下午案例 ruankao::importance::B ruankao::source_grounded ruankao::topic ruankao::topic::T-QUAL-002 ruankao::type::案例模板卡,100,final,通过内容、来源和工程门禁
软考::系统集成项目管理工程师::专题学习::08_质量管理::T-QUAL-002_质量管理七工具、新七工具与质量问题分析,RuankaoTopicCard,遇到2. 流程图场景时，处理流程是什么？,"<div class=""answer-block"">
<div class=""section-title"">【答案】</div>
<div>2. 流程图 用途：分析过程中哪个环节可能出问题。显示输入→过程步骤→输出的顺序关系。</div>
</div>","<div class=""extra"">
<div class=""section-title"">【理解】</div>
<div>2. 流程图 用途：分析过程中哪个环节可能出问题。显示输入→过程步骤→输出的顺序关系。。这张卡来自源材料中的具体段落，用于把讲义内容改写为可回忆判断。</div>
<div class=""section-title"">【记忆线索】</div>
<div>按“先记录/识别，再分析，再批准/执行，最后更新和沟通”的管理链回忆。</div>
<div class=""section-title"">【易错点】</div>
<div>避免把相邻概念按字面相似性混用。</div>
<div class=""section-title"">【题干信号】</div>
<div>问题</div>
<div class=""section-title"">【关联专题】</div>
<div>T-QUAL-002 质量管理七工具、新七工具与质量问题分析</div>
<div class=""section-title"">【来源】</div>
<div>SRC-T-QUAL-002-0004：质量管理七工具、新七工具与质量问题分析 &gt; 七工具逐一精讲 &gt; 2. 流程图；2. 流程图 用途：分析过程中哪个环节可能出问题。显示输入→过程步骤→输出的顺序关系。</div>
</div>",流程卡,B,3,上午选择,质量管理,T-QUAL-002,质量管理七工具、新七工具与质量问题分析,SRC-T-QUAL-002-0004,topic_learning_packages/topics/08_质量管理/T-QUAL-002_专题学习包_质量管理七工具新七工具与质量问题分析.md,质量管理七工具、新七工具与质量问题分析 > 七工具逐一精讲 > 2. 流程图,2. 流程图 用途：分析过程中哪个环节可能出问题。显示输入→过程步骤→输出的顺序关系。,,,,,,,,,,sha256:99a0836e2bb1ae13eb0377f4,ruankao ruankao::anki_build::20260520_223914 ruankao::difficulty::3 ruankao::domain::质量管理 ruankao::exam_use::上午选择 ruankao::importance::B ruankao::source_grounded ruankao::topic ruankao::topic::T-QUAL-002 ruankao::type::流程卡,100,final,通过内容、来源和工程门禁
软考::系统集成项目管理工程师::专题学习::08_质量管理::T-QUAL-002_质量管理七工具、新七工具与质量问题分析,RuankaoTopicCard,4. 帕累托图类案例应从哪些角度分析？,"<div class=""answer-block"">
<div class=""section-title"">【答案】</div>
<div>4. 帕累托图 用途：找出&quot;关键的少数&quot;。80/20 法则——80%的问题由 20% 的原因造成。</div>
</div>","<div class=""extra"">
<div class=""section-title"">【理解】</div>
<div>4. 帕累托图 用途：找出&quot;关键的少数&quot;。80/20 法则——80%的问题由 20% 的原因造成。。这张卡来自源材料中的具体段落，用于把讲义内容改写为可回忆判断。</div>
<div class=""section-title"">【记忆线索】</div>
<div>抓住题干中的对象、动作和输出，不背整段讲义。</div>
<div class=""section-title"">【易错点】</div>
<div>避免把相邻概念按字面相似性混用。</div>
<div class=""section-title"">【题干信号】</div>
<div>问题</div>
<div class=""section-title"">【关联专题】</div>
<div>T-QUAL-002 质量管理七工具、新七工具与质量问题分析</div>
<div class=""section-title"">【来源】</div>
<div>SRC-T-QUAL-002-0005：质量管理七工具、新七工具与质量问题分析 &gt; 七工具逐一精讲 &gt; 4. 帕累托图；4. 帕累托图 用途：找出&quot;关键的少数&quot;。80/20 法则——80%的问题由 20% 的原因造成。</div>
</div>",案例模板卡,B,3,下午案例,质量管理,T-QUAL-002,质量管理七工具、新七工具与质量问题分析,SRC-T-QUAL-002-0005,topic_learning_packages/topics/08_质量管理/T-QUAL-002_专题学习包_质量管理七工具新七工具与质量问题分析.md,质量管理七工具、新七工具与质量问题分析 > 七工具逐一精讲 > 4. 帕累托图,"4. 帕累托图 用途：找出""关键的少数""。80/20 法则——80%的问题由 20% 的原因造成。",,,,,,,,,,sha256:a388463bed296e4291db0acb,ruankao ruankao::anki_build::20260520_223914 ruankao::difficulty::3 ruankao::domain::质量管理 ruankao::exam_use::下午案例 ruankao::importance::B ruankao::source_grounded ruankao::topic ruankao::topic::T-QUAL-002 ruankao::type::案例模板卡,100,final,通过内容、来源和工程门禁
软考::系统集成项目管理工程师::专题学习::08_质量管理::T-QUAL-002_质量管理七工具、新七工具与质量问题分析,RuankaoTopicCard,5. 直方图的考试要点是什么？,"<div class=""answer-block"">
<div class=""section-title"">【答案】</div>
<div>5. 直方图 用途：展示数据的分布形状。将连续数据分成若干区间，显示每个区间中有多少数据点。</div>
</div>","<div class=""extra"">
<div class=""section-title"">【理解】</div>
<div>5. 直方图 用途：展示数据的分布形状。将连续数据分成若干区间，显示每个区间中有多少数据点。。这张卡来自源材料中的具体段落，用于把讲义内容改写为可回忆判断。</div>
<div class=""section-title"">【记忆线索】</div>
<div>抓住题干中的对象、动作和输出，不背整段讲义。</div>
<div class=""section-title"">【易错点】</div>
<div>避免把相邻概念按字面相似性混用。</div>
<div class=""section-title"">【题干信号】</div>
<div>定义识别、场景判断、角色/流程边界。</div>
<div class=""section-title"">【关联专题】</div>
<div>T-QUAL-002 质量管理七工具、新七工具与质量问题分析</div>
<div class=""section-title"">【来源】</div>
<div>SRC-T-QUAL-002-0006：质量管理七工具、新七工具与质量问题分析 &gt; 七工具逐一精讲 &gt; 5. 直方图；5. 直方图 用途：展示数据的分布形状。将连续数据分成若干区间，显示每个区间中有多少数据点。</div>
</div>",概念卡,B,3,上午选择,质量管理,T-QUAL-002,质量管理七工具、新七工具与质量问题分析,SRC-T-QUAL-002-0006,topic_learning_packages/topics/08_质量管理/T-QUAL-002_专题学习包_质量管理七工具新七工具与质量问题分析.md,质量管理七工具、新七工具与质量问题分析 > 七工具逐一精讲 > 5. 直方图,5. 直方图 用途：展示数据的分布形状。将连续数据分成若干区间，显示每个区间中有多少数据点。,,,,,,,,,,sha256:2e4f4f41514137189697c387,ruankao ruankao::anki_build::20260520_223914 ruankao::difficulty::3 ruankao::domain::质量管理 ruankao::exam_use::上午选择 ruankao::importance::B ruankao::source_grounded ruankao::topic ruankao::topic::T-QUAL-002 ruankao::type::概念卡,100,final,通过内容、来源和工程门禁
软考::系统集成项目管理工程师::专题学习::08_质量管理::T-QUAL-002_质量管理七工具、新七工具与质量问题分析,RuankaoTopicCard,7. 散点图的考试要点是什么？,"<div class=""answer-block"">
<div class=""section-title"">【答案】</div>
<div>7. 散点图 用途：判断两个变量之间是否存在相关性。X 轴一个变量，Y 轴另一个变量，看数据点是否呈现趋势。</div>
</div>","<div class=""extra"">
<div class=""section-title"">【理解】</div>
<div>7. 散点图 用途：判断两个变量之间是否存在相关性。X 轴一个变量，Y 轴另一个变量，看数据点是否呈现趋势。。这张卡来自源材料中的具体段落，用于把讲义内容改写为可回忆判断。</div>
<div class=""section-title"">【记忆线索】</div>
<div>抓住题干中的对象、动作和输出，不背整段讲义。</div>
<div class=""section-title"">【易错点】</div>
<div>避免把相邻概念按字面相似性混用。</div>
<div class=""section-title"">【题干信号】</div>
<div>定义识别、场景判断、角色/流程边界。</div>
<div class=""section-title"">【关联专题】</div>
<div>T-QUAL-002 质量管理七工具、新七工具与质量问题分析</div>
<div class=""section-title"">【来源】</div>
<div>SRC-T-QUAL-002-0008：质量管理七工具、新七工具与质量问题分析 &gt; 七工具逐一精讲 &gt; 7. 散点图；7. 散点图 用途：判断两个变量之间是否存在相关性。X 轴一个变量，Y 轴另一个变量，看数据点是否呈现趋势。</div>
</div>",概念卡,B,3,上午选择,质量管理,T-QUAL-002,质量管理七工具、新七工具与质量问题分析,SRC-T-QUAL-002-0008,topic_learning_packages/topics/08_质量管理/T-QUAL-002_专题学习包_质量管理七工具新七工具与质量问题分析.md,质量管理七工具、新七工具与质量问题分析 > 七工具逐一精讲 > 7. 散点图,7. 散点图 用途：判断两个变量之间是否存在相关性。X 轴一个变量，Y 轴另一个变量，看数据点是否呈现趋势。,,,,,,,,,,sha256:192b972d33f6dad16cc8635f,ruankao ruankao::anki_build::20260520_223914 ruankao::difficulty::3 ruankao::domain::质量管理 ruankao::exam_use::上午选择 ruankao::importance::B ruankao::source_grounded ruankao::topic ruankao::topic::T-QUAL-002 ruankao::type::概念卡,100,final,通过内容、来源和工程门禁
软考::系统集成项目管理工程师::专题学习::08_质量管理::T-QUAL-002_质量管理七工具、新七工具与质量问题分析,RuankaoTopicCard,遇到新七工具简介场景时，处理流程是什么？,"<div class=""answer-block"">
<div class=""section-title"">【答案】</div>
<div>新七工具简介 工具 用途 ------ 亲和图 归类大量想法/数据 关联图 展示复杂因果关系 树形图 层级分解（类似 WBS） 矩阵图 展示多因素关系 优先矩阵 加权排序决策 活动网络图 展示活动顺序（类似 PDM） 过程决策程序图 预测障碍并制定对策 新七工具考得较少，以识别题为主（问&quot;以下哪个不属于新七工具&quot;&quot;亲和图属于什么&quot;）。 ---</div>
</div>","<div class=""extra"">
<div class=""section-title"">【理解】</div>
<div>新七工具简介 工具 用途 ------ 亲和图 归类大量想法/数据 关联图 展示复杂因果关系 树形图 层级分解（类似 WBS） 矩阵图 展示多因素关系 优先矩阵 加权排序决策 活动网络图 展示活动顺序（类似 PDM） 过程决策程序图 预测障碍并制定对策 新七工具考得较少，以识别题为主（问&quot;以下哪个不属于新七工具&quot;&quot;亲和图属于什么&quot;）。 ---。这张卡来自源材料中的具体段落，用于把讲义内容改写为可回忆判断。</div>
<div class=""section-title"">【记忆线索】</div>
<div>按“先记录/识别，再分析，再批准/执行，最后更新和沟通”的管理链回忆。</div>
<div class=""section-title"">【易错点】</div>
<div>避免把相邻概念按字面相似性混用。</div>
<div class=""section-title"">【题干信号】</div>
<div>WBS</div>
<div class=""section-title"">【关联专题】</div>
<div>T-QUAL-002 质量管理七工具、新七工具与质量问题分析</div>
<div class=""section-title"">【来源】</div>
<div>SRC-T-QUAL-002-0009：质量管理七工具、新七工具与质量问题分析 &gt; 新七工具简介；新七工具简介 工具 用途 ------ 亲和图 归类大量想法/数据 关联图 展示复杂因果关系 树形图 层级分解（类似 WBS） 矩阵图 展示多因素关系 优先矩阵 加权排序决策 活动网络图 展示活动顺序（类似 PDM） 过程决策程序图 预测障碍并制定对策 新七工具考得较少，以识别题为主（问&quot;以下哪个不属于新七工具&quot;&quot;亲和</div>
</div>",流程卡,B,3,上午选择,质量管理,T-QUAL-002,质量管理七工具、新七工具与质量问题分析,SRC-T-QUAL-002-0009,topic_learning_packages/topics/08_质量管理/T-QUAL-002_专题学习包_质量管理七工具新七工具与质量问题分析.md,质量管理七工具、新七工具与质量问题分析 > 新七工具简介,"新七工具简介 工具 用途 ------ 亲和图 归类大量想法/数据 关联图 展示复杂因果关系 树形图 层级分解（类似 WBS） 矩阵图 展示多因素关系 优先矩阵 加权排序决策 活动网络图 展示活动顺序（类似 PDM） 过程决策程序图 预测障碍并制定对策 新七工具考得较少，以识别题为主（问""以下哪个不属于新七工具""""亲和图属于什么""）。 ---",,,,,,,,,,sha256:fa79939874662a74d2a56be4,ruankao ruankao::anki_build::20260520_223914 ruankao::difficulty::3 ruankao::domain::质量管理 ruankao::exam_use::上午选择 ruankao::importance::B ruankao::source_grounded ruankao::topic ruankao::topic::T-QUAL-002 ruankao::type::流程卡,100,final,通过内容、来源和工程门禁
软考::系统集成项目管理工程师::专题学习::08_质量管理::T-QUAL-002_质量管理七工具、新七工具与质量问题分析,RuankaoTopicCard,遇到工具选择速查表场景时，处理流程是什么？,"<div class=""answer-block"">
<div class=""section-title"">【答案】</div>
<div>工具选择速查表 考试场景 选什么工具 ------ 分析 bug 的根因 因果图（鱼骨图） 想看什么类型的缺陷最多 帕累托图 想看代码缺陷数随时间的变化趋势 控制图 收集测试缺陷数据 检查表 想看交付物尺寸是否集中在目标范围 直方图 想看测试覆盖率和缺陷率有无关系 散点图 想分析变更审批经过哪些环节 流程图 ---</div>
</div>","<div class=""extra"">
<div class=""section-title"">【理解】</div>
<div>工具选择速查表 考试场景 选什么工具 ------ 分析 bug 的根因 因果图（鱼骨图） 想看什么类型的缺陷最多 帕累托图 想看代码缺陷数随时间的变化趋势 控制图 收集测试缺陷数据 检查表 想看交付物尺寸是否集中在目标范围 直方图 想看测试覆盖率和缺陷率有无关系 散点图 想分析变更审批经过哪些环节 流程图 ---。这张卡来自源材料中的具体段落，用于把讲义内容改写为可回忆判断。</div>
<div class=""section-title"">【记忆线索】</div>
<div>按“先记录/识别，再分析，再批准/执行，最后更新和沟通”的管理链回忆。</div>
<div class=""section-title"">【易错点】</div>
<div>避免把相邻概念按字面相似性混用。</div>
<div class=""section-title"">【题干信号】</div>
<div>测试、变更</div>
<div class=""section-title"">【关联专题】</div>
<div>T-QUAL-002 质量管理七工具、新七工具与质量问题分析</div>
<div class=""section-title"">【来源】</div>
<div>SRC-T-QUAL-002-0010：质量管理七工具、新七工具与质量问题分析 &gt; 工具选择速查表；工具选择速查表 考试场景 选什么工具 ------ 分析 bug 的根因 因果图（鱼骨图） 想看什么类型的缺陷最多 帕累托图 想看代码缺陷数随时间的变化趋势 控制图 收集测试缺陷数据 检查表 想看交付物尺寸是否集中在目标范围 直方图 想看测试覆盖率和缺陷率有无关系 散点图 想分析变更审批经过哪些环节 流程图 ---</div>
</div>",流程卡,B,3,上午选择,质量管理,T-QUAL-002,质量管理七工具、新七工具与质量问题分析,SRC-T-QUAL-002-0010,topic_learning_packages/topics/08_质量管理/T-QUAL-002_专题学习包_质量管理七工具新七工具与质量问题分析.md,质量管理七工具、新七工具与质量问题分析 > 工具选择速查表,工具选择速查表 考试场景 选什么工具 ------ 分析 bug 的根因 因果图（鱼骨图） 想看什么类型的缺陷最多 帕累托图 想看代码缺陷数随时间的变化趋势 控制图 收集测试缺陷数据 检查表 想看交付物尺寸是否集中在目标范围 直方图 想看测试覆盖率和缺陷率有无关系 散点图 想分析变更审批经过哪些环节 流程图 ---,,,,,,,,,,sha256:bb588fce62aef33d64feff5c,ruankao ruankao::anki_build::20260520_223914 ruankao::difficulty::3 ruankao::domain::质量管理 ruankao::exam_use::上午选择 ruankao::importance::B ruankao::source_grounded ruankao::topic ruankao::topic::T-QUAL-002 ruankao::type::流程卡,100,final,通过内容、来源和工程门禁
软考::系统集成项目管理工程师::专题学习::08_质量管理::T-QUAL-002_质量管理七工具、新七工具与质量问题分析,RuankaoTopicCard,遇到典型题详解与举一反三场景时，处理流程是什么？,"<div class=""answer-block"">
<div class=""section-title"">【答案】</div>
<div>典型题详解与举一反三 例题 1｜帕累托图 项目经理整理了过去 3 个月的缺陷数据，想找出最主要的三类缺陷并优先处理。最适合的工具是： A. 因果图 B. 控制图 C. 帕累托图 D. 散点图 &quot;找出最主要的三类&quot;→ 帕累托图（80/20法则）。</div>
</div>","<div class=""extra"">
<div class=""section-title"">【理解】</div>
<div>典型题详解与举一反三 例题 1｜帕累托图 项目经理整理了过去 3 个月的缺陷数据，想找出最主要的三类缺陷并优先处理。最适合的工具是： A. 因果图 B. 控制图 C. 帕累托图 D. 散点图 &quot;找出最主要的三类&quot;→ 帕累托图（80/20法则）。。这张卡来自源材料中的具体段落，用于把讲义内容改写为可回忆判断。</div>
<div class=""section-title"">【记忆线索】</div>
<div>按“先记录/识别，再分析，再批准/执行，最后更新和沟通”的管理链回忆。</div>
<div class=""section-title"">【易错点】</div>
<div>避免把相邻概念按字面相似性混用。</div>
<div class=""section-title"">【题干信号】</div>
<div>定义识别、场景判断、角色/流程边界。</div>
<div class=""section-title"">【关联专题】</div>
<div>T-QUAL-002 质量管理七工具、新七工具与质量问题分析</div>
<div class=""section-title"">【来源】</div>
<div>SRC-T-QUAL-002-0011：质量管理七工具、新七工具与质量问题分析 &gt; 典型题详解与举一反三；典型题详解与举一反三 例题 1｜帕累托图 项目经理整理了过去 3 个月的缺陷数据，想找出最主要的三类缺陷并优先处理。最适合的工具是： A. 因果图 B. 控制图 C. 帕累托图 D. 散点图 &quot;找出最主要的三类&quot;→ 帕累托图（80/20法则）。</div>
</div>",流程卡,B,3,上午选择,质量管理,T-QUAL-002,质量管理七工具、新七工具与质量问题分析,SRC-T-QUAL-002-0011,topic_learning_packages/topics/08_质量管理/T-QUAL-002_专题学习包_质量管理七工具新七工具与质量问题分析.md,质量管理七工具、新七工具与质量问题分析 > 典型题详解与举一反三,"典型题详解与举一反三 例题 1｜帕累托图 项目经理整理了过去 3 个月的缺陷数据，想找出最主要的三类缺陷并优先处理。最适合的工具是： A. 因果图 B. 控制图 C. 帕累托图 D. 散点图 ""找出最主要的三类""→ 帕累托图（80/20法则）。",,,,,,,,,,sha256:b258f927c78735b3b26e89ad,ruankao ruankao::anki_build::20260520_223914 ruankao::difficulty::3 ruankao::domain::质量管理 ruankao::exam_use::上午选择 ruankao::importance::B ruankao::source_grounded ruankao::topic ruankao::topic::T-QUAL-002 ruankao::type::流程卡,100,final,通过内容、来源和工程门禁
软考::系统集成项目管理工程师::专题学习::08_质量管理::T-QUAL-002_质量管理七工具、新七工具与质量问题分析,RuankaoTopicCard,本轮真题覆盖增强的考试要点是什么？,"<div class=""answer-block"">
<div class=""section-title"">【答案】</div>
<div>本轮真题覆盖增强：质量工具按问题选 本节把 questions.full.clean.md 与既有真题映射中的高频考法反查回本专题。题库常考排列图、因果图、控制图、新七工具；工具题关键不是背名词，而是看“要解决什么问题”。</div>
</div>","<div class=""extra"">
<div class=""section-title"">【理解】</div>
<div>本轮真题覆盖增强：质量工具按问题选 本节把 questions.full.clean.md 与既有真题映射中的高频考法反查回本专题。题库常考排列图、因果图、控制图、新七工具；工具题关键不是背名词，而是看“要解决什么问题”。。这张卡来自源材料中的具体段落，用于把讲义内容改写为可回忆判断。</div>
<div class=""section-title"">【记忆线索】</div>
<div>抓住题干中的对象、动作和输出，不背整段讲义。</div>
<div class=""section-title"">【易错点】</div>
<div>避免把相邻概念按字面相似性混用。</div>
<div class=""section-title"">【题干信号】</div>
<div>问题</div>
<div class=""section-title"">【关联专题】</div>
<div>T-QUAL-002 质量管理七工具、新七工具与质量问题分析</div>
<div class=""section-title"">【来源】</div>
<div>SRC-T-QUAL-002-0012：质量管理七工具、新七工具与质量问题分析 &gt; 本轮真题覆盖增强：质量工具按问题选；本轮真题覆盖增强：质量工具按问题选 本节把 questions.full.clean.md 与既有真题映射中的高频考法反查回本专题。题库常考排列图、因果图、控制图、新七工具；工具题关键不是背名词，而是看“要解决什么问题”。</div>
</div>",概念卡,B,3,上午选择,质量管理,T-QUAL-002,质量管理七工具、新七工具与质量问题分析,SRC-T-QUAL-002-0012,topic_learning_packages/topics/08_质量管理/T-QUAL-002_专题学习包_质量管理七工具新七工具与质量问题分析.md,质量管理七工具、新七工具与质量问题分析 > 本轮真题覆盖增强：质量工具按问题选,本轮真题覆盖增强：质量工具按问题选 本节把 questions.full.clean.md 与既有真题映射中的高频考法反查回本专题。题库常考排列图、因果图、控制图、新七工具；工具题关键不是背名词，而是看“要解决什么问题”。,,,,,,,,,,sha256:e43c469cfc80b82a38570ed6,ruankao ruankao::anki_build::20260520_223914 ruankao::difficulty::3 ruankao::domain::质量管理 ruankao::exam_use::上午选择 ruankao::importance::B ruankao::source_grounded ruankao::topic ruankao::topic::T-QUAL-002 ruankao::type::概念卡,100,final,通过内容、来源和工程门禁
软考::系统集成项目管理工程师::专题学习::08_质量管理::T-QUAL-002_质量管理七工具、新七工具与质量问题分析,RuankaoTopicCard,题干出现哪些信号时，应想到“质量七工具、新七工具与质量问题分析”？,"<div class=""answer-block"">
<div class=""section-title"">【答案】</div>
<div>围绕“质量管理七工具、新七工具与质量问题分析”的对象、动作、输出物、责任主体和常见陷阱定位考点。</div>
</div>","<div class=""extra"">
<div class=""section-title"">【理解】</div>
<div>围绕“质量管理七工具、新七工具与质量问题分析”的对象、动作、输出物、责任主体和常见陷阱定位考点。。这张卡来自源材料中的具体段落，用于把讲义内容改写为可回忆判断。</div>
<div class=""section-title"">【记忆线索】</div>
<div>抓住题干中的对象、动作和输出，不背整段讲义。</div>
<div class=""section-title"">【易错点】</div>
<div>避免把相邻概念按字面相似性混用。</div>
<div class=""section-title"">【题干信号】</div>
<div>问题</div>
<div class=""section-title"">【关联专题】</div>
<div>T-QUAL-002 质量管理七工具、新七工具与质量问题分析</div>
<div class=""section-title"">【来源】</div>
<div>SRC-T-QUAL-002-0001：质量管理七工具、新七工具与质量问题分析；T-QUAL-002｜质量管理七工具、新七工具与质量问题分析 本专题用于学习&quot;项目质量管理&quot;中的核心工具内容：质量七工具（因果图/流程图/检查表/帕累托图/直方图/控制图/散点图）、新七工具简介、控制图的判定规则（七点法则）、质量工具的选择场景。它们不是可背可不背的冷门知识，而是围绕一个核心问题展开：在质量管理中，什么</div>
</div>",关键词识别卡,B,3,上午选择,质量管理,T-QUAL-002,质量管理七工具、新七工具与质量问题分析,SRC-T-QUAL-002-0001,topic_learning_packages/topics/08_质量管理/T-QUAL-002_专题学习包_质量管理七工具新七工具与质量问题分析.md,质量管理七工具、新七工具与质量问题分析,"T-QUAL-002｜质量管理七工具、新七工具与质量问题分析 本专题用于学习""项目质量管理""中的核心工具内容：质量七工具（因果图/流程图/检查表/帕累托图/直方图/控制图/散点图）、新七工具简介、控制图的判定规则（七点法则）、质量工具的选择场景。它们不是可背可不背的冷门知识，而是围绕一个核心问题展开：在质量管理中，什么时候用什么工具来分析问题、发现问题、展示问题、改进过程？",,,,,,,,,,sha256:2b28d05495a0b6ab8e4dd710,ruankao ruankao::anki_build::20260520_223914 ruankao::difficulty::3 ruankao::domain::质量管理 ruankao::exam_use::上午选择 ruankao::importance::B ruankao::source_grounded ruankao::topic ruankao::topic::T-QUAL-002 ruankao::type::关键词识别卡,100,final,通过内容、来源和工程门禁
软考::系统集成项目管理工程师::专题学习::08_质量管理::T-QUAL-002_质量管理七工具、新七工具与质量问题分析,RuankaoTopicCard,质量七工具、新七工具与质量问题分析中，质量管理七工具、新七工具与质量问题分析的考试判断要点是什么？,"<div class=""answer-block"">
<div class=""section-title"">【答案】</div>
<div>T-QUAL-002｜质量管理七工具、新七工具与质量问题分析 本专题用于学习&quot;项目质量管理&quot;中的核心工具内容：质量七工具（因果图/流程图/检查表/帕累托图/直方图/控制图/散点图）、新七工具简介、控制图的判定规则（七点法则）、质量工具的选择场景。它们不是可背可不背的冷门知识，而是围绕一个核心问题展开：在质量管理中，什么时候用什么工具来分析问题、发现问题、展示问题、改进过程？</div>
</div>","<div class=""extra"">
<div class=""section-title"">【理解】</div>
<div>T-QUAL-002｜质量管理七工具、新七工具与质量问题分析 本专题用于学习&quot;项目质量管理&quot;中的核心工具内容：质量七工具（因果图/流程图/检查表/帕累托图/直方图/控制图/散点图）、新七工具简介、控制图的判定规则（七点法则）、质量工具的选择场景。它们不是可背可不背的冷门知识，而是围绕一个核心问题展开：在质量管理中，什么时候用什么工具来分析问题、发现问题、展示问题、改进过程？。这张卡来自源材料中的具体段落，用于把讲义内容改写为可回忆判断。</div>
<div class=""section-title"">【记忆线索】</div>
<div>抓住题干中的对象、动作和输出，不背整段讲义。</div>
<div class=""section-title"">【易错点】</div>
<div>避免把相邻概念按字面相似性混用。</div>
<div class=""section-title"">【题干信号】</div>
<div>问题</div>
<div class=""section-title"">【关联专题】</div>
<div>T-QUAL-002 质量管理七工具、新七工具与质量问题分析</div>
<div class=""section-title"">【来源】</div>
<div>SRC-T-QUAL-002-0001：质量管理七工具、新七工具与质量问题分析；T-QUAL-002｜质量管理七工具、新七工具与质量问题分析 本专题用于学习&quot;项目质量管理&quot;中的核心工具内容：质量七工具（因果图/流程图/检查表/帕累托图/直方图/控制图/散点图）、新七工具简介、控制图的判定规则（七点法则）、质量工具的选择场景。它们不是可背可不背的冷门知识，而是围绕一个核心问题展开：在质量管理中，什么</div>
</div>",概念卡,C,3,上午选择,质量管理,T-QUAL-002,质量管理七工具、新七工具与质量问题分析,SRC-T-QUAL-002-0001,topic_learning_packages/topics/08_质量管理/T-QUAL-002_专题学习包_质量管理七工具新七工具与质量问题分析.md,质量管理七工具、新七工具与质量问题分析,"T-QUAL-002｜质量管理七工具、新七工具与质量问题分析 本专题用于学习""项目质量管理""中的核心工具内容：质量七工具（因果图/流程图/检查表/帕累托图/直方图/控制图/散点图）、新七工具简介、控制图的判定规则（七点法则）、质量工具的选择场景。它们不是可背可不背的冷门知识，而是围绕一个核心问题展开：在质量管理中，什么时候用什么工具来分析问题、发现问题、展示问题、改进过程？",,,,,,,,,,sha256:9ba102257c5621a075ac8d97,ruankao ruankao::anki_build::20260520_223914 ruankao::difficulty::3 ruankao::domain::质量管理 ruankao::exam_use::上午选择 ruankao::importance::C ruankao::source_grounded ruankao::topic ruankao::topic::T-QUAL-002 ruankao::type::概念卡,84,final,通过内容、来源和工程门禁；源材料自动扩展卡，建议后续人工润色
软考::系统集成项目管理工程师::专题学习::08_质量管理::T-QUAL-003_质量问题案例模板_缺陷、测试、验收与纠偏,RuankaoTopicCard,质量问题案例模板类案例应从哪些角度分析？,"<div class=""answer-block"">
<div class=""section-title"">【答案】</div>
<div>T-QUAL-003｜质量问题案例模板：缺陷、测试、验收与纠偏 本专题与 T-CASE-001 通用方法和 T-QUAL-001 QA/QC 基础配合使用。提供&quot;质量问题&quot;这一高频下午案例场景的专项诊断模板和答题框架，核心问题是：项目后期集中爆发大量缺陷——到底是哪里没做对？</div>
</div>","<div class=""extra"">
<div class=""section-title"">【理解】</div>
<div>T-QUAL-003｜质量问题案例模板：缺陷、测试、验收与纠偏 本专题与 T-CASE-001 通用方法和 T-QUAL-001 QA/QC 基础配合使用。提供&quot;质量问题&quot;这一高频下午案例场景的专项诊断模板和答题框架，核心问题是：项目后期集中爆发大量缺陷——到底是哪里没做对？。这张卡来自源材料中的具体段落，用于把讲义内容改写为可回忆判断。</div>
<div class=""section-title"">【记忆线索】</div>
<div>抓住题干中的对象、动作和输出，不背整段讲义。</div>
<div class=""section-title"">【易错点】</div>
<div>避免把相邻概念按字面相似性混用。</div>
<div class=""section-title"">【题干信号】</div>
<div>验收、测试、问题</div>
<div class=""section-title"">【关联专题】</div>
<div>T-QUAL-003 质量问题案例模板：缺陷、测试、验收与纠偏</div>
<div class=""section-title"">【来源】</div>
<div>SRC-T-QUAL-003-0001：质量问题案例模板：缺陷、测试、验收与纠偏；T-QUAL-003｜质量问题案例模板：缺陷、测试、验收与纠偏 本专题与 T-CASE-001 通用方法和 T-QUAL-001 QA/QC 基础配合使用。提供&quot;质量问题&quot;这一高频下午案例场景的专项诊断模板和答题框架，核心问题是：项目后期集中爆发大量缺陷——到底是哪里没做对？</div>
</div>",案例模板卡,B,3,下午案例,质量管理,T-QUAL-003,质量问题案例模板：缺陷、测试、验收与纠偏,SRC-T-QUAL-003-0001,topic_learning_packages/topics/08_质量管理/T-QUAL-003_专题学习包_质量问题案例模板缺陷测试验收与纠偏.md,质量问题案例模板：缺陷、测试、验收与纠偏,"T-QUAL-003｜质量问题案例模板：缺陷、测试、验收与纠偏 本专题与 T-CASE-001 通用方法和 T-QUAL-001 QA/QC 基础配合使用。提供""质量问题""这一高频下午案例场景的专项诊断模板和答题框架，核心问题是：项目后期集中爆发大量缺陷——到底是哪里没做对？",,,,,,,,,,sha256:0f1c19653165a12859295e4d,ruankao ruankao::anki_build::20260520_223914 ruankao::difficulty::3 ruankao::domain::质量管理 ruankao::exam_use::下午案例 ruankao::importance::B ruankao::source_grounded ruankao::topic ruankao::topic::T-QUAL-003 ruankao::type::案例模板卡,100,final,通过内容、来源和工程门禁
软考::系统集成项目管理工程师::专题学习::08_质量管理::T-QUAL-003_质量问题案例模板_缺陷、测试、验收与纠偏,RuankaoTopicCard,答题框架类案例应从哪些角度分析？,"<div class=""answer-block"">
<div class=""section-title"">【答案】</div>
<div>答题框架 答题步骤 内容 ------ 找问题 ① 未制定质量计划/质量测量指标缺失 ② QA 过程缺失（无代码评审/无过程审计）③ QC 集中在后期，缺陷积累 ④ 未进行根因分析，同类错误反复出现 分析原因 预防成本投入严重不足 → 内部失败成本急剧放大；质量是&quot;做出来的&quot;不是&quot;测出来的&quot;的意识缺失 提措施 ① 制定/补充质量计划 ② 建立代码评审和技术评审流程（QA）③ 重新设计测试策略：单元→集成→系统→验收 ④ 建立缺陷根因分析</div>
</div>","<div class=""extra"">
<div class=""section-title"">【理解】</div>
<div>答题框架 答题步骤 内容 ------ 找问题 ① 未制定质量计划/质量测量指标缺失 ② QA 过程缺失（无代码评审/无过程审计）③ QC 集中在后期，缺陷积累 ④ 未进行根因分析，同类错误反复出现 分析原因 预防成本投入严重不足 → 内部失败成本急剧放大；质量是&quot;做出来的&quot;不是&quot;测出来的&quot;的意识缺失 提措施 ① 制定/补充质量计划 ② 建立代码评审和技术评审流程（QA）③ 重新设计测试策略：单元→集成→系统→验收 ④ 建立缺陷根因分析。这张卡来自源材料中的具体段落，用于把讲义内容改写为可回忆判断。</div>
<div class=""section-title"">【记忆线索】</div>
<div>抓住题干中的对象、动作和输出，不背整段讲义。</div>
<div class=""section-title"">【易错点】</div>
<div>避免把相邻概念按字面相似性混用。</div>
<div class=""section-title"">【题干信号】</div>
<div>验收、测试、问题</div>
<div class=""section-title"">【关联专题】</div>
<div>T-QUAL-003 质量问题案例模板：缺陷、测试、验收与纠偏</div>
<div class=""section-title"">【来源】</div>
<div>SRC-T-QUAL-003-0003：质量问题案例模板：缺陷、测试、验收与纠偏 &gt; 答题框架；答题框架 答题步骤 内容 ------ 找问题 ① 未制定质量计划/质量测量指标缺失 ② QA 过程缺失（无代码评审/无过程审计）③ QC 集中在后期，缺陷积累 ④ 未进行根因分析，同类错误反复出现 分析原因 预防成本投入严重不足 → 内部失败成本急剧放大；质量是&quot;做出来的&quot;不是&quot;测出来的&quot;的意识缺失 提措施 ① 制定</div>
</div>",案例模板卡,B,3,下午案例,质量管理,T-QUAL-003,质量问题案例模板：缺陷、测试、验收与纠偏,SRC-T-QUAL-003-0003,topic_learning_packages/topics/08_质量管理/T-QUAL-003_专题学习包_质量问题案例模板缺陷测试验收与纠偏.md,质量问题案例模板：缺陷、测试、验收与纠偏 > 答题框架,"答题框架 答题步骤 内容 ------ 找问题 ① 未制定质量计划/质量测量指标缺失 ② QA 过程缺失（无代码评审/无过程审计）③ QC 集中在后期，缺陷积累 ④ 未进行根因分析，同类错误反复出现 分析原因 预防成本投入严重不足 → 内部失败成本急剧放大；质量是""做出来的""不是""测出来的""的意识缺失 提措施 ① 制定/补充质量计划 ② 建立代码评审和技术评审流程（QA）③ 重新设计测试策略：单元→集成→系统→验收 ④ 建立缺陷根因分析",,,,,,,,,,sha256:3208999f0f3b87ab58495119,ruankao ruankao::anki_build::20260520_223914 ruankao::difficulty::3 ruankao::domain::质量管理 ruankao::exam_use::下午案例 ruankao::importance::B ruankao::source_grounded ruankao::topic ruankao::topic::T-QUAL-003 ruankao::type::案例模板卡,100,final,通过内容、来源和工程门禁
软考::系统集成项目管理工程师::专题学习::08_质量管理::T-QUAL-003_质量问题案例模板_缺陷、测试、验收与纠偏,RuankaoTopicCard,本轮真题覆盖增强类案例应从哪些角度分析？,"<div class=""answer-block"">
<div class=""section-title"">【答案】</div>
<div>本轮真题覆盖增强：质量案例答题链 本节把 questions.full.clean.md 与既有真题映射中的高频考法反查回本专题。2019 下午质量案例集中考“不妥之处、质量控制步骤、质量计划工具”，是质量案例模板的核心来源。</div>
</div>","<div class=""extra"">
<div class=""section-title"">【理解】</div>
<div>本轮真题覆盖增强：质量案例答题链 本节把 questions.full.clean.md 与既有真题映射中的高频考法反查回本专题。2019 下午质量案例集中考“不妥之处、质量控制步骤、质量计划工具”，是质量案例模板的核心来源。。这张卡来自源材料中的具体段落，用于把讲义内容改写为可回忆判断。</div>
<div class=""section-title"">【记忆线索】</div>
<div>抓住题干中的对象、动作和输出，不背整段讲义。</div>
<div class=""section-title"">【易错点】</div>
<div>避免把相邻概念按字面相似性混用。</div>
<div class=""section-title"">【题干信号】</div>
<div>定义识别、场景判断、角色/流程边界。</div>
<div class=""section-title"">【关联专题】</div>
<div>T-QUAL-003 质量问题案例模板：缺陷、测试、验收与纠偏</div>
<div class=""section-title"">【来源】</div>
<div>SRC-T-QUAL-003-0005：质量问题案例模板：缺陷、测试、验收与纠偏 &gt; 本轮真题覆盖增强：质量案例答题链；本轮真题覆盖增强：质量案例答题链 本节把 questions.full.clean.md 与既有真题映射中的高频考法反查回本专题。2019 下午质量案例集中考“不妥之处、质量控制步骤、质量计划工具”，是质量案例模板的核心来源。</div>
</div>",案例模板卡,B,3,下午案例,质量管理,T-QUAL-003,质量问题案例模板：缺陷、测试、验收与纠偏,SRC-T-QUAL-003-0005,topic_learning_packages/topics/08_质量管理/T-QUAL-003_专题学习包_质量问题案例模板缺陷测试验收与纠偏.md,质量问题案例模板：缺陷、测试、验收与纠偏 > 本轮真题覆盖增强：质量案例答题链,本轮真题覆盖增强：质量案例答题链 本节把 questions.full.clean.md 与既有真题映射中的高频考法反查回本专题。2019 下午质量案例集中考“不妥之处、质量控制步骤、质量计划工具”，是质量案例模板的核心来源。,,,,,,,,,,sha256:a7c2655150e14b73150f23db,ruankao ruankao::anki_build::20260520_223914 ruankao::difficulty::3 ruankao::domain::质量管理 ruankao::exam_use::下午案例 ruankao::importance::B ruankao::source_grounded ruankao::topic ruankao::topic::T-QUAL-003 ruankao::type::案例模板卡,100,final,通过内容、来源和工程门禁
软考::系统集成项目管理工程师::专题学习::08_质量管理::T-QUAL-003_质量问题案例模板_缺陷、测试、验收与纠偏,RuankaoTopicCard,题干出现哪些信号时，应想到“质量问题案例模板”？,"<div class=""answer-block"">
<div class=""section-title"">【答案】</div>
<div>围绕“质量问题案例模板：缺陷、测试、验收与纠偏”的对象、动作、输出物、责任主体和常见陷阱定位考点。</div>
</div>","<div class=""extra"">
<div class=""section-title"">【理解】</div>
<div>围绕“质量问题案例模板：缺陷、测试、验收与纠偏”的对象、动作、输出物、责任主体和常见陷阱定位考点。。这张卡来自源材料中的具体段落，用于把讲义内容改写为可回忆判断。</div>
<div class=""section-title"">【记忆线索】</div>
<div>抓住题干中的对象、动作和输出，不背整段讲义。</div>
<div class=""section-title"">【易错点】</div>
<div>避免把相邻概念按字面相似性混用。</div>
<div class=""section-title"">【题干信号】</div>
<div>验收、测试、问题</div>
<div class=""section-title"">【关联专题】</div>
<div>T-QUAL-003 质量问题案例模板：缺陷、测试、验收与纠偏</div>
<div class=""section-title"">【来源】</div>
<div>SRC-T-QUAL-003-0001：质量问题案例模板：缺陷、测试、验收与纠偏；T-QUAL-003｜质量问题案例模板：缺陷、测试、验收与纠偏 本专题与 T-CASE-001 通用方法和 T-QUAL-001 QA/QC 基础配合使用。提供&quot;质量问题&quot;这一高频下午案例场景的专项诊断模板和答题框架，核心问题是：项目后期集中爆发大量缺陷——到底是哪里没做对？</div>
</div>",关键词识别卡,B,3,上午选择,质量管理,T-QUAL-003,质量问题案例模板：缺陷、测试、验收与纠偏,SRC-T-QUAL-003-0001,topic_learning_packages/topics/08_质量管理/T-QUAL-003_专题学习包_质量问题案例模板缺陷测试验收与纠偏.md,质量问题案例模板：缺陷、测试、验收与纠偏,"T-QUAL-003｜质量问题案例模板：缺陷、测试、验收与纠偏 本专题与 T-CASE-001 通用方法和 T-QUAL-001 QA/QC 基础配合使用。提供""质量问题""这一高频下午案例场景的专项诊断模板和答题框架，核心问题是：项目后期集中爆发大量缺陷——到底是哪里没做对？",,,,,,,,,,sha256:01d244619e0091c6910f3108,ruankao ruankao::anki_build::20260520_223914 ruankao::difficulty::3 ruankao::domain::质量管理 ruankao::exam_use::上午选择 ruankao::importance::B ruankao::source_grounded ruankao::topic ruankao::topic::T-QUAL-003 ruankao::type::关键词识别卡,100,final,通过内容、来源和工程门禁
软考::系统集成项目管理工程师::专题学习::08_质量管理::T-QUAL-003_质量问题案例模板_缺陷、测试、验收与纠偏,RuankaoTopicCard,质量问题案例模板中，答题框架的考试判断要点是什么？,"<div class=""answer-block"">
<div class=""section-title"">【答案】</div>
<div>答题框架 答题步骤 内容 ------ 找问题 ① 未制定质量计划/质量测量指标缺失 ② QA 过程缺失（无代码评审/无过程审计）③ QC 集中在后期，缺陷积累 ④ 未进行根因分析，同类错误反复出现 分析原因 预防成本投入严重不足 → 内部失败成本急剧放大；质量是&quot;做出来的&quot;不是&quot;测出来的&quot;的意识缺失 提措施 ① 制定/补充质量计划 ② 建立代码评审和技术评审流程（QA）③ 重新设计测试策略：单元→集成→系统→验收 ④ 建立缺陷根因分析</div>
</div>","<div class=""extra"">
<div class=""section-title"">【理解】</div>
<div>答题框架 答题步骤 内容 ------ 找问题 ① 未制定质量计划/质量测量指标缺失 ② QA 过程缺失（无代码评审/无过程审计）③ QC 集中在后期，缺陷积累 ④ 未进行根因分析，同类错误反复出现 分析原因 预防成本投入严重不足 → 内部失败成本急剧放大；质量是&quot;做出来的&quot;不是&quot;测出来的&quot;的意识缺失 提措施 ① 制定/补充质量计划 ② 建立代码评审和技术评审流程（QA）③ 重新设计测试策略：单元→集成→系统→验收 ④ 建立缺陷根因分析。这张卡来自源材料中的具体段落，用于把讲义内容改写为可回忆判断。</div>
<div class=""section-title"">【记忆线索】</div>
<div>抓住题干中的对象、动作和输出，不背整段讲义。</div>
<div class=""section-title"">【易错点】</div>
<div>避免把相邻概念按字面相似性混用。</div>
<div class=""section-title"">【题干信号】</div>
<div>验收、测试、问题</div>
<div class=""section-title"">【关联专题】</div>
<div>T-QUAL-003 质量问题案例模板：缺陷、测试、验收与纠偏</div>
<div class=""section-title"">【来源】</div>
<div>SRC-T-QUAL-003-0003：质量问题案例模板：缺陷、测试、验收与纠偏 &gt; 答题框架；答题框架 答题步骤 内容 ------ 找问题 ① 未制定质量计划/质量测量指标缺失 ② QA 过程缺失（无代码评审/无过程审计）③ QC 集中在后期，缺陷积累 ④ 未进行根因分析，同类错误反复出现 分析原因 预防成本投入严重不足 → 内部失败成本急剧放大；质量是&quot;做出来的&quot;不是&quot;测出来的&quot;的意识缺失 提措施 ① 制定</div>
</div>",案例模板卡,C,3,上午选择,质量管理,T-QUAL-003,质量问题案例模板：缺陷、测试、验收与纠偏,SRC-T-QUAL-003-0003,topic_learning_packages/topics/08_质量管理/T-QUAL-003_专题学习包_质量问题案例模板缺陷测试验收与纠偏.md,质量问题案例模板：缺陷、测试、验收与纠偏 > 答题框架,"答题框架 答题步骤 内容 ------ 找问题 ① 未制定质量计划/质量测量指标缺失 ② QA 过程缺失（无代码评审/无过程审计）③ QC 集中在后期，缺陷积累 ④ 未进行根因分析，同类错误反复出现 分析原因 预防成本投入严重不足 → 内部失败成本急剧放大；质量是""做出来的""不是""测出来的""的意识缺失 提措施 ① 制定/补充质量计划 ② 建立代码评审和技术评审流程（QA）③ 重新设计测试策略：单元→集成→系统→验收 ④ 建立缺陷根因分析",,,,,,,,,,sha256:00a058b0eeb5dcffadd641bb,ruankao ruankao::anki_build::20260520_223914 ruankao::difficulty::3 ruankao::domain::质量管理 ruankao::exam_use::上午选择 ruankao::importance::C ruankao::source_grounded ruankao::topic ruankao::topic::T-QUAL-003 ruankao::type::案例模板卡,84,final,通过内容、来源和工程门禁；源材料自动扩展卡，建议后续人工润色
软考::系统集成项目管理工程师::专题学习::08_质量管理::T-QUAL-003_质量问题案例模板_缺陷、测试、验收与纠偏,RuankaoTopicCard,质量问题案例模板中，本轮真题覆盖增强的考试判断要点是什么？,"<div class=""answer-block"">
<div class=""section-title"">【答案】</div>
<div>本轮真题覆盖增强：质量案例答题链 本节把 questions.full.clean.md 与既有真题映射中的高频考法反查回本专题。2019 下午质量案例集中考“不妥之处、质量控制步骤、质量计划工具”，是质量案例模板的核心来源。</div>
</div>","<div class=""extra"">
<div class=""section-title"">【理解】</div>
<div>本轮真题覆盖增强：质量案例答题链 本节把 questions.full.clean.md 与既有真题映射中的高频考法反查回本专题。2019 下午质量案例集中考“不妥之处、质量控制步骤、质量计划工具”，是质量案例模板的核心来源。。这张卡来自源材料中的具体段落，用于把讲义内容改写为可回忆判断。</div>
<div class=""section-title"">【记忆线索】</div>
<div>抓住题干中的对象、动作和输出，不背整段讲义。</div>
<div class=""section-title"">【易错点】</div>
<div>避免把相邻概念按字面相似性混用。</div>
<div class=""section-title"">【题干信号】</div>
<div>问题</div>
<div class=""section-title"">【关联专题】</div>
<div>T-QUAL-003 质量问题案例模板：缺陷、测试、验收与纠偏</div>
<div class=""section-title"">【来源】</div>
<div>SRC-T-QUAL-003-0005：质量问题案例模板：缺陷、测试、验收与纠偏 &gt; 本轮真题覆盖增强：质量案例答题链；本轮真题覆盖增强：质量案例答题链 本节把 questions.full.clean.md 与既有真题映射中的高频考法反查回本专题。2019 下午质量案例集中考“不妥之处、质量控制步骤、质量计划工具”，是质量案例模板的核心来源。</div>
</div>",案例模板卡,C,3,上午选择,质量管理,T-QUAL-003,质量问题案例模板：缺陷、测试、验收与纠偏,SRC-T-QUAL-003-0005,topic_learning_packages/topics/08_质量管理/T-QUAL-003_专题学习包_质量问题案例模板缺陷测试验收与纠偏.md,质量问题案例模板：缺陷、测试、验收与纠偏 > 本轮真题覆盖增强：质量案例答题链,本轮真题覆盖增强：质量案例答题链 本节把 questions.full.clean.md 与既有真题映射中的高频考法反查回本专题。2019 下午质量案例集中考“不妥之处、质量控制步骤、质量计划工具”，是质量案例模板的核心来源。,,,,,,,,,,sha256:a22a1a894ee5c6d074928ef8,ruankao ruankao::anki_build::20260520_223914 ruankao::difficulty::3 ruankao::domain::质量管理 ruankao::exam_use::上午选择 ruankao::importance::C ruankao::source_grounded ruankao::topic ruankao::topic::T-QUAL-003 ruankao::type::案例模板卡,84,final,通过内容、来源和工程门禁；源材料自动扩展卡，建议后续人工润色
软考::系统集成项目管理工程师::专题学习::08_质量管理::T-QUAL-003_质量问题案例模板_缺陷、测试、验收与纠偏,RuankaoTopicCard,质量问题案例模板中，质量问题案例模板的考试判断要点是什么？,"<div class=""answer-block"">
<div class=""section-title"">【答案】</div>
<div>T-QUAL-003｜质量问题案例模板：缺陷、测试、验收与纠偏 本专题与 T-CASE-001 通用方法和 T-QUAL-001 QA/QC 基础配合使用。提供&quot;质量问题&quot;这一高频下午案例场景的专项诊断模板和答题框架，核心问题是：项目后期集中爆发大量缺陷——到底是哪里没做对？</div>
</div>","<div class=""extra"">
<div class=""section-title"">【理解】</div>
<div>T-QUAL-003｜质量问题案例模板：缺陷、测试、验收与纠偏 本专题与 T-CASE-001 通用方法和 T-QUAL-001 QA/QC 基础配合使用。提供&quot;质量问题&quot;这一高频下午案例场景的专项诊断模板和答题框架，核心问题是：项目后期集中爆发大量缺陷——到底是哪里没做对？。这张卡来自源材料中的具体段落，用于把讲义内容改写为可回忆判断。</div>
<div class=""section-title"">【记忆线索】</div>
<div>抓住题干中的对象、动作和输出，不背整段讲义。</div>
<div class=""section-title"">【易错点】</div>
<div>避免把相邻概念按字面相似性混用。</div>
<div class=""section-title"">【题干信号】</div>
<div>验收、测试、问题</div>
<div class=""section-title"">【关联专题】</div>
<div>T-QUAL-003 质量问题案例模板：缺陷、测试、验收与纠偏</div>
<div class=""section-title"">【来源】</div>
<div>SRC-T-QUAL-003-0001：质量问题案例模板：缺陷、测试、验收与纠偏；T-QUAL-003｜质量问题案例模板：缺陷、测试、验收与纠偏 本专题与 T-CASE-001 通用方法和 T-QUAL-001 QA/QC 基础配合使用。提供&quot;质量问题&quot;这一高频下午案例场景的专项诊断模板和答题框架，核心问题是：项目后期集中爆发大量缺陷——到底是哪里没做对？</div>
</div>",案例模板卡,C,3,上午选择,质量管理,T-QUAL-003,质量问题案例模板：缺陷、测试、验收与纠偏,SRC-T-QUAL-003-0001,topic_learning_packages/topics/08_质量管理/T-QUAL-003_专题学习包_质量问题案例模板缺陷测试验收与纠偏.md,质量问题案例模板：缺陷、测试、验收与纠偏,"T-QUAL-003｜质量问题案例模板：缺陷、测试、验收与纠偏 本专题与 T-CASE-001 通用方法和 T-QUAL-001 QA/QC 基础配合使用。提供""质量问题""这一高频下午案例场景的专项诊断模板和答题框架，核心问题是：项目后期集中爆发大量缺陷——到底是哪里没做对？",,,,,,,,,,sha256:7b073a0e7e793aa2034eb635,ruankao ruankao::anki_build::20260520_223914 ruankao::difficulty::3 ruankao::domain::质量管理 ruankao::exam_use::上午选择 ruankao::importance::C ruankao::source_grounded ruankao::topic ruankao::topic::T-QUAL-003 ruankao::type::案例模板卡,84,final,通过内容、来源和工程门禁；源材料自动扩展卡，建议后续人工润色
软考::系统集成项目管理工程师::专题学习::09_人力资源与沟通管理::T-COM-001_沟通渠道计算与干系人参与管理,RuankaoTopicCard,沟通渠道计算与干系人参与管理相关公式或计算判断规则是什么？,"<div class=""answer-block"">
<div class=""section-title"">【答案】</div>
<div>T-COM-001｜沟通渠道计算与干系人参与管理 本专题用于学习&quot;项目沟通管理与干系人管理&quot;中最容易出计算题和辨析题的一组核心内容：沟通渠道数计算、沟通模型（发送方-接收方）、沟通方式（推/拉/交互）、干系人识别与分类、干系人参与度评估矩阵。它们不是孤立概念，而是围绕一个核心问题展开：项目经理如何确保信息在正确的干系人之间有效流动，并让干系人以合适的程度参与项目？</div>
</div>","<div class=""extra"">
<div class=""section-title"">【理解】</div>
<div>T-COM-001｜沟通渠道计算与干系人参与管理 本专题用于学习&quot;项目沟通管理与干系人管理&quot;中最容易出计算题和辨析题的一组核心内容：沟通渠道数计算、沟通模型（发送方-接收方）、沟通方式（推/拉/交互）、干系人识别与分类、干系人参与度评估矩阵。它们不是孤立概念，而是围绕一个核心问题展开：项目经理如何确保信息在正确的干系人之间有效流动，并让干系人以合适的程度参与项目？。这张卡来自源材料中的具体段落，用于把讲义内容改写为可回忆判断。</div>
<div class=""section-title"">【记忆线索】</div>
<div>先写公式，再代入数字，最后写文字判断。</div>
<div class=""section-title"">【易错点】</div>
<div>避免把相邻概念按字面相似性混用。</div>
<div class=""section-title"">【题干信号】</div>
<div>问题、评估、沟通、干系人</div>
<div class=""section-title"">【关联专题】</div>
<div>T-COM-001 沟通渠道计算与干系人参与管理</div>
<div class=""section-title"">【来源】</div>
<div>SRC-T-COM-001-0001：沟通渠道计算与干系人参与管理；T-COM-001｜沟通渠道计算与干系人参与管理 本专题用于学习&quot;项目沟通管理与干系人管理&quot;中最容易出计算题和辨析题的一组核心内容：沟通渠道数计算、沟通模型（发送方-接收方）、沟通方式（推/拉/交互）、干系人识别与分类、干系人参与度评估矩阵。它们不是孤立概念，而是围绕一个核心问题展开：项目经理如何确保信息在正确的干系人</div>
</div>",公式卡,B,3,上午选择,人力资源与沟通管理,T-COM-001,沟通渠道计算与干系人参与管理,SRC-T-COM-001-0001,topic_learning_packages/topics/09_人力资源与沟通管理/T-COM-001_专题学习包_沟通渠道计算与干系人参与管理.md,沟通渠道计算与干系人参与管理,"T-COM-001｜沟通渠道计算与干系人参与管理 本专题用于学习""项目沟通管理与干系人管理""中最容易出计算题和辨析题的一组核心内容：沟通渠道数计算、沟通模型（发送方-接收方）、沟通方式（推/拉/交互）、干系人识别与分类、干系人参与度评估矩阵。它们不是孤立概念，而是围绕一个核心问题展开：项目经理如何确保信息在正确的干系人之间有效流动，并让干系人以合适的程度参与项目？",,,,,,,,,,sha256:e080218e85fbb0f929f5a97a,ruankao ruankao::anki_build::20260520_223914 ruankao::difficulty::3 ruankao::domain::人力资源与沟通管理 ruankao::exam_use::上午选择 ruankao::importance::B ruankao::source_grounded ruankao::topic ruankao::topic::T-COM-001 ruankao::type::公式卡,100,final,通过内容、来源和工程门禁
软考::系统集成项目管理工程师::专题学习::09_人力资源与沟通管理::T-COM-001_沟通渠道计算与干系人参与管理,RuankaoTopicCard,沟通渠道数相关公式或计算判断规则是什么？,"<div class=""answer-block"">
<div class=""section-title"">【答案】</div>
<div>沟通渠道数：最常考的计算题 [公式｜沟通渠道数] 沟通渠道数 = n × (n − 1) / 2 其中 n 是参与沟通的人数（包括项目经理）。 这个公式的直觉是：在 n 个人的团队中，每两个人之间有一条双向沟通渠道。</div>
</div>","<div class=""extra"">
<div class=""section-title"">【理解】</div>
<div>沟通渠道数：最常考的计算题 [公式｜沟通渠道数] 沟通渠道数 = n × (n − 1) / 2 其中 n 是参与沟通的人数（包括项目经理）。 这个公式的直觉是：在 n 个人的团队中，每两个人之间有一条双向沟通渠道。。这张卡来自源材料中的具体段落，用于把讲义内容改写为可回忆判断。</div>
<div class=""section-title"">【记忆线索】</div>
<div>先写公式，再代入数字，最后写文字判断。</div>
<div class=""section-title"">【易错点】</div>
<div>避免把相邻概念按字面相似性混用。</div>
<div class=""section-title"">【题干信号】</div>
<div>沟通</div>
<div class=""section-title"">【关联专题】</div>
<div>T-COM-001 沟通渠道计算与干系人参与管理</div>
<div class=""section-title"">【来源】</div>
<div>SRC-T-COM-001-0003：沟通渠道计算与干系人参与管理 &gt; 沟通渠道数：最常考的计算题；沟通渠道数：最常考的计算题 [公式｜沟通渠道数] 沟通渠道数 = n × (n − 1) / 2 其中 n 是参与沟通的人数（包括项目经理）。 这个公式的直觉是：在 n 个人的团队中，每两个人之间有一条双向沟通渠道。</div>
</div>",公式卡,B,3,上午选择,人力资源与沟通管理,T-COM-001,沟通渠道计算与干系人参与管理,SRC-T-COM-001-0003,topic_learning_packages/topics/09_人力资源与沟通管理/T-COM-001_专题学习包_沟通渠道计算与干系人参与管理.md,沟通渠道计算与干系人参与管理 > 沟通渠道数：最常考的计算题,沟通渠道数：最常考的计算题 [公式｜沟通渠道数] 沟通渠道数 = n × (n − 1) / 2 其中 n 是参与沟通的人数（包括项目经理）。 这个公式的直觉是：在 n 个人的团队中，每两个人之间有一条双向沟通渠道。,,,,,,,,,,sha256:f60074e8c92254f68f61b38b,ruankao ruankao::anki_build::20260520_223914 ruankao::difficulty::3 ruankao::domain::人力资源与沟通管理 ruankao::exam_use::上午选择 ruankao::importance::B ruankao::source_grounded ruankao::topic ruankao::topic::T-COM-001 ruankao::type::公式卡,100,final,通过内容、来源和工程门禁
软考::系统集成项目管理工程师::专题学习::09_人力资源与沟通管理::T-COM-001_沟通渠道计算与干系人参与管理,RuankaoTopicCard,沟通模型相关公式或计算判断规则是什么？,"<div class=""answer-block"">
<div class=""section-title"">【答案】</div>
<div>沟通模型：信息不只是&quot;发出去了&quot;就完了 [核心模型｜发送方-接收方沟通模型] 发送方：编码 → 发送消息 → 通过媒介传递 接收方：接收消息 → 解码 → 理解 → 反馈确认 噪声存在于整个过程中，可能干扰或曲解信息。 从这个模型中，可以衍生几个考试要点： 1. 编码和解码的不对称性：发送方和接收方可能用不同的&quot;翻译系统&quot;（不同的专业领域、文化背景、语言习惯），这是沟通障碍的根源。</div>
</div>","<div class=""extra"">
<div class=""section-title"">【理解】</div>
<div>沟通模型：信息不只是&quot;发出去了&quot;就完了 [核心模型｜发送方-接收方沟通模型] 发送方：编码 → 发送消息 → 通过媒介传递 接收方：接收消息 → 解码 → 理解 → 反馈确认 噪声存在于整个过程中，可能干扰或曲解信息。 从这个模型中，可以衍生几个考试要点： 1. 编码和解码的不对称性：发送方和接收方可能用不同的&quot;翻译系统&quot;（不同的专业领域、文化背景、语言习惯），这是沟通障碍的根源。。这张卡来自源材料中的具体段落，用于把讲义内容改写为可回忆判断。</div>
<div class=""section-title"">【记忆线索】</div>
<div>先写公式，再代入数字，最后写文字判断。</div>
<div class=""section-title"">【易错点】</div>
<div>避免把相邻概念按字面相似性混用。</div>
<div class=""section-title"">【题干信号】</div>
<div>沟通</div>
<div class=""section-title"">【关联专题】</div>
<div>T-COM-001 沟通渠道计算与干系人参与管理</div>
<div class=""section-title"">【来源】</div>
<div>SRC-T-COM-001-0004：沟通渠道计算与干系人参与管理 &gt; 沟通模型：信息不只是&quot;发出去了&quot;就完了；沟通模型：信息不只是&quot;发出去了&quot;就完了 [核心模型｜发送方-接收方沟通模型] 发送方：编码 → 发送消息 → 通过媒介传递 接收方：接收消息 → 解码 → 理解 → 反馈确认 噪声存在于整个过程中，可能干扰或曲解信息。 从这个模型中，可以衍生几个考试要点： 1. 编码和解码的不对称性：发送方和接收方可能用不同的&quot;翻译系</div>
</div>",公式卡,B,3,上午选择,人力资源与沟通管理,T-COM-001,沟通渠道计算与干系人参与管理,SRC-T-COM-001-0004,topic_learning_packages/topics/09_人力资源与沟通管理/T-COM-001_专题学习包_沟通渠道计算与干系人参与管理.md,"沟通渠道计算与干系人参与管理 > 沟通模型：信息不只是""发出去了""就完了","沟通模型：信息不只是""发出去了""就完了 [核心模型｜发送方-接收方沟通模型] 发送方：编码 → 发送消息 → 通过媒介传递 接收方：接收消息 → 解码 → 理解 → 反馈确认 噪声存在于整个过程中，可能干扰或曲解信息。 从这个模型中，可以衍生几个考试要点： 1. 编码和解码的不对称性：发送方和接收方可能用不同的""翻译系统""（不同的专业领域、文化背景、语言习惯），这是沟通障碍的根源。",,,,,,,,,,sha256:60eee71a9221388a674c88b3,ruankao ruankao::anki_build::20260520_223914 ruankao::difficulty::3 ruankao::domain::人力资源与沟通管理 ruankao::exam_use::上午选择 ruankao::importance::B ruankao::source_grounded ruankao::topic ruankao::topic::T-COM-001 ruankao::type::公式卡,100,final,通过内容、来源和工程门禁
软考::系统集成项目管理工程师::专题学习::09_人力资源与沟通管理::T-COM-001_沟通渠道计算与干系人参与管理,RuankaoTopicCard,沟通方式相关公式或计算判断规则是什么？,"<div class=""answer-block"">
<div class=""section-title"">【答案】</div>
<div>沟通方式：推式、拉式、交互式 [概念组｜三种沟通方式] - 推式（Push）：发送方主动推送信息给特定接收方。例如邮件、备忘录、报告。</div>
</div>","<div class=""extra"">
<div class=""section-title"">【理解】</div>
<div>沟通方式：推式、拉式、交互式 [概念组｜三种沟通方式] - 推式（Push）：发送方主动推送信息给特定接收方。例如邮件、备忘录、报告。。这张卡来自源材料中的具体段落，用于把讲义内容改写为可回忆判断。</div>
<div class=""section-title"">【记忆线索】</div>
<div>先写公式，再代入数字，最后写文字判断。</div>
<div class=""section-title"">【易错点】</div>
<div>避免把相邻概念按字面相似性混用。</div>
<div class=""section-title"">【题干信号】</div>
<div>沟通</div>
<div class=""section-title"">【关联专题】</div>
<div>T-COM-001 沟通渠道计算与干系人参与管理</div>
<div class=""section-title"">【来源】</div>
<div>SRC-T-COM-001-0005：沟通渠道计算与干系人参与管理 &gt; 沟通方式：推式、拉式、交互式；沟通方式：推式、拉式、交互式 [概念组｜三种沟通方式] - 推式（Push）：发送方主动推送信息给特定接收方。例如邮件、备忘录、报告。</div>
</div>",公式卡,B,3,上午选择,人力资源与沟通管理,T-COM-001,沟通渠道计算与干系人参与管理,SRC-T-COM-001-0005,topic_learning_packages/topics/09_人力资源与沟通管理/T-COM-001_专题学习包_沟通渠道计算与干系人参与管理.md,沟通渠道计算与干系人参与管理 > 沟通方式：推式、拉式、交互式,沟通方式：推式、拉式、交互式 [概念组｜三种沟通方式] - 推式（Push）：发送方主动推送信息给特定接收方。例如邮件、备忘录、报告。,,,,,,,,,,sha256:f7583b125c5497a9a7b57052,ruankao ruankao::anki_build::20260520_223914 ruankao::difficulty::3 ruankao::domain::人力资源与沟通管理 ruankao::exam_use::上午选择 ruankao::importance::B ruankao::source_grounded ruankao::topic ruankao::topic::T-COM-001 ruankao::type::公式卡,100,final,通过内容、来源和工程门禁
软考::系统集成项目管理工程师::专题学习::09_人力资源与沟通管理::T-COM-001_沟通渠道计算与干系人参与管理,RuankaoTopicCard,干系人参与度评估相关公式或计算判断规则是什么？,"<div class=""answer-block"">
<div class=""section-title"">【答案】</div>
<div>干系人参与度评估：不只是&quot;知道有这个人&quot; [概念组｜干系人参与度分类] - 不知晓（Unaware）：干系人完全不知道项目及其潜在影响 - 抵制（Resistant）：干系人知道项目及其影响，但抵制变更 - 中立（Neutral）：干系人知道项目，既不支持也不抵制 - 支持（Supportive）：干系人知道项目及其影响，支持变更 - 领导（Leading）：干系人积极参与并努力确保项目成功 [工具｜干系人参与度评估矩阵] 将每个干系人</div>
</div>","<div class=""extra"">
<div class=""section-title"">【理解】</div>
<div>干系人参与度评估：不只是&quot;知道有这个人&quot; [概念组｜干系人参与度分类] - 不知晓（Unaware）：干系人完全不知道项目及其潜在影响 - 抵制（Resistant）：干系人知道项目及其影响，但抵制变更 - 中立（Neutral）：干系人知道项目，既不支持也不抵制 - 支持（Supportive）：干系人知道项目及其影响，支持变更 - 领导（Leading）：干系人积极参与并努力确保项目成功 [工具｜干系人参与度评估矩阵] 将每个干系人。这张卡来自源材料中的具体段落，用于把讲义内容改写为可回忆判断。</div>
<div class=""section-title"">【记忆线索】</div>
<div>先写公式，再代入数字，最后写文字判断。</div>
<div class=""section-title"">【易错点】</div>
<div>避免把相邻概念按字面相似性混用。</div>
<div class=""section-title"">【题干信号】</div>
<div>变更、评估、干系人</div>
<div class=""section-title"">【关联专题】</div>
<div>T-COM-001 沟通渠道计算与干系人参与管理</div>
<div class=""section-title"">【来源】</div>
<div>SRC-T-COM-001-0006：沟通渠道计算与干系人参与管理 &gt; 干系人参与度评估：不只是&quot;知道有这个人&quot;；干系人参与度评估：不只是&quot;知道有这个人&quot; [概念组｜干系人参与度分类] - 不知晓（Unaware）：干系人完全不知道项目及其潜在影响 - 抵制（Resistant）：干系人知道项目及其影响，但抵制变更 - 中立（Neutral）：干系人知道项目，既不支持也不抵制 - 支持（Supportive）：干系人知道项目及其影</div>
</div>",公式卡,B,3,上午选择,人力资源与沟通管理,T-COM-001,沟通渠道计算与干系人参与管理,SRC-T-COM-001-0006,topic_learning_packages/topics/09_人力资源与沟通管理/T-COM-001_专题学习包_沟通渠道计算与干系人参与管理.md,"沟通渠道计算与干系人参与管理 > 干系人参与度评估：不只是""知道有这个人""","干系人参与度评估：不只是""知道有这个人"" [概念组｜干系人参与度分类] - 不知晓（Unaware）：干系人完全不知道项目及其潜在影响 - 抵制（Resistant）：干系人知道项目及其影响，但抵制变更 - 中立（Neutral）：干系人知道项目，既不支持也不抵制 - 支持（Supportive）：干系人知道项目及其影响，支持变更 - 领导（Leading）：干系人积极参与并努力确保项目成功 [工具｜干系人参与度评估矩阵] 将每个干系人",,,,,,,,,,sha256:7dc894212953cc0fb87b05c4,ruankao ruankao::anki_build::20260520_223914 ruankao::difficulty::3 ruankao::domain::人力资源与沟通管理 ruankao::exam_use::上午选择 ruankao::importance::B ruankao::source_grounded ruankao::topic ruankao::topic::T-COM-001 ruankao::type::公式卡,100,final,通过内容、来源和工程门禁
软考::系统集成项目管理工程师::专题学习::09_人力资源与沟通管理::T-COM-001_沟通渠道计算与干系人参与管理,RuankaoTopicCard,典型题详解与举一反三相关公式或计算判断规则是什么？,"<div class=""answer-block"">
<div class=""section-title"">【答案】</div>
<div>典型题详解与举一反三 例题 1｜沟通渠道数计算 项目团队原有 8 人（含项目经理）。后来增加了 4 人。</div>
</div>","<div class=""extra"">
<div class=""section-title"">【理解】</div>
<div>典型题详解与举一反三 例题 1｜沟通渠道数计算 项目团队原有 8 人（含项目经理）。后来增加了 4 人。。这张卡来自源材料中的具体段落，用于把讲义内容改写为可回忆判断。</div>
<div class=""section-title"">【记忆线索】</div>
<div>先写公式，再代入数字，最后写文字判断。</div>
<div class=""section-title"">【易错点】</div>
<div>避免把相邻概念按字面相似性混用。</div>
<div class=""section-title"">【题干信号】</div>
<div>沟通</div>
<div class=""section-title"">【关联专题】</div>
<div>T-COM-001 沟通渠道计算与干系人参与管理</div>
<div class=""section-title"">【来源】</div>
<div>SRC-T-COM-001-0007：沟通渠道计算与干系人参与管理 &gt; 典型题详解与举一反三；典型题详解与举一反三 例题 1｜沟通渠道数计算 项目团队原有 8 人（含项目经理）。后来增加了 4 人。</div>
</div>",公式卡,B,3,上午选择,人力资源与沟通管理,T-COM-001,沟通渠道计算与干系人参与管理,SRC-T-COM-001-0007,topic_learning_packages/topics/09_人力资源与沟通管理/T-COM-001_专题学习包_沟通渠道计算与干系人参与管理.md,沟通渠道计算与干系人参与管理 > 典型题详解与举一反三,典型题详解与举一反三 例题 1｜沟通渠道数计算 项目团队原有 8 人（含项目经理）。后来增加了 4 人。,,,,,,,,,,sha256:a82397681bcfe628e23304b8,ruankao ruankao::anki_build::20260520_223914 ruankao::difficulty::3 ruankao::domain::人力资源与沟通管理 ruankao::exam_use::上午选择 ruankao::importance::B ruankao::source_grounded ruankao::topic ruankao::topic::T-COM-001 ruankao::type::公式卡,100,final,通过内容、来源和工程门禁
软考::系统集成项目管理工程师::专题学习::09_人力资源与沟通管理::T-COM-001_沟通渠道计算与干系人参与管理,RuankaoTopicCard,本轮真题覆盖增强相关公式或计算判断规则是什么？,"<div class=""answer-block"">
<div class=""section-title"">【答案】</div>
<div>本轮真题覆盖增强：沟通渠道与沟通有效性 本节把 questions.full.clean.md 与既有真题映射中的高频考法反查回本专题。题库既考 n(n-1)/2，也在案例中考取消例会、信息不同步和干系人参与不足。</div>
</div>","<div class=""extra"">
<div class=""section-title"">【理解】</div>
<div>本轮真题覆盖增强：沟通渠道与沟通有效性 本节把 questions.full.clean.md 与既有真题映射中的高频考法反查回本专题。题库既考 n(n-1)/2，也在案例中考取消例会、信息不同步和干系人参与不足。。这张卡来自源材料中的具体段落，用于把讲义内容改写为可回忆判断。</div>
<div class=""section-title"">【记忆线索】</div>
<div>先写公式，再代入数字，最后写文字判断。</div>
<div class=""section-title"">【易错点】</div>
<div>避免把相邻概念按字面相似性混用。</div>
<div class=""section-title"">【题干信号】</div>
<div>沟通、干系人</div>
<div class=""section-title"">【关联专题】</div>
<div>T-COM-001 沟通渠道计算与干系人参与管理</div>
<div class=""section-title"">【来源】</div>
<div>SRC-T-COM-001-0008：沟通渠道计算与干系人参与管理 &gt; 本轮真题覆盖增强：沟通渠道与沟通有效性；本轮真题覆盖增强：沟通渠道与沟通有效性 本节把 questions.full.clean.md 与既有真题映射中的高频考法反查回本专题。题库既考 n(n-1)/2，也在案例中考取消例会、信息不同步和干系人参与不足。</div>
</div>",公式卡,B,3,上午选择,人力资源与沟通管理,T-COM-001,沟通渠道计算与干系人参与管理,SRC-T-COM-001-0008,topic_learning_packages/topics/09_人力资源与沟通管理/T-COM-001_专题学习包_沟通渠道计算与干系人参与管理.md,沟通渠道计算与干系人参与管理 > 本轮真题覆盖增强：沟通渠道与沟通有效性,本轮真题覆盖增强：沟通渠道与沟通有效性 本节把 questions.full.clean.md 与既有真题映射中的高频考法反查回本专题。题库既考 n(n-1)/2，也在案例中考取消例会、信息不同步和干系人参与不足。,,,,,,,,,,sha256:ea2a4349cd7f04f99c742b1a,ruankao ruankao::anki_build::20260520_223914 ruankao::difficulty::3 ruankao::domain::人力资源与沟通管理 ruankao::exam_use::上午选择 ruankao::importance::B ruankao::source_grounded ruankao::topic ruankao::topic::T-COM-001 ruankao::type::公式卡,100,final,通过内容、来源和工程门禁
软考::系统集成项目管理工程师::专题学习::09_人力资源与沟通管理::T-COM-001_沟通渠道计算与干系人参与管理,RuankaoTopicCard,题干出现哪些信号时，应想到“沟通渠道计算与干系人参与”？,"<div class=""answer-block"">
<div class=""section-title"">【答案】</div>
<div>围绕“沟通渠道计算与干系人参与管理”的对象、动作、输出物、责任主体和常见陷阱定位考点。</div>
</div>","<div class=""extra"">
<div class=""section-title"">【理解】</div>
<div>围绕“沟通渠道计算与干系人参与管理”的对象、动作、输出物、责任主体和常见陷阱定位考点。。这张卡来自源材料中的具体段落，用于把讲义内容改写为可回忆判断。</div>
<div class=""section-title"">【记忆线索】</div>
<div>先写公式，再代入数字，最后写文字判断。</div>
<div class=""section-title"">【易错点】</div>
<div>避免把相邻概念按字面相似性混用。</div>
<div class=""section-title"">【题干信号】</div>
<div>沟通、干系人</div>
<div class=""section-title"">【关联专题】</div>
<div>T-COM-001 沟通渠道计算与干系人参与管理</div>
<div class=""section-title"">【来源】</div>
<div>SRC-T-COM-001-0001：沟通渠道计算与干系人参与管理；T-COM-001｜沟通渠道计算与干系人参与管理 本专题用于学习&quot;项目沟通管理与干系人管理&quot;中最容易出计算题和辨析题的一组核心内容：沟通渠道数计算、沟通模型（发送方-接收方）、沟通方式（推/拉/交互）、干系人识别与分类、干系人参与度评估矩阵。它们不是孤立概念，而是围绕一个核心问题展开：项目经理如何确保信息在正确的干系人</div>
</div>",关键词识别卡,B,3,上午选择,人力资源与沟通管理,T-COM-001,沟通渠道计算与干系人参与管理,SRC-T-COM-001-0001,topic_learning_packages/topics/09_人力资源与沟通管理/T-COM-001_专题学习包_沟通渠道计算与干系人参与管理.md,沟通渠道计算与干系人参与管理,"T-COM-001｜沟通渠道计算与干系人参与管理 本专题用于学习""项目沟通管理与干系人管理""中最容易出计算题和辨析题的一组核心内容：沟通渠道数计算、沟通模型（发送方-接收方）、沟通方式（推/拉/交互）、干系人识别与分类、干系人参与度评估矩阵。它们不是孤立概念，而是围绕一个核心问题展开：项目经理如何确保信息在正确的干系人之间有效流动，并让干系人以合适的程度参与项目？",,,,,,,,,,sha256:f975e5678f183dc3040b45e1,ruankao ruankao::anki_build::20260520_223914 ruankao::difficulty::3 ruankao::domain::人力资源与沟通管理 ruankao::exam_use::上午选择 ruankao::importance::B ruankao::source_grounded ruankao::topic ruankao::topic::T-COM-001 ruankao::type::关键词识别卡,100,final,通过内容、来源和工程门禁
软考::系统集成项目管理工程师::专题学习::09_人力资源与沟通管理::T-COM-001_沟通渠道计算与干系人参与管理,RuankaoTopicCard,沟通渠道计算与干系人参与类案例通常应从哪些角度答？,"<div class=""answer-block"">
<div class=""section-title"">【答案】</div>
<div>先从题干事实定位“沟通渠道计算与干系人参与管理”相关管理缺口，再写原因、影响、纠正措施、预防措施和需更新的文件。</div>
</div>","<div class=""extra"">
<div class=""section-title"">【理解】</div>
<div>先从题干事实定位“沟通渠道计算与干系人参与管理”相关管理缺口，再写原因、影响、纠正措施、预防措施和需更新的文件。。这张卡来自源材料中的具体段落，用于把讲义内容改写为可回忆判断。</div>
<div class=""section-title"">【记忆线索】</div>
<div>先写公式，再代入数字，最后写文字判断。</div>
<div class=""section-title"">【易错点】</div>
<div>避免把相邻概念按字面相似性混用。</div>
<div class=""section-title"">【题干信号】</div>
<div>沟通、干系人</div>
<div class=""section-title"">【关联专题】</div>
<div>T-COM-001 沟通渠道计算与干系人参与管理</div>
<div class=""section-title"">【来源】</div>
<div>SRC-T-COM-001-0002：沟通渠道计算与干系人参与管理 &gt; 先看这个专题的主线；先看这个专题的主线 沟通管理和干系人管理在软考中经常被放在一起考，因为它们在现实中紧密相关。沟通管理关心的是&quot;信息怎么传&quot;——渠道对不对、方式合不合适、信息有没有被正确理解。</div>
</div>",案例模板卡,B,3,下午案例,人力资源与沟通管理,T-COM-001,沟通渠道计算与干系人参与管理,SRC-T-COM-001-0002,topic_learning_packages/topics/09_人力资源与沟通管理/T-COM-001_专题学习包_沟通渠道计算与干系人参与管理.md,沟通渠道计算与干系人参与管理 > 先看这个专题的主线,"先看这个专题的主线 沟通管理和干系人管理在软考中经常被放在一起考，因为它们在现实中紧密相关。沟通管理关心的是""信息怎么传""——渠道对不对、方式合不合适、信息有没有被正确理解。",,,,,,,,,,sha256:3e35608622ad441c842e9673,ruankao ruankao::anki_build::20260520_223914 ruankao::difficulty::3 ruankao::domain::人力资源与沟通管理 ruankao::exam_use::下午案例 ruankao::importance::B ruankao::source_grounded ruankao::topic ruankao::topic::T-COM-001 ruankao::type::案例模板卡,84,final,通过内容、来源和工程门禁；源材料自动扩展卡，建议后续人工润色
软考::系统集成项目管理工程师::专题学习::09_人力资源与沟通管理::T-COM-001_沟通渠道计算与干系人参与管理,RuankaoTopicCard,沟通渠道计算与干系人参与中，沟通渠道计算与干系人参与管理的考试判断要点是什么？,"<div class=""answer-block"">
<div class=""section-title"">【答案】</div>
<div>先看这个专题的主线 沟通管理和干系人管理在软考中经常被放在一起考，因为它们在现实中紧密相关。沟通管理关心的是&quot;信息怎么传&quot;——渠道对不对、方式合不合适、信息有没有被正确理解。</div>
</div>","<div class=""extra"">
<div class=""section-title"">【理解】</div>
<div>先看这个专题的主线 沟通管理和干系人管理在软考中经常被放在一起考，因为它们在现实中紧密相关。沟通管理关心的是&quot;信息怎么传&quot;——渠道对不对、方式合不合适、信息有没有被正确理解。。这张卡来自源材料中的具体段落，用于把讲义内容改写为可回忆判断。</div>
<div class=""section-title"">【记忆线索】</div>
<div>先写公式，再代入数字，最后写文字判断。</div>
<div class=""section-title"">【易错点】</div>
<div>避免把相邻概念按字面相似性混用。</div>
<div class=""section-title"">【题干信号】</div>
<div>沟通、干系人</div>
<div class=""section-title"">【关联专题】</div>
<div>T-COM-001 沟通渠道计算与干系人参与管理</div>
<div class=""section-title"">【来源】</div>
<div>SRC-T-COM-001-0002：沟通渠道计算与干系人参与管理 &gt; 先看这个专题的主线；先看这个专题的主线 沟通管理和干系人管理在软考中经常被放在一起考，因为它们在现实中紧密相关。沟通管理关心的是&quot;信息怎么传&quot;——渠道对不对、方式合不合适、信息有没有被正确理解。</div>
</div>",公式卡,C,3,上午选择,人力资源与沟通管理,T-COM-001,沟通渠道计算与干系人参与管理,SRC-T-COM-001-0002,topic_learning_packages/topics/09_人力资源与沟通管理/T-COM-001_专题学习包_沟通渠道计算与干系人参与管理.md,沟通渠道计算与干系人参与管理 > 先看这个专题的主线,"先看这个专题的主线 沟通管理和干系人管理在软考中经常被放在一起考，因为它们在现实中紧密相关。沟通管理关心的是""信息怎么传""——渠道对不对、方式合不合适、信息有没有被正确理解。",,,,,,,,,,sha256:f27d550f3fcaf2100ec3858f,ruankao ruankao::anki_build::20260520_223914 ruankao::difficulty::3 ruankao::domain::人力资源与沟通管理 ruankao::exam_use::上午选择 ruankao::importance::C ruankao::source_grounded ruankao::topic ruankao::topic::T-COM-001 ruankao::type::公式卡,84,final,通过内容、来源和工程门禁；源材料自动扩展卡，建议后续人工润色
软考::系统集成项目管理工程师::专题学习::09_人力资源与沟通管理::T-COM-001_沟通渠道计算与干系人参与管理,RuankaoTopicCard,沟通渠道计算与干系人参与中，沟通渠道数的考试判断要点是什么？,"<div class=""answer-block"">
<div class=""section-title"">【答案】</div>
<div>沟通渠道数：最常考的计算题 [公式｜沟通渠道数] 沟通渠道数 = n × (n − 1) / 2 其中 n 是参与沟通的人数（包括项目经理）。 这个公式的直觉是：在 n 个人的团队中，每两个人之间有一条双向沟通渠道。</div>
</div>","<div class=""extra"">
<div class=""section-title"">【理解】</div>
<div>沟通渠道数：最常考的计算题 [公式｜沟通渠道数] 沟通渠道数 = n × (n − 1) / 2 其中 n 是参与沟通的人数（包括项目经理）。 这个公式的直觉是：在 n 个人的团队中，每两个人之间有一条双向沟通渠道。。这张卡来自源材料中的具体段落，用于把讲义内容改写为可回忆判断。</div>
<div class=""section-title"">【记忆线索】</div>
<div>先写公式，再代入数字，最后写文字判断。</div>
<div class=""section-title"">【易错点】</div>
<div>避免把相邻概念按字面相似性混用。</div>
<div class=""section-title"">【题干信号】</div>
<div>沟通、干系人</div>
<div class=""section-title"">【关联专题】</div>
<div>T-COM-001 沟通渠道计算与干系人参与管理</div>
<div class=""section-title"">【来源】</div>
<div>SRC-T-COM-001-0003：沟通渠道计算与干系人参与管理 &gt; 沟通渠道数：最常考的计算题；沟通渠道数：最常考的计算题 [公式｜沟通渠道数] 沟通渠道数 = n × (n − 1) / 2 其中 n 是参与沟通的人数（包括项目经理）。 这个公式的直觉是：在 n 个人的团队中，每两个人之间有一条双向沟通渠道。</div>
</div>",公式卡,C,3,上午选择,人力资源与沟通管理,T-COM-001,沟通渠道计算与干系人参与管理,SRC-T-COM-001-0003,topic_learning_packages/topics/09_人力资源与沟通管理/T-COM-001_专题学习包_沟通渠道计算与干系人参与管理.md,沟通渠道计算与干系人参与管理 > 沟通渠道数：最常考的计算题,沟通渠道数：最常考的计算题 [公式｜沟通渠道数] 沟通渠道数 = n × (n − 1) / 2 其中 n 是参与沟通的人数（包括项目经理）。 这个公式的直觉是：在 n 个人的团队中，每两个人之间有一条双向沟通渠道。,,,,,,,,,,sha256:455c3f3bfa4974d6af92bc0e,ruankao ruankao::anki_build::20260520_223914 ruankao::difficulty::3 ruankao::domain::人力资源与沟通管理 ruankao::exam_use::上午选择 ruankao::importance::C ruankao::source_grounded ruankao::topic ruankao::topic::T-COM-001 ruankao::type::公式卡,84,final,通过内容、来源和工程门禁；源材料自动扩展卡，建议后续人工润色
软考::系统集成项目管理工程师::专题学习::09_人力资源与沟通管理::T-COM-001_沟通渠道计算与干系人参与管理,RuankaoTopicCard,沟通渠道计算与干系人参与中，沟通模型的考试判断要点是什么？,"<div class=""answer-block"">
<div class=""section-title"">【答案】</div>
<div>沟通模型：信息不只是&quot;发出去了&quot;就完了 [核心模型｜发送方-接收方沟通模型] 发送方：编码 → 发送消息 → 通过媒介传递 接收方：接收消息 → 解码 → 理解 → 反馈确认 噪声存在于整个过程中，可能干扰或曲解信息。 从这个模型中，可以衍生几个考试要点： 1. 编码和解码的不对称性：发送方和接收方可能用不同的&quot;翻译系统&quot;（不同的专业领域、文化背景、语言习惯），这是沟通障碍的根源。</div>
</div>","<div class=""extra"">
<div class=""section-title"">【理解】</div>
<div>沟通模型：信息不只是&quot;发出去了&quot;就完了 [核心模型｜发送方-接收方沟通模型] 发送方：编码 → 发送消息 → 通过媒介传递 接收方：接收消息 → 解码 → 理解 → 反馈确认 噪声存在于整个过程中，可能干扰或曲解信息。 从这个模型中，可以衍生几个考试要点： 1. 编码和解码的不对称性：发送方和接收方可能用不同的&quot;翻译系统&quot;（不同的专业领域、文化背景、语言习惯），这是沟通障碍的根源。。这张卡来自源材料中的具体段落，用于把讲义内容改写为可回忆判断。</div>
<div class=""section-title"">【记忆线索】</div>
<div>先写公式，再代入数字，最后写文字判断。</div>
<div class=""section-title"">【易错点】</div>
<div>避免把相邻概念按字面相似性混用。</div>
<div class=""section-title"">【题干信号】</div>
<div>沟通、干系人</div>
<div class=""section-title"">【关联专题】</div>
<div>T-COM-001 沟通渠道计算与干系人参与管理</div>
<div class=""section-title"">【来源】</div>
<div>SRC-T-COM-001-0004：沟通渠道计算与干系人参与管理 &gt; 沟通模型：信息不只是&quot;发出去了&quot;就完了；沟通模型：信息不只是&quot;发出去了&quot;就完了 [核心模型｜发送方-接收方沟通模型] 发送方：编码 → 发送消息 → 通过媒介传递 接收方：接收消息 → 解码 → 理解 → 反馈确认 噪声存在于整个过程中，可能干扰或曲解信息。 从这个模型中，可以衍生几个考试要点： 1. 编码和解码的不对称性：发送方和接收方可能用不同的&quot;翻译系</div>
</div>",公式卡,C,3,上午选择,人力资源与沟通管理,T-COM-001,沟通渠道计算与干系人参与管理,SRC-T-COM-001-0004,topic_learning_packages/topics/09_人力资源与沟通管理/T-COM-001_专题学习包_沟通渠道计算与干系人参与管理.md,"沟通渠道计算与干系人参与管理 > 沟通模型：信息不只是""发出去了""就完了","沟通模型：信息不只是""发出去了""就完了 [核心模型｜发送方-接收方沟通模型] 发送方：编码 → 发送消息 → 通过媒介传递 接收方：接收消息 → 解码 → 理解 → 反馈确认 噪声存在于整个过程中，可能干扰或曲解信息。 从这个模型中，可以衍生几个考试要点： 1. 编码和解码的不对称性：发送方和接收方可能用不同的""翻译系统""（不同的专业领域、文化背景、语言习惯），这是沟通障碍的根源。",,,,,,,,,,sha256:c9ecdaa4b0609ecd56daf32f,ruankao ruankao::anki_build::20260520_223914 ruankao::difficulty::3 ruankao::domain::人力资源与沟通管理 ruankao::exam_use::上午选择 ruankao::importance::C ruankao::source_grounded ruankao::topic ruankao::topic::T-COM-001 ruankao::type::公式卡,84,final,通过内容、来源和工程门禁；源材料自动扩展卡，建议后续人工润色
软考::系统集成项目管理工程师::专题学习::09_人力资源与沟通管理::T-HR-001_项目人力资源管理_组织计划、团队建设与团队管理,RuankaoTopicCard,项目人力资源管理相关公式或计算判断规则是什么？,"<div class=""answer-block"">
<div class=""section-title"">【答案】</div>
<div>T-HR-001｜项目人力资源管理：组织计划、团队建设与团队管理 本专题用于学习&quot;项目人力资源管理&quot;的核心内容：人力资源计划、RAM（责任分配矩阵）、OBS（组织分解结构）、RACI 矩阵、团队组建（招募/虚拟团队）、团队建设（塔克曼阶梯模型、激励理论）、团队管理（冲突管理、绩效考核）。它们不是孤立的人事管理概念，而是围绕一个核心问题展开：如何确保项目有正确的人、以正确的角色、在正确的阶段、用正确的协作方式，共同完成项目目标？</div>
</div>","<div class=""extra"">
<div class=""section-title"">【理解】</div>
<div>T-HR-001｜项目人力资源管理：组织计划、团队建设与团队管理 本专题用于学习&quot;项目人力资源管理&quot;的核心内容：人力资源计划、RAM（责任分配矩阵）、OBS（组织分解结构）、RACI 矩阵、团队组建（招募/虚拟团队）、团队建设（塔克曼阶梯模型、激励理论）、团队管理（冲突管理、绩效考核）。它们不是孤立的人事管理概念，而是围绕一个核心问题展开：如何确保项目有正确的人、以正确的角色、在正确的阶段、用正确的协作方式，共同完成项目目标？。这张卡来自源材料中的具体段落，用于把讲义内容改写为可回忆判断。</div>
<div class=""section-title"">【记忆线索】</div>
<div>先写公式，再代入数字，最后写文字判断。</div>
<div class=""section-title"">【易错点】</div>
<div>避免把相邻概念按字面相似性混用。</div>
<div class=""section-title"">【题干信号】</div>
<div>问题</div>
<div class=""section-title"">【关联专题】</div>
<div>T-HR-001 项目人力资源管理：组织计划、团队建设与团队管理</div>
<div class=""section-title"">【来源】</div>
<div>SRC-T-HR-001-0001：项目人力资源管理：组织计划、团队建设与团队管理；T-HR-001｜项目人力资源管理：组织计划、团队建设与团队管理 本专题用于学习&quot;项目人力资源管理&quot;的核心内容：人力资源计划、RAM（责任分配矩阵）、OBS（组织分解结构）、RACI 矩阵、团队组建（招募/虚拟团队）、团队建设（塔克曼阶梯模型、激励理论）、团队管理（冲突管理、绩效考核）。它们不是孤立的人事管理概念，而是</div>
</div>",公式卡,B,3,上午选择,人力资源与沟通管理,T-HR-001,项目人力资源管理：组织计划、团队建设与团队管理,SRC-T-HR-001-0001,topic_learning_packages/topics/09_人力资源与沟通管理/T-HR-001_专题学习包_项目人力资源管理组织计划团队建设与团队管理.md,项目人力资源管理：组织计划、团队建设与团队管理,"T-HR-001｜项目人力资源管理：组织计划、团队建设与团队管理 本专题用于学习""项目人力资源管理""的核心内容：人力资源计划、RAM（责任分配矩阵）、OBS（组织分解结构）、RACI 矩阵、团队组建（招募/虚拟团队）、团队建设（塔克曼阶梯模型、激励理论）、团队管理（冲突管理、绩效考核）。它们不是孤立的人事管理概念，而是围绕一个核心问题展开：如何确保项目有正确的人、以正确的角色、在正确的阶段、用正确的协作方式，共同完成项目目标？",,,,,,,,,,sha256:2def4694b8fbc3a2d2a0d433,ruankao ruankao::anki_build::20260520_223914 ruankao::difficulty::3 ruankao::domain::人力资源与沟通管理 ruankao::exam_use::上午选择 ruankao::importance::B ruankao::source_grounded ruankao::topic ruankao::topic::T-HR-001 ruankao::type::公式卡,100,final,通过内容、来源和工程门禁
软考::系统集成项目管理工程师::专题学习::09_人力资源与沟通管理::T-HR-001_项目人力资源管理_组织计划、团队建设与团队管理,RuankaoTopicCard,项目人力资源管理相关公式或计算判断规则是什么？,"<div class=""answer-block"">
<div class=""section-title"">【答案】</div>
<div>先看这个专题的主线 人力资源管理在十大知识域中是一个&quot;被夹在中间&quot;的领域——它不像成本和进度那样有大量计算题，但选择、辨析和案例题对它特别偏爱。其中最常考的两大块：一是结构化工具（RAM/OBS/RACI）怎么用；二是塔克曼团队发展阶段和冲突管理怎么判断。</div>
</div>","<div class=""extra"">
<div class=""section-title"">【理解】</div>
<div>先看这个专题的主线 人力资源管理在十大知识域中是一个&quot;被夹在中间&quot;的领域——它不像成本和进度那样有大量计算题，但选择、辨析和案例题对它特别偏爱。其中最常考的两大块：一是结构化工具（RAM/OBS/RACI）怎么用；二是塔克曼团队发展阶段和冲突管理怎么判断。。这张卡来自源材料中的具体段落，用于把讲义内容改写为可回忆判断。</div>
<div class=""section-title"">【记忆线索】</div>
<div>先写公式，再代入数字，最后写文字判断。</div>
<div class=""section-title"">【易错点】</div>
<div>避免把相邻概念按字面相似性混用。</div>
<div class=""section-title"">【题干信号】</div>
<div>定义识别、场景判断、角色/流程边界。</div>
<div class=""section-title"">【关联专题】</div>
<div>T-HR-001 项目人力资源管理：组织计划、团队建设与团队管理</div>
<div class=""section-title"">【来源】</div>
<div>SRC-T-HR-001-0002：项目人力资源管理：组织计划、团队建设与团队管理 &gt; 先看这个专题的主线；先看这个专题的主线 人力资源管理在十大知识域中是一个&quot;被夹在中间&quot;的领域——它不像成本和进度那样有大量计算题，但选择、辨析和案例题对它特别偏爱。其中最常考的两大块：一是结构化工具（RAM/OBS/RACI）怎么用；二是塔克曼团队发展阶段和冲突管理怎么判断。</div>
</div>",公式卡,B,3,上午选择,人力资源与沟通管理,T-HR-001,项目人力资源管理：组织计划、团队建设与团队管理,SRC-T-HR-001-0002,topic_learning_packages/topics/09_人力资源与沟通管理/T-HR-001_专题学习包_项目人力资源管理组织计划团队建设与团队管理.md,项目人力资源管理：组织计划、团队建设与团队管理 > 先看这个专题的主线,"先看这个专题的主线 人力资源管理在十大知识域中是一个""被夹在中间""的领域——它不像成本和进度那样有大量计算题，但选择、辨析和案例题对它特别偏爱。其中最常考的两大块：一是结构化工具（RAM/OBS/RACI）怎么用；二是塔克曼团队发展阶段和冲突管理怎么判断。",,,,,,,,,,sha256:1abc3fada91d4003e8b17bf0,ruankao ruankao::anki_build::20260520_223914 ruankao::difficulty::3 ruankao::domain::人力资源与沟通管理 ruankao::exam_use::上午选择 ruankao::importance::B ruankao::source_grounded ruankao::topic ruankao::topic::T-HR-001 ruankao::type::公式卡,100,final,通过内容、来源和工程门禁
软考::系统集成项目管理工程师::专题学习::09_人力资源与沟通管理::T-HR-001_项目人力资源管理_组织计划、团队建设与团队管理,RuankaoTopicCard,结构化组织工具相关公式或计算判断规则是什么？,"<div class=""answer-block"">
<div class=""section-title"">【答案】</div>
<div>结构化组织工具：WBS → OBS → RAM → RACI 这四个缩写的关系是渐进细化的： [概念链｜WBS → OBS → RAM → RACI] WBS 定义了&quot;做什么&quot;（工作包），OBS 定义了&quot;组织怎么分&quot;（部门/团队结构），RAM 把两者交叉形成&quot;谁做什么&quot;的矩阵，RACI 进一步细化到&quot;谁负责、谁批准、问谁、告诉谁&quot;。 工具 全称 作用 考试关键词 ------------ WBS Work Breakdown Struc</div>
</div>","<div class=""extra"">
<div class=""section-title"">【理解】</div>
<div>结构化组织工具：WBS → OBS → RAM → RACI 这四个缩写的关系是渐进细化的： [概念链｜WBS → OBS → RAM → RACI] WBS 定义了&quot;做什么&quot;（工作包），OBS 定义了&quot;组织怎么分&quot;（部门/团队结构），RAM 把两者交叉形成&quot;谁做什么&quot;的矩阵，RACI 进一步细化到&quot;谁负责、谁批准、问谁、告诉谁&quot;。 工具 全称 作用 考试关键词 ------------ WBS Work Breakdown Struc。这张卡来自源材料中的具体段落，用于把讲义内容改写为可回忆判断。</div>
<div class=""section-title"">【记忆线索】</div>
<div>先写公式，再代入数字，最后写文字判断。</div>
<div class=""section-title"">【易错点】</div>
<div>避免把相邻概念按字面相似性混用。</div>
<div class=""section-title"">【题干信号】</div>
<div>WBS</div>
<div class=""section-title"">【关联专题】</div>
<div>T-HR-001 项目人力资源管理：组织计划、团队建设与团队管理</div>
<div class=""section-title"">【来源】</div>
<div>SRC-T-HR-001-0003：项目人力资源管理：组织计划、团队建设与团队管理 &gt; 结构化组织工具：WBS → OBS → RAM → RACI；结构化组织工具：WBS → OBS → RAM → RACI 这四个缩写的关系是渐进细化的： [概念链｜WBS → OBS → RAM → RACI] WBS 定义了&quot;做什么&quot;（工作包），OBS 定义了&quot;组织怎么分&quot;（部门/团队结构），RAM 把两者交叉形成&quot;谁做什么&quot;的矩阵，RACI 进一步细化到&quot;谁负责、谁批准、问</div>
</div>",公式卡,B,3,上午选择,人力资源与沟通管理,T-HR-001,项目人力资源管理：组织计划、团队建设与团队管理,SRC-T-HR-001-0003,topic_learning_packages/topics/09_人力资源与沟通管理/T-HR-001_专题学习包_项目人力资源管理组织计划团队建设与团队管理.md,项目人力资源管理：组织计划、团队建设与团队管理 > 结构化组织工具：WBS → OBS → RAM → RACI,"结构化组织工具：WBS → OBS → RAM → RACI 这四个缩写的关系是渐进细化的： [概念链｜WBS → OBS → RAM → RACI] WBS 定义了""做什么""（工作包），OBS 定义了""组织怎么分""（部门/团队结构），RAM 把两者交叉形成""谁做什么""的矩阵，RACI 进一步细化到""谁负责、谁批准、问谁、告诉谁""。 工具 全称 作用 考试关键词 ------------ WBS Work Breakdown Struc",,,,,,,,,,sha256:24dc04068500a548a2d97a7d,ruankao ruankao::anki_build::20260520_223914 ruankao::difficulty::3 ruankao::domain::人力资源与沟通管理 ruankao::exam_use::上午选择 ruankao::importance::B ruankao::source_grounded ruankao::topic ruankao::topic::T-HR-001 ruankao::type::公式卡,90,final,Back 偏长
软考::系统集成项目管理工程师::专题学习::09_人力资源与沟通管理::T-HR-001_项目人力资源管理_组织计划、团队建设与团队管理,RuankaoTopicCard,塔克曼阶梯模型的考试要点是什么？,"<div class=""answer-block"">
<div class=""section-title"">【答案】</div>
<div>塔克曼阶梯模型 [概念组｜塔克曼团队发展五阶段] 1. 形成期（Forming）：成员互相认识、了解目标。依赖领导指引。</div>
</div>","<div class=""extra"">
<div class=""section-title"">【理解】</div>
<div>塔克曼阶梯模型 [概念组｜塔克曼团队发展五阶段] 1. 形成期（Forming）：成员互相认识、了解目标。依赖领导指引。。这张卡来自源材料中的具体段落，用于把讲义内容改写为可回忆判断。</div>
<div class=""section-title"">【记忆线索】</div>
<div>抓住题干中的对象、动作和输出，不背整段讲义。</div>
<div class=""section-title"">【易错点】</div>
<div>避免把相邻概念按字面相似性混用。</div>
<div class=""section-title"">【题干信号】</div>
<div>定义识别、场景判断、角色/流程边界。</div>
<div class=""section-title"">【关联专题】</div>
<div>T-HR-001 项目人力资源管理：组织计划、团队建设与团队管理</div>
<div class=""section-title"">【来源】</div>
<div>SRC-T-HR-001-0004：项目人力资源管理：组织计划、团队建设与团队管理 &gt; 塔克曼阶梯模型；塔克曼阶梯模型 [概念组｜塔克曼团队发展五阶段] 1. 形成期（Forming）：成员互相认识、了解目标。依赖领导指引。</div>
</div>",概念卡,B,3,上午选择,人力资源与沟通管理,T-HR-001,项目人力资源管理：组织计划、团队建设与团队管理,SRC-T-HR-001-0004,topic_learning_packages/topics/09_人力资源与沟通管理/T-HR-001_专题学习包_项目人力资源管理组织计划团队建设与团队管理.md,项目人力资源管理：组织计划、团队建设与团队管理 > 塔克曼阶梯模型,塔克曼阶梯模型 [概念组｜塔克曼团队发展五阶段] 1. 形成期（Forming）：成员互相认识、了解目标。依赖领导指引。,,,,,,,,,,sha256:e13ce017692d9cd118a636c6,ruankao ruankao::anki_build::20260520_223914 ruankao::difficulty::3 ruankao::domain::人力资源与沟通管理 ruankao::exam_use::上午选择 ruankao::importance::B ruankao::source_grounded ruankao::topic ruankao::topic::T-HR-001 ruankao::type::概念卡,100,final,通过内容、来源和工程门禁
软考::系统集成项目管理工程师::专题学习::09_人力资源与沟通管理::T-HR-001_项目人力资源管理_组织计划、团队建设与团队管理,RuankaoTopicCard,冲突管理五种策略的考试要点是什么？,"<div class=""answer-block"">
<div class=""section-title"">【答案】</div>
<div>冲突管理五种策略 [概念组｜冲突管理五策略]（按&quot;坚持己见&quot;和&quot;合作程度&quot;两个维度区分） 1. 强制（Forcing）：一方赢一方输。紧急情况或需要快速决策时使用。</div>
</div>","<div class=""extra"">
<div class=""section-title"">【理解】</div>
<div>冲突管理五种策略 [概念组｜冲突管理五策略]（按&quot;坚持己见&quot;和&quot;合作程度&quot;两个维度区分） 1. 强制（Forcing）：一方赢一方输。紧急情况或需要快速决策时使用。。这张卡来自源材料中的具体段落，用于把讲义内容改写为可回忆判断。</div>
<div class=""section-title"">【记忆线索】</div>
<div>抓住题干中的对象、动作和输出，不背整段讲义。</div>
<div class=""section-title"">【易错点】</div>
<div>避免把相邻概念按字面相似性混用。</div>
<div class=""section-title"">【题干信号】</div>
<div>定义识别、场景判断、角色/流程边界。</div>
<div class=""section-title"">【关联专题】</div>
<div>T-HR-001 项目人力资源管理：组织计划、团队建设与团队管理</div>
<div class=""section-title"">【来源】</div>
<div>SRC-T-HR-001-0005：项目人力资源管理：组织计划、团队建设与团队管理 &gt; 冲突管理五种策略；冲突管理五种策略 [概念组｜冲突管理五策略]（按&quot;坚持己见&quot;和&quot;合作程度&quot;两个维度区分） 1. 强制（Forcing）：一方赢一方输。紧急情况或需要快速决策时使用。</div>
</div>",概念卡,B,3,上午选择,人力资源与沟通管理,T-HR-001,项目人力资源管理：组织计划、团队建设与团队管理,SRC-T-HR-001-0005,topic_learning_packages/topics/09_人力资源与沟通管理/T-HR-001_专题学习包_项目人力资源管理组织计划团队建设与团队管理.md,项目人力资源管理：组织计划、团队建设与团队管理 > 冲突管理五种策略,"冲突管理五种策略 [概念组｜冲突管理五策略]（按""坚持己见""和""合作程度""两个维度区分） 1. 强制（Forcing）：一方赢一方输。紧急情况或需要快速决策时使用。",,,,,,,,,,sha256:b2bdb26b75f8d9ab08c58b53,ruankao ruankao::anki_build::20260520_223914 ruankao::difficulty::3 ruankao::domain::人力资源与沟通管理 ruankao::exam_use::上午选择 ruankao::importance::B ruankao::source_grounded ruankao::topic ruankao::topic::T-HR-001 ruankao::type::概念卡,100,final,通过内容、来源和工程门禁
软考::系统集成项目管理工程师::专题学习::09_人力资源与沟通管理::T-HR-001_项目人力资源管理_组织计划、团队建设与团队管理,RuankaoTopicCard,典型题详解与举一反三相关公式或计算判断规则是什么？,"<div class=""answer-block"">
<div class=""section-title"">【答案】</div>
<div>典型题详解与举一反三 例题 1｜RACI 的角色识别 在 RACI 矩阵中，活动必须只有一个的角色是： A. R（负责） B. A（批准/问责） C. C（咨询） D. I（知会） 正确答案是 B。每个任务只能有一个 A（Accountable），确保问责的单一性。</div>
</div>","<div class=""extra"">
<div class=""section-title"">【理解】</div>
<div>典型题详解与举一反三 例题 1｜RACI 的角色识别 在 RACI 矩阵中，活动必须只有一个的角色是： A. R（负责） B. A（批准/问责） C. C（咨询） D. I（知会） 正确答案是 B。每个任务只能有一个 A（Accountable），确保问责的单一性。。这张卡来自源材料中的具体段落，用于把讲义内容改写为可回忆判断。</div>
<div class=""section-title"">【记忆线索】</div>
<div>先写公式，再代入数字，最后写文字判断。</div>
<div class=""section-title"">【易错点】</div>
<div>避免把相邻概念按字面相似性混用。</div>
<div class=""section-title"">【题干信号】</div>
<div>定义识别、场景判断、角色/流程边界。</div>
<div class=""section-title"">【关联专题】</div>
<div>T-HR-001 项目人力资源管理：组织计划、团队建设与团队管理</div>
<div class=""section-title"">【来源】</div>
<div>SRC-T-HR-001-0007：项目人力资源管理：组织计划、团队建设与团队管理 &gt; 典型题详解与举一反三；典型题详解与举一反三 例题 1｜RACI 的角色识别 在 RACI 矩阵中，活动必须只有一个的角色是： A. R（负责） B. A（批准/问责） C. C（咨询） D. I（知会） 正确答案是 B。每个任务只能有一个 A（Accountable），确保问责的单一性。</div>
</div>",公式卡,B,3,上午选择,人力资源与沟通管理,T-HR-001,项目人力资源管理：组织计划、团队建设与团队管理,SRC-T-HR-001-0007,topic_learning_packages/topics/09_人力资源与沟通管理/T-HR-001_专题学习包_项目人力资源管理组织计划团队建设与团队管理.md,项目人力资源管理：组织计划、团队建设与团队管理 > 典型题详解与举一反三,典型题详解与举一反三 例题 1｜RACI 的角色识别 在 RACI 矩阵中，活动必须只有一个的角色是： A. R（负责） B. A（批准/问责） C. C（咨询） D. I（知会） 正确答案是 B。每个任务只能有一个 A（Accountable），确保问责的单一性。,,,,,,,,,,sha256:06c4a7d600653ec12abe08ba,ruankao ruankao::anki_build::20260520_223914 ruankao::difficulty::3 ruankao::domain::人力资源与沟通管理 ruankao::exam_use::上午选择 ruankao::importance::B ruankao::source_grounded ruankao::topic ruankao::topic::T-HR-001 ruankao::type::公式卡,100,final,通过内容、来源和工程门禁
软考::系统集成项目管理工程师::专题学习::09_人力资源与沟通管理::T-HR-001_项目人力资源管理_组织计划、团队建设与团队管理,RuankaoTopicCard,本轮真题覆盖增强类案例应从哪些角度分析？,"<div class=""answer-block"">
<div class=""section-title"">【答案】</div>
<div>本轮真题覆盖增强：RAM、团队建设与激励 本节把 questions.full.clean.md 与既有真题映射中的高频考法反查回本专题。2010 上午题考 RAM、马斯洛需要层次；案例题常用新人赶工、士气低、冲突处理设问。</div>
</div>","<div class=""extra"">
<div class=""section-title"">【理解】</div>
<div>本轮真题覆盖增强：RAM、团队建设与激励 本节把 questions.full.clean.md 与既有真题映射中的高频考法反查回本专题。2010 上午题考 RAM、马斯洛需要层次；案例题常用新人赶工、士气低、冲突处理设问。。这张卡来自源材料中的具体段落，用于把讲义内容改写为可回忆判断。</div>
<div class=""section-title"">【记忆线索】</div>
<div>抓住题干中的对象、动作和输出，不背整段讲义。</div>
<div class=""section-title"">【易错点】</div>
<div>避免把相邻概念按字面相似性混用。</div>
<div class=""section-title"">【题干信号】</div>
<div>定义识别、场景判断、角色/流程边界。</div>
<div class=""section-title"">【关联专题】</div>
<div>T-HR-001 项目人力资源管理：组织计划、团队建设与团队管理</div>
<div class=""section-title"">【来源】</div>
<div>SRC-T-HR-001-0008：项目人力资源管理：组织计划、团队建设与团队管理 &gt; 本轮真题覆盖增强：RAM、团队建设与激励；本轮真题覆盖增强：RAM、团队建设与激励 本节把 questions.full.clean.md 与既有真题映射中的高频考法反查回本专题。2010 上午题考 RAM、马斯洛需要层次；案例题常用新人赶工、士气低、冲突处理设问。</div>
</div>",案例模板卡,B,3,下午案例,人力资源与沟通管理,T-HR-001,项目人力资源管理：组织计划、团队建设与团队管理,SRC-T-HR-001-0008,topic_learning_packages/topics/09_人力资源与沟通管理/T-HR-001_专题学习包_项目人力资源管理组织计划团队建设与团队管理.md,项目人力资源管理：组织计划、团队建设与团队管理 > 本轮真题覆盖增强：RAM、团队建设与激励,本轮真题覆盖增强：RAM、团队建设与激励 本节把 questions.full.clean.md 与既有真题映射中的高频考法反查回本专题。2010 上午题考 RAM、马斯洛需要层次；案例题常用新人赶工、士气低、冲突处理设问。,,,,,,,,,,sha256:43ac6053b115536912192439,ruankao ruankao::anki_build::20260520_223914 ruankao::difficulty::3 ruankao::domain::人力资源与沟通管理 ruankao::exam_use::下午案例 ruankao::importance::B ruankao::source_grounded ruankao::topic ruankao::topic::T-HR-001 ruankao::type::案例模板卡,100,final,通过内容、来源和工程门禁
软考::系统集成项目管理工程师::专题学习::09_人力资源与沟通管理::T-HR-001_项目人力资源管理_组织计划、团队建设与团队管理,RuankaoTopicCard,题干出现哪些信号时，应想到“项目人力资源”？,"<div class=""answer-block"">
<div class=""section-title"">【答案】</div>
<div>围绕“项目人力资源管理：组织计划、团队建设与团队管理”的对象、动作、输出物、责任主体和常见陷阱定位考点。</div>
</div>","<div class=""extra"">
<div class=""section-title"">【理解】</div>
<div>围绕“项目人力资源管理：组织计划、团队建设与团队管理”的对象、动作、输出物、责任主体和常见陷阱定位考点。。这张卡来自源材料中的具体段落，用于把讲义内容改写为可回忆判断。</div>
<div class=""section-title"">【记忆线索】</div>
<div>抓住题干中的对象、动作和输出，不背整段讲义。</div>
<div class=""section-title"">【易错点】</div>
<div>避免把相邻概念按字面相似性混用。</div>
<div class=""section-title"">【题干信号】</div>
<div>定义识别、场景判断、角色/流程边界。</div>
<div class=""section-title"">【关联专题】</div>
<div>T-HR-001 项目人力资源管理：组织计划、团队建设与团队管理</div>
<div class=""section-title"">【来源】</div>
<div>SRC-T-HR-001-0001：项目人力资源管理：组织计划、团队建设与团队管理；T-HR-001｜项目人力资源管理：组织计划、团队建设与团队管理 本专题用于学习&quot;项目人力资源管理&quot;的核心内容：人力资源计划、RAM（责任分配矩阵）、OBS（组织分解结构）、RACI 矩阵、团队组建（招募/虚拟团队）、团队建设（塔克曼阶梯模型、激励理论）、团队管理（冲突管理、绩效考核）。它们不是孤立的人事管理概念，而是</div>
</div>",关键词识别卡,B,3,上午选择,人力资源与沟通管理,T-HR-001,项目人力资源管理：组织计划、团队建设与团队管理,SRC-T-HR-001-0001,topic_learning_packages/topics/09_人力资源与沟通管理/T-HR-001_专题学习包_项目人力资源管理组织计划团队建设与团队管理.md,项目人力资源管理：组织计划、团队建设与团队管理,"T-HR-001｜项目人力资源管理：组织计划、团队建设与团队管理 本专题用于学习""项目人力资源管理""的核心内容：人力资源计划、RAM（责任分配矩阵）、OBS（组织分解结构）、RACI 矩阵、团队组建（招募/虚拟团队）、团队建设（塔克曼阶梯模型、激励理论）、团队管理（冲突管理、绩效考核）。它们不是孤立的人事管理概念，而是围绕一个核心问题展开：如何确保项目有正确的人、以正确的角色、在正确的阶段、用正确的协作方式，共同完成项目目标？",,,,,,,,,,sha256:00440af6d2b4cada1f3e6103,ruankao ruankao::anki_build::20260520_223914 ruankao::difficulty::3 ruankao::domain::人力资源与沟通管理 ruankao::exam_use::上午选择 ruankao::importance::B ruankao::source_grounded ruankao::topic ruankao::topic::T-HR-001 ruankao::type::关键词识别卡,100,final,通过内容、来源和工程门禁
软考::系统集成项目管理工程师::专题学习::09_人力资源与沟通管理::T-HR-001_项目人力资源管理_组织计划、团队建设与团队管理,RuankaoTopicCard,项目人力资源中，项目人力资源管理的考试判断要点是什么？,"<div class=""answer-block"">
<div class=""section-title"">【答案】</div>
<div>先看这个专题的主线 人力资源管理在十大知识域中是一个&quot;被夹在中间&quot;的领域——它不像成本和进度那样有大量计算题，但选择、辨析和案例题对它特别偏爱。其中最常考的两大块：一是结构化工具（RAM/OBS/RACI）怎么用；二是塔克曼团队发展阶段和冲突管理怎么判断。</div>
</div>","<div class=""extra"">
<div class=""section-title"">【理解】</div>
<div>先看这个专题的主线 人力资源管理在十大知识域中是一个&quot;被夹在中间&quot;的领域——它不像成本和进度那样有大量计算题，但选择、辨析和案例题对它特别偏爱。其中最常考的两大块：一是结构化工具（RAM/OBS/RACI）怎么用；二是塔克曼团队发展阶段和冲突管理怎么判断。。这张卡来自源材料中的具体段落，用于把讲义内容改写为可回忆判断。</div>
<div class=""section-title"">【记忆线索】</div>
<div>抓住题干中的对象、动作和输出，不背整段讲义。</div>
<div class=""section-title"">【易错点】</div>
<div>避免把相邻概念按字面相似性混用。</div>
<div class=""section-title"">【题干信号】</div>
<div>定义识别、场景判断、角色/流程边界。</div>
<div class=""section-title"">【关联专题】</div>
<div>T-HR-001 项目人力资源管理：组织计划、团队建设与团队管理</div>
<div class=""section-title"">【来源】</div>
<div>SRC-T-HR-001-0002：项目人力资源管理：组织计划、团队建设与团队管理 &gt; 先看这个专题的主线；先看这个专题的主线 人力资源管理在十大知识域中是一个&quot;被夹在中间&quot;的领域——它不像成本和进度那样有大量计算题，但选择、辨析和案例题对它特别偏爱。其中最常考的两大块：一是结构化工具（RAM/OBS/RACI）怎么用；二是塔克曼团队发展阶段和冲突管理怎么判断。</div>
</div>",概念卡,C,3,上午选择,人力资源与沟通管理,T-HR-001,项目人力资源管理：组织计划、团队建设与团队管理,SRC-T-HR-001-0002,topic_learning_packages/topics/09_人力资源与沟通管理/T-HR-001_专题学习包_项目人力资源管理组织计划团队建设与团队管理.md,项目人力资源管理：组织计划、团队建设与团队管理 > 先看这个专题的主线,"先看这个专题的主线 人力资源管理在十大知识域中是一个""被夹在中间""的领域——它不像成本和进度那样有大量计算题，但选择、辨析和案例题对它特别偏爱。其中最常考的两大块：一是结构化工具（RAM/OBS/RACI）怎么用；二是塔克曼团队发展阶段和冲突管理怎么判断。",,,,,,,,,,sha256:53c990e7b4a240fb245b63ed,ruankao ruankao::anki_build::20260520_223914 ruankao::difficulty::3 ruankao::domain::人力资源与沟通管理 ruankao::exam_use::上午选择 ruankao::importance::C ruankao::source_grounded ruankao::topic ruankao::topic::T-HR-001 ruankao::type::概念卡,84,final,通过内容、来源和工程门禁；源材料自动扩展卡，建议后续人工润色
软考::系统集成项目管理工程师::专题学习::09_人力资源与沟通管理::T-HR-001_项目人力资源管理_组织计划、团队建设与团队管理,RuankaoTopicCard,项目人力资源中，结构化组织工具的考试判断要点是什么？,"<div class=""answer-block"">
<div class=""section-title"">【答案】</div>
<div>结构化组织工具：WBS → OBS → RAM → RACI 这四个缩写的关系是渐进细化的： [概念链｜WBS → OBS → RAM → RACI] WBS 定义了&quot;做什么&quot;（工作包），OBS 定义了&quot;组织怎么分&quot;（部门/团队结构），RAM 把两者交叉形成&quot;谁做什么&quot;的矩阵，RACI 进一步细化到&quot;谁负责、谁批准、问谁、告诉谁&quot;。 工具 全称 作用 考试关键词 ------------ WBS Work Breakdown Struc</div>
</div>","<div class=""extra"">
<div class=""section-title"">【理解】</div>
<div>结构化组织工具：WBS → OBS → RAM → RACI 这四个缩写的关系是渐进细化的： [概念链｜WBS → OBS → RAM → RACI] WBS 定义了&quot;做什么&quot;（工作包），OBS 定义了&quot;组织怎么分&quot;（部门/团队结构），RAM 把两者交叉形成&quot;谁做什么&quot;的矩阵，RACI 进一步细化到&quot;谁负责、谁批准、问谁、告诉谁&quot;。 工具 全称 作用 考试关键词 ------------ WBS Work Breakdown Struc。这张卡来自源材料中的具体段落，用于把讲义内容改写为可回忆判断。</div>
<div class=""section-title"">【记忆线索】</div>
<div>抓住题干中的对象、动作和输出，不背整段讲义。</div>
<div class=""section-title"">【易错点】</div>
<div>避免把相邻概念按字面相似性混用。</div>
<div class=""section-title"">【题干信号】</div>
<div>WBS</div>
<div class=""section-title"">【关联专题】</div>
<div>T-HR-001 项目人力资源管理：组织计划、团队建设与团队管理</div>
<div class=""section-title"">【来源】</div>
<div>SRC-T-HR-001-0003：项目人力资源管理：组织计划、团队建设与团队管理 &gt; 结构化组织工具：WBS → OBS → RAM → RACI；结构化组织工具：WBS → OBS → RAM → RACI 这四个缩写的关系是渐进细化的： [概念链｜WBS → OBS → RAM → RACI] WBS 定义了&quot;做什么&quot;（工作包），OBS 定义了&quot;组织怎么分&quot;（部门/团队结构），RAM 把两者交叉形成&quot;谁做什么&quot;的矩阵，RACI 进一步细化到&quot;谁负责、谁批准、问</div>
</div>",公式卡,C,3,上午选择,人力资源与沟通管理,T-HR-001,项目人力资源管理：组织计划、团队建设与团队管理,SRC-T-HR-001-0003,topic_learning_packages/topics/09_人力资源与沟通管理/T-HR-001_专题学习包_项目人力资源管理组织计划团队建设与团队管理.md,项目人力资源管理：组织计划、团队建设与团队管理 > 结构化组织工具：WBS → OBS → RAM → RACI,"结构化组织工具：WBS → OBS → RAM → RACI 这四个缩写的关系是渐进细化的： [概念链｜WBS → OBS → RAM → RACI] WBS 定义了""做什么""（工作包），OBS 定义了""组织怎么分""（部门/团队结构），RAM 把两者交叉形成""谁做什么""的矩阵，RACI 进一步细化到""谁负责、谁批准、问谁、告诉谁""。 工具 全称 作用 考试关键词 ------------ WBS Work Breakdown Struc",,,,,,,,,,sha256:af3726d220551412000739d2,ruankao ruankao::anki_build::20260520_223914 ruankao::difficulty::3 ruankao::domain::人力资源与沟通管理 ruankao::exam_use::上午选择 ruankao::importance::C ruankao::source_grounded ruankao::topic ruankao::topic::T-HR-001 ruankao::type::公式卡,84,final,Back 偏长；源材料自动扩展卡，建议后续人工润色
软考::系统集成项目管理工程师::专题学习::09_人力资源与沟通管理::T-HR-001_项目人力资源管理_组织计划、团队建设与团队管理,RuankaoTopicCard,项目人力资源中，塔克曼阶梯模型的考试判断要点是什么？,"<div class=""answer-block"">
<div class=""section-title"">【答案】</div>
<div>塔克曼阶梯模型 [概念组｜塔克曼团队发展五阶段] 1. 形成期（Forming）：成员互相认识、了解目标。依赖领导指引。</div>
</div>","<div class=""extra"">
<div class=""section-title"">【理解】</div>
<div>塔克曼阶梯模型 [概念组｜塔克曼团队发展五阶段] 1. 形成期（Forming）：成员互相认识、了解目标。依赖领导指引。。这张卡来自源材料中的具体段落，用于把讲义内容改写为可回忆判断。</div>
<div class=""section-title"">【记忆线索】</div>
<div>抓住题干中的对象、动作和输出，不背整段讲义。</div>
<div class=""section-title"">【易错点】</div>
<div>避免把相邻概念按字面相似性混用。</div>
<div class=""section-title"">【题干信号】</div>
<div>定义识别、场景判断、角色/流程边界。</div>
<div class=""section-title"">【关联专题】</div>
<div>T-HR-001 项目人力资源管理：组织计划、团队建设与团队管理</div>
<div class=""section-title"">【来源】</div>
<div>SRC-T-HR-001-0004：项目人力资源管理：组织计划、团队建设与团队管理 &gt; 塔克曼阶梯模型；塔克曼阶梯模型 [概念组｜塔克曼团队发展五阶段] 1. 形成期（Forming）：成员互相认识、了解目标。依赖领导指引。</div>
</div>",概念卡,C,3,上午选择,人力资源与沟通管理,T-HR-001,项目人力资源管理：组织计划、团队建设与团队管理,SRC-T-HR-001-0004,topic_learning_packages/topics/09_人力资源与沟通管理/T-HR-001_专题学习包_项目人力资源管理组织计划团队建设与团队管理.md,项目人力资源管理：组织计划、团队建设与团队管理 > 塔克曼阶梯模型,塔克曼阶梯模型 [概念组｜塔克曼团队发展五阶段] 1. 形成期（Forming）：成员互相认识、了解目标。依赖领导指引。,,,,,,,,,,sha256:1e3b765818a03817fb6539de,ruankao ruankao::anki_build::20260520_223914 ruankao::difficulty::3 ruankao::domain::人力资源与沟通管理 ruankao::exam_use::上午选择 ruankao::importance::C ruankao::source_grounded ruankao::topic ruankao::topic::T-HR-001 ruankao::type::概念卡,84,final,通过内容、来源和工程门禁；源材料自动扩展卡，建议后续人工润色
软考::系统集成项目管理工程师::专题学习::09_人力资源与沟通管理::T-HR-001_项目人力资源管理_组织计划、团队建设与团队管理,RuankaoTopicCard,项目人力资源中，冲突管理五种策略的考试判断要点是什么？,"<div class=""answer-block"">
<div class=""section-title"">【答案】</div>
<div>冲突管理五种策略 [概念组｜冲突管理五策略]（按&quot;坚持己见&quot;和&quot;合作程度&quot;两个维度区分） 1. 强制（Forcing）：一方赢一方输。紧急情况或需要快速决策时使用。</div>
</div>","<div class=""extra"">
<div class=""section-title"">【理解】</div>
<div>冲突管理五种策略 [概念组｜冲突管理五策略]（按&quot;坚持己见&quot;和&quot;合作程度&quot;两个维度区分） 1. 强制（Forcing）：一方赢一方输。紧急情况或需要快速决策时使用。。这张卡来自源材料中的具体段落，用于把讲义内容改写为可回忆判断。</div>
<div class=""section-title"">【记忆线索】</div>
<div>抓住题干中的对象、动作和输出，不背整段讲义。</div>
<div class=""section-title"">【易错点】</div>
<div>避免把相邻概念按字面相似性混用。</div>
<div class=""section-title"">【题干信号】</div>
<div>定义识别、场景判断、角色/流程边界。</div>
<div class=""section-title"">【关联专题】</div>
<div>T-HR-001 项目人力资源管理：组织计划、团队建设与团队管理</div>
<div class=""section-title"">【来源】</div>
<div>SRC-T-HR-001-0005：项目人力资源管理：组织计划、团队建设与团队管理 &gt; 冲突管理五种策略；冲突管理五种策略 [概念组｜冲突管理五策略]（按&quot;坚持己见&quot;和&quot;合作程度&quot;两个维度区分） 1. 强制（Forcing）：一方赢一方输。紧急情况或需要快速决策时使用。</div>
</div>",概念卡,C,3,上午选择,人力资源与沟通管理,T-HR-001,项目人力资源管理：组织计划、团队建设与团队管理,SRC-T-HR-001-0005,topic_learning_packages/topics/09_人力资源与沟通管理/T-HR-001_专题学习包_项目人力资源管理组织计划团队建设与团队管理.md,项目人力资源管理：组织计划、团队建设与团队管理 > 冲突管理五种策略,"冲突管理五种策略 [概念组｜冲突管理五策略]（按""坚持己见""和""合作程度""两个维度区分） 1. 强制（Forcing）：一方赢一方输。紧急情况或需要快速决策时使用。",,,,,,,,,,sha256:fb7ed1cfc43fc2285f842c56,ruankao ruankao::anki_build::20260520_223914 ruankao::difficulty::3 ruankao::domain::人力资源与沟通管理 ruankao::exam_use::上午选择 ruankao::importance::C ruankao::source_grounded ruankao::topic ruankao::topic::T-HR-001 ruankao::type::概念卡,84,final,通过内容、来源和工程门禁；源材料自动扩展卡，建议后续人工润色
软考::系统集成项目管理工程师::专题学习::10_干系人与风险管理::T-RISK-001_风险识别、风险登记册与风险应对策略,RuankaoTopicCard,风险识别、风险登记册与风险应对策略的考试要点是什么？,"<div class=""answer-block"">
<div class=""section-title"">【答案】</div>
<div>T-RISK-001｜风险识别、风险登记册与风险应对策略 本专题用于学习&quot;项目风险管理&quot;中连接风险分析与应对的核心内容：风险识别工具、风险登记册（Risk Register）、风险应对策略（规避/转移/减轻/接受/开拓/提高/分享/接受）与残余风险和二次风险。它们不是孤立的策略卡片，而是围绕一个核心问题展开：在识别出不希望发生（或希望发生）的事件后，项目经理应该如何系统地选择应对方案——不只是&quot;出了事再说&quot;，而是在出事之前就做好完整的应</div>
</div>","<div class=""extra"">
<div class=""section-title"">【理解】</div>
<div>T-RISK-001｜风险识别、风险登记册与风险应对策略 本专题用于学习&quot;项目风险管理&quot;中连接风险分析与应对的核心内容：风险识别工具、风险登记册（Risk Register）、风险应对策略（规避/转移/减轻/接受/开拓/提高/分享/接受）与残余风险和二次风险。它们不是孤立的策略卡片，而是围绕一个核心问题展开：在识别出不希望发生（或希望发生）的事件后，项目经理应该如何系统地选择应对方案——不只是&quot;出了事再说&quot;，而是在出事之前就做好完整的应。这张卡来自源材料中的具体段落，用于把讲义内容改写为可回忆判断。</div>
<div class=""section-title"">【记忆线索】</div>
<div>抓住题干中的对象、动作和输出，不背整段讲义。</div>
<div class=""section-title"">【易错点】</div>
<div>避免把相邻概念按字面相似性混用。</div>
<div class=""section-title"">【题干信号】</div>
<div>风险、问题</div>
<div class=""section-title"">【关联专题】</div>
<div>T-RISK-001 风险识别、风险登记册与风险应对策略</div>
<div class=""section-title"">【来源】</div>
<div>SRC-T-RISK-001-0001：风险识别、风险登记册与风险应对策略；T-RISK-001｜风险识别、风险登记册与风险应对策略 本专题用于学习&quot;项目风险管理&quot;中连接风险分析与应对的核心内容：风险识别工具、风险登记册（Risk Register）、风险应对策略（规避/转移/减轻/接受/开拓/提高/分享/接受）与残余风险和二次风险。它们不是孤立的策略卡片，而是围绕一个核心问题展开：在识别出不</div>
</div>",概念卡,B,3,上午选择,干系人与风险管理,T-RISK-001,风险识别、风险登记册与风险应对策略,SRC-T-RISK-001-0001,topic_learning_packages/topics/10_干系人与风险管理/T-RISK-001_专题学习包_风险识别风险登记册与风险应对策略.md,风险识别、风险登记册与风险应对策略,"T-RISK-001｜风险识别、风险登记册与风险应对策略 本专题用于学习""项目风险管理""中连接风险分析与应对的核心内容：风险识别工具、风险登记册（Risk Register）、风险应对策略（规避/转移/减轻/接受/开拓/提高/分享/接受）与残余风险和二次风险。它们不是孤立的策略卡片，而是围绕一个核心问题展开：在识别出不希望发生（或希望发生）的事件后，项目经理应该如何系统地选择应对方案——不只是""出了事再说""，而是在出事之前就做好完整的应",,,,,,,,,,sha256:b35fa5373682de43fe8f1d6c,ruankao ruankao::anki_build::20260520_223914 ruankao::difficulty::3 ruankao::domain::干系人与风险管理 ruankao::exam_use::上午选择 ruankao::importance::B ruankao::source_grounded ruankao::topic ruankao::topic::T-RISK-001 ruankao::type::概念卡,80,final,疑似大而空问题
软考::系统集成项目管理工程师::专题学习::10_干系人与风险管理::T-RISK-001_风险识别、风险登记册与风险应对策略,RuankaoTopicCard,遇到风险识别工具场景时，处理流程是什么？,"<div class=""answer-block"">
<div class=""section-title"">【答案】</div>
<div>风险识别工具 [概念组｜主要风险识别工具] - 头脑风暴：组织团队和专家自由提出风险想法，全面但可能发散 - 核对单（Checklist）：基于历史项目的风险清单逐一对照，快速但可能遗漏新类型风险 - SWOT 分析：从优势、劣势、机会、威胁四个角度识别风险 - 专家判断：邀请有经验的人员识别风险 - 假设分析：检验项目假设的有效性，识别假设不成立时的风险 - 图解技术：因果图（鱼骨图）、系统流程图、影响图 风险识别不是一次性活动——随</div>
</div>","<div class=""extra"">
<div class=""section-title"">【理解】</div>
<div>风险识别工具 [概念组｜主要风险识别工具] - 头脑风暴：组织团队和专家自由提出风险想法，全面但可能发散 - 核对单（Checklist）：基于历史项目的风险清单逐一对照，快速但可能遗漏新类型风险 - SWOT 分析：从优势、劣势、机会、威胁四个角度识别风险 - 专家判断：邀请有经验的人员识别风险 - 假设分析：检验项目假设的有效性，识别假设不成立时的风险 - 图解技术：因果图（鱼骨图）、系统流程图、影响图 风险识别不是一次性活动——随。这张卡来自源材料中的具体段落，用于把讲义内容改写为可回忆判断。</div>
<div class=""section-title"">【记忆线索】</div>
<div>按“先记录/识别，再分析，再批准/执行，最后更新和沟通”的管理链回忆。</div>
<div class=""section-title"">【易错点】</div>
<div>避免把相邻概念按字面相似性混用。</div>
<div class=""section-title"">【题干信号】</div>
<div>风险</div>
<div class=""section-title"">【关联专题】</div>
<div>T-RISK-001 风险识别、风险登记册与风险应对策略</div>
<div class=""section-title"">【来源】</div>
<div>SRC-T-RISK-001-0003：风险识别、风险登记册与风险应对策略 &gt; 风险识别工具；风险识别工具 [概念组｜主要风险识别工具] - 头脑风暴：组织团队和专家自由提出风险想法，全面但可能发散 - 核对单（Checklist）：基于历史项目的风险清单逐一对照，快速但可能遗漏新类型风险 - SWOT 分析：从优势、劣势、机会、威胁四个角度识别风险 - 专家判断：邀请有经验的人员识别风险 - 假设分析：检验项</div>
</div>",流程卡,B,3,上午选择,干系人与风险管理,T-RISK-001,风险识别、风险登记册与风险应对策略,SRC-T-RISK-001-0003,topic_learning_packages/topics/10_干系人与风险管理/T-RISK-001_专题学习包_风险识别风险登记册与风险应对策略.md,风险识别、风险登记册与风险应对策略 > 风险识别工具,风险识别工具 [概念组｜主要风险识别工具] - 头脑风暴：组织团队和专家自由提出风险想法，全面但可能发散 - 核对单（Checklist）：基于历史项目的风险清单逐一对照，快速但可能遗漏新类型风险 - SWOT 分析：从优势、劣势、机会、威胁四个角度识别风险 - 专家判断：邀请有经验的人员识别风险 - 假设分析：检验项目假设的有效性，识别假设不成立时的风险 - 图解技术：因果图（鱼骨图）、系统流程图、影响图 风险识别不是一次性活动——随,,,,,,,,,,sha256:1f00d3905cdaec65b1796009,ruankao ruankao::anki_build::20260520_223914 ruankao::difficulty::3 ruankao::domain::干系人与风险管理 ruankao::exam_use::上午选择 ruankao::importance::B ruankao::source_grounded ruankao::topic ruankao::topic::T-RISK-001 ruankao::type::流程卡,100,final,通过内容、来源和工程门禁
软考::系统集成项目管理工程师::专题学习::10_干系人与风险管理::T-RISK-001_风险识别、风险登记册与风险应对策略,RuankaoTopicCard,风险登记册的考试要点是什么？,"<div class=""answer-block"">
<div class=""section-title"">【答案】</div>
<div>风险登记册 [定义｜风险登记册] 风险登记册是记录已识别风险及其相关信息的核心文件。它至少包含：风险编号、风险描述、概率、影响、优先级、应对策略、责任人、应急计划、触发条件、残余风险。</div>
</div>","<div class=""extra"">
<div class=""section-title"">【理解】</div>
<div>风险登记册 [定义｜风险登记册] 风险登记册是记录已识别风险及其相关信息的核心文件。它至少包含：风险编号、风险描述、概率、影响、优先级、应对策略、责任人、应急计划、触发条件、残余风险。。这张卡来自源材料中的具体段落，用于把讲义内容改写为可回忆判断。</div>
<div class=""section-title"">【记忆线索】</div>
<div>抓住题干中的对象、动作和输出，不背整段讲义。</div>
<div class=""section-title"">【易错点】</div>
<div>避免把相邻概念按字面相似性混用。</div>
<div class=""section-title"">【题干信号】</div>
<div>风险</div>
<div class=""section-title"">【关联专题】</div>
<div>T-RISK-001 风险识别、风险登记册与风险应对策略</div>
<div class=""section-title"">【来源】</div>
<div>SRC-T-RISK-001-0004：风险识别、风险登记册与风险应对策略 &gt; 风险登记册；风险登记册 [定义｜风险登记册] 风险登记册是记录已识别风险及其相关信息的核心文件。它至少包含：风险编号、风险描述、概率、影响、优先级、应对策略、责任人、应急计划、触发条件、残余风险。</div>
</div>",概念卡,B,3,上午选择,干系人与风险管理,T-RISK-001,风险识别、风险登记册与风险应对策略,SRC-T-RISK-001-0004,topic_learning_packages/topics/10_干系人与风险管理/T-RISK-001_专题学习包_风险识别风险登记册与风险应对策略.md,风险识别、风险登记册与风险应对策略 > 风险登记册,风险登记册 [定义｜风险登记册] 风险登记册是记录已识别风险及其相关信息的核心文件。它至少包含：风险编号、风险描述、概率、影响、优先级、应对策略、责任人、应急计划、触发条件、残余风险。,,,,,,,,,,sha256:6c9799a277e0ee9d8caa1338,ruankao ruankao::anki_build::20260520_223914 ruankao::difficulty::3 ruankao::domain::干系人与风险管理 ruankao::exam_use::上午选择 ruankao::importance::B ruankao::source_grounded ruankao::topic ruankao::topic::T-RISK-001 ruankao::type::概念卡,100,final,通过内容、来源和工程门禁
软考::系统集成项目管理工程师::专题学习::10_干系人与风险管理::T-RISK-001_风险识别、风险登记册与风险应对策略,RuankaoTopicCard,负面风险（威胁）应对策略的考试要点是什么？,"<div class=""answer-block"">
<div class=""section-title"">【答案】</div>
<div>负面风险（威胁）应对策略 [概念组｜四种威胁应对策略] 1. 规避（Avoid）：消除威胁，使风险不发生。例如：采用成熟技术替代高风险的新技术；取消高风险的工作包。</div>
</div>","<div class=""extra"">
<div class=""section-title"">【理解】</div>
<div>负面风险（威胁）应对策略 [概念组｜四种威胁应对策略] 1. 规避（Avoid）：消除威胁，使风险不发生。例如：采用成熟技术替代高风险的新技术；取消高风险的工作包。。这张卡来自源材料中的具体段落，用于把讲义内容改写为可回忆判断。</div>
<div class=""section-title"">【记忆线索】</div>
<div>抓住题干中的对象、动作和输出，不背整段讲义。</div>
<div class=""section-title"">【易错点】</div>
<div>避免把相邻概念按字面相似性混用。</div>
<div class=""section-title"">【题干信号】</div>
<div>风险</div>
<div class=""section-title"">【关联专题】</div>
<div>T-RISK-001 风险识别、风险登记册与风险应对策略</div>
<div class=""section-title"">【来源】</div>
<div>SRC-T-RISK-001-0005：风险识别、风险登记册与风险应对策略 &gt; 负面风险（威胁）应对策略；负面风险（威胁）应对策略 [概念组｜四种威胁应对策略] 1. 规避（Avoid）：消除威胁，使风险不发生。例如：采用成熟技术替代高风险的新技术；取消高风险的工作包。</div>
</div>",概念卡,B,3,上午选择,干系人与风险管理,T-RISK-001,风险识别、风险登记册与风险应对策略,SRC-T-RISK-001-0005,topic_learning_packages/topics/10_干系人与风险管理/T-RISK-001_专题学习包_风险识别风险登记册与风险应对策略.md,风险识别、风险登记册与风险应对策略 > 负面风险（威胁）应对策略,负面风险（威胁）应对策略 [概念组｜四种威胁应对策略] 1. 规避（Avoid）：消除威胁，使风险不发生。例如：采用成熟技术替代高风险的新技术；取消高风险的工作包。,,,,,,,,,,sha256:ef3ffbb9c2aa8b46b4b52e98,ruankao ruankao::anki_build::20260520_223914 ruankao::difficulty::3 ruankao::domain::干系人与风险管理 ruankao::exam_use::上午选择 ruankao::importance::B ruankao::source_grounded ruankao::topic ruankao::topic::T-RISK-001 ruankao::type::概念卡,100,final,通过内容、来源和工程门禁
软考::系统集成项目管理工程师::专题学习::10_干系人与风险管理::T-RISK-001_风险识别、风险登记册与风险应对策略,RuankaoTopicCard,正面风险（机会）应对策略的考试要点是什么？,"<div class=""answer-block"">
<div class=""section-title"">【答案】</div>
<div>正面风险（机会）应对策略 [概念组｜四种机会应对策略] 1. 开拓（Exploit）：确保机会一定发生。例如：分配最优秀的人员确保提前完工。</div>
</div>","<div class=""extra"">
<div class=""section-title"">【理解】</div>
<div>正面风险（机会）应对策略 [概念组｜四种机会应对策略] 1. 开拓（Exploit）：确保机会一定发生。例如：分配最优秀的人员确保提前完工。。这张卡来自源材料中的具体段落，用于把讲义内容改写为可回忆判断。</div>
<div class=""section-title"">【记忆线索】</div>
<div>抓住题干中的对象、动作和输出，不背整段讲义。</div>
<div class=""section-title"">【易错点】</div>
<div>避免把相邻概念按字面相似性混用。</div>
<div class=""section-title"">【题干信号】</div>
<div>风险</div>
<div class=""section-title"">【关联专题】</div>
<div>T-RISK-001 风险识别、风险登记册与风险应对策略</div>
<div class=""section-title"">【来源】</div>
<div>SRC-T-RISK-001-0006：风险识别、风险登记册与风险应对策略 &gt; 正面风险（机会）应对策略；正面风险（机会）应对策略 [概念组｜四种机会应对策略] 1. 开拓（Exploit）：确保机会一定发生。例如：分配最优秀的人员确保提前完工。</div>
</div>",概念卡,B,3,上午选择,干系人与风险管理,T-RISK-001,风险识别、风险登记册与风险应对策略,SRC-T-RISK-001-0006,topic_learning_packages/topics/10_干系人与风险管理/T-RISK-001_专题学习包_风险识别风险登记册与风险应对策略.md,风险识别、风险登记册与风险应对策略 > 正面风险（机会）应对策略,正面风险（机会）应对策略 [概念组｜四种机会应对策略] 1. 开拓（Exploit）：确保机会一定发生。例如：分配最优秀的人员确保提前完工。,,,,,,,,,,sha256:34c6b5e66cd5c5a4248a02ce,ruankao ruankao::anki_build::20260520_223914 ruankao::difficulty::3 ruankao::domain::干系人与风险管理 ruankao::exam_use::上午选择 ruankao::importance::B ruankao::source_grounded ruankao::topic ruankao::topic::T-RISK-001 ruankao::type::概念卡,100,final,通过内容、来源和工程门禁
软考::系统集成项目管理工程师::专题学习::10_干系人与风险管理::T-RISK-001_风险识别、风险登记册与风险应对策略,RuankaoTopicCard,残余风险与二次风险类案例应从哪些角度分析？,"<div class=""answer-block"">
<div class=""section-title"">【答案】</div>
<div>残余风险与二次风险 [概念］ 残余风险：采取应对措施后仍然存在的风险。二次风险：因为采取应对措施而引入的新风险。</div>
</div>","<div class=""extra"">
<div class=""section-title"">【理解】</div>
<div>残余风险与二次风险 [概念］ 残余风险：采取应对措施后仍然存在的风险。二次风险：因为采取应对措施而引入的新风险。。这张卡来自源材料中的具体段落，用于把讲义内容改写为可回忆判断。</div>
<div class=""section-title"">【记忆线索】</div>
<div>抓住题干中的对象、动作和输出，不背整段讲义。</div>
<div class=""section-title"">【易错点】</div>
<div>避免把相邻概念按字面相似性混用。</div>
<div class=""section-title"">【题干信号】</div>
<div>风险</div>
<div class=""section-title"">【关联专题】</div>
<div>T-RISK-001 风险识别、风险登记册与风险应对策略</div>
<div class=""section-title"">【来源】</div>
<div>SRC-T-RISK-001-0007：风险识别、风险登记册与风险应对策略 &gt; 残余风险与二次风险；残余风险与二次风险 [概念］ 残余风险：采取应对措施后仍然存在的风险。二次风险：因为采取应对措施而引入的新风险。</div>
</div>",案例模板卡,B,3,下午案例,干系人与风险管理,T-RISK-001,风险识别、风险登记册与风险应对策略,SRC-T-RISK-001-0007,topic_learning_packages/topics/10_干系人与风险管理/T-RISK-001_专题学习包_风险识别风险登记册与风险应对策略.md,风险识别、风险登记册与风险应对策略 > 残余风险与二次风险,残余风险与二次风险 [概念］ 残余风险：采取应对措施后仍然存在的风险。二次风险：因为采取应对措施而引入的新风险。,,,,,,,,,,sha256:501b5deba8fd79b33d1e5911,ruankao ruankao::anki_build::20260520_223914 ruankao::difficulty::3 ruankao::domain::干系人与风险管理 ruankao::exam_use::下午案例 ruankao::importance::B ruankao::source_grounded ruankao::topic ruankao::topic::T-RISK-001 ruankao::type::案例模板卡,100,final,通过内容、来源和工程门禁
软考::系统集成项目管理工程师::专题学习::10_干系人与风险管理::T-RISK-001_风险识别、风险登记册与风险应对策略,RuankaoTopicCard,典型题详解与举一反三的考试要点是什么？,"<div class=""answer-block"">
<div class=""section-title"">【答案】</div>
<div>典型题详解与举一反三 例题 1｜应对策略识别 项目经理决定将项目中一个技术难度最高的模块外包给专业公司。这属于什么风险应对策略？</div>
</div>","<div class=""extra"">
<div class=""section-title"">【理解】</div>
<div>典型题详解与举一反三 例题 1｜应对策略识别 项目经理决定将项目中一个技术难度最高的模块外包给专业公司。这属于什么风险应对策略？。这张卡来自源材料中的具体段落，用于把讲义内容改写为可回忆判断。</div>
<div class=""section-title"">【记忆线索】</div>
<div>抓住题干中的对象、动作和输出，不背整段讲义。</div>
<div class=""section-title"">【易错点】</div>
<div>避免把相邻概念按字面相似性混用。</div>
<div class=""section-title"">【题干信号】</div>
<div>风险</div>
<div class=""section-title"">【关联专题】</div>
<div>T-RISK-001 风险识别、风险登记册与风险应对策略</div>
<div class=""section-title"">【来源】</div>
<div>SRC-T-RISK-001-0008：风险识别、风险登记册与风险应对策略 &gt; 典型题详解与举一反三；典型题详解与举一反三 例题 1｜应对策略识别 项目经理决定将项目中一个技术难度最高的模块外包给专业公司。这属于什么风险应对策略？</div>
</div>",概念卡,B,3,上午选择,干系人与风险管理,T-RISK-001,风险识别、风险登记册与风险应对策略,SRC-T-RISK-001-0008,topic_learning_packages/topics/10_干系人与风险管理/T-RISK-001_专题学习包_风险识别风险登记册与风险应对策略.md,风险识别、风险登记册与风险应对策略 > 典型题详解与举一反三,典型题详解与举一反三 例题 1｜应对策略识别 项目经理决定将项目中一个技术难度最高的模块外包给专业公司。这属于什么风险应对策略？,,,,,,,,,,sha256:a6e4001b4c8a1d02da689cc2,ruankao ruankao::anki_build::20260520_223914 ruankao::difficulty::3 ruankao::domain::干系人与风险管理 ruankao::exam_use::上午选择 ruankao::importance::B ruankao::source_grounded ruankao::topic ruankao::topic::T-RISK-001 ruankao::type::概念卡,100,final,通过内容、来源和工程门禁
软考::系统集成项目管理工程师::专题学习::10_干系人与风险管理::T-RISK-001_风险识别、风险登记册与风险应对策略,RuankaoTopicCard,本轮真题覆盖增强类案例应从哪些角度分析？,"<div class=""answer-block"">
<div class=""section-title"">【答案】</div>
<div>本轮真题覆盖增强：风险识别与风险登记册 本节把 questions.full.clean.md 与既有真题映射中的高频考法反查回本专题。2010 上午题考德尔菲技术，案例题常把“已发生的问题”和“未发生风险”混在一起。</div>
</div>","<div class=""extra"">
<div class=""section-title"">【理解】</div>
<div>本轮真题覆盖增强：风险识别与风险登记册 本节把 questions.full.clean.md 与既有真题映射中的高频考法反查回本专题。2010 上午题考德尔菲技术，案例题常把“已发生的问题”和“未发生风险”混在一起。。这张卡来自源材料中的具体段落，用于把讲义内容改写为可回忆判断。</div>
<div class=""section-title"">【记忆线索】</div>
<div>抓住题干中的对象、动作和输出，不背整段讲义。</div>
<div class=""section-title"">【易错点】</div>
<div>避免把相邻概念按字面相似性混用。</div>
<div class=""section-title"">【题干信号】</div>
<div>风险、问题</div>
<div class=""section-title"">【关联专题】</div>
<div>T-RISK-001 风险识别、风险登记册与风险应对策略</div>
<div class=""section-title"">【来源】</div>
<div>SRC-T-RISK-001-0009：风险识别、风险登记册与风险应对策略 &gt; 本轮真题覆盖增强：风险识别与风险登记册；本轮真题覆盖增强：风险识别与风险登记册 本节把 questions.full.clean.md 与既有真题映射中的高频考法反查回本专题。2010 上午题考德尔菲技术，案例题常把“已发生的问题”和“未发生风险”混在一起。</div>
</div>",案例模板卡,B,3,下午案例,干系人与风险管理,T-RISK-001,风险识别、风险登记册与风险应对策略,SRC-T-RISK-001-0009,topic_learning_packages/topics/10_干系人与风险管理/T-RISK-001_专题学习包_风险识别风险登记册与风险应对策略.md,风险识别、风险登记册与风险应对策略 > 本轮真题覆盖增强：风险识别与风险登记册,本轮真题覆盖增强：风险识别与风险登记册 本节把 questions.full.clean.md 与既有真题映射中的高频考法反查回本专题。2010 上午题考德尔菲技术，案例题常把“已发生的问题”和“未发生风险”混在一起。,,,,,,,,,,sha256:cf5b3aa0c49d902f8a3dfb1f,ruankao ruankao::anki_build::20260520_223914 ruankao::difficulty::3 ruankao::domain::干系人与风险管理 ruankao::exam_use::下午案例 ruankao::importance::B ruankao::source_grounded ruankao::topic ruankao::topic::T-RISK-001 ruankao::type::案例模板卡,100,final,通过内容、来源和工程门禁
软考::系统集成项目管理工程师::专题学习::10_干系人与风险管理::T-RISK-001_风险识别、风险登记册与风险应对策略,RuankaoTopicCard,题干出现哪些信号时，应想到“风险识别、风险登记册与风险应对策略”？,"<div class=""answer-block"">
<div class=""section-title"">【答案】</div>
<div>围绕“风险识别、风险登记册与风险应对策略”的对象、动作、输出物、责任主体和常见陷阱定位考点。</div>
</div>","<div class=""extra"">
<div class=""section-title"">【理解】</div>
<div>围绕“风险识别、风险登记册与风险应对策略”的对象、动作、输出物、责任主体和常见陷阱定位考点。。这张卡来自源材料中的具体段落，用于把讲义内容改写为可回忆判断。</div>
<div class=""section-title"">【记忆线索】</div>
<div>抓住题干中的对象、动作和输出，不背整段讲义。</div>
<div class=""section-title"">【易错点】</div>
<div>避免把相邻概念按字面相似性混用。</div>
<div class=""section-title"">【题干信号】</div>
<div>风险</div>
<div class=""section-title"">【关联专题】</div>
<div>T-RISK-001 风险识别、风险登记册与风险应对策略</div>
<div class=""section-title"">【来源】</div>
<div>SRC-T-RISK-001-0001：风险识别、风险登记册与风险应对策略；T-RISK-001｜风险识别、风险登记册与风险应对策略 本专题用于学习&quot;项目风险管理&quot;中连接风险分析与应对的核心内容：风险识别工具、风险登记册（Risk Register）、风险应对策略（规避/转移/减轻/接受/开拓/提高/分享/接受）与残余风险和二次风险。它们不是孤立的策略卡片，而是围绕一个核心问题展开：在识别出不</div>
</div>",关键词识别卡,B,3,上午选择,干系人与风险管理,T-RISK-001,风险识别、风险登记册与风险应对策略,SRC-T-RISK-001-0001,topic_learning_packages/topics/10_干系人与风险管理/T-RISK-001_专题学习包_风险识别风险登记册与风险应对策略.md,风险识别、风险登记册与风险应对策略,"T-RISK-001｜风险识别、风险登记册与风险应对策略 本专题用于学习""项目风险管理""中连接风险分析与应对的核心内容：风险识别工具、风险登记册（Risk Register）、风险应对策略（规避/转移/减轻/接受/开拓/提高/分享/接受）与残余风险和二次风险。它们不是孤立的策略卡片，而是围绕一个核心问题展开：在识别出不希望发生（或希望发生）的事件后，项目经理应该如何系统地选择应对方案——不只是""出了事再说""，而是在出事之前就做好完整的应",,,,,,,,,,sha256:db47f24aa1930154719c483a,ruankao ruankao::anki_build::20260520_223914 ruankao::difficulty::3 ruankao::domain::干系人与风险管理 ruankao::exam_use::上午选择 ruankao::importance::B ruankao::source_grounded ruankao::topic ruankao::topic::T-RISK-001 ruankao::type::关键词识别卡,100,final,通过内容、来源和工程门禁
软考::系统集成项目管理工程师::专题学习::10_干系人与风险管理::T-RISK-001_风险识别、风险登记册与风险应对策略,RuankaoTopicCard,风险识别、风险登记册与风险应对策略中，风险识别、风险登记册与风险应对策略的考试判断要点是什么？,"<div class=""answer-block"">
<div class=""section-title"">【答案】</div>
<div>T-RISK-001｜风险识别、风险登记册与风险应对策略 本专题用于学习&quot;项目风险管理&quot;中连接风险分析与应对的核心内容：风险识别工具、风险登记册（Risk Register）、风险应对策略（规避/转移/减轻/接受/开拓/提高/分享/接受）与残余风险和二次风险。它们不是孤立的策略卡片，而是围绕一个核心问题展开：在识别出不希望发生（或希望发生）的事件后，项目经理应该如何系统地选择应对方案——不只是&quot;出了事再说&quot;，而是在出事之前就做好完整的应</div>
</div>","<div class=""extra"">
<div class=""section-title"">【理解】</div>
<div>T-RISK-001｜风险识别、风险登记册与风险应对策略 本专题用于学习&quot;项目风险管理&quot;中连接风险分析与应对的核心内容：风险识别工具、风险登记册（Risk Register）、风险应对策略（规避/转移/减轻/接受/开拓/提高/分享/接受）与残余风险和二次风险。它们不是孤立的策略卡片，而是围绕一个核心问题展开：在识别出不希望发生（或希望发生）的事件后，项目经理应该如何系统地选择应对方案——不只是&quot;出了事再说&quot;，而是在出事之前就做好完整的应。这张卡来自源材料中的具体段落，用于把讲义内容改写为可回忆判断。</div>
<div class=""section-title"">【记忆线索】</div>
<div>抓住题干中的对象、动作和输出，不背整段讲义。</div>
<div class=""section-title"">【易错点】</div>
<div>避免把相邻概念按字面相似性混用。</div>
<div class=""section-title"">【题干信号】</div>
<div>风险、问题</div>
<div class=""section-title"">【关联专题】</div>
<div>T-RISK-001 风险识别、风险登记册与风险应对策略</div>
<div class=""section-title"">【来源】</div>
<div>SRC-T-RISK-001-0001：风险识别、风险登记册与风险应对策略；T-RISK-001｜风险识别、风险登记册与风险应对策略 本专题用于学习&quot;项目风险管理&quot;中连接风险分析与应对的核心内容：风险识别工具、风险登记册（Risk Register）、风险应对策略（规避/转移/减轻/接受/开拓/提高/分享/接受）与残余风险和二次风险。它们不是孤立的策略卡片，而是围绕一个核心问题展开：在识别出不</div>
</div>",概念卡,C,3,上午选择,干系人与风险管理,T-RISK-001,风险识别、风险登记册与风险应对策略,SRC-T-RISK-001-0001,topic_learning_packages/topics/10_干系人与风险管理/T-RISK-001_专题学习包_风险识别风险登记册与风险应对策略.md,风险识别、风险登记册与风险应对策略,"T-RISK-001｜风险识别、风险登记册与风险应对策略 本专题用于学习""项目风险管理""中连接风险分析与应对的核心内容：风险识别工具、风险登记册（Risk Register）、风险应对策略（规避/转移/减轻/接受/开拓/提高/分享/接受）与残余风险和二次风险。它们不是孤立的策略卡片，而是围绕一个核心问题展开：在识别出不希望发生（或希望发生）的事件后，项目经理应该如何系统地选择应对方案——不只是""出了事再说""，而是在出事之前就做好完整的应",,,,,,,,,,sha256:b33894a455c60d9f1fb036c3,ruankao ruankao::anki_build::20260520_223914 ruankao::difficulty::3 ruankao::domain::干系人与风险管理 ruankao::exam_use::上午选择 ruankao::importance::C ruankao::source_grounded ruankao::topic ruankao::topic::T-RISK-001 ruankao::type::概念卡,84,final,通过内容、来源和工程门禁；源材料自动扩展卡，建议后续人工润色
软考::系统集成项目管理工程师::专题学习::10_干系人与风险管理::T-RISK-001_风险识别、风险登记册与风险应对策略,RuankaoTopicCard,风险识别、风险登记册与风险应对策略中，风险识别、风险登记册与风险应对策略的考试判断要点是什么？,"<div class=""answer-block"">
<div class=""section-title"">【答案】</div>
<div>先看这个专题的主线 风险管理的学习路径是：识别→分析→应对→控制。识别告诉你&quot;有哪些风险&quot;，分析告诉你&quot;哪些最重要、值多少&quot;，应对告诉你&quot;怎么处理&quot;，控制告诉你&quot;后来怎么样了&quot;。</div>
</div>","<div class=""extra"">
<div class=""section-title"">【理解】</div>
<div>先看这个专题的主线 风险管理的学习路径是：识别→分析→应对→控制。识别告诉你&quot;有哪些风险&quot;，分析告诉你&quot;哪些最重要、值多少&quot;，应对告诉你&quot;怎么处理&quot;，控制告诉你&quot;后来怎么样了&quot;。。这张卡来自源材料中的具体段落，用于把讲义内容改写为可回忆判断。</div>
<div class=""section-title"">【记忆线索】</div>
<div>抓住题干中的对象、动作和输出，不背整段讲义。</div>
<div class=""section-title"">【易错点】</div>
<div>避免把相邻概念按字面相似性混用。</div>
<div class=""section-title"">【题干信号】</div>
<div>风险</div>
<div class=""section-title"">【关联专题】</div>
<div>T-RISK-001 风险识别、风险登记册与风险应对策略</div>
<div class=""section-title"">【来源】</div>
<div>SRC-T-RISK-001-0002：风险识别、风险登记册与风险应对策略 &gt; 先看这个专题的主线；先看这个专题的主线 风险管理的学习路径是：识别→分析→应对→控制。识别告诉你&quot;有哪些风险&quot;，分析告诉你&quot;哪些最重要、值多少&quot;，应对告诉你&quot;怎么处理&quot;，控制告诉你&quot;后来怎么样了&quot;。</div>
</div>",概念卡,C,3,上午选择,干系人与风险管理,T-RISK-001,风险识别、风险登记册与风险应对策略,SRC-T-RISK-001-0002,topic_learning_packages/topics/10_干系人与风险管理/T-RISK-001_专题学习包_风险识别风险登记册与风险应对策略.md,风险识别、风险登记册与风险应对策略 > 先看这个专题的主线,"先看这个专题的主线 风险管理的学习路径是：识别→分析→应对→控制。识别告诉你""有哪些风险""，分析告诉你""哪些最重要、值多少""，应对告诉你""怎么处理""，控制告诉你""后来怎么样了""。",,,,,,,,,,sha256:78d5a614bc97c43ee3fdc6ec,ruankao ruankao::anki_build::20260520_223914 ruankao::difficulty::3 ruankao::domain::干系人与风险管理 ruankao::exam_use::上午选择 ruankao::importance::C ruankao::source_grounded ruankao::topic ruankao::topic::T-RISK-001 ruankao::type::概念卡,84,final,通过内容、来源和工程门禁；源材料自动扩展卡，建议后续人工润色
软考::系统集成项目管理工程师::专题学习::10_干系人与风险管理::T-RISK-001_风险识别、风险登记册与风险应对策略,RuankaoTopicCard,风险识别、风险登记册与风险应对策略中，风险识别工具的考试判断要点是什么？,"<div class=""answer-block"">
<div class=""section-title"">【答案】</div>
<div>风险识别工具 [概念组｜主要风险识别工具] - 头脑风暴：组织团队和专家自由提出风险想法，全面但可能发散 - 核对单（Checklist）：基于历史项目的风险清单逐一对照，快速但可能遗漏新类型风险 - SWOT 分析：从优势、劣势、机会、威胁四个角度识别风险 - 专家判断：邀请有经验的人员识别风险 - 假设分析：检验项目假设的有效性，识别假设不成立时的风险 - 图解技术：因果图（鱼骨图）、系统流程图、影响图 风险识别不是一次性活动——随</div>
</div>","<div class=""extra"">
<div class=""section-title"">【理解】</div>
<div>风险识别工具 [概念组｜主要风险识别工具] - 头脑风暴：组织团队和专家自由提出风险想法，全面但可能发散 - 核对单（Checklist）：基于历史项目的风险清单逐一对照，快速但可能遗漏新类型风险 - SWOT 分析：从优势、劣势、机会、威胁四个角度识别风险 - 专家判断：邀请有经验的人员识别风险 - 假设分析：检验项目假设的有效性，识别假设不成立时的风险 - 图解技术：因果图（鱼骨图）、系统流程图、影响图 风险识别不是一次性活动——随。这张卡来自源材料中的具体段落，用于把讲义内容改写为可回忆判断。</div>
<div class=""section-title"">【记忆线索】</div>
<div>抓住题干中的对象、动作和输出，不背整段讲义。</div>
<div class=""section-title"">【易错点】</div>
<div>避免把相邻概念按字面相似性混用。</div>
<div class=""section-title"">【题干信号】</div>
<div>风险</div>
<div class=""section-title"">【关联专题】</div>
<div>T-RISK-001 风险识别、风险登记册与风险应对策略</div>
<div class=""section-title"">【来源】</div>
<div>SRC-T-RISK-001-0003：风险识别、风险登记册与风险应对策略 &gt; 风险识别工具；风险识别工具 [概念组｜主要风险识别工具] - 头脑风暴：组织团队和专家自由提出风险想法，全面但可能发散 - 核对单（Checklist）：基于历史项目的风险清单逐一对照，快速但可能遗漏新类型风险 - SWOT 分析：从优势、劣势、机会、威胁四个角度识别风险 - 专家判断：邀请有经验的人员识别风险 - 假设分析：检验项</div>
</div>",概念卡,C,3,上午选择,干系人与风险管理,T-RISK-001,风险识别、风险登记册与风险应对策略,SRC-T-RISK-001-0003,topic_learning_packages/topics/10_干系人与风险管理/T-RISK-001_专题学习包_风险识别风险登记册与风险应对策略.md,风险识别、风险登记册与风险应对策略 > 风险识别工具,风险识别工具 [概念组｜主要风险识别工具] - 头脑风暴：组织团队和专家自由提出风险想法，全面但可能发散 - 核对单（Checklist）：基于历史项目的风险清单逐一对照，快速但可能遗漏新类型风险 - SWOT 分析：从优势、劣势、机会、威胁四个角度识别风险 - 专家判断：邀请有经验的人员识别风险 - 假设分析：检验项目假设的有效性，识别假设不成立时的风险 - 图解技术：因果图（鱼骨图）、系统流程图、影响图 风险识别不是一次性活动——随,,,,,,,,,,sha256:13ffea0a2d54bebca738c871,ruankao ruankao::anki_build::20260520_223914 ruankao::difficulty::3 ruankao::domain::干系人与风险管理 ruankao::exam_use::上午选择 ruankao::importance::C ruankao::source_grounded ruankao::topic ruankao::topic::T-RISK-001 ruankao::type::概念卡,84,final,通过内容、来源和工程门禁；源材料自动扩展卡，建议后续人工润色
软考::系统集成项目管理工程师::专题学习::10_干系人与风险管理::T-RISK-002_定性_定量风险分析、EMV与决策树,RuankaoTopicCard,定性/定量风险分析、EMV 与决策树相关公式或计算判断规则是什么？,"<div class=""answer-block"">
<div class=""section-title"">【答案】</div>
<div>T-RISK-002｜定性/定量风险分析、EMV 与决策树 本专题用于学习&quot;项目风险管理&quot;中最容易出计算题和辨析题的一组核心内容：定性风险分析（概率影响矩阵）、定量风险分析、预期货币价值（EMV）、决策树分析、敏感性分析、龙卷风图。它们不是孤立分析技术，而是围绕一个核心问题展开：在识别出风险之后，如何用结构化的方法决定哪些风险最值得关注、需要什么样的应对策略？</div>
</div>","<div class=""extra"">
<div class=""section-title"">【理解】</div>
<div>T-RISK-002｜定性/定量风险分析、EMV 与决策树 本专题用于学习&quot;项目风险管理&quot;中最容易出计算题和辨析题的一组核心内容：定性风险分析（概率影响矩阵）、定量风险分析、预期货币价值（EMV）、决策树分析、敏感性分析、龙卷风图。它们不是孤立分析技术，而是围绕一个核心问题展开：在识别出风险之后，如何用结构化的方法决定哪些风险最值得关注、需要什么样的应对策略？。这张卡来自源材料中的具体段落，用于把讲义内容改写为可回忆判断。</div>
<div class=""section-title"">【记忆线索】</div>
<div>先写公式，再代入数字，最后写文字判断。</div>
<div class=""section-title"">【易错点】</div>
<div>避免把相邻概念按字面相似性混用。</div>
<div class=""section-title"">【题干信号】</div>
<div>风险、问题、EMV</div>
<div class=""section-title"">【关联专题】</div>
<div>T-RISK-002 定性/定量风险分析、EMV 与决策树</div>
<div class=""section-title"">【来源】</div>
<div>SRC-T-RISK-002-0001：定性/定量风险分析、EMV 与决策树；T-RISK-002｜定性/定量风险分析、EMV 与决策树 本专题用于学习&quot;项目风险管理&quot;中最容易出计算题和辨析题的一组核心内容：定性风险分析（概率影响矩阵）、定量风险分析、预期货币价值（EMV）、决策树分析、敏感性分析、龙卷风图。它们不是孤立分析技术，而是围绕一个核心问题展开：在识别出风险之后，如何用结构化的方法决定</div>
</div>",公式卡,B,3,上午选择,干系人与风险管理,T-RISK-002,定性/定量风险分析、EMV 与决策树,SRC-T-RISK-002-0001,topic_learning_packages/topics/10_干系人与风险管理/T-RISK-002_专题学习包_定性定量风险分析EMV与决策树.md,定性/定量风险分析、EMV 与决策树,"T-RISK-002｜定性/定量风险分析、EMV 与决策树 本专题用于学习""项目风险管理""中最容易出计算题和辨析题的一组核心内容：定性风险分析（概率影响矩阵）、定量风险分析、预期货币价值（EMV）、决策树分析、敏感性分析、龙卷风图。它们不是孤立分析技术，而是围绕一个核心问题展开：在识别出风险之后，如何用结构化的方法决定哪些风险最值得关注、需要什么样的应对策略？",,,,,,,,,,sha256:3624fccf8e69ada75e9cd9f5,ruankao ruankao::anki_build::20260520_223914 ruankao::difficulty::3 ruankao::domain::干系人与风险管理 ruankao::exam_use::上午选择 ruankao::importance::B ruankao::source_grounded ruankao::topic ruankao::topic::T-RISK-002 ruankao::type::公式卡,100,final,通过内容、来源和工程门禁
软考::系统集成项目管理工程师::专题学习::10_干系人与风险管理::T-RISK-002_定性_定量风险分析、EMV与决策树,RuankaoTopicCard,定性风险分析相关公式或计算判断规则是什么？,"<div class=""answer-block"">
<div class=""section-title"">【答案】</div>
<div>定性风险分析：概率和影响矩阵 [定义｜定性风险分析] 通过评估单个风险的概率和影响，对风险进行优先级排序，为后续分析或行动提供基础的过程。它关注的是&quot;哪些风险最重要&quot;。</div>
</div>","<div class=""extra"">
<div class=""section-title"">【理解】</div>
<div>定性风险分析：概率和影响矩阵 [定义｜定性风险分析] 通过评估单个风险的概率和影响，对风险进行优先级排序，为后续分析或行动提供基础的过程。它关注的是&quot;哪些风险最重要&quot;。。这张卡来自源材料中的具体段落，用于把讲义内容改写为可回忆判断。</div>
<div class=""section-title"">【记忆线索】</div>
<div>先写公式，再代入数字，最后写文字判断。</div>
<div class=""section-title"">【易错点】</div>
<div>避免把相邻概念按字面相似性混用。</div>
<div class=""section-title"">【题干信号】</div>
<div>风险、评估</div>
<div class=""section-title"">【关联专题】</div>
<div>T-RISK-002 定性/定量风险分析、EMV 与决策树</div>
<div class=""section-title"">【来源】</div>
<div>SRC-T-RISK-002-0003：定性/定量风险分析、EMV 与决策树 &gt; 定性风险分析：概率和影响矩阵；定性风险分析：概率和影响矩阵 [定义｜定性风险分析] 通过评估单个风险的概率和影响，对风险进行优先级排序，为后续分析或行动提供基础的过程。它关注的是&quot;哪些风险最重要&quot;。</div>
</div>",公式卡,B,3,上午选择,干系人与风险管理,T-RISK-002,定性/定量风险分析、EMV 与决策树,SRC-T-RISK-002-0003,topic_learning_packages/topics/10_干系人与风险管理/T-RISK-002_专题学习包_定性定量风险分析EMV与决策树.md,定性/定量风险分析、EMV 与决策树 > 定性风险分析：概率和影响矩阵,"定性风险分析：概率和影响矩阵 [定义｜定性风险分析] 通过评估单个风险的概率和影响，对风险进行优先级排序，为后续分析或行动提供基础的过程。它关注的是""哪些风险最重要""。",,,,,,,,,,sha256:d460e5baabcc1b3b79a2a358,ruankao ruankao::anki_build::20260520_223914 ruankao::difficulty::3 ruankao::domain::干系人与风险管理 ruankao::exam_use::上午选择 ruankao::importance::B ruankao::source_grounded ruankao::topic ruankao::topic::T-RISK-002 ruankao::type::公式卡,100,final,通过内容、来源和工程门禁
软考::系统集成项目管理工程师::专题学习::10_干系人与风险管理::T-RISK-002_定性_定量风险分析、EMV与决策树,RuankaoTopicCard,定量风险分析相关公式或计算判断规则是什么？,"<div class=""answer-block"">
<div class=""section-title"">【答案】</div>
<div>定量风险分析：从&quot;大小&quot;到&quot;多少&quot; [定义｜定量风险分析] 就已识别的单个风险对项目整体目标的影响进行量化分析的过程。它的输出是量化的风险信息，用于支持决策。</div>
</div>","<div class=""extra"">
<div class=""section-title"">【理解】</div>
<div>定量风险分析：从&quot;大小&quot;到&quot;多少&quot; [定义｜定量风险分析] 就已识别的单个风险对项目整体目标的影响进行量化分析的过程。它的输出是量化的风险信息，用于支持决策。。这张卡来自源材料中的具体段落，用于把讲义内容改写为可回忆判断。</div>
<div class=""section-title"">【记忆线索】</div>
<div>先写公式，再代入数字，最后写文字判断。</div>
<div class=""section-title"">【易错点】</div>
<div>避免把相邻概念按字面相似性混用。</div>
<div class=""section-title"">【题干信号】</div>
<div>风险</div>
<div class=""section-title"">【关联专题】</div>
<div>T-RISK-002 定性/定量风险分析、EMV 与决策树</div>
<div class=""section-title"">【来源】</div>
<div>SRC-T-RISK-002-0004：定性/定量风险分析、EMV 与决策树 &gt; 定量风险分析：从&quot;大小&quot;到&quot;多少&quot;；定量风险分析：从&quot;大小&quot;到&quot;多少&quot; [定义｜定量风险分析] 就已识别的单个风险对项目整体目标的影响进行量化分析的过程。它的输出是量化的风险信息，用于支持决策。</div>
</div>",公式卡,B,3,上午选择,干系人与风险管理,T-RISK-002,定性/定量风险分析、EMV 与决策树,SRC-T-RISK-002-0004,topic_learning_packages/topics/10_干系人与风险管理/T-RISK-002_专题学习包_定性定量风险分析EMV与决策树.md,"定性/定量风险分析、EMV 与决策树 > 定量风险分析：从""大小""到""多少""","定量风险分析：从""大小""到""多少"" [定义｜定量风险分析] 就已识别的单个风险对项目整体目标的影响进行量化分析的过程。它的输出是量化的风险信息，用于支持决策。",,,,,,,,,,sha256:d78ce593b08f294a317e5de7,ruankao ruankao::anki_build::20260520_223914 ruankao::difficulty::3 ruankao::domain::干系人与风险管理 ruankao::exam_use::上午选择 ruankao::importance::B ruankao::source_grounded ruankao::topic ruankao::topic::T-RISK-002 ruankao::type::公式卡,100,final,通过内容、来源和工程门禁
软考::系统集成项目管理工程师::专题学习::10_干系人与风险管理::T-RISK-002_定性_定量风险分析、EMV与决策树,RuankaoTopicCard,EMV相关公式或计算判断规则是什么？,"<div class=""answer-block"">
<div class=""section-title"">【答案】</div>
<div>EMV：预期货币价值 [定义＋公式｜EMV 预期货币价值] EMV = 概率 × 影响（金额） EMV 用于计算一个风险事件的&quot;期望损失&quot;或&quot;期望收益&quot;。它不是一定会发生的金额，而是考虑概率后的加权平均值。</div>
</div>","<div class=""extra"">
<div class=""section-title"">【理解】</div>
<div>EMV：预期货币价值 [定义＋公式｜EMV 预期货币价值] EMV = 概率 × 影响（金额） EMV 用于计算一个风险事件的&quot;期望损失&quot;或&quot;期望收益&quot;。它不是一定会发生的金额，而是考虑概率后的加权平均值。。这张卡来自源材料中的具体段落，用于把讲义内容改写为可回忆判断。</div>
<div class=""section-title"">【记忆线索】</div>
<div>先写公式，再代入数字，最后写文字判断。</div>
<div class=""section-title"">【易错点】</div>
<div>避免把相邻概念按字面相似性混用。</div>
<div class=""section-title"">【题干信号】</div>
<div>风险、EMV</div>
<div class=""section-title"">【关联专题】</div>
<div>T-RISK-002 定性/定量风险分析、EMV 与决策树</div>
<div class=""section-title"">【来源】</div>
<div>SRC-T-RISK-002-0005：定性/定量风险分析、EMV 与决策树 &gt; 定量风险分析：从&quot;大小&quot;到&quot;多少&quot; &gt; EMV：预期货币价值；EMV：预期货币价值 [定义＋公式｜EMV 预期货币价值] EMV = 概率 × 影响（金额） EMV 用于计算一个风险事件的&quot;期望损失&quot;或&quot;期望收益&quot;。它不是一定会发生的金额，而是考虑概率后的加权平均值。</div>
</div>",公式卡,B,3,上午选择,干系人与风险管理,T-RISK-002,定性/定量风险分析、EMV 与决策树,SRC-T-RISK-002-0005,topic_learning_packages/topics/10_干系人与风险管理/T-RISK-002_专题学习包_定性定量风险分析EMV与决策树.md,"定性/定量风险分析、EMV 与决策树 > 定量风险分析：从""大小""到""多少"" > EMV：预期货币价值","EMV：预期货币价值 [定义＋公式｜EMV 预期货币价值] EMV = 概率 × 影响（金额） EMV 用于计算一个风险事件的""期望损失""或""期望收益""。它不是一定会发生的金额，而是考虑概率后的加权平均值。",,,,,,,,,,sha256:7854956716dec311362d9945,ruankao ruankao::anki_build::20260520_223914 ruankao::difficulty::3 ruankao::domain::干系人与风险管理 ruankao::exam_use::上午选择 ruankao::importance::B ruankao::source_grounded ruankao::topic ruankao::topic::T-RISK-002 ruankao::type::公式卡,100,final,通过内容、来源和工程门禁
软考::系统集成项目管理工程师::专题学习::10_干系人与风险管理::T-RISK-002_定性_定量风险分析、EMV与决策树,RuankaoTopicCard,决策树分析相关公式或计算判断规则是什么？,"<div class=""answer-block"">
<div class=""section-title"">【答案】</div>
<div>决策树分析 [定义｜决策树分析] 决策树是一种图形化的决策分析工具，用树状结构展示不同决策路径及其对应的概率和结果。通过计算每条路径的 EMV，可以比较不同选择的期望价值。</div>
</div>","<div class=""extra"">
<div class=""section-title"">【理解】</div>
<div>决策树分析 [定义｜决策树分析] 决策树是一种图形化的决策分析工具，用树状结构展示不同决策路径及其对应的概率和结果。通过计算每条路径的 EMV，可以比较不同选择的期望价值。。这张卡来自源材料中的具体段落，用于把讲义内容改写为可回忆判断。</div>
<div class=""section-title"">【记忆线索】</div>
<div>先写公式，再代入数字，最后写文字判断。</div>
<div class=""section-title"">【易错点】</div>
<div>避免把相邻概念按字面相似性混用。</div>
<div class=""section-title"">【题干信号】</div>
<div>EMV</div>
<div class=""section-title"">【关联专题】</div>
<div>T-RISK-002 定性/定量风险分析、EMV 与决策树</div>
<div class=""section-title"">【来源】</div>
<div>SRC-T-RISK-002-0006：定性/定量风险分析、EMV 与决策树 &gt; 定量风险分析：从&quot;大小&quot;到&quot;多少&quot; &gt; 决策树分析；决策树分析 [定义｜决策树分析] 决策树是一种图形化的决策分析工具，用树状结构展示不同决策路径及其对应的概率和结果。通过计算每条路径的 EMV，可以比较不同选择的期望价值。</div>
</div>",公式卡,B,3,上午选择,干系人与风险管理,T-RISK-002,定性/定量风险分析、EMV 与决策树,SRC-T-RISK-002-0006,topic_learning_packages/topics/10_干系人与风险管理/T-RISK-002_专题学习包_定性定量风险分析EMV与决策树.md,"定性/定量风险分析、EMV 与决策树 > 定量风险分析：从""大小""到""多少"" > 决策树分析",决策树分析 [定义｜决策树分析] 决策树是一种图形化的决策分析工具，用树状结构展示不同决策路径及其对应的概率和结果。通过计算每条路径的 EMV，可以比较不同选择的期望价值。,,,,,,,,,,sha256:b0a03fac3de1d5ce14d5d734,ruankao ruankao::anki_build::20260520_223914 ruankao::difficulty::3 ruankao::domain::干系人与风险管理 ruankao::exam_use::上午选择 ruankao::importance::B ruankao::source_grounded ruankao::topic ruankao::topic::T-RISK-002 ruankao::type::公式卡,100,final,通过内容、来源和工程门禁
软考::系统集成项目管理工程师::专题学习::10_干系人与风险管理::T-RISK-002_定性_定量风险分析、EMV与决策树,RuankaoTopicCard,本轮真题覆盖增强相关公式或计算判断规则是什么？,"<div class=""answer-block"">
<div class=""section-title"">【答案】</div>
<div>本轮真题覆盖增强：定性、定量与 EMV 本节把 questions.full.clean.md 与既有真题映射中的高频考法反查回本专题。2010 上午题考定性风险分析定义、蒙特卡罗，专题还要支撑 EMV 和决策树计算。</div>
</div>","<div class=""extra"">
<div class=""section-title"">【理解】</div>
<div>本轮真题覆盖增强：定性、定量与 EMV 本节把 questions.full.clean.md 与既有真题映射中的高频考法反查回本专题。2010 上午题考定性风险分析定义、蒙特卡罗，专题还要支撑 EMV 和决策树计算。。这张卡来自源材料中的具体段落，用于把讲义内容改写为可回忆判断。</div>
<div class=""section-title"">【记忆线索】</div>
<div>先写公式，再代入数字，最后写文字判断。</div>
<div class=""section-title"">【易错点】</div>
<div>避免把相邻概念按字面相似性混用。</div>
<div class=""section-title"">【题干信号】</div>
<div>风险、EMV</div>
<div class=""section-title"">【关联专题】</div>
<div>T-RISK-002 定性/定量风险分析、EMV 与决策树</div>
<div class=""section-title"">【来源】</div>
<div>SRC-T-RISK-002-0008：定性/定量风险分析、EMV 与决策树 &gt; 本轮真题覆盖增强：定性、定量与 EMV；本轮真题覆盖增强：定性、定量与 EMV 本节把 questions.full.clean.md 与既有真题映射中的高频考法反查回本专题。2010 上午题考定性风险分析定义、蒙特卡罗，专题还要支撑 EMV 和决策树计算。</div>
</div>",公式卡,B,3,上午选择,干系人与风险管理,T-RISK-002,定性/定量风险分析、EMV 与决策树,SRC-T-RISK-002-0008,topic_learning_packages/topics/10_干系人与风险管理/T-RISK-002_专题学习包_定性定量风险分析EMV与决策树.md,定性/定量风险分析、EMV 与决策树 > 本轮真题覆盖增强：定性、定量与 EMV,本轮真题覆盖增强：定性、定量与 EMV 本节把 questions.full.clean.md 与既有真题映射中的高频考法反查回本专题。2010 上午题考定性风险分析定义、蒙特卡罗，专题还要支撑 EMV 和决策树计算。,,,,,,,,,,sha256:1fb98a625347e0b9a189a93b,ruankao ruankao::anki_build::20260520_223914 ruankao::difficulty::3 ruankao::domain::干系人与风险管理 ruankao::exam_use::上午选择 ruankao::importance::B ruankao::source_grounded ruankao::topic ruankao::topic::T-RISK-002 ruankao::type::公式卡,100,final,通过内容、来源和工程门禁
软考::系统集成项目管理工程师::专题学习::10_干系人与风险管理::T-RISK-002_定性_定量风险分析、EMV与决策树,RuankaoTopicCard,题干出现哪些信号时，应想到“定性/定量风险分析、EMV 与决策树”？,"<div class=""answer-block"">
<div class=""section-title"">【答案】</div>
<div>围绕“定性/定量风险分析、EMV 与决策树”的对象、动作、输出物、责任主体和常见陷阱定位考点。</div>
</div>","<div class=""extra"">
<div class=""section-title"">【理解】</div>
<div>围绕“定性/定量风险分析、EMV 与决策树”的对象、动作、输出物、责任主体和常见陷阱定位考点。。这张卡来自源材料中的具体段落，用于把讲义内容改写为可回忆判断。</div>
<div class=""section-title"">【记忆线索】</div>
<div>先写公式，再代入数字，最后写文字判断。</div>
<div class=""section-title"">【易错点】</div>
<div>避免把相邻概念按字面相似性混用。</div>
<div class=""section-title"">【题干信号】</div>
<div>风险、EMV</div>
<div class=""section-title"">【关联专题】</div>
<div>T-RISK-002 定性/定量风险分析、EMV 与决策树</div>
<div class=""section-title"">【来源】</div>
<div>SRC-T-RISK-002-0001：定性/定量风险分析、EMV 与决策树；T-RISK-002｜定性/定量风险分析、EMV 与决策树 本专题用于学习&quot;项目风险管理&quot;中最容易出计算题和辨析题的一组核心内容：定性风险分析（概率影响矩阵）、定量风险分析、预期货币价值（EMV）、决策树分析、敏感性分析、龙卷风图。它们不是孤立分析技术，而是围绕一个核心问题展开：在识别出风险之后，如何用结构化的方法决定</div>
</div>",关键词识别卡,B,3,上午选择,干系人与风险管理,T-RISK-002,定性/定量风险分析、EMV 与决策树,SRC-T-RISK-002-0001,topic_learning_packages/topics/10_干系人与风险管理/T-RISK-002_专题学习包_定性定量风险分析EMV与决策树.md,定性/定量风险分析、EMV 与决策树,"T-RISK-002｜定性/定量风险分析、EMV 与决策树 本专题用于学习""项目风险管理""中最容易出计算题和辨析题的一组核心内容：定性风险分析（概率影响矩阵）、定量风险分析、预期货币价值（EMV）、决策树分析、敏感性分析、龙卷风图。它们不是孤立分析技术，而是围绕一个核心问题展开：在识别出风险之后，如何用结构化的方法决定哪些风险最值得关注、需要什么样的应对策略？",,,,,,,,,,sha256:67f02456304132c89c794fab,ruankao ruankao::anki_build::20260520_223914 ruankao::difficulty::3 ruankao::domain::干系人与风险管理 ruankao::exam_use::上午选择 ruankao::importance::B ruankao::source_grounded ruankao::topic ruankao::topic::T-RISK-002 ruankao::type::关键词识别卡,100,final,通过内容、来源和工程门禁
软考::系统集成项目管理工程师::专题学习::10_干系人与风险管理::T-RISK-002_定性_定量风险分析、EMV与决策树,RuankaoTopicCard,定性/定量风险分析、EMV 与决策树类案例通常应从哪些角度答？,"<div class=""answer-block"">
<div class=""section-title"">【答案】</div>
<div>先从题干事实定位“定性/定量风险分析、EMV 与决策树”相关管理缺口，再写原因、影响、纠正措施、预防措施和需更新的文件。</div>
</div>","<div class=""extra"">
<div class=""section-title"">【理解】</div>
<div>先从题干事实定位“定性/定量风险分析、EMV 与决策树”相关管理缺口，再写原因、影响、纠正措施、预防措施和需更新的文件。。这张卡来自源材料中的具体段落，用于把讲义内容改写为可回忆判断。</div>
<div class=""section-title"">【记忆线索】</div>
<div>先写公式，再代入数字，最后写文字判断。</div>
<div class=""section-title"">【易错点】</div>
<div>避免把相邻概念按字面相似性混用。</div>
<div class=""section-title"">【题干信号】</div>
<div>风险、EMV</div>
<div class=""section-title"">【关联专题】</div>
<div>T-RISK-002 定性/定量风险分析、EMV 与决策树</div>
<div class=""section-title"">【来源】</div>
<div>SRC-T-RISK-002-0002：定性/定量风险分析、EMV 与决策树 &gt; 先看这个专题的主线；先看这个专题的主线 风险管理中最容易被跳过的环节就是&quot;分析&quot;。很多项目识别完风险就直接去&quot;想对策&quot;，缺少了系统化分析——哪些风险影响最大？</div>
</div>",案例模板卡,B,3,下午案例,干系人与风险管理,T-RISK-002,定性/定量风险分析、EMV 与决策树,SRC-T-RISK-002-0002,topic_learning_packages/topics/10_干系人与风险管理/T-RISK-002_专题学习包_定性定量风险分析EMV与决策树.md,定性/定量风险分析、EMV 与决策树 > 先看这个专题的主线,"先看这个专题的主线 风险管理中最容易被跳过的环节就是""分析""。很多项目识别完风险就直接去""想对策""，缺少了系统化分析——哪些风险影响最大？",,,,,,,,,,sha256:e06649aaa3287407124de763,ruankao ruankao::anki_build::20260520_223914 ruankao::difficulty::3 ruankao::domain::干系人与风险管理 ruankao::exam_use::下午案例 ruankao::importance::B ruankao::source_grounded ruankao::topic ruankao::topic::T-RISK-002 ruankao::type::案例模板卡,84,final,通过内容、来源和工程门禁；源材料自动扩展卡，建议后续人工润色
软考::系统集成项目管理工程师::专题学习::10_干系人与风险管理::T-RISK-002_定性_定量风险分析、EMV与决策树,RuankaoTopicCard,定性/定量风险分析、EMV 与决策树中，定性/定量风险分析、EMV 与决策树的考试判断要点是什么？,"<div class=""answer-block"">
<div class=""section-title"">【答案】</div>
<div>先看这个专题的主线 风险管理中最容易被跳过的环节就是&quot;分析&quot;。很多项目识别完风险就直接去&quot;想对策&quot;，缺少了系统化分析——哪些风险影响最大？</div>
</div>","<div class=""extra"">
<div class=""section-title"">【理解】</div>
<div>先看这个专题的主线 风险管理中最容易被跳过的环节就是&quot;分析&quot;。很多项目识别完风险就直接去&quot;想对策&quot;，缺少了系统化分析——哪些风险影响最大？。这张卡来自源材料中的具体段落，用于把讲义内容改写为可回忆判断。</div>
<div class=""section-title"">【记忆线索】</div>
<div>先写公式，再代入数字，最后写文字判断。</div>
<div class=""section-title"">【易错点】</div>
<div>避免把相邻概念按字面相似性混用。</div>
<div class=""section-title"">【题干信号】</div>
<div>风险、EMV</div>
<div class=""section-title"">【关联专题】</div>
<div>T-RISK-002 定性/定量风险分析、EMV 与决策树</div>
<div class=""section-title"">【来源】</div>
<div>SRC-T-RISK-002-0002：定性/定量风险分析、EMV 与决策树 &gt; 先看这个专题的主线；先看这个专题的主线 风险管理中最容易被跳过的环节就是&quot;分析&quot;。很多项目识别完风险就直接去&quot;想对策&quot;，缺少了系统化分析——哪些风险影响最大？</div>
</div>",公式卡,C,3,上午选择,干系人与风险管理,T-RISK-002,定性/定量风险分析、EMV 与决策树,SRC-T-RISK-002-0002,topic_learning_packages/topics/10_干系人与风险管理/T-RISK-002_专题学习包_定性定量风险分析EMV与决策树.md,定性/定量风险分析、EMV 与决策树 > 先看这个专题的主线,"先看这个专题的主线 风险管理中最容易被跳过的环节就是""分析""。很多项目识别完风险就直接去""想对策""，缺少了系统化分析——哪些风险影响最大？",,,,,,,,,,sha256:92e19ad6830f5695517f5e67,ruankao ruankao::anki_build::20260520_223914 ruankao::difficulty::3 ruankao::domain::干系人与风险管理 ruankao::exam_use::上午选择 ruankao::importance::C ruankao::source_grounded ruankao::topic ruankao::topic::T-RISK-002 ruankao::type::公式卡,84,final,通过内容、来源和工程门禁；源材料自动扩展卡，建议后续人工润色
软考::系统集成项目管理工程师::专题学习::10_干系人与风险管理::T-RISK-002_定性_定量风险分析、EMV与决策树,RuankaoTopicCard,定性/定量风险分析、EMV 与决策树中，定性风险分析的考试判断要点是什么？,"<div class=""answer-block"">
<div class=""section-title"">【答案】</div>
<div>定性风险分析：概率和影响矩阵 [定义｜定性风险分析] 通过评估单个风险的概率和影响，对风险进行优先级排序，为后续分析或行动提供基础的过程。它关注的是&quot;哪些风险最重要&quot;。</div>
</div>","<div class=""extra"">
<div class=""section-title"">【理解】</div>
<div>定性风险分析：概率和影响矩阵 [定义｜定性风险分析] 通过评估单个风险的概率和影响，对风险进行优先级排序，为后续分析或行动提供基础的过程。它关注的是&quot;哪些风险最重要&quot;。。这张卡来自源材料中的具体段落，用于把讲义内容改写为可回忆判断。</div>
<div class=""section-title"">【记忆线索】</div>
<div>先写公式，再代入数字，最后写文字判断。</div>
<div class=""section-title"">【易错点】</div>
<div>避免把相邻概念按字面相似性混用。</div>
<div class=""section-title"">【题干信号】</div>
<div>风险、评估、EMV</div>
<div class=""section-title"">【关联专题】</div>
<div>T-RISK-002 定性/定量风险分析、EMV 与决策树</div>
<div class=""section-title"">【来源】</div>
<div>SRC-T-RISK-002-0003：定性/定量风险分析、EMV 与决策树 &gt; 定性风险分析：概率和影响矩阵；定性风险分析：概率和影响矩阵 [定义｜定性风险分析] 通过评估单个风险的概率和影响，对风险进行优先级排序，为后续分析或行动提供基础的过程。它关注的是&quot;哪些风险最重要&quot;。</div>
</div>",公式卡,C,3,上午选择,干系人与风险管理,T-RISK-002,定性/定量风险分析、EMV 与决策树,SRC-T-RISK-002-0003,topic_learning_packages/topics/10_干系人与风险管理/T-RISK-002_专题学习包_定性定量风险分析EMV与决策树.md,定性/定量风险分析、EMV 与决策树 > 定性风险分析：概率和影响矩阵,"定性风险分析：概率和影响矩阵 [定义｜定性风险分析] 通过评估单个风险的概率和影响，对风险进行优先级排序，为后续分析或行动提供基础的过程。它关注的是""哪些风险最重要""。",,,,,,,,,,sha256:91fd0c7d6c4d1de60ac347d5,ruankao ruankao::anki_build::20260520_223914 ruankao::difficulty::3 ruankao::domain::干系人与风险管理 ruankao::exam_use::上午选择 ruankao::importance::C ruankao::source_grounded ruankao::topic ruankao::topic::T-RISK-002 ruankao::type::公式卡,84,final,通过内容、来源和工程门禁；源材料自动扩展卡，建议后续人工润色
软考::系统集成项目管理工程师::专题学习::10_干系人与风险管理::T-RISK-002_定性_定量风险分析、EMV与决策树,RuankaoTopicCard,定性/定量风险分析、EMV 与决策树中，定量风险分析的考试判断要点是什么？,"<div class=""answer-block"">
<div class=""section-title"">【答案】</div>
<div>定量风险分析：从&quot;大小&quot;到&quot;多少&quot; [定义｜定量风险分析] 就已识别的单个风险对项目整体目标的影响进行量化分析的过程。它的输出是量化的风险信息，用于支持决策。</div>
</div>","<div class=""extra"">
<div class=""section-title"">【理解】</div>
<div>定量风险分析：从&quot;大小&quot;到&quot;多少&quot; [定义｜定量风险分析] 就已识别的单个风险对项目整体目标的影响进行量化分析的过程。它的输出是量化的风险信息，用于支持决策。。这张卡来自源材料中的具体段落，用于把讲义内容改写为可回忆判断。</div>
<div class=""section-title"">【记忆线索】</div>
<div>先写公式，再代入数字，最后写文字判断。</div>
<div class=""section-title"">【易错点】</div>
<div>避免把相邻概念按字面相似性混用。</div>
<div class=""section-title"">【题干信号】</div>
<div>风险、EMV</div>
<div class=""section-title"">【关联专题】</div>
<div>T-RISK-002 定性/定量风险分析、EMV 与决策树</div>
<div class=""section-title"">【来源】</div>
<div>SRC-T-RISK-002-0004：定性/定量风险分析、EMV 与决策树 &gt; 定量风险分析：从&quot;大小&quot;到&quot;多少&quot;；定量风险分析：从&quot;大小&quot;到&quot;多少&quot; [定义｜定量风险分析] 就已识别的单个风险对项目整体目标的影响进行量化分析的过程。它的输出是量化的风险信息，用于支持决策。</div>
</div>",公式卡,C,3,上午选择,干系人与风险管理,T-RISK-002,定性/定量风险分析、EMV 与决策树,SRC-T-RISK-002-0004,topic_learning_packages/topics/10_干系人与风险管理/T-RISK-002_专题学习包_定性定量风险分析EMV与决策树.md,"定性/定量风险分析、EMV 与决策树 > 定量风险分析：从""大小""到""多少""","定量风险分析：从""大小""到""多少"" [定义｜定量风险分析] 就已识别的单个风险对项目整体目标的影响进行量化分析的过程。它的输出是量化的风险信息，用于支持决策。",,,,,,,,,,sha256:0439a5ab76048f418c8c8ffb,ruankao ruankao::anki_build::20260520_223914 ruankao::difficulty::3 ruankao::domain::干系人与风险管理 ruankao::exam_use::上午选择 ruankao::importance::C ruankao::source_grounded ruankao::topic ruankao::topic::T-RISK-002 ruankao::type::公式卡,84,final,通过内容、来源和工程门禁；源材料自动扩展卡，建议后续人工润色
软考::系统集成项目管理工程师::专题学习::10_干系人与风险管理::T-RISK-002_定性_定量风险分析、EMV与决策树,RuankaoTopicCard,定性/定量风险分析、EMV 与决策树中，EMV的考试判断要点是什么？,"<div class=""answer-block"">
<div class=""section-title"">【答案】</div>
<div>EMV：预期货币价值 [定义＋公式｜EMV 预期货币价值] EMV = 概率 × 影响（金额） EMV 用于计算一个风险事件的&quot;期望损失&quot;或&quot;期望收益&quot;。它不是一定会发生的金额，而是考虑概率后的加权平均值。</div>
</div>","<div class=""extra"">
<div class=""section-title"">【理解】</div>
<div>EMV：预期货币价值 [定义＋公式｜EMV 预期货币价值] EMV = 概率 × 影响（金额） EMV 用于计算一个风险事件的&quot;期望损失&quot;或&quot;期望收益&quot;。它不是一定会发生的金额，而是考虑概率后的加权平均值。。这张卡来自源材料中的具体段落，用于把讲义内容改写为可回忆判断。</div>
<div class=""section-title"">【记忆线索】</div>
<div>先写公式，再代入数字，最后写文字判断。</div>
<div class=""section-title"">【易错点】</div>
<div>避免把相邻概念按字面相似性混用。</div>
<div class=""section-title"">【题干信号】</div>
<div>风险、EMV</div>
<div class=""section-title"">【关联专题】</div>
<div>T-RISK-002 定性/定量风险分析、EMV 与决策树</div>
<div class=""section-title"">【来源】</div>
<div>SRC-T-RISK-002-0005：定性/定量风险分析、EMV 与决策树 &gt; 定量风险分析：从&quot;大小&quot;到&quot;多少&quot; &gt; EMV：预期货币价值；EMV：预期货币价值 [定义＋公式｜EMV 预期货币价值] EMV = 概率 × 影响（金额） EMV 用于计算一个风险事件的&quot;期望损失&quot;或&quot;期望收益&quot;。它不是一定会发生的金额，而是考虑概率后的加权平均值。</div>
</div>",公式卡,C,3,上午选择,干系人与风险管理,T-RISK-002,定性/定量风险分析、EMV 与决策树,SRC-T-RISK-002-0005,topic_learning_packages/topics/10_干系人与风险管理/T-RISK-002_专题学习包_定性定量风险分析EMV与决策树.md,"定性/定量风险分析、EMV 与决策树 > 定量风险分析：从""大小""到""多少"" > EMV：预期货币价值","EMV：预期货币价值 [定义＋公式｜EMV 预期货币价值] EMV = 概率 × 影响（金额） EMV 用于计算一个风险事件的""期望损失""或""期望收益""。它不是一定会发生的金额，而是考虑概率后的加权平均值。",,,,,,,,,,sha256:2ff4f2395b26f4b6f1893727,ruankao ruankao::anki_build::20260520_223914 ruankao::difficulty::3 ruankao::domain::干系人与风险管理 ruankao::exam_use::上午选择 ruankao::importance::C ruankao::source_grounded ruankao::topic ruankao::topic::T-RISK-002 ruankao::type::公式卡,84,final,通过内容、来源和工程门禁；源材料自动扩展卡，建议后续人工润色
软考::系统集成项目管理工程师::专题学习::11_采购与合同管理::T-PROC-001_合同类型、风险分配与采购决策,RuankaoTopicCard,合同类型、风险分配与采购决策的核心区别或边界是什么？,"<div class=""answer-block"">
<div class=""section-title"">【答案】</div>
<div>T-PROC-001｜合同类型、风险分配与采购决策 本专题用于学习&quot;项目采购管理&quot;中最容易出选择题和辨析题的一组核心内容：固定总价合同、成本补偿合同、工料合同、合同类型与风险分配的关系、自制与外购分析。它们不是孤立法条，而是围绕一个核心问题展开：在买方和卖方之间，谁承担更多的风险？</div>
</div>","<div class=""extra"">
<div class=""section-title"">【理解】</div>
<div>T-PROC-001｜合同类型、风险分配与采购决策 本专题用于学习&quot;项目采购管理&quot;中最容易出选择题和辨析题的一组核心内容：固定总价合同、成本补偿合同、工料合同、合同类型与风险分配的关系、自制与外购分析。它们不是孤立法条，而是围绕一个核心问题展开：在买方和卖方之间，谁承担更多的风险？。这张卡来自源材料中的具体段落，用于把讲义内容改写为可回忆判断。</div>
<div class=""section-title"">【记忆线索】</div>
<div>先判断对象、责任主体、时间点和输出物，再排除张冠李戴的选项。</div>
<div class=""section-title"">【易错点】</div>
<div>避免把相邻概念按字面相似性混用。</div>
<div class=""section-title"">【题干信号】</div>
<div>风险、问题、合同</div>
<div class=""section-title"">【关联专题】</div>
<div>T-PROC-001 合同类型、风险分配与采购决策</div>
<div class=""section-title"">【来源】</div>
<div>SRC-T-PROC-001-0001：合同类型、风险分配与采购决策；T-PROC-001｜合同类型、风险分配与采购决策 本专题用于学习&quot;项目采购管理&quot;中最容易出选择题和辨析题的一组核心内容：固定总价合同、成本补偿合同、工料合同、合同类型与风险分配的关系、自制与外购分析。它们不是孤立法条，而是围绕一个核心问题展开：在买方和卖方之间，谁承担更多的风险？</div>
</div>",辨析卡,B,3,上午选择,采购与合同管理,T-PROC-001,合同类型、风险分配与采购决策,SRC-T-PROC-001-0001,topic_learning_packages/topics/11_采购与合同管理/T-PROC-001_专题学习包_合同类型选择与风险分配.md,合同类型、风险分配与采购决策,"T-PROC-001｜合同类型、风险分配与采购决策 本专题用于学习""项目采购管理""中最容易出选择题和辨析题的一组核心内容：固定总价合同、成本补偿合同、工料合同、合同类型与风险分配的关系、自制与外购分析。它们不是孤立法条，而是围绕一个核心问题展开：在买方和卖方之间，谁承担更多的风险？",,,,,,,,,,sha256:2012d007b846b4187be20263,ruankao ruankao::anki_build::20260520_223914 ruankao::difficulty::3 ruankao::domain::采购与合同管理 ruankao::exam_use::上午选择 ruankao::importance::B ruankao::source_grounded ruankao::topic ruankao::topic::T-PROC-001 ruankao::type::辨析卡,100,final,通过内容、来源和工程门禁
软考::系统集成项目管理工程师::专题学习::11_采购与合同管理::T-PROC-001_合同类型、风险分配与采购决策,RuankaoTopicCard,"工料合同（Time and Materials,的考试要点是什么？","<div class=""answer-block"">
<div class=""section-title"">【答案】</div>
<div>工料合同（Time and Materials, T&amp;M） [定义｜工料合同] 买方按实际消耗的工时和材料向卖方付款的合同。兼具固定总价和成本补偿的特点：小时费率和材料单价相对固定（像固定总价），但总金额取决于实际消耗量（像成本补偿）。</div>
</div>","<div class=""extra"">
<div class=""section-title"">【理解】</div>
<div>工料合同（Time and Materials, T&amp;M） [定义｜工料合同] 买方按实际消耗的工时和材料向卖方付款的合同。兼具固定总价和成本补偿的特点：小时费率和材料单价相对固定（像固定总价），但总金额取决于实际消耗量（像成本补偿）。。这张卡来自源材料中的具体段落，用于把讲义内容改写为可回忆判断。</div>
<div class=""section-title"">【记忆线索】</div>
<div>抓住题干中的对象、动作和输出，不背整段讲义。</div>
<div class=""section-title"">【易错点】</div>
<div>避免把相邻概念按字面相似性混用。</div>
<div class=""section-title"">【题干信号】</div>
<div>合同</div>
<div class=""section-title"">【关联专题】</div>
<div>T-PROC-001 合同类型、风险分配与采购决策</div>
<div class=""section-title"">【来源】</div>
<div>SRC-T-PROC-001-0005：合同类型、风险分配与采购决策 &gt; 三种基本合同类型 &gt; 工料合同（Time and Materials, T&amp;M）；工料合同（Time and Materials, T&amp;M） [定义｜工料合同] 买方按实际消耗的工时和材料向卖方付款的合同。兼具固定总价和成本补偿的特点：小时费率和材料单价相对固定（像固定总价），但总金额取决于实际消耗量（像成本补偿）。</div>
</div>",概念卡,B,3,上午选择,采购与合同管理,T-PROC-001,合同类型、风险分配与采购决策,SRC-T-PROC-001-0005,topic_learning_packages/topics/11_采购与合同管理/T-PROC-001_专题学习包_合同类型选择与风险分配.md,"合同类型、风险分配与采购决策 > 三种基本合同类型 > 工料合同（Time and Materials, T&M）","工料合同（Time and Materials, T&M） [定义｜工料合同] 买方按实际消耗的工时和材料向卖方付款的合同。兼具固定总价和成本补偿的特点：小时费率和材料单价相对固定（像固定总价），但总金额取决于实际消耗量（像成本补偿）。",,,,,,,,,,sha256:9b7bf88a03ec662cba5c9032,ruankao ruankao::anki_build::20260520_223914 ruankao::difficulty::3 ruankao::domain::采购与合同管理 ruankao::exam_use::上午选择 ruankao::importance::B ruankao::source_grounded ruankao::topic ruankao::topic::T-PROC-001 ruankao::type::概念卡,100,final,通过内容、来源和工程门禁
软考::系统集成项目管理工程师::专题学习::11_采购与合同管理::T-PROC-001_合同类型、风险分配与采购决策,RuankaoTopicCard,合同类型与风险分配的关系的考试要点是什么？,"<div class=""answer-block"">
<div class=""section-title"">【答案】</div>
<div>合同类型与风险分配的关系 这是高考频考点。合同类型的本质问题是：谁来承担成本超支的风险？</div>
</div>","<div class=""extra"">
<div class=""section-title"">【理解】</div>
<div>合同类型与风险分配的关系 这是高考频考点。合同类型的本质问题是：谁来承担成本超支的风险？。这张卡来自源材料中的具体段落，用于把讲义内容改写为可回忆判断。</div>
<div class=""section-title"">【记忆线索】</div>
<div>抓住题干中的对象、动作和输出，不背整段讲义。</div>
<div class=""section-title"">【易错点】</div>
<div>避免把相邻概念按字面相似性混用。</div>
<div class=""section-title"">【题干信号】</div>
<div>风险、问题、合同</div>
<div class=""section-title"">【关联专题】</div>
<div>T-PROC-001 合同类型、风险分配与采购决策</div>
<div class=""section-title"">【来源】</div>
<div>SRC-T-PROC-001-0006：合同类型、风险分配与采购决策 &gt; 合同类型与风险分配的关系；合同类型与风险分配的关系 这是高考频考点。合同类型的本质问题是：谁来承担成本超支的风险？</div>
</div>",概念卡,B,3,上午选择,采购与合同管理,T-PROC-001,合同类型、风险分配与采购决策,SRC-T-PROC-001-0006,topic_learning_packages/topics/11_采购与合同管理/T-PROC-001_专题学习包_合同类型选择与风险分配.md,合同类型、风险分配与采购决策 > 合同类型与风险分配的关系,合同类型与风险分配的关系 这是高考频考点。合同类型的本质问题是：谁来承担成本超支的风险？,,,,,,,,,,sha256:55f8fc8b55eff0c6c647bbfc,ruankao ruankao::anki_build::20260520_223914 ruankao::difficulty::3 ruankao::domain::采购与合同管理 ruankao::exam_use::上午选择 ruankao::importance::B ruankao::source_grounded ruankao::topic ruankao::topic::T-PROC-001 ruankao::type::概念卡,100,final,通过内容、来源和工程门禁
软考::系统集成项目管理工程师::专题学习::11_采购与合同管理::T-PROC-001_合同类型、风险分配与采购决策,RuankaoTopicCard,自制与外购分析的考试要点是什么？,"<div class=""answer-block"">
<div class=""section-title"">【答案】</div>
<div>自制与外购分析 采购管理中的另一个重要决策是：这项工作是自己做，还是从外部采购？ [定义｜自制与外购分析] 自制或外购分析是一种通用的管理技术，用于确定某项工作由项目团队自行完成还是从外部采购更为合理。</div>
</div>","<div class=""extra"">
<div class=""section-title"">【理解】</div>
<div>自制与外购分析 采购管理中的另一个重要决策是：这项工作是自己做，还是从外部采购？ [定义｜自制与外购分析] 自制或外购分析是一种通用的管理技术，用于确定某项工作由项目团队自行完成还是从外部采购更为合理。。这张卡来自源材料中的具体段落，用于把讲义内容改写为可回忆判断。</div>
<div class=""section-title"">【记忆线索】</div>
<div>抓住题干中的对象、动作和输出，不背整段讲义。</div>
<div class=""section-title"">【易错点】</div>
<div>避免把相邻概念按字面相似性混用。</div>
<div class=""section-title"">【题干信号】</div>
<div>定义识别、场景判断、角色/流程边界。</div>
<div class=""section-title"">【关联专题】</div>
<div>T-PROC-001 合同类型、风险分配与采购决策</div>
<div class=""section-title"">【来源】</div>
<div>SRC-T-PROC-001-0007：合同类型、风险分配与采购决策 &gt; 自制与外购分析；自制与外购分析 采购管理中的另一个重要决策是：这项工作是自己做，还是从外部采购？ [定义｜自制与外购分析] 自制或外购分析是一种通用的管理技术，用于确定某项工作由项目团队自行完成还是从外部采购更为合理。</div>
</div>",概念卡,B,3,上午选择,采购与合同管理,T-PROC-001,合同类型、风险分配与采购决策,SRC-T-PROC-001-0007,topic_learning_packages/topics/11_采购与合同管理/T-PROC-001_专题学习包_合同类型选择与风险分配.md,合同类型、风险分配与采购决策 > 自制与外购分析,自制与外购分析 采购管理中的另一个重要决策是：这项工作是自己做，还是从外部采购？ [定义｜自制与外购分析] 自制或外购分析是一种通用的管理技术，用于确定某项工作由项目团队自行完成还是从外部采购更为合理。,,,,,,,,,,sha256:92161c280700ac8dfb993c66,ruankao ruankao::anki_build::20260520_223914 ruankao::difficulty::3 ruankao::domain::采购与合同管理 ruankao::exam_use::上午选择 ruankao::importance::B ruankao::source_grounded ruankao::topic ruankao::topic::T-PROC-001 ruankao::type::概念卡,100,final,通过内容、来源和工程门禁
软考::系统集成项目管理工程师::专题学习::11_采购与合同管理::T-PROC-001_合同类型、风险分配与采购决策,RuankaoTopicCard,本轮真题覆盖增强类案例应从哪些角度分析？,"<div class=""answer-block"">
<div class=""section-title"">【答案】</div>
<div>本轮真题覆盖增强：合同类型与风险分配 本节把 questions.full.clean.md 与既有真题映射中的高频考法反查回本专题。题库和案例常考需求明确时选固定总价、需求不确定时成本补偿风险，以及索赔必须依据合同。</div>
</div>","<div class=""extra"">
<div class=""section-title"">【理解】</div>
<div>本轮真题覆盖增强：合同类型与风险分配 本节把 questions.full.clean.md 与既有真题映射中的高频考法反查回本专题。题库和案例常考需求明确时选固定总价、需求不确定时成本补偿风险，以及索赔必须依据合同。。这张卡来自源材料中的具体段落，用于把讲义内容改写为可回忆判断。</div>
<div class=""section-title"">【记忆线索】</div>
<div>抓住题干中的对象、动作和输出，不背整段讲义。</div>
<div class=""section-title"">【易错点】</div>
<div>避免把相邻概念按字面相似性混用。</div>
<div class=""section-title"">【题干信号】</div>
<div>风险、合同、索赔</div>
<div class=""section-title"">【关联专题】</div>
<div>T-PROC-001 合同类型、风险分配与采购决策</div>
<div class=""section-title"">【来源】</div>
<div>SRC-T-PROC-001-0009：合同类型、风险分配与采购决策 &gt; 本轮真题覆盖增强：合同类型与风险分配；本轮真题覆盖增强：合同类型与风险分配 本节把 questions.full.clean.md 与既有真题映射中的高频考法反查回本专题。题库和案例常考需求明确时选固定总价、需求不确定时成本补偿风险，以及索赔必须依据合同。</div>
</div>",案例模板卡,B,3,下午案例,采购与合同管理,T-PROC-001,合同类型、风险分配与采购决策,SRC-T-PROC-001-0009,topic_learning_packages/topics/11_采购与合同管理/T-PROC-001_专题学习包_合同类型选择与风险分配.md,合同类型、风险分配与采购决策 > 本轮真题覆盖增强：合同类型与风险分配,本轮真题覆盖增强：合同类型与风险分配 本节把 questions.full.clean.md 与既有真题映射中的高频考法反查回本专题。题库和案例常考需求明确时选固定总价、需求不确定时成本补偿风险，以及索赔必须依据合同。,,,,,,,,,,sha256:72e49f03457359b28360f5d1,ruankao ruankao::anki_build::20260520_223914 ruankao::difficulty::3 ruankao::domain::采购与合同管理 ruankao::exam_use::下午案例 ruankao::importance::B ruankao::source_grounded ruankao::topic ruankao::topic::T-PROC-001 ruankao::type::案例模板卡,100,final,通过内容、来源和工程门禁
软考::系统集成项目管理工程师::专题学习::11_采购与合同管理::T-PROC-001_合同类型、风险分配与采购决策,RuankaoTopicCard,题干出现哪些信号时，应想到“合同类型、风险分配与采购决策”？,"<div class=""answer-block"">
<div class=""section-title"">【答案】</div>
<div>围绕“合同类型、风险分配与采购决策”的对象、动作、输出物、责任主体和常见陷阱定位考点。</div>
</div>","<div class=""extra"">
<div class=""section-title"">【理解】</div>
<div>围绕“合同类型、风险分配与采购决策”的对象、动作、输出物、责任主体和常见陷阱定位考点。。这张卡来自源材料中的具体段落，用于把讲义内容改写为可回忆判断。</div>
<div class=""section-title"">【记忆线索】</div>
<div>抓住题干中的对象、动作和输出，不背整段讲义。</div>
<div class=""section-title"">【易错点】</div>
<div>避免把相邻概念按字面相似性混用。</div>
<div class=""section-title"">【题干信号】</div>
<div>风险、合同</div>
<div class=""section-title"">【关联专题】</div>
<div>T-PROC-001 合同类型、风险分配与采购决策</div>
<div class=""section-title"">【来源】</div>
<div>SRC-T-PROC-001-0001：合同类型、风险分配与采购决策；T-PROC-001｜合同类型、风险分配与采购决策 本专题用于学习&quot;项目采购管理&quot;中最容易出选择题和辨析题的一组核心内容：固定总价合同、成本补偿合同、工料合同、合同类型与风险分配的关系、自制与外购分析。它们不是孤立法条，而是围绕一个核心问题展开：在买方和卖方之间，谁承担更多的风险？</div>
</div>",关键词识别卡,B,3,上午选择,采购与合同管理,T-PROC-001,合同类型、风险分配与采购决策,SRC-T-PROC-001-0001,topic_learning_packages/topics/11_采购与合同管理/T-PROC-001_专题学习包_合同类型选择与风险分配.md,合同类型、风险分配与采购决策,"T-PROC-001｜合同类型、风险分配与采购决策 本专题用于学习""项目采购管理""中最容易出选择题和辨析题的一组核心内容：固定总价合同、成本补偿合同、工料合同、合同类型与风险分配的关系、自制与外购分析。它们不是孤立法条，而是围绕一个核心问题展开：在买方和卖方之间，谁承担更多的风险？",,,,,,,,,,sha256:63ba4ada32c90db63dfda04d,ruankao ruankao::anki_build::20260520_223914 ruankao::difficulty::3 ruankao::domain::采购与合同管理 ruankao::exam_use::上午选择 ruankao::importance::B ruankao::source_grounded ruankao::topic ruankao::topic::T-PROC-001 ruankao::type::关键词识别卡,100,final,通过内容、来源和工程门禁
软考::系统集成项目管理工程师::专题学习::11_采购与合同管理::T-PROC-001_合同类型、风险分配与采购决策,RuankaoTopicCard,合同类型、风险分配与采购决策中，合同类型、风险分配与采购决策的考试判断要点是什么？,"<div class=""answer-block"">
<div class=""section-title"">【答案】</div>
<div>T-PROC-001｜合同类型、风险分配与采购决策 本专题用于学习&quot;项目采购管理&quot;中最容易出选择题和辨析题的一组核心内容：固定总价合同、成本补偿合同、工料合同、合同类型与风险分配的关系、自制与外购分析。它们不是孤立法条，而是围绕一个核心问题展开：在买方和卖方之间，谁承担更多的风险？</div>
</div>","<div class=""extra"">
<div class=""section-title"">【理解】</div>
<div>T-PROC-001｜合同类型、风险分配与采购决策 本专题用于学习&quot;项目采购管理&quot;中最容易出选择题和辨析题的一组核心内容：固定总价合同、成本补偿合同、工料合同、合同类型与风险分配的关系、自制与外购分析。它们不是孤立法条，而是围绕一个核心问题展开：在买方和卖方之间，谁承担更多的风险？。这张卡来自源材料中的具体段落，用于把讲义内容改写为可回忆判断。</div>
<div class=""section-title"">【记忆线索】</div>
<div>抓住题干中的对象、动作和输出，不背整段讲义。</div>
<div class=""section-title"">【易错点】</div>
<div>避免把相邻概念按字面相似性混用。</div>
<div class=""section-title"">【题干信号】</div>
<div>风险、问题、合同</div>
<div class=""section-title"">【关联专题】</div>
<div>T-PROC-001 合同类型、风险分配与采购决策</div>
<div class=""section-title"">【来源】</div>
<div>SRC-T-PROC-001-0001：合同类型、风险分配与采购决策；T-PROC-001｜合同类型、风险分配与采购决策 本专题用于学习&quot;项目采购管理&quot;中最容易出选择题和辨析题的一组核心内容：固定总价合同、成本补偿合同、工料合同、合同类型与风险分配的关系、自制与外购分析。它们不是孤立法条，而是围绕一个核心问题展开：在买方和卖方之间，谁承担更多的风险？</div>
</div>",概念卡,C,3,上午选择,采购与合同管理,T-PROC-001,合同类型、风险分配与采购决策,SRC-T-PROC-001-0001,topic_learning_packages/topics/11_采购与合同管理/T-PROC-001_专题学习包_合同类型选择与风险分配.md,合同类型、风险分配与采购决策,"T-PROC-001｜合同类型、风险分配与采购决策 本专题用于学习""项目采购管理""中最容易出选择题和辨析题的一组核心内容：固定总价合同、成本补偿合同、工料合同、合同类型与风险分配的关系、自制与外购分析。它们不是孤立法条，而是围绕一个核心问题展开：在买方和卖方之间，谁承担更多的风险？",,,,,,,,,,sha256:7715fa9b769c084c0903c55c,ruankao ruankao::anki_build::20260520_223914 ruankao::difficulty::3 ruankao::domain::采购与合同管理 ruankao::exam_use::上午选择 ruankao::importance::C ruankao::source_grounded ruankao::topic ruankao::topic::T-PROC-001 ruankao::type::概念卡,84,final,通过内容、来源和工程门禁；源材料自动扩展卡，建议后续人工润色
软考::系统集成项目管理工程师::专题学习::11_采购与合同管理::T-PROC-001_合同类型、风险分配与采购决策,RuankaoTopicCard,合同类型、风险分配与采购决策中，合同类型、风险分配与采购决策的考试判断要点是什么？,"<div class=""answer-block"">
<div class=""section-title"">【答案】</div>
<div>先看这个专题的主线 很多同学把合同类型当成&quot;背表格&quot;的题目——固定总价、成本补偿、工料合同各自的特点背一遍。但软考对合同类型的考查关键在于：给你一个项目场景，让你判断哪种合同类型最合适。</div>
</div>","<div class=""extra"">
<div class=""section-title"">【理解】</div>
<div>先看这个专题的主线 很多同学把合同类型当成&quot;背表格&quot;的题目——固定总价、成本补偿、工料合同各自的特点背一遍。但软考对合同类型的考查关键在于：给你一个项目场景，让你判断哪种合同类型最合适。。这张卡来自源材料中的具体段落，用于把讲义内容改写为可回忆判断。</div>
<div class=""section-title"">【记忆线索】</div>
<div>抓住题干中的对象、动作和输出，不背整段讲义。</div>
<div class=""section-title"">【易错点】</div>
<div>避免把相邻概念按字面相似性混用。</div>
<div class=""section-title"">【题干信号】</div>
<div>风险、合同</div>
<div class=""section-title"">【关联专题】</div>
<div>T-PROC-001 合同类型、风险分配与采购决策</div>
<div class=""section-title"">【来源】</div>
<div>SRC-T-PROC-001-0002：合同类型、风险分配与采购决策 &gt; 先看这个专题的主线；先看这个专题的主线 很多同学把合同类型当成&quot;背表格&quot;的题目——固定总价、成本补偿、工料合同各自的特点背一遍。但软考对合同类型的考查关键在于：给你一个项目场景，让你判断哪种合同类型最合适。</div>
</div>",概念卡,C,3,上午选择,采购与合同管理,T-PROC-001,合同类型、风险分配与采购决策,SRC-T-PROC-001-0002,topic_learning_packages/topics/11_采购与合同管理/T-PROC-001_专题学习包_合同类型选择与风险分配.md,合同类型、风险分配与采购决策 > 先看这个专题的主线,"先看这个专题的主线 很多同学把合同类型当成""背表格""的题目——固定总价、成本补偿、工料合同各自的特点背一遍。但软考对合同类型的考查关键在于：给你一个项目场景，让你判断哪种合同类型最合适。",,,,,,,,,,sha256:5bc45989762cf42e64df1479,ruankao ruankao::anki_build::20260520_223914 ruankao::difficulty::3 ruankao::domain::采购与合同管理 ruankao::exam_use::上午选择 ruankao::importance::C ruankao::source_grounded ruankao::topic ruankao::topic::T-PROC-001 ruankao::type::概念卡,84,final,通过内容、来源和工程门禁；源材料自动扩展卡，建议后续人工润色
软考::系统集成项目管理工程师::专题学习::11_采购与合同管理::T-PROC-001_合同类型、风险分配与采购决策,RuankaoTopicCard,"合同类型、风险分配与采购决策中，工料合同（Time and Materials,的考试判断要点是什么？","<div class=""answer-block"">
<div class=""section-title"">【答案】</div>
<div>工料合同（Time and Materials, T&amp;M） [定义｜工料合同] 买方按实际消耗的工时和材料向卖方付款的合同。兼具固定总价和成本补偿的特点：小时费率和材料单价相对固定（像固定总价），但总金额取决于实际消耗量（像成本补偿）。</div>
</div>","<div class=""extra"">
<div class=""section-title"">【理解】</div>
<div>工料合同（Time and Materials, T&amp;M） [定义｜工料合同] 买方按实际消耗的工时和材料向卖方付款的合同。兼具固定总价和成本补偿的特点：小时费率和材料单价相对固定（像固定总价），但总金额取决于实际消耗量（像成本补偿）。。这张卡来自源材料中的具体段落，用于把讲义内容改写为可回忆判断。</div>
<div class=""section-title"">【记忆线索】</div>
<div>抓住题干中的对象、动作和输出，不背整段讲义。</div>
<div class=""section-title"">【易错点】</div>
<div>避免把相邻概念按字面相似性混用。</div>
<div class=""section-title"">【题干信号】</div>
<div>风险、合同</div>
<div class=""section-title"">【关联专题】</div>
<div>T-PROC-001 合同类型、风险分配与采购决策</div>
<div class=""section-title"">【来源】</div>
<div>SRC-T-PROC-001-0005：合同类型、风险分配与采购决策 &gt; 三种基本合同类型 &gt; 工料合同（Time and Materials, T&amp;M）；工料合同（Time and Materials, T&amp;M） [定义｜工料合同] 买方按实际消耗的工时和材料向卖方付款的合同。兼具固定总价和成本补偿的特点：小时费率和材料单价相对固定（像固定总价），但总金额取决于实际消耗量（像成本补偿）。</div>
</div>",概念卡,C,3,上午选择,采购与合同管理,T-PROC-001,合同类型、风险分配与采购决策,SRC-T-PROC-001-0005,topic_learning_packages/topics/11_采购与合同管理/T-PROC-001_专题学习包_合同类型选择与风险分配.md,"合同类型、风险分配与采购决策 > 三种基本合同类型 > 工料合同（Time and Materials, T&M）","工料合同（Time and Materials, T&M） [定义｜工料合同] 买方按实际消耗的工时和材料向卖方付款的合同。兼具固定总价和成本补偿的特点：小时费率和材料单价相对固定（像固定总价），但总金额取决于实际消耗量（像成本补偿）。",,,,,,,,,,sha256:3834fef8f8d2f9ef497534c4,ruankao ruankao::anki_build::20260520_223914 ruankao::difficulty::3 ruankao::domain::采购与合同管理 ruankao::exam_use::上午选择 ruankao::importance::C ruankao::source_grounded ruankao::topic ruankao::topic::T-PROC-001 ruankao::type::概念卡,84,final,通过内容、来源和工程门禁；源材料自动扩展卡，建议后续人工润色
软考::系统集成项目管理工程师::专题学习::11_采购与合同管理::T-PROC-001_合同类型、风险分配与采购决策,RuankaoTopicCard,合同类型、风险分配与采购决策中，合同类型与风险分配的关系的考试判断要点是什么？,"<div class=""answer-block"">
<div class=""section-title"">【答案】</div>
<div>合同类型与风险分配的关系 这是高考频考点。合同类型的本质问题是：谁来承担成本超支的风险？</div>
</div>","<div class=""extra"">
<div class=""section-title"">【理解】</div>
<div>合同类型与风险分配的关系 这是高考频考点。合同类型的本质问题是：谁来承担成本超支的风险？。这张卡来自源材料中的具体段落，用于把讲义内容改写为可回忆判断。</div>
<div class=""section-title"">【记忆线索】</div>
<div>抓住题干中的对象、动作和输出，不背整段讲义。</div>
<div class=""section-title"">【易错点】</div>
<div>避免把相邻概念按字面相似性混用。</div>
<div class=""section-title"">【题干信号】</div>
<div>风险、问题、合同</div>
<div class=""section-title"">【关联专题】</div>
<div>T-PROC-001 合同类型、风险分配与采购决策</div>
<div class=""section-title"">【来源】</div>
<div>SRC-T-PROC-001-0006：合同类型、风险分配与采购决策 &gt; 合同类型与风险分配的关系；合同类型与风险分配的关系 这是高考频考点。合同类型的本质问题是：谁来承担成本超支的风险？</div>
</div>",概念卡,C,3,上午选择,采购与合同管理,T-PROC-001,合同类型、风险分配与采购决策,SRC-T-PROC-001-0006,topic_learning_packages/topics/11_采购与合同管理/T-PROC-001_专题学习包_合同类型选择与风险分配.md,合同类型、风险分配与采购决策 > 合同类型与风险分配的关系,合同类型与风险分配的关系 这是高考频考点。合同类型的本质问题是：谁来承担成本超支的风险？,,,,,,,,,,sha256:f588de8bd499c470d940096c,ruankao ruankao::anki_build::20260520_223914 ruankao::difficulty::3 ruankao::domain::采购与合同管理 ruankao::exam_use::上午选择 ruankao::importance::C ruankao::source_grounded ruankao::topic ruankao::topic::T-PROC-001 ruankao::type::概念卡,84,final,通过内容、来源和工程门禁；源材料自动扩展卡，建议后续人工润色
软考::系统集成项目管理工程师::专题学习::11_采购与合同管理::T-PROC-001_合同类型、风险分配与采购决策,RuankaoTopicCard,合同类型、风险分配与采购决策中，自制与外购分析的考试判断要点是什么？,"<div class=""answer-block"">
<div class=""section-title"">【答案】</div>
<div>自制与外购分析 采购管理中的另一个重要决策是：这项工作是自己做，还是从外部采购？ [定义｜自制与外购分析] 自制或外购分析是一种通用的管理技术，用于确定某项工作由项目团队自行完成还是从外部采购更为合理。</div>
</div>","<div class=""extra"">
<div class=""section-title"">【理解】</div>
<div>自制与外购分析 采购管理中的另一个重要决策是：这项工作是自己做，还是从外部采购？ [定义｜自制与外购分析] 自制或外购分析是一种通用的管理技术，用于确定某项工作由项目团队自行完成还是从外部采购更为合理。。这张卡来自源材料中的具体段落，用于把讲义内容改写为可回忆判断。</div>
<div class=""section-title"">【记忆线索】</div>
<div>抓住题干中的对象、动作和输出，不背整段讲义。</div>
<div class=""section-title"">【易错点】</div>
<div>避免把相邻概念按字面相似性混用。</div>
<div class=""section-title"">【题干信号】</div>
<div>风险、合同</div>
<div class=""section-title"">【关联专题】</div>
<div>T-PROC-001 合同类型、风险分配与采购决策</div>
<div class=""section-title"">【来源】</div>
<div>SRC-T-PROC-001-0007：合同类型、风险分配与采购决策 &gt; 自制与外购分析；自制与外购分析 采购管理中的另一个重要决策是：这项工作是自己做，还是从外部采购？ [定义｜自制与外购分析] 自制或外购分析是一种通用的管理技术，用于确定某项工作由项目团队自行完成还是从外部采购更为合理。</div>
</div>",概念卡,C,3,上午选择,采购与合同管理,T-PROC-001,合同类型、风险分配与采购决策,SRC-T-PROC-001-0007,topic_learning_packages/topics/11_采购与合同管理/T-PROC-001_专题学习包_合同类型选择与风险分配.md,合同类型、风险分配与采购决策 > 自制与外购分析,自制与外购分析 采购管理中的另一个重要决策是：这项工作是自己做，还是从外部采购？ [定义｜自制与外购分析] 自制或外购分析是一种通用的管理技术，用于确定某项工作由项目团队自行完成还是从外部采购更为合理。,,,,,,,,,,sha256:72dfe2c0a0cf416f17d96593,ruankao ruankao::anki_build::20260520_223914 ruankao::difficulty::3 ruankao::domain::采购与合同管理 ruankao::exam_use::上午选择 ruankao::importance::C ruankao::source_grounded ruankao::topic ruankao::topic::T-PROC-001 ruankao::type::概念卡,84,final,通过内容、来源和工程门禁；源材料自动扩展卡，建议后续人工润色
软考::系统集成项目管理工程师::专题学习::11_采购与合同管理::T-PROC-001_合同类型、风险分配与采购决策,RuankaoTopicCard,合同类型、风险分配与采购决策中，本轮真题覆盖增强的考试判断要点是什么？,"<div class=""answer-block"">
<div class=""section-title"">【答案】</div>
<div>本轮真题覆盖增强：合同类型与风险分配 本节把 questions.full.clean.md 与既有真题映射中的高频考法反查回本专题。题库和案例常考需求明确时选固定总价、需求不确定时成本补偿风险，以及索赔必须依据合同。</div>
</div>","<div class=""extra"">
<div class=""section-title"">【理解】</div>
<div>本轮真题覆盖增强：合同类型与风险分配 本节把 questions.full.clean.md 与既有真题映射中的高频考法反查回本专题。题库和案例常考需求明确时选固定总价、需求不确定时成本补偿风险，以及索赔必须依据合同。。这张卡来自源材料中的具体段落，用于把讲义内容改写为可回忆判断。</div>
<div class=""section-title"">【记忆线索】</div>
<div>抓住题干中的对象、动作和输出，不背整段讲义。</div>
<div class=""section-title"">【易错点】</div>
<div>避免把相邻概念按字面相似性混用。</div>
<div class=""section-title"">【题干信号】</div>
<div>风险、合同、索赔</div>
<div class=""section-title"">【关联专题】</div>
<div>T-PROC-001 合同类型、风险分配与采购决策</div>
<div class=""section-title"">【来源】</div>
<div>SRC-T-PROC-001-0009：合同类型、风险分配与采购决策 &gt; 本轮真题覆盖增强：合同类型与风险分配；本轮真题覆盖增强：合同类型与风险分配 本节把 questions.full.clean.md 与既有真题映射中的高频考法反查回本专题。题库和案例常考需求明确时选固定总价、需求不确定时成本补偿风险，以及索赔必须依据合同。</div>
</div>",概念卡,C,3,上午选择,采购与合同管理,T-PROC-001,合同类型、风险分配与采购决策,SRC-T-PROC-001-0009,topic_learning_packages/topics/11_采购与合同管理/T-PROC-001_专题学习包_合同类型选择与风险分配.md,合同类型、风险分配与采购决策 > 本轮真题覆盖增强：合同类型与风险分配,本轮真题覆盖增强：合同类型与风险分配 本节把 questions.full.clean.md 与既有真题映射中的高频考法反查回本专题。题库和案例常考需求明确时选固定总价、需求不确定时成本补偿风险，以及索赔必须依据合同。,,,,,,,,,,sha256:8fc0fb396cb39090d3b59c56,ruankao ruankao::anki_build::20260520_223914 ruankao::difficulty::3 ruankao::domain::采购与合同管理 ruankao::exam_use::上午选择 ruankao::importance::C ruankao::source_grounded ruankao::topic ruankao::topic::T-PROC-001 ruankao::type::概念卡,84,final,通过内容、来源和工程门禁；源材料自动扩展卡，建议后续人工润色
软考::系统集成项目管理工程师::专题学习::11_采购与合同管理::T-PROC-002_招投标、政府采购与采购流程管理,RuankaoTopicCard,遇到招投标、政府采购与采购流程管理场景时，处理流程是什么？,"<div class=""answer-block"">
<div class=""section-title"">【答案】</div>
<div>T-PROC-002｜招投标、政府采购与采购流程管理 本专题用于学习&quot;项目采购管理&quot;中涉及法规和流程的内容：招标方式（公开招标/邀请招标）、政府采购方式（公开招标/邀请招标/竞争性谈判/单一来源/询价）、招投标基本流程（招标→投标→开标→评标→中标→签约）、否决投标的情形、评标委员会组成。它们不是孤立的法律条文，而是围绕一个核心问题：在合规的前提下，如何通过竞争性采购选择最合适的供应商？</div>
</div>","<div class=""extra"">
<div class=""section-title"">【理解】</div>
<div>T-PROC-002｜招投标、政府采购与采购流程管理 本专题用于学习&quot;项目采购管理&quot;中涉及法规和流程的内容：招标方式（公开招标/邀请招标）、政府采购方式（公开招标/邀请招标/竞争性谈判/单一来源/询价）、招投标基本流程（招标→投标→开标→评标→中标→签约）、否决投标的情形、评标委员会组成。它们不是孤立的法律条文，而是围绕一个核心问题：在合规的前提下，如何通过竞争性采购选择最合适的供应商？。这张卡来自源材料中的具体段落，用于把讲义内容改写为可回忆判断。</div>
<div class=""section-title"">【记忆线索】</div>
<div>按“先记录/识别，再分析，再批准/执行，最后更新和沟通”的管理链回忆。</div>
<div class=""section-title"">【易错点】</div>
<div>避免把相邻概念按字面相似性混用。</div>
<div class=""section-title"">【题干信号】</div>
<div>问题</div>
<div class=""section-title"">【关联专题】</div>
<div>T-PROC-002 招投标、政府采购与采购流程管理</div>
<div class=""section-title"">【来源】</div>
<div>SRC-T-PROC-002-0001：招投标、政府采购与采购流程管理；T-PROC-002｜招投标、政府采购与采购流程管理 本专题用于学习&quot;项目采购管理&quot;中涉及法规和流程的内容：招标方式（公开招标/邀请招标）、政府采购方式（公开招标/邀请招标/竞争性谈判/单一来源/询价）、招投标基本流程（招标→投标→开标→评标→中标→签约）、否决投标的情形、评标委员会组成。它们不是孤立的法律条文，而是围</div>
</div>",流程卡,B,3,上午选择,采购与合同管理,T-PROC-002,招投标、政府采购与采购流程管理,SRC-T-PROC-002-0001,topic_learning_packages/topics/11_采购与合同管理/T-PROC-002_专题学习包_招投标政府采购与采购流程管理.md,招投标、政府采购与采购流程管理,"T-PROC-002｜招投标、政府采购与采购流程管理 本专题用于学习""项目采购管理""中涉及法规和流程的内容：招标方式（公开招标/邀请招标）、政府采购方式（公开招标/邀请招标/竞争性谈判/单一来源/询价）、招投标基本流程（招标→投标→开标→评标→中标→签约）、否决投标的情形、评标委员会组成。它们不是孤立的法律条文，而是围绕一个核心问题：在合规的前提下，如何通过竞争性采购选择最合适的供应商？",,,,,,,,,,sha256:21e99e69d741aa77f8223b6b,ruankao ruankao::anki_build::20260520_223914 ruankao::difficulty::3 ruankao::domain::采购与合同管理 ruankao::exam_use::上午选择 ruankao::importance::B ruankao::source_grounded ruankao::topic ruankao::topic::T-PROC-002 ruankao::type::流程卡,100,final,通过内容、来源和工程门禁
软考::系统集成项目管理工程师::专题学习::11_采购与合同管理::T-PROC-002_招投标、政府采购与采购流程管理,RuankaoTopicCard,遇到招投标、政府采购与采购流程管理场景时，处理流程是什么？,"<div class=""answer-block"">
<div class=""section-title"">【答案】</div>
<div>先看这个专题的主线 招投标和政府采购在软考中主要考查的是&quot;规则识别&quot;——在什么情况下该用什么采购方式、什么行为是不合规的、招投标流程中哪些节点有特殊时限或程序要求。 ---</div>
</div>","<div class=""extra"">
<div class=""section-title"">【理解】</div>
<div>先看这个专题的主线 招投标和政府采购在软考中主要考查的是&quot;规则识别&quot;——在什么情况下该用什么采购方式、什么行为是不合规的、招投标流程中哪些节点有特殊时限或程序要求。 ---。这张卡来自源材料中的具体段落，用于把讲义内容改写为可回忆判断。</div>
<div class=""section-title"">【记忆线索】</div>
<div>按“先记录/识别，再分析，再批准/执行，最后更新和沟通”的管理链回忆。</div>
<div class=""section-title"">【易错点】</div>
<div>避免把相邻概念按字面相似性混用。</div>
<div class=""section-title"">【题干信号】</div>
<div>定义识别、场景判断、角色/流程边界。</div>
<div class=""section-title"">【关联专题】</div>
<div>T-PROC-002 招投标、政府采购与采购流程管理</div>
<div class=""section-title"">【来源】</div>
<div>SRC-T-PROC-002-0002：招投标、政府采购与采购流程管理 &gt; 先看这个专题的主线；先看这个专题的主线 招投标和政府采购在软考中主要考查的是&quot;规则识别&quot;——在什么情况下该用什么采购方式、什么行为是不合规的、招投标流程中哪些节点有特殊时限或程序要求。 ---</div>
</div>",流程卡,B,3,上午选择,采购与合同管理,T-PROC-002,招投标、政府采购与采购流程管理,SRC-T-PROC-002-0002,topic_learning_packages/topics/11_采购与合同管理/T-PROC-002_专题学习包_招投标政府采购与采购流程管理.md,招投标、政府采购与采购流程管理 > 先看这个专题的主线,"先看这个专题的主线 招投标和政府采购在软考中主要考查的是""规则识别""——在什么情况下该用什么采购方式、什么行为是不合规的、招投标流程中哪些节点有特殊时限或程序要求。 ---",,,,,,,,,,sha256:9f27ac9f2ed887075d50eff8,ruankao ruankao::anki_build::20260520_223914 ruankao::difficulty::3 ruankao::domain::采购与合同管理 ruankao::exam_use::上午选择 ruankao::importance::B ruankao::source_grounded ruankao::topic ruankao::topic::T-PROC-002 ruankao::type::流程卡,100,final,通过内容、来源和工程门禁
软考::系统集成项目管理工程师::专题学习::11_采购与合同管理::T-PROC-002_招投标、政府采购与采购流程管理,RuankaoTopicCard,遇到招标方式场景时，处理流程是什么？,"<div class=""answer-block"">
<div class=""section-title"">【答案】</div>
<div>招标方式 [概念组｜主要招标方式] 1. 公开招标：通过公开发布招标公告，邀请不特定的供应商投标。原则是&quot;公开、公平、公正&quot;。</div>
</div>","<div class=""extra"">
<div class=""section-title"">【理解】</div>
<div>招标方式 [概念组｜主要招标方式] 1. 公开招标：通过公开发布招标公告，邀请不特定的供应商投标。原则是&quot;公开、公平、公正&quot;。。这张卡来自源材料中的具体段落，用于把讲义内容改写为可回忆判断。</div>
<div class=""section-title"">【记忆线索】</div>
<div>按“先记录/识别，再分析，再批准/执行，最后更新和沟通”的管理链回忆。</div>
<div class=""section-title"">【易错点】</div>
<div>避免把相邻概念按字面相似性混用。</div>
<div class=""section-title"">【题干信号】</div>
<div>定义识别、场景判断、角色/流程边界。</div>
<div class=""section-title"">【关联专题】</div>
<div>T-PROC-002 招投标、政府采购与采购流程管理</div>
<div class=""section-title"">【来源】</div>
<div>SRC-T-PROC-002-0003：招投标、政府采购与采购流程管理 &gt; 招标方式；招标方式 [概念组｜主要招标方式] 1. 公开招标：通过公开发布招标公告，邀请不特定的供应商投标。原则是&quot;公开、公平、公正&quot;。</div>
</div>",流程卡,B,3,上午选择,采购与合同管理,T-PROC-002,招投标、政府采购与采购流程管理,SRC-T-PROC-002-0003,topic_learning_packages/topics/11_采购与合同管理/T-PROC-002_专题学习包_招投标政府采购与采购流程管理.md,招投标、政府采购与采购流程管理 > 招标方式,"招标方式 [概念组｜主要招标方式] 1. 公开招标：通过公开发布招标公告，邀请不特定的供应商投标。原则是""公开、公平、公正""。",,,,,,,,,,sha256:320a15195033aa7f77fb39f0,ruankao ruankao::anki_build::20260520_223914 ruankao::difficulty::3 ruankao::domain::采购与合同管理 ruankao::exam_use::上午选择 ruankao::importance::B ruankao::source_grounded ruankao::topic ruankao::topic::T-PROC-002 ruankao::type::流程卡,100,final,通过内容、来源和工程门禁
软考::系统集成项目管理工程师::专题学习::11_采购与合同管理::T-PROC-002_招投标、政府采购与采购流程管理,RuankaoTopicCard,遇到政府采购方式场景时，处理流程是什么？,"<div class=""answer-block"">
<div class=""section-title"">【答案】</div>
<div>政府采购方式 [概念组｜五种政府采购方式] 1. 公开招标：政府采购的主要方式。 2. 邀请招标：适用于特殊性、公开招标费用占比过高。</div>
</div>","<div class=""extra"">
<div class=""section-title"">【理解】</div>
<div>政府采购方式 [概念组｜五种政府采购方式] 1. 公开招标：政府采购的主要方式。 2. 邀请招标：适用于特殊性、公开招标费用占比过高。。这张卡来自源材料中的具体段落，用于把讲义内容改写为可回忆判断。</div>
<div class=""section-title"">【记忆线索】</div>
<div>按“先记录/识别，再分析，再批准/执行，最后更新和沟通”的管理链回忆。</div>
<div class=""section-title"">【易错点】</div>
<div>避免把相邻概念按字面相似性混用。</div>
<div class=""section-title"">【题干信号】</div>
<div>定义识别、场景判断、角色/流程边界。</div>
<div class=""section-title"">【关联专题】</div>
<div>T-PROC-002 招投标、政府采购与采购流程管理</div>
<div class=""section-title"">【来源】</div>
<div>SRC-T-PROC-002-0004：招投标、政府采购与采购流程管理 &gt; 政府采购方式；政府采购方式 [概念组｜五种政府采购方式] 1. 公开招标：政府采购的主要方式。 2. 邀请招标：适用于特殊性、公开招标费用占比过高。</div>
</div>",流程卡,B,3,上午选择,采购与合同管理,T-PROC-002,招投标、政府采购与采购流程管理,SRC-T-PROC-002-0004,topic_learning_packages/topics/11_采购与合同管理/T-PROC-002_专题学习包_招投标政府采购与采购流程管理.md,招投标、政府采购与采购流程管理 > 政府采购方式,政府采购方式 [概念组｜五种政府采购方式] 1. 公开招标：政府采购的主要方式。 2. 邀请招标：适用于特殊性、公开招标费用占比过高。,,,,,,,,,,sha256:59485e5ed5311c2db3605bd2,ruankao ruankao::anki_build::20260520_223914 ruankao::difficulty::3 ruankao::domain::采购与合同管理 ruankao::exam_use::上午选择 ruankao::importance::B ruankao::source_grounded ruankao::topic ruankao::topic::T-PROC-002 ruankao::type::流程卡,100,final,通过内容、来源和工程门禁
软考::系统集成项目管理工程师::专题学习::11_采购与合同管理::T-PROC-002_招投标、政府采购与采购流程管理,RuankaoTopicCard,遇到否决投标与废标场景时，处理流程是什么？,"<div class=""answer-block"">
<div class=""section-title"">【答案】</div>
<div>否决投标与废标 [概念｜否决投标/废标的常见情形] - 投标文件未按要求密封、签署或盖章 - 投标人资格条件不符合招标文件要求 - 投标报价低于成本价（低于成本竞标）—[待核验具体规定] - 投标文件未实质响应招标文件要求 - 串通投标行为 - 以他人名义投标或弄虚作假 ---</div>
</div>","<div class=""extra"">
<div class=""section-title"">【理解】</div>
<div>否决投标与废标 [概念｜否决投标/废标的常见情形] - 投标文件未按要求密封、签署或盖章 - 投标人资格条件不符合招标文件要求 - 投标报价低于成本价（低于成本竞标）—[待核验具体规定] - 投标文件未实质响应招标文件要求 - 串通投标行为 - 以他人名义投标或弄虚作假 ---。这张卡来自源材料中的具体段落，用于把讲义内容改写为可回忆判断。</div>
<div class=""section-title"">【记忆线索】</div>
<div>按“先记录/识别，再分析，再批准/执行，最后更新和沟通”的管理链回忆。</div>
<div class=""section-title"">【易错点】</div>
<div>避免把相邻概念按字面相似性混用。</div>
<div class=""section-title"">【题干信号】</div>
<div>定义识别、场景判断、角色/流程边界。</div>
<div class=""section-title"">【关联专题】</div>
<div>T-PROC-002 招投标、政府采购与采购流程管理</div>
<div class=""section-title"">【来源】</div>
<div>SRC-T-PROC-002-0005：招投标、政府采购与采购流程管理 &gt; 否决投标与废标；否决投标与废标 [概念｜否决投标/废标的常见情形] - 投标文件未按要求密封、签署或盖章 - 投标人资格条件不符合招标文件要求 - 投标报价低于成本价（低于成本竞标）—[待核验具体规定] - 投标文件未实质响应招标文件要求 - 串通投标行为 - 以他人名义投标或弄虚作假 ---</div>
</div>",流程卡,B,3,上午选择,采购与合同管理,T-PROC-002,招投标、政府采购与采购流程管理,SRC-T-PROC-002-0005,topic_learning_packages/topics/11_采购与合同管理/T-PROC-002_专题学习包_招投标政府采购与采购流程管理.md,招投标、政府采购与采购流程管理 > 否决投标与废标,否决投标与废标 [概念｜否决投标/废标的常见情形] - 投标文件未按要求密封、签署或盖章 - 投标人资格条件不符合招标文件要求 - 投标报价低于成本价（低于成本竞标）—[待核验具体规定] - 投标文件未实质响应招标文件要求 - 串通投标行为 - 以他人名义投标或弄虚作假 ---,,,,,,,,,,sha256:71f97a55ddc65140712a88ce,ruankao ruankao::anki_build::20260520_223914 ruankao::difficulty::3 ruankao::domain::采购与合同管理 ruankao::exam_use::上午选择 ruankao::importance::B ruankao::source_grounded ruankao::topic ruankao::topic::T-PROC-002 ruankao::type::流程卡,100,final,通过内容、来源和工程门禁
软考::系统集成项目管理工程师::专题学习::11_采购与合同管理::T-PROC-002_招投标、政府采购与采购流程管理,RuankaoTopicCard,遇到典型题详解与举一反三场景时，处理流程是什么？,"<div class=""answer-block"">
<div class=""section-title"">【答案】</div>
<div>典型题详解与举一反三 例题 1｜采购方式选择 某政府单位需要采购一批标准配置的办公电脑，预算 200 万元。最适合采用哪种政府采购方式？</div>
</div>","<div class=""extra"">
<div class=""section-title"">【理解】</div>
<div>典型题详解与举一反三 例题 1｜采购方式选择 某政府单位需要采购一批标准配置的办公电脑，预算 200 万元。最适合采用哪种政府采购方式？。这张卡来自源材料中的具体段落，用于把讲义内容改写为可回忆判断。</div>
<div class=""section-title"">【记忆线索】</div>
<div>按“先记录/识别，再分析，再批准/执行，最后更新和沟通”的管理链回忆。</div>
<div class=""section-title"">【易错点】</div>
<div>避免把相邻概念按字面相似性混用。</div>
<div class=""section-title"">【题干信号】</div>
<div>配置</div>
<div class=""section-title"">【关联专题】</div>
<div>T-PROC-002 招投标、政府采购与采购流程管理</div>
<div class=""section-title"">【来源】</div>
<div>SRC-T-PROC-002-0006：招投标、政府采购与采购流程管理 &gt; 典型题详解与举一反三；典型题详解与举一反三 例题 1｜采购方式选择 某政府单位需要采购一批标准配置的办公电脑，预算 200 万元。最适合采用哪种政府采购方式？</div>
</div>",流程卡,B,3,上午选择,采购与合同管理,T-PROC-002,招投标、政府采购与采购流程管理,SRC-T-PROC-002-0006,topic_learning_packages/topics/11_采购与合同管理/T-PROC-002_专题学习包_招投标政府采购与采购流程管理.md,招投标、政府采购与采购流程管理 > 典型题详解与举一反三,典型题详解与举一反三 例题 1｜采购方式选择 某政府单位需要采购一批标准配置的办公电脑，预算 200 万元。最适合采用哪种政府采购方式？,,,,,,,,,,sha256:a08544e4530aa6c3bfa0e533,ruankao ruankao::anki_build::20260520_223914 ruankao::difficulty::3 ruankao::domain::采购与合同管理 ruankao::exam_use::上午选择 ruankao::importance::B ruankao::source_grounded ruankao::topic ruankao::topic::T-PROC-002 ruankao::type::流程卡,100,final,通过内容、来源和工程门禁
软考::系统集成项目管理工程师::专题学习::11_采购与合同管理::T-PROC-002_招投标、政府采购与采购流程管理,RuankaoTopicCard,遇到本轮真题覆盖增强场景时，处理流程是什么？,"<div class=""answer-block"">
<div class=""section-title"">【答案】</div>
<div>本轮真题覆盖增强：招投标程序小题 本节把 questions.full.clean.md 与既有真题映射中的高频考法反查回本专题。2010 上午题考投标文件送达、评分自由裁量；2020/旧题还考单一来源和公开招标定义。</div>
</div>","<div class=""extra"">
<div class=""section-title"">【理解】</div>
<div>本轮真题覆盖增强：招投标程序小题 本节把 questions.full.clean.md 与既有真题映射中的高频考法反查回本专题。2010 上午题考投标文件送达、评分自由裁量；2020/旧题还考单一来源和公开招标定义。。这张卡来自源材料中的具体段落，用于把讲义内容改写为可回忆判断。</div>
<div class=""section-title"">【记忆线索】</div>
<div>按“先记录/识别，再分析，再批准/执行，最后更新和沟通”的管理链回忆。</div>
<div class=""section-title"">【易错点】</div>
<div>避免把相邻概念按字面相似性混用。</div>
<div class=""section-title"">【题干信号】</div>
<div>定义识别、场景判断、角色/流程边界。</div>
<div class=""section-title"">【关联专题】</div>
<div>T-PROC-002 招投标、政府采购与采购流程管理</div>
<div class=""section-title"">【来源】</div>
<div>SRC-T-PROC-002-0007：招投标、政府采购与采购流程管理 &gt; 本轮真题覆盖增强：招投标程序小题；本轮真题覆盖增强：招投标程序小题 本节把 questions.full.clean.md 与既有真题映射中的高频考法反查回本专题。2010 上午题考投标文件送达、评分自由裁量；2020/旧题还考单一来源和公开招标定义。</div>
</div>",流程卡,B,3,上午选择,采购与合同管理,T-PROC-002,招投标、政府采购与采购流程管理,SRC-T-PROC-002-0007,topic_learning_packages/topics/11_采购与合同管理/T-PROC-002_专题学习包_招投标政府采购与采购流程管理.md,招投标、政府采购与采购流程管理 > 本轮真题覆盖增强：招投标程序小题,本轮真题覆盖增强：招投标程序小题 本节把 questions.full.clean.md 与既有真题映射中的高频考法反查回本专题。2010 上午题考投标文件送达、评分自由裁量；2020/旧题还考单一来源和公开招标定义。,,,,,,,,,,sha256:37e8dc8cda2cb9b526e85627,ruankao ruankao::anki_build::20260520_223914 ruankao::difficulty::3 ruankao::domain::采购与合同管理 ruankao::exam_use::上午选择 ruankao::importance::B ruankao::source_grounded ruankao::topic ruankao::topic::T-PROC-002 ruankao::type::流程卡,100,final,通过内容、来源和工程门禁
软考::系统集成项目管理工程师::专题学习::11_采购与合同管理::T-PROC-002_招投标、政府采购与采购流程管理,RuankaoTopicCard,遇到本专题的最小掌握标准场景时，处理流程是什么？,"<div class=""answer-block"">
<div class=""section-title"">【答案】</div>
<div>本专题的最小掌握标准 至少能做到：① 区分五种政府采购方式的适用条件；② 记住&quot;3 家&quot;这个关键数字（招标/邀请/谈判/询价都≥3 家，单一来源=1 家）；③ 识别常见的否决投标/废标情形；④ 知道招投标的基本流程顺序。 ---</div>
</div>","<div class=""extra"">
<div class=""section-title"">【理解】</div>
<div>本专题的最小掌握标准 至少能做到：① 区分五种政府采购方式的适用条件；② 记住&quot;3 家&quot;这个关键数字（招标/邀请/谈判/询价都≥3 家，单一来源=1 家）；③ 识别常见的否决投标/废标情形；④ 知道招投标的基本流程顺序。 ---。这张卡来自源材料中的具体段落，用于把讲义内容改写为可回忆判断。</div>
<div class=""section-title"">【记忆线索】</div>
<div>按“先记录/识别，再分析，再批准/执行，最后更新和沟通”的管理链回忆。</div>
<div class=""section-title"">【易错点】</div>
<div>避免把相邻概念按字面相似性混用。</div>
<div class=""section-title"">【题干信号】</div>
<div>定义识别、场景判断、角色/流程边界。</div>
<div class=""section-title"">【关联专题】</div>
<div>T-PROC-002 招投标、政府采购与采购流程管理</div>
<div class=""section-title"">【来源】</div>
<div>SRC-T-PROC-002-0009：招投标、政府采购与采购流程管理 &gt; 本专题的最小掌握标准；本专题的最小掌握标准 至少能做到：① 区分五种政府采购方式的适用条件；② 记住&quot;3 家&quot;这个关键数字（招标/邀请/谈判/询价都≥3 家，单一来源=1 家）；③ 识别常见的否决投标/废标情形；④ 知道招投标的基本流程顺序。 ---</div>
</div>",流程卡,B,3,上午选择,采购与合同管理,T-PROC-002,招投标、政府采购与采购流程管理,SRC-T-PROC-002-0009,topic_learning_packages/topics/11_采购与合同管理/T-PROC-002_专题学习包_招投标政府采购与采购流程管理.md,招投标、政府采购与采购流程管理 > 本专题的最小掌握标准,"本专题的最小掌握标准 至少能做到：① 区分五种政府采购方式的适用条件；② 记住""3 家""这个关键数字（招标/邀请/谈判/询价都≥3 家，单一来源=1 家）；③ 识别常见的否决投标/废标情形；④ 知道招投标的基本流程顺序。 ---",,,,,,,,,,sha256:6e109e22f32b530e522128c2,ruankao ruankao::anki_build::20260520_223914 ruankao::difficulty::3 ruankao::domain::采购与合同管理 ruankao::exam_use::上午选择 ruankao::importance::B ruankao::source_grounded ruankao::topic ruankao::topic::T-PROC-002 ruankao::type::流程卡,100,final,通过内容、来源和工程门禁
软考::系统集成项目管理工程师::专题学习::11_采购与合同管理::T-PROC-002_招投标、政府采购与采购流程管理,RuankaoTopicCard,题干出现哪些信号时，应想到“招投标、政府采购与采购流程”？,"<div class=""answer-block"">
<div class=""section-title"">【答案】</div>
<div>围绕“招投标、政府采购与采购流程管理”的对象、动作、输出物、责任主体和常见陷阱定位考点。</div>
</div>","<div class=""extra"">
<div class=""section-title"">【理解】</div>
<div>围绕“招投标、政府采购与采购流程管理”的对象、动作、输出物、责任主体和常见陷阱定位考点。。这张卡来自源材料中的具体段落，用于把讲义内容改写为可回忆判断。</div>
<div class=""section-title"">【记忆线索】</div>
<div>按“先记录/识别，再分析，再批准/执行，最后更新和沟通”的管理链回忆。</div>
<div class=""section-title"">【易错点】</div>
<div>避免把相邻概念按字面相似性混用。</div>
<div class=""section-title"">【题干信号】</div>
<div>定义识别、场景判断、角色/流程边界。</div>
<div class=""section-title"">【关联专题】</div>
<div>T-PROC-002 招投标、政府采购与采购流程管理</div>
<div class=""section-title"">【来源】</div>
<div>SRC-T-PROC-002-0001：招投标、政府采购与采购流程管理；T-PROC-002｜招投标、政府采购与采购流程管理 本专题用于学习&quot;项目采购管理&quot;中涉及法规和流程的内容：招标方式（公开招标/邀请招标）、政府采购方式（公开招标/邀请招标/竞争性谈判/单一来源/询价）、招投标基本流程（招标→投标→开标→评标→中标→签约）、否决投标的情形、评标委员会组成。它们不是孤立的法律条文，而是围</div>
</div>",关键词识别卡,B,3,上午选择,采购与合同管理,T-PROC-002,招投标、政府采购与采购流程管理,SRC-T-PROC-002-0001,topic_learning_packages/topics/11_采购与合同管理/T-PROC-002_专题学习包_招投标政府采购与采购流程管理.md,招投标、政府采购与采购流程管理,"T-PROC-002｜招投标、政府采购与采购流程管理 本专题用于学习""项目采购管理""中涉及法规和流程的内容：招标方式（公开招标/邀请招标）、政府采购方式（公开招标/邀请招标/竞争性谈判/单一来源/询价）、招投标基本流程（招标→投标→开标→评标→中标→签约）、否决投标的情形、评标委员会组成。它们不是孤立的法律条文，而是围绕一个核心问题：在合规的前提下，如何通过竞争性采购选择最合适的供应商？",,,,,,,,,,sha256:9f33313deb5cbf4b1d4639ca,ruankao ruankao::anki_build::20260520_223914 ruankao::difficulty::3 ruankao::domain::采购与合同管理 ruankao::exam_use::上午选择 ruankao::importance::B ruankao::source_grounded ruankao::topic ruankao::topic::T-PROC-002 ruankao::type::关键词识别卡,100,final,通过内容、来源和工程门禁
软考::系统集成项目管理工程师::专题学习::11_采购与合同管理::T-PROC-002_招投标、政府采购与采购流程管理,RuankaoTopicCard,招投标、政府采购与采购流程类案例通常应从哪些角度答？,"<div class=""answer-block"">
<div class=""section-title"">【答案】</div>
<div>先从题干事实定位“招投标、政府采购与采购流程管理”相关管理缺口，再写原因、影响、纠正措施、预防措施和需更新的文件。</div>
</div>","<div class=""extra"">
<div class=""section-title"">【理解】</div>
<div>先从题干事实定位“招投标、政府采购与采购流程管理”相关管理缺口，再写原因、影响、纠正措施、预防措施和需更新的文件。。这张卡来自源材料中的具体段落，用于把讲义内容改写为可回忆判断。</div>
<div class=""section-title"">【记忆线索】</div>
<div>按“先记录/识别，再分析，再批准/执行，最后更新和沟通”的管理链回忆。</div>
<div class=""section-title"">【易错点】</div>
<div>避免把相邻概念按字面相似性混用。</div>
<div class=""section-title"">【题干信号】</div>
<div>定义识别、场景判断、角色/流程边界。</div>
<div class=""section-title"">【关联专题】</div>
<div>T-PROC-002 招投标、政府采购与采购流程管理</div>
<div class=""section-title"">【来源】</div>
<div>SRC-T-PROC-002-0002：招投标、政府采购与采购流程管理 &gt; 先看这个专题的主线；先看这个专题的主线 招投标和政府采购在软考中主要考查的是&quot;规则识别&quot;——在什么情况下该用什么采购方式、什么行为是不合规的、招投标流程中哪些节点有特殊时限或程序要求。 ---</div>
</div>",案例模板卡,B,3,下午案例,采购与合同管理,T-PROC-002,招投标、政府采购与采购流程管理,SRC-T-PROC-002-0002,topic_learning_packages/topics/11_采购与合同管理/T-PROC-002_专题学习包_招投标政府采购与采购流程管理.md,招投标、政府采购与采购流程管理 > 先看这个专题的主线,"先看这个专题的主线 招投标和政府采购在软考中主要考查的是""规则识别""——在什么情况下该用什么采购方式、什么行为是不合规的、招投标流程中哪些节点有特殊时限或程序要求。 ---",,,,,,,,,,sha256:dc2dba36eb6572fc10d60650,ruankao ruankao::anki_build::20260520_223914 ruankao::difficulty::3 ruankao::domain::采购与合同管理 ruankao::exam_use::下午案例 ruankao::importance::B ruankao::source_grounded ruankao::topic ruankao::topic::T-PROC-002 ruankao::type::案例模板卡,84,final,通过内容、来源和工程门禁；源材料自动扩展卡，建议后续人工润色
软考::系统集成项目管理工程师::专题学习::11_采购与合同管理::T-PROC-002_招投标、政府采购与采购流程管理,RuankaoTopicCard,招投标、政府采购与采购流程中，招投标、政府采购与采购流程管理的考试判断要点是什么？,"<div class=""answer-block"">
<div class=""section-title"">【答案】</div>
<div>先看这个专题的主线 招投标和政府采购在软考中主要考查的是&quot;规则识别&quot;——在什么情况下该用什么采购方式、什么行为是不合规的、招投标流程中哪些节点有特殊时限或程序要求。 ---</div>
</div>","<div class=""extra"">
<div class=""section-title"">【理解】</div>
<div>先看这个专题的主线 招投标和政府采购在软考中主要考查的是&quot;规则识别&quot;——在什么情况下该用什么采购方式、什么行为是不合规的、招投标流程中哪些节点有特殊时限或程序要求。 ---。这张卡来自源材料中的具体段落，用于把讲义内容改写为可回忆判断。</div>
<div class=""section-title"">【记忆线索】</div>
<div>按“先记录/识别，再分析，再批准/执行，最后更新和沟通”的管理链回忆。</div>
<div class=""section-title"">【易错点】</div>
<div>避免把相邻概念按字面相似性混用。</div>
<div class=""section-title"">【题干信号】</div>
<div>定义识别、场景判断、角色/流程边界。</div>
<div class=""section-title"">【关联专题】</div>
<div>T-PROC-002 招投标、政府采购与采购流程管理</div>
<div class=""section-title"">【来源】</div>
<div>SRC-T-PROC-002-0002：招投标、政府采购与采购流程管理 &gt; 先看这个专题的主线；先看这个专题的主线 招投标和政府采购在软考中主要考查的是&quot;规则识别&quot;——在什么情况下该用什么采购方式、什么行为是不合规的、招投标流程中哪些节点有特殊时限或程序要求。 ---</div>
</div>",流程卡,C,3,上午选择,采购与合同管理,T-PROC-002,招投标、政府采购与采购流程管理,SRC-T-PROC-002-0002,topic_learning_packages/topics/11_采购与合同管理/T-PROC-002_专题学习包_招投标政府采购与采购流程管理.md,招投标、政府采购与采购流程管理 > 先看这个专题的主线,"先看这个专题的主线 招投标和政府采购在软考中主要考查的是""规则识别""——在什么情况下该用什么采购方式、什么行为是不合规的、招投标流程中哪些节点有特殊时限或程序要求。 ---",,,,,,,,,,sha256:6e3575fdb6365d1d6cb03b58,ruankao ruankao::anki_build::20260520_223914 ruankao::difficulty::3 ruankao::domain::采购与合同管理 ruankao::exam_use::上午选择 ruankao::importance::C ruankao::source_grounded ruankao::topic ruankao::topic::T-PROC-002 ruankao::type::流程卡,84,final,通过内容、来源和工程门禁；源材料自动扩展卡，建议后续人工润色
软考::系统集成项目管理工程师::专题学习::11_采购与合同管理::T-PROC-002_招投标、政府采购与采购流程管理,RuankaoTopicCard,招投标、政府采购与采购流程中，招标方式的考试判断要点是什么？,"<div class=""answer-block"">
<div class=""section-title"">【答案】</div>
<div>招标方式 [概念组｜主要招标方式] 1. 公开招标：通过公开发布招标公告，邀请不特定的供应商投标。原则是&quot;公开、公平、公正&quot;。</div>
</div>","<div class=""extra"">
<div class=""section-title"">【理解】</div>
<div>招标方式 [概念组｜主要招标方式] 1. 公开招标：通过公开发布招标公告，邀请不特定的供应商投标。原则是&quot;公开、公平、公正&quot;。。这张卡来自源材料中的具体段落，用于把讲义内容改写为可回忆判断。</div>
<div class=""section-title"">【记忆线索】</div>
<div>按“先记录/识别，再分析，再批准/执行，最后更新和沟通”的管理链回忆。</div>
<div class=""section-title"">【易错点】</div>
<div>避免把相邻概念按字面相似性混用。</div>
<div class=""section-title"">【题干信号】</div>
<div>定义识别、场景判断、角色/流程边界。</div>
<div class=""section-title"">【关联专题】</div>
<div>T-PROC-002 招投标、政府采购与采购流程管理</div>
<div class=""section-title"">【来源】</div>
<div>SRC-T-PROC-002-0003：招投标、政府采购与采购流程管理 &gt; 招标方式；招标方式 [概念组｜主要招标方式] 1. 公开招标：通过公开发布招标公告，邀请不特定的供应商投标。原则是&quot;公开、公平、公正&quot;。</div>
</div>",流程卡,C,3,上午选择,采购与合同管理,T-PROC-002,招投标、政府采购与采购流程管理,SRC-T-PROC-002-0003,topic_learning_packages/topics/11_采购与合同管理/T-PROC-002_专题学习包_招投标政府采购与采购流程管理.md,招投标、政府采购与采购流程管理 > 招标方式,"招标方式 [概念组｜主要招标方式] 1. 公开招标：通过公开发布招标公告，邀请不特定的供应商投标。原则是""公开、公平、公正""。",,,,,,,,,,sha256:b43c3992439299098e7760e9,ruankao ruankao::anki_build::20260520_223914 ruankao::difficulty::3 ruankao::domain::采购与合同管理 ruankao::exam_use::上午选择 ruankao::importance::C ruankao::source_grounded ruankao::topic ruankao::topic::T-PROC-002 ruankao::type::流程卡,84,final,通过内容、来源和工程门禁；源材料自动扩展卡，建议后续人工润色
软考::系统集成项目管理工程师::专题学习::12_配置变更知识产权与法律法规::T-CFG-001_配置管理_配置项、基线、配置库与版本控制,RuankaoTopicCard,配置管理的核心区别或边界是什么？,"<div class=""answer-block"">
<div class=""section-title"">【答案】</div>
<div>T-CFG-001｜配置管理：配置项、基线、配置库与版本控制 本专题用于学习&quot;信息文档与配置管理&quot;中最容易出选择题和辨析题的一组核心内容：配置项识别、配置基线（功能基线/分配基线/产品基线）、配置库（开发库/受控库/产品库）、版本控制、配置状态报告与配置审计、配置管理与变更管理的关系。它们不是孤立的文档管理操作，而是围绕一个核心问题展开：项目产生的众多文档、代码、交付物，如何保持它们的&quot;身份&quot;（这是什么？</div>
</div>","<div class=""extra"">
<div class=""section-title"">【理解】</div>
<div>T-CFG-001｜配置管理：配置项、基线、配置库与版本控制 本专题用于学习&quot;信息文档与配置管理&quot;中最容易出选择题和辨析题的一组核心内容：配置项识别、配置基线（功能基线/分配基线/产品基线）、配置库（开发库/受控库/产品库）、版本控制、配置状态报告与配置审计、配置管理与变更管理的关系。它们不是孤立的文档管理操作，而是围绕一个核心问题展开：项目产生的众多文档、代码、交付物，如何保持它们的&quot;身份&quot;（这是什么？。这张卡来自源材料中的具体段落，用于把讲义内容改写为可回忆判断。</div>
<div class=""section-title"">【记忆线索】</div>
<div>先判断对象、责任主体、时间点和输出物，再排除张冠李戴的选项。</div>
<div class=""section-title"">【易错点】</div>
<div>避免把相邻概念按字面相似性混用。</div>
<div class=""section-title"">【题干信号】</div>
<div>变更、问题、配置、基线</div>
<div class=""section-title"">【关联专题】</div>
<div>T-CFG-001 配置管理：配置项、基线、配置库与版本控制</div>
<div class=""section-title"">【来源】</div>
<div>SRC-T-CFG-001-0001：配置管理：配置项、基线、配置库与版本控制；T-CFG-001｜配置管理：配置项、基线、配置库与版本控制 本专题用于学习&quot;信息文档与配置管理&quot;中最容易出选择题和辨析题的一组核心内容：配置项识别、配置基线（功能基线/分配基线/产品基线）、配置库（开发库/受控库/产品库）、版本控制、配置状态报告与配置审计、配置管理与变更管理的关系。它们不是孤立的文档管理操作，而是围</div>
</div>",辨析卡,B,3,上午选择,配置变更知识产权与法律法规,T-CFG-001,配置管理：配置项、基线、配置库与版本控制,SRC-T-CFG-001-0001,topic_learning_packages/topics/12_配置变更知识产权与法律法规/T-CFG-001_专题学习包_配置管理配置项基线配置库与版本控制.md,配置管理：配置项、基线、配置库与版本控制,"T-CFG-001｜配置管理：配置项、基线、配置库与版本控制 本专题用于学习""信息文档与配置管理""中最容易出选择题和辨析题的一组核心内容：配置项识别、配置基线（功能基线/分配基线/产品基线）、配置库（开发库/受控库/产品库）、版本控制、配置状态报告与配置审计、配置管理与变更管理的关系。它们不是孤立的文档管理操作，而是围绕一个核心问题展开：项目产生的众多文档、代码、交付物，如何保持它们的""身份""（这是什么？",,,,,,,,,,sha256:f0c9cd8f352fbec96c5d8cdd,ruankao ruankao::anki_build::20260520_223914 ruankao::difficulty::3 ruankao::domain::配置变更知识产权与法律法规 ruankao::exam_use::上午选择 ruankao::importance::B ruankao::source_grounded ruankao::topic ruankao::topic::T-CFG-001 ruankao::type::辨析卡,100,final,通过内容、来源和工程门禁
软考::系统集成项目管理工程师::专题学习::12_配置变更知识产权与法律法规::T-CFG-001_配置管理_配置项、基线、配置库与版本控制,RuankaoTopicCard,配置项与基线的考试要点是什么？,"<div class=""answer-block"">
<div class=""section-title"">【答案】</div>
<div>配置项与基线 [定义｜配置项] 配置项是配置管理的基本单位——需要受控的任何工作产品、交付物或组件。包括代码、文档、设计图、测试用例、硬件规格等。</div>
</div>","<div class=""extra"">
<div class=""section-title"">【理解】</div>
<div>配置项与基线 [定义｜配置项] 配置项是配置管理的基本单位——需要受控的任何工作产品、交付物或组件。包括代码、文档、设计图、测试用例、硬件规格等。。这张卡来自源材料中的具体段落，用于把讲义内容改写为可回忆判断。</div>
<div class=""section-title"">【记忆线索】</div>
<div>抓住题干中的对象、动作和输出，不背整段讲义。</div>
<div class=""section-title"">【易错点】</div>
<div>避免把相邻概念按字面相似性混用。</div>
<div class=""section-title"">【题干信号】</div>
<div>测试、配置、基线</div>
<div class=""section-title"">【关联专题】</div>
<div>T-CFG-001 配置管理：配置项、基线、配置库与版本控制</div>
<div class=""section-title"">【来源】</div>
<div>SRC-T-CFG-001-0003：配置管理：配置项、基线、配置库与版本控制 &gt; 配置项与基线；配置项与基线 [定义｜配置项] 配置项是配置管理的基本单位——需要受控的任何工作产品、交付物或组件。包括代码、文档、设计图、测试用例、硬件规格等。</div>
</div>",概念卡,B,3,上午选择,配置变更知识产权与法律法规,T-CFG-001,配置管理：配置项、基线、配置库与版本控制,SRC-T-CFG-001-0003,topic_learning_packages/topics/12_配置变更知识产权与法律法规/T-CFG-001_专题学习包_配置管理配置项基线配置库与版本控制.md,配置管理：配置项、基线、配置库与版本控制 > 配置项与基线,配置项与基线 [定义｜配置项] 配置项是配置管理的基本单位——需要受控的任何工作产品、交付物或组件。包括代码、文档、设计图、测试用例、硬件规格等。,,,,,,,,,,sha256:d9b512f7f3b537ae72388f40,ruankao ruankao::anki_build::20260520_223914 ruankao::difficulty::3 ruankao::domain::配置变更知识产权与法律法规 ruankao::exam_use::上午选择 ruankao::importance::B ruankao::source_grounded ruankao::topic ruankao::topic::T-CFG-001 ruankao::type::概念卡,100,final,通过内容、来源和工程门禁
软考::系统集成项目管理工程师::专题学习::12_配置变更知识产权与法律法规::T-CFG-001_配置管理_配置项、基线、配置库与版本控制,RuankaoTopicCard,配置库的考试要点是什么？,"<div class=""answer-block"">
<div class=""section-title"">【答案】</div>
<div>配置库：开发库、受控库、产品库 [概念组｜三类配置库] 1. 开发库（动态库）：开发者日常工作区，可自由修改。未纳入基线控制。</div>
</div>","<div class=""extra"">
<div class=""section-title"">【理解】</div>
<div>配置库：开发库、受控库、产品库 [概念组｜三类配置库] 1. 开发库（动态库）：开发者日常工作区，可自由修改。未纳入基线控制。。这张卡来自源材料中的具体段落，用于把讲义内容改写为可回忆判断。</div>
<div class=""section-title"">【记忆线索】</div>
<div>抓住题干中的对象、动作和输出，不背整段讲义。</div>
<div class=""section-title"">【易错点】</div>
<div>避免把相邻概念按字面相似性混用。</div>
<div class=""section-title"">【题干信号】</div>
<div>配置、基线</div>
<div class=""section-title"">【关联专题】</div>
<div>T-CFG-001 配置管理：配置项、基线、配置库与版本控制</div>
<div class=""section-title"">【来源】</div>
<div>SRC-T-CFG-001-0004：配置管理：配置项、基线、配置库与版本控制 &gt; 配置库：开发库、受控库、产品库；配置库：开发库、受控库、产品库 [概念组｜三类配置库] 1. 开发库（动态库）：开发者日常工作区，可自由修改。未纳入基线控制。</div>
</div>",概念卡,B,3,上午选择,配置变更知识产权与法律法规,T-CFG-001,配置管理：配置项、基线、配置库与版本控制,SRC-T-CFG-001-0004,topic_learning_packages/topics/12_配置变更知识产权与法律法规/T-CFG-001_专题学习包_配置管理配置项基线配置库与版本控制.md,配置管理：配置项、基线、配置库与版本控制 > 配置库：开发库、受控库、产品库,配置库：开发库、受控库、产品库 [概念组｜三类配置库] 1. 开发库（动态库）：开发者日常工作区，可自由修改。未纳入基线控制。,,,,,,,,,,sha256:876e13c604c49ad20960d464,ruankao ruankao::anki_build::20260520_223914 ruankao::difficulty::3 ruankao::domain::配置变更知识产权与法律法规 ruankao::exam_use::上午选择 ruankao::importance::B ruankao::source_grounded ruankao::topic ruankao::topic::T-CFG-001 ruankao::type::概念卡,100,final,通过内容、来源和工程门禁
软考::系统集成项目管理工程师::专题学习::12_配置变更知识产权与法律法规::T-CFG-001_配置管理_配置项、基线、配置库与版本控制,RuankaoTopicCard,配置管理与变更管理的关系的核心区别或边界是什么？,"<div class=""answer-block"">
<div class=""section-title"">【答案】</div>
<div>配置管理与变更管理的关系 [辨析｜配置管理 vs 变更管理] 配置管理：管的是配置项的&quot;身份&quot;和&quot;状态&quot;——识别配置项、建立基线、版本控制、状态记录和审计。 变更管理：管的是变更的&quot;审批&quot;和&quot;过程&quot;——变更请求、影响分析、CCB 审批、变更实施和验证。</div>
</div>","<div class=""extra"">
<div class=""section-title"">【理解】</div>
<div>配置管理与变更管理的关系 [辨析｜配置管理 vs 变更管理] 配置管理：管的是配置项的&quot;身份&quot;和&quot;状态&quot;——识别配置项、建立基线、版本控制、状态记录和审计。 变更管理：管的是变更的&quot;审批&quot;和&quot;过程&quot;——变更请求、影响分析、CCB 审批、变更实施和验证。。这张卡来自源材料中的具体段落，用于把讲义内容改写为可回忆判断。</div>
<div class=""section-title"">【记忆线索】</div>
<div>先判断对象、责任主体、时间点和输出物，再排除张冠李戴的选项。</div>
<div class=""section-title"">【易错点】</div>
<div>不能口头同意或绕过 CCB 直接改基准。</div>
<div class=""section-title"">【题干信号】</div>
<div>变更、配置、基线</div>
<div class=""section-title"">【关联专题】</div>
<div>T-CFG-001 配置管理：配置项、基线、配置库与版本控制</div>
<div class=""section-title"">【来源】</div>
<div>SRC-T-CFG-001-0005：配置管理：配置项、基线、配置库与版本控制 &gt; 配置管理与变更管理的关系；配置管理与变更管理的关系 [辨析｜配置管理 vs 变更管理] 配置管理：管的是配置项的&quot;身份&quot;和&quot;状态&quot;——识别配置项、建立基线、版本控制、状态记录和审计。 变更管理：管的是变更的&quot;审批&quot;和&quot;过程&quot;——变更请求、影响分析、CCB 审批、变更实施和验证。</div>
</div>",辨析卡,B,3,上午选择,配置变更知识产权与法律法规,T-CFG-001,配置管理：配置项、基线、配置库与版本控制,SRC-T-CFG-001-0005,topic_learning_packages/topics/12_配置变更知识产权与法律法规/T-CFG-001_专题学习包_配置管理配置项基线配置库与版本控制.md,配置管理：配置项、基线、配置库与版本控制 > 配置管理与变更管理的关系,"配置管理与变更管理的关系 [辨析｜配置管理 vs 变更管理] 配置管理：管的是配置项的""身份""和""状态""——识别配置项、建立基线、版本控制、状态记录和审计。 变更管理：管的是变更的""审批""和""过程""——变更请求、影响分析、CCB 审批、变更实施和验证。",,,,,,,,,,sha256:84dc88f3647aef937a620536,ruankao ruankao::anki_build::20260520_223914 ruankao::difficulty::3 ruankao::domain::配置变更知识产权与法律法规 ruankao::exam_use::上午选择 ruankao::importance::B ruankao::source_grounded ruankao::topic ruankao::topic::T-CFG-001 ruankao::type::辨析卡,100,final,通过内容、来源和工程门禁
软考::系统集成项目管理工程师::专题学习::12_配置变更知识产权与法律法规::T-CFG-001_配置管理_配置项、基线、配置库与版本控制,RuankaoTopicCard,典型题详解与举一反三的考试要点是什么？,"<div class=""answer-block"">
<div class=""section-title"">【答案】</div>
<div>典型题详解与举一反三 例题 1｜三类库的判断 开发人员完成了代码编写和单元测试，将代码提交到了项目基线库中。这个&quot;基线库&quot;是什么？</div>
</div>","<div class=""extra"">
<div class=""section-title"">【理解】</div>
<div>典型题详解与举一反三 例题 1｜三类库的判断 开发人员完成了代码编写和单元测试，将代码提交到了项目基线库中。这个&quot;基线库&quot;是什么？。这张卡来自源材料中的具体段落，用于把讲义内容改写为可回忆判断。</div>
<div class=""section-title"">【记忆线索】</div>
<div>抓住题干中的对象、动作和输出，不背整段讲义。</div>
<div class=""section-title"">【易错点】</div>
<div>避免把相邻概念按字面相似性混用。</div>
<div class=""section-title"">【题干信号】</div>
<div>测试、基线</div>
<div class=""section-title"">【关联专题】</div>
<div>T-CFG-001 配置管理：配置项、基线、配置库与版本控制</div>
<div class=""section-title"">【来源】</div>
<div>SRC-T-CFG-001-0006：配置管理：配置项、基线、配置库与版本控制 &gt; 典型题详解与举一反三；典型题详解与举一反三 例题 1｜三类库的判断 开发人员完成了代码编写和单元测试，将代码提交到了项目基线库中。这个&quot;基线库&quot;是什么？</div>
</div>",概念卡,B,3,上午选择,配置变更知识产权与法律法规,T-CFG-001,配置管理：配置项、基线、配置库与版本控制,SRC-T-CFG-001-0006,topic_learning_packages/topics/12_配置变更知识产权与法律法规/T-CFG-001_专题学习包_配置管理配置项基线配置库与版本控制.md,配置管理：配置项、基线、配置库与版本控制 > 典型题详解与举一反三,"典型题详解与举一反三 例题 1｜三类库的判断 开发人员完成了代码编写和单元测试，将代码提交到了项目基线库中。这个""基线库""是什么？",,,,,,,,,,sha256:e2099aa411838f04cf338911,ruankao ruankao::anki_build::20260520_223914 ruankao::difficulty::3 ruankao::domain::配置变更知识产权与法律法规 ruankao::exam_use::上午选择 ruankao::importance::B ruankao::source_grounded ruankao::topic ruankao::topic::T-CFG-001 ruankao::type::概念卡,100,final,通过内容、来源和工程门禁
软考::系统集成项目管理工程师::专题学习::12_配置变更知识产权与法律法规::T-CFG-001_配置管理_配置项、基线、配置库与版本控制,RuankaoTopicCard,本轮真题覆盖增强的考试要点是什么？,"<div class=""answer-block"">
<div class=""section-title"">【答案】</div>
<div>本轮真题覆盖增强：配置项、基线与库权限 本节把 questions.full.clean.md 与既有真题映射中的高频考法反查回本专题。配置题常与变更题交叉：基线化后不能直接改，发布前要经过验证、审计和授权。</div>
</div>","<div class=""extra"">
<div class=""section-title"">【理解】</div>
<div>本轮真题覆盖增强：配置项、基线与库权限 本节把 questions.full.clean.md 与既有真题映射中的高频考法反查回本专题。配置题常与变更题交叉：基线化后不能直接改，发布前要经过验证、审计和授权。。这张卡来自源材料中的具体段落，用于把讲义内容改写为可回忆判断。</div>
<div class=""section-title"">【记忆线索】</div>
<div>抓住题干中的对象、动作和输出，不背整段讲义。</div>
<div class=""section-title"">【易错点】</div>
<div>避免把相邻概念按字面相似性混用。</div>
<div class=""section-title"">【题干信号】</div>
<div>变更、配置、基线</div>
<div class=""section-title"">【关联专题】</div>
<div>T-CFG-001 配置管理：配置项、基线、配置库与版本控制</div>
<div class=""section-title"">【来源】</div>
<div>SRC-T-CFG-001-0007：配置管理：配置项、基线、配置库与版本控制 &gt; 本轮真题覆盖增强：配置项、基线与库权限；本轮真题覆盖增强：配置项、基线与库权限 本节把 questions.full.clean.md 与既有真题映射中的高频考法反查回本专题。配置题常与变更题交叉：基线化后不能直接改，发布前要经过验证、审计和授权。</div>
</div>",概念卡,B,3,上午选择,配置变更知识产权与法律法规,T-CFG-001,配置管理：配置项、基线、配置库与版本控制,SRC-T-CFG-001-0007,topic_learning_packages/topics/12_配置变更知识产权与法律法规/T-CFG-001_专题学习包_配置管理配置项基线配置库与版本控制.md,配置管理：配置项、基线、配置库与版本控制 > 本轮真题覆盖增强：配置项、基线与库权限,本轮真题覆盖增强：配置项、基线与库权限 本节把 questions.full.clean.md 与既有真题映射中的高频考法反查回本专题。配置题常与变更题交叉：基线化后不能直接改，发布前要经过验证、审计和授权。,,,,,,,,,,sha256:f855bae1bc58965eae42f531,ruankao ruankao::anki_build::20260520_223914 ruankao::difficulty::3 ruankao::domain::配置变更知识产权与法律法规 ruankao::exam_use::上午选择 ruankao::importance::B ruankao::source_grounded ruankao::topic ruankao::topic::T-CFG-001 ruankao::type::概念卡,100,final,通过内容、来源和工程门禁
软考::系统集成项目管理工程师::专题学习::12_配置变更知识产权与法律法规::T-CFG-001_配置管理_配置项、基线、配置库与版本控制,RuankaoTopicCard,本专题的最小掌握标准的考试要点是什么？,"<div class=""answer-block"">
<div class=""section-title"">【答案】</div>
<div>本专题的最小掌握标准 至少能做到：① 区分配置管理和变更管理各自管什么；② 识别三类基线（功能/分配/产品）的建立时机；③ 判断一个版本应该进入哪个配置库；④ 理解变更批准后需要更新配置状态。 ---</div>
</div>","<div class=""extra"">
<div class=""section-title"">【理解】</div>
<div>本专题的最小掌握标准 至少能做到：① 区分配置管理和变更管理各自管什么；② 识别三类基线（功能/分配/产品）的建立时机；③ 判断一个版本应该进入哪个配置库；④ 理解变更批准后需要更新配置状态。 ---。这张卡来自源材料中的具体段落，用于把讲义内容改写为可回忆判断。</div>
<div class=""section-title"">【记忆线索】</div>
<div>抓住题干中的对象、动作和输出，不背整段讲义。</div>
<div class=""section-title"">【易错点】</div>
<div>避免把相邻概念按字面相似性混用。</div>
<div class=""section-title"">【题干信号】</div>
<div>变更、配置、基线</div>
<div class=""section-title"">【关联专题】</div>
<div>T-CFG-001 配置管理：配置项、基线、配置库与版本控制</div>
<div class=""section-title"">【来源】</div>
<div>SRC-T-CFG-001-0009：配置管理：配置项、基线、配置库与版本控制 &gt; 本专题的最小掌握标准；本专题的最小掌握标准 至少能做到：① 区分配置管理和变更管理各自管什么；② 识别三类基线（功能/分配/产品）的建立时机；③ 判断一个版本应该进入哪个配置库；④ 理解变更批准后需要更新配置状态。 ---</div>
</div>",概念卡,B,3,上午选择,配置变更知识产权与法律法规,T-CFG-001,配置管理：配置项、基线、配置库与版本控制,SRC-T-CFG-001-0009,topic_learning_packages/topics/12_配置变更知识产权与法律法规/T-CFG-001_专题学习包_配置管理配置项基线配置库与版本控制.md,配置管理：配置项、基线、配置库与版本控制 > 本专题的最小掌握标准,本专题的最小掌握标准 至少能做到：① 区分配置管理和变更管理各自管什么；② 识别三类基线（功能/分配/产品）的建立时机；③ 判断一个版本应该进入哪个配置库；④ 理解变更批准后需要更新配置状态。 ---,,,,,,,,,,sha256:fd14e106336ef6309f9f2b98,ruankao ruankao::anki_build::20260520_223914 ruankao::difficulty::3 ruankao::domain::配置变更知识产权与法律法规 ruankao::exam_use::上午选择 ruankao::importance::B ruankao::source_grounded ruankao::topic ruankao::topic::T-CFG-001 ruankao::type::概念卡,100,final,通过内容、来源和工程门禁
软考::系统集成项目管理工程师::专题学习::12_配置变更知识产权与法律法规::T-CFG-001_配置管理_配置项、基线、配置库与版本控制,RuankaoTopicCard,题干出现哪些信号时，应想到“配置”？,"<div class=""answer-block"">
<div class=""section-title"">【答案】</div>
<div>围绕“配置管理：配置项、基线、配置库与版本控制”的对象、动作、输出物、责任主体和常见陷阱定位考点。</div>
</div>","<div class=""extra"">
<div class=""section-title"">【理解】</div>
<div>围绕“配置管理：配置项、基线、配置库与版本控制”的对象、动作、输出物、责任主体和常见陷阱定位考点。。这张卡来自源材料中的具体段落，用于把讲义内容改写为可回忆判断。</div>
<div class=""section-title"">【记忆线索】</div>
<div>抓住题干中的对象、动作和输出，不背整段讲义。</div>
<div class=""section-title"">【易错点】</div>
<div>避免把相邻概念按字面相似性混用。</div>
<div class=""section-title"">【题干信号】</div>
<div>配置、基线</div>
<div class=""section-title"">【关联专题】</div>
<div>T-CFG-001 配置管理：配置项、基线、配置库与版本控制</div>
<div class=""section-title"">【来源】</div>
<div>SRC-T-CFG-001-0001：配置管理：配置项、基线、配置库与版本控制；T-CFG-001｜配置管理：配置项、基线、配置库与版本控制 本专题用于学习&quot;信息文档与配置管理&quot;中最容易出选择题和辨析题的一组核心内容：配置项识别、配置基线（功能基线/分配基线/产品基线）、配置库（开发库/受控库/产品库）、版本控制、配置状态报告与配置审计、配置管理与变更管理的关系。它们不是孤立的文档管理操作，而是围</div>
</div>",关键词识别卡,B,3,上午选择,配置变更知识产权与法律法规,T-CFG-001,配置管理：配置项、基线、配置库与版本控制,SRC-T-CFG-001-0001,topic_learning_packages/topics/12_配置变更知识产权与法律法规/T-CFG-001_专题学习包_配置管理配置项基线配置库与版本控制.md,配置管理：配置项、基线、配置库与版本控制,"T-CFG-001｜配置管理：配置项、基线、配置库与版本控制 本专题用于学习""信息文档与配置管理""中最容易出选择题和辨析题的一组核心内容：配置项识别、配置基线（功能基线/分配基线/产品基线）、配置库（开发库/受控库/产品库）、版本控制、配置状态报告与配置审计、配置管理与变更管理的关系。它们不是孤立的文档管理操作，而是围绕一个核心问题展开：项目产生的众多文档、代码、交付物，如何保持它们的""身份""（这是什么？",,,,,,,,,,sha256:a2e8bd8861f30cb5b40aac75,ruankao ruankao::anki_build::20260520_223914 ruankao::difficulty::3 ruankao::domain::配置变更知识产权与法律法规 ruankao::exam_use::上午选择 ruankao::importance::B ruankao::source_grounded ruankao::topic ruankao::topic::T-CFG-001 ruankao::type::关键词识别卡,100,final,通过内容、来源和工程门禁
软考::系统集成项目管理工程师::专题学习::12_配置变更知识产权与法律法规::T-CFG-001_配置管理_配置项、基线、配置库与版本控制,RuankaoTopicCard,配置类案例通常应从哪些角度答？,"<div class=""answer-block"">
<div class=""section-title"">【答案】</div>
<div>先从题干事实定位“配置管理：配置项、基线、配置库与版本控制”相关管理缺口，再写原因、影响、纠正措施、预防措施和需更新的文件。</div>
</div>","<div class=""extra"">
<div class=""section-title"">【理解】</div>
<div>先从题干事实定位“配置管理：配置项、基线、配置库与版本控制”相关管理缺口，再写原因、影响、纠正措施、预防措施和需更新的文件。。这张卡来自源材料中的具体段落，用于把讲义内容改写为可回忆判断。</div>
<div class=""section-title"">【记忆线索】</div>
<div>抓住题干中的对象、动作和输出，不背整段讲义。</div>
<div class=""section-title"">【易错点】</div>
<div>避免把相邻概念按字面相似性混用。</div>
<div class=""section-title"">【题干信号】</div>
<div>配置、基线</div>
<div class=""section-title"">【关联专题】</div>
<div>T-CFG-001 配置管理：配置项、基线、配置库与版本控制</div>
<div class=""section-title"">【来源】</div>
<div>SRC-T-CFG-001-0002：配置管理：配置项、基线、配置库与版本控制 &gt; 先看这个专题的主线；先看这个专题的主线 配置管理最容易被低估——很多人以为就是&quot;文件存档&quot;。但软考对配置管理的考查集中在两个核心能力上：一是区分配置管理和变更管理各自管什么，二是理解从&quot;配置项→基线→版本控制→审计&quot;的完整管理闭环。</div>
</div>",案例模板卡,B,3,下午案例,配置变更知识产权与法律法规,T-CFG-001,配置管理：配置项、基线、配置库与版本控制,SRC-T-CFG-001-0002,topic_learning_packages/topics/12_配置变更知识产权与法律法规/T-CFG-001_专题学习包_配置管理配置项基线配置库与版本控制.md,配置管理：配置项、基线、配置库与版本控制 > 先看这个专题的主线,"先看这个专题的主线 配置管理最容易被低估——很多人以为就是""文件存档""。但软考对配置管理的考查集中在两个核心能力上：一是区分配置管理和变更管理各自管什么，二是理解从""配置项→基线→版本控制→审计""的完整管理闭环。",,,,,,,,,,sha256:2a8ae8ce0b261ee2ac4e9576,ruankao ruankao::anki_build::20260520_223914 ruankao::difficulty::3 ruankao::domain::配置变更知识产权与法律法规 ruankao::exam_use::下午案例 ruankao::importance::B ruankao::source_grounded ruankao::topic ruankao::topic::T-CFG-001 ruankao::type::案例模板卡,84,final,通过内容、来源和工程门禁；源材料自动扩展卡，建议后续人工润色
软考::系统集成项目管理工程师::专题学习::12_配置变更知识产权与法律法规::T-CFG-001_配置管理_配置项、基线、配置库与版本控制,RuankaoTopicCard,配置中，配置管理的考试判断要点是什么？,"<div class=""answer-block"">
<div class=""section-title"">【答案】</div>
<div>先看这个专题的主线 配置管理最容易被低估——很多人以为就是&quot;文件存档&quot;。但软考对配置管理的考查集中在两个核心能力上：一是区分配置管理和变更管理各自管什么，二是理解从&quot;配置项→基线→版本控制→审计&quot;的完整管理闭环。</div>
</div>","<div class=""extra"">
<div class=""section-title"">【理解】</div>
<div>先看这个专题的主线 配置管理最容易被低估——很多人以为就是&quot;文件存档&quot;。但软考对配置管理的考查集中在两个核心能力上：一是区分配置管理和变更管理各自管什么，二是理解从&quot;配置项→基线→版本控制→审计&quot;的完整管理闭环。。这张卡来自源材料中的具体段落，用于把讲义内容改写为可回忆判断。</div>
<div class=""section-title"">【记忆线索】</div>
<div>抓住题干中的对象、动作和输出，不背整段讲义。</div>
<div class=""section-title"">【易错点】</div>
<div>避免把相邻概念按字面相似性混用。</div>
<div class=""section-title"">【题干信号】</div>
<div>变更、配置、基线</div>
<div class=""section-title"">【关联专题】</div>
<div>T-CFG-001 配置管理：配置项、基线、配置库与版本控制</div>
<div class=""section-title"">【来源】</div>
<div>SRC-T-CFG-001-0002：配置管理：配置项、基线、配置库与版本控制 &gt; 先看这个专题的主线；先看这个专题的主线 配置管理最容易被低估——很多人以为就是&quot;文件存档&quot;。但软考对配置管理的考查集中在两个核心能力上：一是区分配置管理和变更管理各自管什么，二是理解从&quot;配置项→基线→版本控制→审计&quot;的完整管理闭环。</div>
</div>",概念卡,C,3,上午选择,配置变更知识产权与法律法规,T-CFG-001,配置管理：配置项、基线、配置库与版本控制,SRC-T-CFG-001-0002,topic_learning_packages/topics/12_配置变更知识产权与法律法规/T-CFG-001_专题学习包_配置管理配置项基线配置库与版本控制.md,配置管理：配置项、基线、配置库与版本控制 > 先看这个专题的主线,"先看这个专题的主线 配置管理最容易被低估——很多人以为就是""文件存档""。但软考对配置管理的考查集中在两个核心能力上：一是区分配置管理和变更管理各自管什么，二是理解从""配置项→基线→版本控制→审计""的完整管理闭环。",,,,,,,,,,sha256:fc813cabc99a4ebb6587201a,ruankao ruankao::anki_build::20260520_223914 ruankao::difficulty::3 ruankao::domain::配置变更知识产权与法律法规 ruankao::exam_use::上午选择 ruankao::importance::C ruankao::source_grounded ruankao::topic ruankao::topic::T-CFG-001 ruankao::type::概念卡,84,final,通过内容、来源和工程门禁；源材料自动扩展卡，建议后续人工润色
软考::系统集成项目管理工程师::专题学习::12_配置变更知识产权与法律法规::T-CFG-001_配置管理_配置项、基线、配置库与版本控制,RuankaoTopicCard,配置中，配置项与基线的考试判断要点是什么？,"<div class=""answer-block"">
<div class=""section-title"">【答案】</div>
<div>配置项与基线 [定义｜配置项] 配置项是配置管理的基本单位——需要受控的任何工作产品、交付物或组件。包括代码、文档、设计图、测试用例、硬件规格等。</div>
</div>","<div class=""extra"">
<div class=""section-title"">【理解】</div>
<div>配置项与基线 [定义｜配置项] 配置项是配置管理的基本单位——需要受控的任何工作产品、交付物或组件。包括代码、文档、设计图、测试用例、硬件规格等。。这张卡来自源材料中的具体段落，用于把讲义内容改写为可回忆判断。</div>
<div class=""section-title"">【记忆线索】</div>
<div>抓住题干中的对象、动作和输出，不背整段讲义。</div>
<div class=""section-title"">【易错点】</div>
<div>避免把相邻概念按字面相似性混用。</div>
<div class=""section-title"">【题干信号】</div>
<div>测试、配置、基线</div>
<div class=""section-title"">【关联专题】</div>
<div>T-CFG-001 配置管理：配置项、基线、配置库与版本控制</div>
<div class=""section-title"">【来源】</div>
<div>SRC-T-CFG-001-0003：配置管理：配置项、基线、配置库与版本控制 &gt; 配置项与基线；配置项与基线 [定义｜配置项] 配置项是配置管理的基本单位——需要受控的任何工作产品、交付物或组件。包括代码、文档、设计图、测试用例、硬件规格等。</div>
</div>",概念卡,C,3,上午选择,配置变更知识产权与法律法规,T-CFG-001,配置管理：配置项、基线、配置库与版本控制,SRC-T-CFG-001-0003,topic_learning_packages/topics/12_配置变更知识产权与法律法规/T-CFG-001_专题学习包_配置管理配置项基线配置库与版本控制.md,配置管理：配置项、基线、配置库与版本控制 > 配置项与基线,配置项与基线 [定义｜配置项] 配置项是配置管理的基本单位——需要受控的任何工作产品、交付物或组件。包括代码、文档、设计图、测试用例、硬件规格等。,,,,,,,,,,sha256:018d96a52c0164da50f0d6c0,ruankao ruankao::anki_build::20260520_223914 ruankao::difficulty::3 ruankao::domain::配置变更知识产权与法律法规 ruankao::exam_use::上午选择 ruankao::importance::C ruankao::source_grounded ruankao::topic ruankao::topic::T-CFG-001 ruankao::type::概念卡,84,final,通过内容、来源和工程门禁；源材料自动扩展卡，建议后续人工润色
软考::系统集成项目管理工程师::专题学习::12_配置变更知识产权与法律法规::T-CFG-001_配置管理_配置项、基线、配置库与版本控制,RuankaoTopicCard,配置中，配置库的考试判断要点是什么？,"<div class=""answer-block"">
<div class=""section-title"">【答案】</div>
<div>配置库：开发库、受控库、产品库 [概念组｜三类配置库] 1. 开发库（动态库）：开发者日常工作区，可自由修改。未纳入基线控制。</div>
</div>","<div class=""extra"">
<div class=""section-title"">【理解】</div>
<div>配置库：开发库、受控库、产品库 [概念组｜三类配置库] 1. 开发库（动态库）：开发者日常工作区，可自由修改。未纳入基线控制。。这张卡来自源材料中的具体段落，用于把讲义内容改写为可回忆判断。</div>
<div class=""section-title"">【记忆线索】</div>
<div>抓住题干中的对象、动作和输出，不背整段讲义。</div>
<div class=""section-title"">【易错点】</div>
<div>避免把相邻概念按字面相似性混用。</div>
<div class=""section-title"">【题干信号】</div>
<div>配置、基线</div>
<div class=""section-title"">【关联专题】</div>
<div>T-CFG-001 配置管理：配置项、基线、配置库与版本控制</div>
<div class=""section-title"">【来源】</div>
<div>SRC-T-CFG-001-0004：配置管理：配置项、基线、配置库与版本控制 &gt; 配置库：开发库、受控库、产品库；配置库：开发库、受控库、产品库 [概念组｜三类配置库] 1. 开发库（动态库）：开发者日常工作区，可自由修改。未纳入基线控制。</div>
</div>",概念卡,C,3,上午选择,配置变更知识产权与法律法规,T-CFG-001,配置管理：配置项、基线、配置库与版本控制,SRC-T-CFG-001-0004,topic_learning_packages/topics/12_配置变更知识产权与法律法规/T-CFG-001_专题学习包_配置管理配置项基线配置库与版本控制.md,配置管理：配置项、基线、配置库与版本控制 > 配置库：开发库、受控库、产品库,配置库：开发库、受控库、产品库 [概念组｜三类配置库] 1. 开发库（动态库）：开发者日常工作区，可自由修改。未纳入基线控制。,,,,,,,,,,sha256:437676788d7c47af060b42e4,ruankao ruankao::anki_build::20260520_223914 ruankao::difficulty::3 ruankao::domain::配置变更知识产权与法律法规 ruankao::exam_use::上午选择 ruankao::importance::C ruankao::source_grounded ruankao::topic ruankao::topic::T-CFG-001 ruankao::type::概念卡,84,final,通过内容、来源和工程门禁；源材料自动扩展卡，建议后续人工润色
软考::系统集成项目管理工程师::专题学习::12_配置变更知识产权与法律法规::T-LAW-001_法律法规基础、合同法、招投标法与政府采购法考点,RuankaoTopicCard,合同成立 vs 合同生效的核心区别是什么？,"<div class=""answer-block"">
<div class=""section-title"">【答案】</div>
<div>合同成立强调当事人意思表示达成一致；合同生效强调合同具备法律约束力。</div>
</div>","<div class=""extra"">
<div class=""section-title"">【理解】</div>
<div>合同成立强调当事人意思表示达成一致；合同生效强调合同具备法律约束力。。这张卡来自源材料中的具体段落，用于把讲义内容改写为可回忆判断。</div>
<div class=""section-title"">【记忆线索】</div>
<div>先判断对象、责任主体、时间点和输出物，再排除张冠李戴的选项。</div>
<div class=""section-title"">【易错点】</div>
<div>避免把相邻概念按字面相似性混用。</div>
<div class=""section-title"">【题干信号】</div>
<div>合同</div>
<div class=""section-title"">【关联专题】</div>
<div>T-LAW-001 法律法规基础、合同法、招投标法与政府采购法考点；T-PROC-001</div>
<div class=""section-title"">【来源】</div>
<div>SRC-T-LAW-001-0002：法律法规基础、合同法、招投标法与政府采购法考点 &gt; 先看这个专题的主线；先看这个专题的主线 法律法规在软考中集中出现在上午选择题中，考点分散但难度不高——核心考查&quot;识别对错&quot;而非&quot;背诵法条&quot;。重点在于：合同法（合同成立→生效→履行→违约）、招投标法（程序合规性）、政府采购法（采购方式选择）、知识产权法（详见 T-IP-001）。</div>
</div>",辨析卡,A,3,上午选择,配置变更知识产权与法律法规,T-LAW-001,法律法规基础、合同法、招投标法与政府采购法考点,SRC-T-LAW-001-0002,topic_learning_packages/topics/12_配置变更知识产权与法律法规/T-LAW-001_专题学习包_法律法规基础合同法招投标法与政府采购法考点.md,法律法规基础、合同法、招投标法与政府采购法考点 > 先看这个专题的主线,"先看这个专题的主线 法律法规在软考中集中出现在上午选择题中，考点分散但难度不高——核心考查""识别对错""而非""背诵法条""。重点在于：合同法（合同成立→生效→履行→违约）、招投标法（程序合规性）、政府采购法（采购方式选择）、知识产权法（详见 T-IP-001）。",,T-PROC-001,,,,,,,,sha256:8f64295f5225f5308567ba13,ruankao ruankao::anki_build::20260520_223914 ruankao::difficulty::3 ruankao::domain::配置变更知识产权与法律法规 ruankao::exam_use::上午选择 ruankao::importance::A ruankao::source_grounded ruankao::topic ruankao::topic::T-LAW-001 ruankao::type::辨析卡,100,final,通过内容、来源和工程门禁
软考::系统集成项目管理工程师::专题学习::12_配置变更知识产权与法律法规::T-LAW-001_法律法规基础、合同法、招投标法与政府采购法考点,RuankaoTopicCard,要约 vs 承诺的核心区别是什么？,"<div class=""answer-block"">
<div class=""section-title"">【答案】</div>
<div>要约是希望与他人订立合同的意思表示；承诺是受要约人同意要约内容的意思表示。</div>
</div>","<div class=""extra"">
<div class=""section-title"">【理解】</div>
<div>要约是希望与他人订立合同的意思表示；承诺是受要约人同意要约内容的意思表示。。这张卡来自源材料中的具体段落，用于把讲义内容改写为可回忆判断。</div>
<div class=""section-title"">【记忆线索】</div>
<div>先判断对象、责任主体、时间点和输出物，再排除张冠李戴的选项。</div>
<div class=""section-title"">【易错点】</div>
<div>避免把相邻概念按字面相似性混用。</div>
<div class=""section-title"">【题干信号】</div>
<div>合同</div>
<div class=""section-title"">【关联专题】</div>
<div>T-LAW-001 法律法规基础、合同法、招投标法与政府采购法考点</div>
<div class=""section-title"">【来源】</div>
<div>SRC-T-LAW-001-0001：法律法规基础、合同法、招投标法与政府采购法考点；T-LAW-001｜法律法规基础、合同法、招投标法与政府采购法考点 本专题用于学习&quot;法律法规与标准规范&quot;中的核心考试内容：合同法的基本原则（要约/承诺/生效/履行/违约责任）、招投标法要点、政府采购法要点、标准化与标准规范基础。它们不是需要逐条背诵的法条，而是围绕一个核心问题：在项目管理的法律语境中，哪些规则直接影响合</div>
</div>",辨析卡,A,3,上午选择,配置变更知识产权与法律法规,T-LAW-001,法律法规基础、合同法、招投标法与政府采购法考点,SRC-T-LAW-001-0001,topic_learning_packages/topics/12_配置变更知识产权与法律法规/T-LAW-001_专题学习包_法律法规基础合同法招投标法与政府采购法考点.md,法律法规基础、合同法、招投标法与政府采购法考点,"T-LAW-001｜法律法规基础、合同法、招投标法与政府采购法考点 本专题用于学习""法律法规与标准规范""中的核心考试内容：合同法的基本原则（要约/承诺/生效/履行/违约责任）、招投标法要点、政府采购法要点、标准化与标准规范基础。它们不是需要逐条背诵的法条，而是围绕一个核心问题：在项目管理的法律语境中，哪些规则直接影响合同的有效性、变更的合法性、争议的解决方式和项目经理的决策边界？",,,,,,,,,,sha256:e60080060fd1311f468a9a1d,ruankao ruankao::anki_build::20260520_223914 ruankao::difficulty::3 ruankao::domain::配置变更知识产权与法律法规 ruankao::exam_use::上午选择 ruankao::importance::A ruankao::source_grounded ruankao::topic ruankao::topic::T-LAW-001 ruankao::type::辨析卡,100,final,通过内容、来源和工程门禁
软考::系统集成项目管理工程师::专题学习::12_配置变更知识产权与法律法规::T-LAW-001_法律法规基础、合同法、招投标法与政府采购法考点,RuankaoTopicCard,强制性标准 vs 推荐性标准的考试判断是什么？,"<div class=""answer-block"">
<div class=""section-title"">【答案】</div>
<div>强制性标准必须执行；推荐性标准通常自愿采用，但被合同或法规引用后可能形成约束。</div>
</div>","<div class=""extra"">
<div class=""section-title"">【理解】</div>
<div>强制性标准必须执行；推荐性标准通常自愿采用，但被合同或法规引用后可能形成约束。。这张卡来自源材料中的具体段落，用于把讲义内容改写为可回忆判断。</div>
<div class=""section-title"">【记忆线索】</div>
<div>先判断对象、责任主体、时间点和输出物，再排除张冠李戴的选项。</div>
<div class=""section-title"">【易错点】</div>
<div>避免把相邻概念按字面相似性混用。</div>
<div class=""section-title"">【题干信号】</div>
<div>合同</div>
<div class=""section-title"">【关联专题】</div>
<div>T-LAW-001 法律法规基础、合同法、招投标法与政府采购法考点</div>
<div class=""section-title"">【来源】</div>
<div>SRC-T-LAW-001-0012：法律法规基础、合同法、招投标法与政府采购法考点 &gt; 本专题的最小掌握标准；本专题的最小掌握标准 至少能做到：① 区分要约、承诺、要约邀请在招投标过程中的对应关系；② 区分合同成立与生效；③ 记住常见违约责任的承担形式；④ 识别招投标中的合规/违规行为；⑤ 区分强制性标准和推荐性标准。 ---</div>
</div>",辨析卡,A,3,上午选择,配置变更知识产权与法律法规,T-LAW-001,法律法规基础、合同法、招投标法与政府采购法考点,SRC-T-LAW-001-0012,topic_learning_packages/topics/12_配置变更知识产权与法律法规/T-LAW-001_专题学习包_法律法规基础合同法招投标法与政府采购法考点.md,法律法规基础、合同法、招投标法与政府采购法考点 > 本专题的最小掌握标准,本专题的最小掌握标准 至少能做到：① 区分要约、承诺、要约邀请在招投标过程中的对应关系；② 区分合同成立与生效；③ 记住常见违约责任的承担形式；④ 识别招投标中的合规/违规行为；⑤ 区分强制性标准和推荐性标准。 ---,,,,,,,,,,sha256:be05d065cf1e02d4065866d2,ruankao ruankao::anki_build::20260520_223914 ruankao::difficulty::3 ruankao::domain::配置变更知识产权与法律法规 ruankao::exam_use::上午选择 ruankao::importance::A ruankao::source_grounded ruankao::topic ruankao::topic::T-LAW-001 ruankao::type::辨析卡,100,final,通过内容、来源和工程门禁
软考::系统集成项目管理工程师::专题学习::12_配置变更知识产权与法律法规::T-LAW-001_法律法规基础、合同法、招投标法与政府采购法考点,RuankaoTopicCard,要约与承诺的考试要点是什么？,"<div class=""answer-block"">
<div class=""section-title"">【答案】</div>
<div>要约与承诺 [概念组｜合同成立的两步] - 要约：一方提出订立合同的意思表示。内容必须具体确定。</div>
</div>","<div class=""extra"">
<div class=""section-title"">【理解】</div>
<div>要约与承诺 [概念组｜合同成立的两步] - 要约：一方提出订立合同的意思表示。内容必须具体确定。。这张卡来自源材料中的具体段落，用于把讲义内容改写为可回忆判断。</div>
<div class=""section-title"">【记忆线索】</div>
<div>抓住题干中的对象、动作和输出，不背整段讲义。</div>
<div class=""section-title"">【易错点】</div>
<div>避免把相邻概念按字面相似性混用。</div>
<div class=""section-title"">【题干信号】</div>
<div>合同</div>
<div class=""section-title"">【关联专题】</div>
<div>T-LAW-001 法律法规基础、合同法、招投标法与政府采购法考点</div>
<div class=""section-title"">【来源】</div>
<div>SRC-T-LAW-001-0003：法律法规基础、合同法、招投标法与政府采购法考点 &gt; 合同法核心考点 &gt; 要约与承诺；要约与承诺 [概念组｜合同成立的两步] - 要约：一方提出订立合同的意思表示。内容必须具体确定。</div>
</div>",概念卡,B,3,上午选择,配置变更知识产权与法律法规,T-LAW-001,法律法规基础、合同法、招投标法与政府采购法考点,SRC-T-LAW-001-0003,topic_learning_packages/topics/12_配置变更知识产权与法律法规/T-LAW-001_专题学习包_法律法规基础合同法招投标法与政府采购法考点.md,法律法规基础、合同法、招投标法与政府采购法考点 > 合同法核心考点 > 要约与承诺,要约与承诺 [概念组｜合同成立的两步] - 要约：一方提出订立合同的意思表示。内容必须具体确定。,,,,,,,,,,sha256:f27b63bc4b15781a917ab617,ruankao ruankao::anki_build::20260520_223914 ruankao::difficulty::3 ruankao::domain::配置变更知识产权与法律法规 ruankao::exam_use::上午选择 ruankao::importance::B ruankao::source_grounded ruankao::topic ruankao::topic::T-LAW-001 ruankao::type::概念卡,100,final,通过内容、来源和工程门禁
软考::系统集成项目管理工程师::专题学习::12_配置变更知识产权与法律法规::T-LAW-001_法律法规基础、合同法、招投标法与政府采购法考点,RuankaoTopicCard,违约责任类案例应从哪些角度分析？,"<div class=""answer-block"">
<div class=""section-title"">【答案】</div>
<div>违约责任 [概念组｜违约责任形式] - 继续履行：强制违约方继续履行合同 - 采取补救措施：修理、更换、重做、退货、减少价款 - 赔偿损失：赔偿因违约造成的实际损失 - 支付违约金：按合同约定支付违约金。违约金过高可请求调整 ---</div>
</div>","<div class=""extra"">
<div class=""section-title"">【理解】</div>
<div>违约责任 [概念组｜违约责任形式] - 继续履行：强制违约方继续履行合同 - 采取补救措施：修理、更换、重做、退货、减少价款 - 赔偿损失：赔偿因违约造成的实际损失 - 支付违约金：按合同约定支付违约金。违约金过高可请求调整 ---。这张卡来自源材料中的具体段落，用于把讲义内容改写为可回忆判断。</div>
<div class=""section-title"">【记忆线索】</div>
<div>抓住题干中的对象、动作和输出，不背整段讲义。</div>
<div class=""section-title"">【易错点】</div>
<div>避免把相邻概念按字面相似性混用。</div>
<div class=""section-title"">【题干信号】</div>
<div>合同</div>
<div class=""section-title"">【关联专题】</div>
<div>T-LAW-001 法律法规基础、合同法、招投标法与政府采购法考点</div>
<div class=""section-title"">【来源】</div>
<div>SRC-T-LAW-001-0005：法律法规基础、合同法、招投标法与政府采购法考点 &gt; 合同法核心考点 &gt; 违约责任；违约责任 [概念组｜违约责任形式] - 继续履行：强制违约方继续履行合同 - 采取补救措施：修理、更换、重做、退货、减少价款 - 赔偿损失：赔偿因违约造成的实际损失 - 支付违约金：按合同约定支付违约金。违约金过高可请求调整 ---</div>
</div>",案例模板卡,B,3,下午案例,配置变更知识产权与法律法规,T-LAW-001,法律法规基础、合同法、招投标法与政府采购法考点,SRC-T-LAW-001-0005,topic_learning_packages/topics/12_配置变更知识产权与法律法规/T-LAW-001_专题学习包_法律法规基础合同法招投标法与政府采购法考点.md,法律法规基础、合同法、招投标法与政府采购法考点 > 合同法核心考点 > 违约责任,违约责任 [概念组｜违约责任形式] - 继续履行：强制违约方继续履行合同 - 采取补救措施：修理、更换、重做、退货、减少价款 - 赔偿损失：赔偿因违约造成的实际损失 - 支付违约金：按合同约定支付违约金。违约金过高可请求调整 ---,,,,,,,,,,sha256:73f7922cdd6677af94b860c2,ruankao ruankao::anki_build::20260520_223914 ruankao::difficulty::3 ruankao::domain::配置变更知识产权与法律法规 ruankao::exam_use::下午案例 ruankao::importance::B ruankao::source_grounded ruankao::topic ruankao::topic::T-LAW-001 ruankao::type::案例模板卡,100,final,通过内容、来源和工程门禁
软考::系统集成项目管理工程师::专题学习::12_配置变更知识产权与法律法规::T-LAW-001_法律法规基础、合同法、招投标法与政府采购法考点,RuankaoTopicCard,招投标法要点的考试要点是什么？,"<div class=""answer-block"">
<div class=""section-title"">【答案】</div>
<div>招投标法要点 （详见 T-PROC-002 招投标专题，此处仅补充法律原则） [原则] 招标投标活动应当遵循公开、公平、公正和诚实信用的原则。 [禁区] ① 不得将必须招标的项目化整为零规避招标；② 不得以不合理条件限制或排斥潜在投标人；③ 不得串通投标；④ 招标人和投标人不得就实质性内容进行谈判。</div>
</div>","<div class=""extra"">
<div class=""section-title"">【理解】</div>
<div>招投标法要点 （详见 T-PROC-002 招投标专题，此处仅补充法律原则） [原则] 招标投标活动应当遵循公开、公平、公正和诚实信用的原则。 [禁区] ① 不得将必须招标的项目化整为零规避招标；② 不得以不合理条件限制或排斥潜在投标人；③ 不得串通投标；④ 招标人和投标人不得就实质性内容进行谈判。。这张卡来自源材料中的具体段落，用于把讲义内容改写为可回忆判断。</div>
<div class=""section-title"">【记忆线索】</div>
<div>抓住题干中的对象、动作和输出，不背整段讲义。</div>
<div class=""section-title"">【易错点】</div>
<div>避免把相邻概念按字面相似性混用。</div>
<div class=""section-title"">【题干信号】</div>
<div>定义识别、场景判断、角色/流程边界。</div>
<div class=""section-title"">【关联专题】</div>
<div>T-LAW-001 法律法规基础、合同法、招投标法与政府采购法考点</div>
<div class=""section-title"">【来源】</div>
<div>SRC-T-LAW-001-0006：法律法规基础、合同法、招投标法与政府采购法考点 &gt; 招投标法要点；招投标法要点 （详见 T-PROC-002 招投标专题，此处仅补充法律原则） [原则] 招标投标活动应当遵循公开、公平、公正和诚实信用的原则。 [禁区] ① 不得将必须招标的项目化整为零规避招标；② 不得以不合理条件限制或排斥潜在投标人；③ 不得串通投标；④ 招标人和投标人不得就实质性内容进行谈判。</div>
</div>",概念卡,B,3,上午选择,配置变更知识产权与法律法规,T-LAW-001,法律法规基础、合同法、招投标法与政府采购法考点,SRC-T-LAW-001-0006,topic_learning_packages/topics/12_配置变更知识产权与法律法规/T-LAW-001_专题学习包_法律法规基础合同法招投标法与政府采购法考点.md,法律法规基础、合同法、招投标法与政府采购法考点 > 招投标法要点,招投标法要点 （详见 T-PROC-002 招投标专题，此处仅补充法律原则） [原则] 招标投标活动应当遵循公开、公平、公正和诚实信用的原则。 [禁区] ① 不得将必须招标的项目化整为零规避招标；② 不得以不合理条件限制或排斥潜在投标人；③ 不得串通投标；④ 招标人和投标人不得就实质性内容进行谈判。,,,,,,,,,,sha256:71fa28a782b43ab358a91e2f,ruankao ruankao::anki_build::20260520_223914 ruankao::difficulty::3 ruankao::domain::配置变更知识产权与法律法规 ruankao::exam_use::上午选择 ruankao::importance::B ruankao::source_grounded ruankao::topic ruankao::topic::T-LAW-001 ruankao::type::概念卡,100,final,通过内容、来源和工程门禁
软考::系统集成项目管理工程师::专题学习::12_配置变更知识产权与法律法规::T-LAW-001_法律法规基础、合同法、招投标法与政府采购法考点,RuankaoTopicCard,题干出现哪些信号时，应想到“法律法规、合同法、招投标法与政府采购”？,"<div class=""answer-block"">
<div class=""section-title"">【答案】</div>
<div>围绕“法律法规基础、合同法、招投标法与政府采购法考点”的对象、动作、输出物、责任主体和常见陷阱定位考点。</div>
</div>","<div class=""extra"">
<div class=""section-title"">【理解】</div>
<div>围绕“法律法规基础、合同法、招投标法与政府采购法考点”的对象、动作、输出物、责任主体和常见陷阱定位考点。。这张卡来自源材料中的具体段落，用于把讲义内容改写为可回忆判断。</div>
<div class=""section-title"">【记忆线索】</div>
<div>抓住题干中的对象、动作和输出，不背整段讲义。</div>
<div class=""section-title"">【易错点】</div>
<div>避免把相邻概念按字面相似性混用。</div>
<div class=""section-title"">【题干信号】</div>
<div>合同</div>
<div class=""section-title"">【关联专题】</div>
<div>T-LAW-001 法律法规基础、合同法、招投标法与政府采购法考点</div>
<div class=""section-title"">【来源】</div>
<div>SRC-T-LAW-001-0003：法律法规基础、合同法、招投标法与政府采购法考点 &gt; 合同法核心考点 &gt; 要约与承诺；要约与承诺 [概念组｜合同成立的两步] - 要约：一方提出订立合同的意思表示。内容必须具体确定。</div>
</div>",关键词识别卡,B,3,上午选择,配置变更知识产权与法律法规,T-LAW-001,法律法规基础、合同法、招投标法与政府采购法考点,SRC-T-LAW-001-0003,topic_learning_packages/topics/12_配置变更知识产权与法律法规/T-LAW-001_专题学习包_法律法规基础合同法招投标法与政府采购法考点.md,法律法规基础、合同法、招投标法与政府采购法考点 > 合同法核心考点 > 要约与承诺,要约与承诺 [概念组｜合同成立的两步] - 要约：一方提出订立合同的意思表示。内容必须具体确定。,,,,,,,,,,sha256:34f2d0576394e7529d010959,ruankao ruankao::anki_build::20260520_223914 ruankao::difficulty::3 ruankao::domain::配置变更知识产权与法律法规 ruankao::exam_use::上午选择 ruankao::importance::B ruankao::source_grounded ruankao::topic ruankao::topic::T-LAW-001 ruankao::type::关键词识别卡,100,final,通过内容、来源和工程门禁
软考::系统集成项目管理工程师::专题学习::12_配置变更知识产权与法律法规::T-LAW-001_法律法规基础、合同法、招投标法与政府采购法考点,RuankaoTopicCard,法律法规、合同法、招投标法与政府采购中，招投标法要点的考试判断要点是什么？,"<div class=""answer-block"">
<div class=""section-title"">【答案】</div>
<div>招投标法要点 （详见 T-PROC-002 招投标专题，此处仅补充法律原则） [原则] 招标投标活动应当遵循公开、公平、公正和诚实信用的原则。 [禁区] ① 不得将必须招标的项目化整为零规避招标；② 不得以不合理条件限制或排斥潜在投标人；③ 不得串通投标；④ 招标人和投标人不得就实质性内容进行谈判。</div>
</div>","<div class=""extra"">
<div class=""section-title"">【理解】</div>
<div>招投标法要点 （详见 T-PROC-002 招投标专题，此处仅补充法律原则） [原则] 招标投标活动应当遵循公开、公平、公正和诚实信用的原则。 [禁区] ① 不得将必须招标的项目化整为零规避招标；② 不得以不合理条件限制或排斥潜在投标人；③ 不得串通投标；④ 招标人和投标人不得就实质性内容进行谈判。。这张卡来自源材料中的具体段落，用于把讲义内容改写为可回忆判断。</div>
<div class=""section-title"">【记忆线索】</div>
<div>抓住题干中的对象、动作和输出，不背整段讲义。</div>
<div class=""section-title"">【易错点】</div>
<div>避免把相邻概念按字面相似性混用。</div>
<div class=""section-title"">【题干信号】</div>
<div>合同</div>
<div class=""section-title"">【关联专题】</div>
<div>T-LAW-001 法律法规基础、合同法、招投标法与政府采购法考点</div>
<div class=""section-title"">【来源】</div>
<div>SRC-T-LAW-001-0006：法律法规基础、合同法、招投标法与政府采购法考点 &gt; 招投标法要点；招投标法要点 （详见 T-PROC-002 招投标专题，此处仅补充法律原则） [原则] 招标投标活动应当遵循公开、公平、公正和诚实信用的原则。 [禁区] ① 不得将必须招标的项目化整为零规避招标；② 不得以不合理条件限制或排斥潜在投标人；③ 不得串通投标；④ 招标人和投标人不得就实质性内容进行谈判。</div>
</div>",概念卡,C,3,上午选择,配置变更知识产权与法律法规,T-LAW-001,法律法规基础、合同法、招投标法与政府采购法考点,SRC-T-LAW-001-0006,topic_learning_packages/topics/12_配置变更知识产权与法律法规/T-LAW-001_专题学习包_法律法规基础合同法招投标法与政府采购法考点.md,法律法规基础、合同法、招投标法与政府采购法考点 > 招投标法要点,招投标法要点 （详见 T-PROC-002 招投标专题，此处仅补充法律原则） [原则] 招标投标活动应当遵循公开、公平、公正和诚实信用的原则。 [禁区] ① 不得将必须招标的项目化整为零规避招标；② 不得以不合理条件限制或排斥潜在投标人；③ 不得串通投标；④ 招标人和投标人不得就实质性内容进行谈判。,,,,,,,,,,sha256:3318549227671e4e12ad17b9,ruankao ruankao::anki_build::20260520_223914 ruankao::difficulty::3 ruankao::domain::配置变更知识产权与法律法规 ruankao::exam_use::上午选择 ruankao::importance::C ruankao::source_grounded ruankao::topic ruankao::topic::T-LAW-001 ruankao::type::概念卡,84,final,通过内容、来源和工程门禁；源材料自动扩展卡，建议后续人工润色
软考::系统集成项目管理工程师::专题学习::12_配置变更知识产权与法律法规::T-LAW-001_法律法规基础、合同法、招投标法与政府采购法考点,RuankaoTopicCard,法律法规、合同法、招投标法与政府采购中，要约与承诺的考试判断要点是什么？,"<div class=""answer-block"">
<div class=""section-title"">【答案】</div>
<div>要约与承诺 [概念组｜合同成立的两步] - 要约：一方提出订立合同的意思表示。内容必须具体确定。</div>
</div>","<div class=""extra"">
<div class=""section-title"">【理解】</div>
<div>要约与承诺 [概念组｜合同成立的两步] - 要约：一方提出订立合同的意思表示。内容必须具体确定。。这张卡来自源材料中的具体段落，用于把讲义内容改写为可回忆判断。</div>
<div class=""section-title"">【记忆线索】</div>
<div>抓住题干中的对象、动作和输出，不背整段讲义。</div>
<div class=""section-title"">【易错点】</div>
<div>避免把相邻概念按字面相似性混用。</div>
<div class=""section-title"">【题干信号】</div>
<div>合同</div>
<div class=""section-title"">【关联专题】</div>
<div>T-LAW-001 法律法规基础、合同法、招投标法与政府采购法考点</div>
<div class=""section-title"">【来源】</div>
<div>SRC-T-LAW-001-0003：法律法规基础、合同法、招投标法与政府采购法考点 &gt; 合同法核心考点 &gt; 要约与承诺；要约与承诺 [概念组｜合同成立的两步] - 要约：一方提出订立合同的意思表示。内容必须具体确定。</div>
</div>",概念卡,C,3,上午选择,配置变更知识产权与法律法规,T-LAW-001,法律法规基础、合同法、招投标法与政府采购法考点,SRC-T-LAW-001-0003,topic_learning_packages/topics/12_配置变更知识产权与法律法规/T-LAW-001_专题学习包_法律法规基础合同法招投标法与政府采购法考点.md,法律法规基础、合同法、招投标法与政府采购法考点 > 合同法核心考点 > 要约与承诺,要约与承诺 [概念组｜合同成立的两步] - 要约：一方提出订立合同的意思表示。内容必须具体确定。,,,,,,,,,,sha256:e56bbec7ba82fa600cf5b56d,ruankao ruankao::anki_build::20260520_223914 ruankao::difficulty::3 ruankao::domain::配置变更知识产权与法律法规 ruankao::exam_use::上午选择 ruankao::importance::C ruankao::source_grounded ruankao::topic ruankao::topic::T-LAW-001 ruankao::type::概念卡,84,final,通过内容、来源和工程门禁；源材料自动扩展卡，建议后续人工润色
软考::系统集成项目管理工程师::专题学习::12_配置变更知识产权与法律法规::T-LAW-001_法律法规基础、合同法、招投标法与政府采购法考点,RuankaoTopicCard,法律法规、合同法、招投标法与政府采购中，违约责任的考试判断要点是什么？,"<div class=""answer-block"">
<div class=""section-title"">【答案】</div>
<div>违约责任 [概念组｜违约责任形式] - 继续履行：强制违约方继续履行合同 - 采取补救措施：修理、更换、重做、退货、减少价款 - 赔偿损失：赔偿因违约造成的实际损失 - 支付违约金：按合同约定支付违约金。违约金过高可请求调整 ---</div>
</div>","<div class=""extra"">
<div class=""section-title"">【理解】</div>
<div>违约责任 [概念组｜违约责任形式] - 继续履行：强制违约方继续履行合同 - 采取补救措施：修理、更换、重做、退货、减少价款 - 赔偿损失：赔偿因违约造成的实际损失 - 支付违约金：按合同约定支付违约金。违约金过高可请求调整 ---。这张卡来自源材料中的具体段落，用于把讲义内容改写为可回忆判断。</div>
<div class=""section-title"">【记忆线索】</div>
<div>抓住题干中的对象、动作和输出，不背整段讲义。</div>
<div class=""section-title"">【易错点】</div>
<div>避免把相邻概念按字面相似性混用。</div>
<div class=""section-title"">【题干信号】</div>
<div>合同</div>
<div class=""section-title"">【关联专题】</div>
<div>T-LAW-001 法律法规基础、合同法、招投标法与政府采购法考点</div>
<div class=""section-title"">【来源】</div>
<div>SRC-T-LAW-001-0005：法律法规基础、合同法、招投标法与政府采购法考点 &gt; 合同法核心考点 &gt; 违约责任；违约责任 [概念组｜违约责任形式] - 继续履行：强制违约方继续履行合同 - 采取补救措施：修理、更换、重做、退货、减少价款 - 赔偿损失：赔偿因违约造成的实际损失 - 支付违约金：按合同约定支付违约金。违约金过高可请求调整 ---</div>
</div>",概念卡,C,3,上午选择,配置变更知识产权与法律法规,T-LAW-001,法律法规基础、合同法、招投标法与政府采购法考点,SRC-T-LAW-001-0005,topic_learning_packages/topics/12_配置变更知识产权与法律法规/T-LAW-001_专题学习包_法律法规基础合同法招投标法与政府采购法考点.md,法律法规基础、合同法、招投标法与政府采购法考点 > 合同法核心考点 > 违约责任,违约责任 [概念组｜违约责任形式] - 继续履行：强制违约方继续履行合同 - 采取补救措施：修理、更换、重做、退货、减少价款 - 赔偿损失：赔偿因违约造成的实际损失 - 支付违约金：按合同约定支付违约金。违约金过高可请求调整 ---,,,,,,,,,,sha256:c9c2f0aa34a6f843620061a9,ruankao ruankao::anki_build::20260520_223914 ruankao::difficulty::3 ruankao::domain::配置变更知识产权与法律法规 ruankao::exam_use::上午选择 ruankao::importance::C ruankao::source_grounded ruankao::topic ruankao::topic::T-LAW-001 ruankao::type::概念卡,84,final,通过内容、来源和工程门禁；源材料自动扩展卡，建议后续人工润色
软考::系统集成项目管理工程师::专题学习::13_信息系统技术基础::T-INFO-002_企业信息化系统_ERP、CRM、SCM、BI、EAI辨析,RuankaoTopicCard,遇到企业信息化系统场景时，处理流程是什么？,"<div class=""answer-block"">
<div class=""section-title"">【答案】</div>
<div>T-INFO-002｜企业信息化系统：ERP、CRM、SCM、BI、EAI 辨析 本专题用于系统辨析上午选择题中必出的一组企业信息化系统概念：ERP（企业资源计划）、CRM（客户关系管理）、SCM（供应链管理）、BI（商业智能）、EAI（企业应用集成）。核心问题：每个系统的管理对象是谁？</div>
</div>","<div class=""extra"">
<div class=""section-title"">【理解】</div>
<div>T-INFO-002｜企业信息化系统：ERP、CRM、SCM、BI、EAI 辨析 本专题用于系统辨析上午选择题中必出的一组企业信息化系统概念：ERP（企业资源计划）、CRM（客户关系管理）、SCM（供应链管理）、BI（商业智能）、EAI（企业应用集成）。核心问题：每个系统的管理对象是谁？。这张卡来自源材料中的具体段落，用于把讲义内容改写为可回忆判断。</div>
<div class=""section-title"">【记忆线索】</div>
<div>按“先记录/识别，再分析，再批准/执行，最后更新和沟通”的管理链回忆。</div>
<div class=""section-title"">【易错点】</div>
<div>避免把相邻概念按字面相似性混用。</div>
<div class=""section-title"">【题干信号】</div>
<div>问题、ERP、CRM、BI</div>
<div class=""section-title"">【关联专题】</div>
<div>T-INFO-002 企业信息化系统：ERP、CRM、SCM、BI、EAI 辨析</div>
<div class=""section-title"">【来源】</div>
<div>SRC-T-INFO-002-0001：企业信息化系统：ERP、CRM、SCM、BI、EAI 辨析；T-INFO-002｜企业信息化系统：ERP、CRM、SCM、BI、EAI 辨析 本专题用于系统辨析上午选择题中必出的一组企业信息化系统概念：ERP（企业资源计划）、CRM（客户关系管理）、SCM（供应链管理）、BI（商业智能）、EAI（企业应用集成）。核心问题：每个系统的管理对象是谁？</div>
</div>",流程卡,B,3,上午选择,信息系统技术基础,T-INFO-002,企业信息化系统：ERP、CRM、SCM、BI、EAI 辨析,SRC-T-INFO-002-0001,topic_learning_packages/topics/13_信息系统技术基础/T-INFO-002_专题学习包_企业信息化系统ERP_CRM_SCM_BI_EAI辨析.md,企业信息化系统：ERP、CRM、SCM、BI、EAI 辨析,T-INFO-002｜企业信息化系统：ERP、CRM、SCM、BI、EAI 辨析 本专题用于系统辨析上午选择题中必出的一组企业信息化系统概念：ERP（企业资源计划）、CRM（客户关系管理）、SCM（供应链管理）、BI（商业智能）、EAI（企业应用集成）。核心问题：每个系统的管理对象是谁？,,,,,,,,,,sha256:8e514ed2bbe0d7bb7907254d,ruankao ruankao::anki_build::20260520_223914 ruankao::difficulty::3 ruankao::domain::信息系统技术基础 ruankao::exam_use::上午选择 ruankao::importance::B ruankao::source_grounded ruankao::topic ruankao::topic::T-INFO-002 ruankao::type::流程卡,100,final,通过内容、来源和工程门禁
软考::系统集成项目管理工程师::专题学习::13_信息系统技术基础::T-INFO-002_企业信息化系统_ERP、CRM、SCM、BI、EAI辨析,RuankaoTopicCard,1. ERP（企业资源计划）的核心区别或边界是什么？,"<div class=""answer-block"">
<div class=""section-title"">【答案】</div>
<div>1. ERP（企业资源计划） 管理对象：企业内部资源（人、财、物、信息）。核心模块：财务、生产、采购、库存、人力资源。</div>
</div>","<div class=""extra"">
<div class=""section-title"">【理解】</div>
<div>1. ERP（企业资源计划） 管理对象：企业内部资源（人、财、物、信息）。核心模块：财务、生产、采购、库存、人力资源。。这张卡来自源材料中的具体段落，用于把讲义内容改写为可回忆判断。</div>
<div class=""section-title"">【记忆线索】</div>
<div>先判断对象、责任主体、时间点和输出物，再排除张冠李戴的选项。</div>
<div class=""section-title"">【易错点】</div>
<div>避免把相邻概念按字面相似性混用。</div>
<div class=""section-title"">【题干信号】</div>
<div>ERP</div>
<div class=""section-title"">【关联专题】</div>
<div>T-INFO-002 企业信息化系统：ERP、CRM、SCM、BI、EAI 辨析</div>
<div class=""section-title"">【来源】</div>
<div>SRC-T-INFO-002-0003：企业信息化系统：ERP、CRM、SCM、BI、EAI 辨析 &gt; 五系统逐个精讲 &gt; 1. ERP（企业资源计划）；1. ERP（企业资源计划） 管理对象：企业内部资源（人、财、物、信息）。核心模块：财务、生产、采购、库存、人力资源。</div>
</div>",辨析卡,B,3,上午选择,信息系统技术基础,T-INFO-002,企业信息化系统：ERP、CRM、SCM、BI、EAI 辨析,SRC-T-INFO-002-0003,topic_learning_packages/topics/13_信息系统技术基础/T-INFO-002_专题学习包_企业信息化系统ERP_CRM_SCM_BI_EAI辨析.md,企业信息化系统：ERP、CRM、SCM、BI、EAI 辨析 > 五系统逐个精讲 > 1. ERP（企业资源计划）,1. ERP（企业资源计划） 管理对象：企业内部资源（人、财、物、信息）。核心模块：财务、生产、采购、库存、人力资源。,,,,,,,,,,sha256:50fe9d5d02aa79eca9d43a0b,ruankao ruankao::anki_build::20260520_223914 ruankao::difficulty::3 ruankao::domain::信息系统技术基础 ruankao::exam_use::上午选择 ruankao::importance::B ruankao::source_grounded ruankao::topic ruankao::topic::T-INFO-002 ruankao::type::辨析卡,100,final,通过内容、来源和工程门禁
软考::系统集成项目管理工程师::专题学习::13_信息系统技术基础::T-INFO-002_企业信息化系统_ERP、CRM、SCM、BI、EAI辨析,RuankaoTopicCard,2. CRM（客户关系管理）的核心区别或边界是什么？,"<div class=""answer-block"">
<div class=""section-title"">【答案】</div>
<div>2. CRM（客户关系管理） 管理对象：客户。核心功能：市场营销、销售管理、客户服务、客户数据分析。</div>
</div>","<div class=""extra"">
<div class=""section-title"">【理解】</div>
<div>2. CRM（客户关系管理） 管理对象：客户。核心功能：市场营销、销售管理、客户服务、客户数据分析。。这张卡来自源材料中的具体段落，用于把讲义内容改写为可回忆判断。</div>
<div class=""section-title"">【记忆线索】</div>
<div>先判断对象、责任主体、时间点和输出物，再排除张冠李戴的选项。</div>
<div class=""section-title"">【易错点】</div>
<div>避免把相邻概念按字面相似性混用。</div>
<div class=""section-title"">【题干信号】</div>
<div>CRM</div>
<div class=""section-title"">【关联专题】</div>
<div>T-INFO-002 企业信息化系统：ERP、CRM、SCM、BI、EAI 辨析</div>
<div class=""section-title"">【来源】</div>
<div>SRC-T-INFO-002-0004：企业信息化系统：ERP、CRM、SCM、BI、EAI 辨析 &gt; 五系统逐个精讲 &gt; 2. CRM（客户关系管理）；2. CRM（客户关系管理） 管理对象：客户。核心功能：市场营销、销售管理、客户服务、客户数据分析。</div>
</div>",辨析卡,B,3,上午选择,信息系统技术基础,T-INFO-002,企业信息化系统：ERP、CRM、SCM、BI、EAI 辨析,SRC-T-INFO-002-0004,topic_learning_packages/topics/13_信息系统技术基础/T-INFO-002_专题学习包_企业信息化系统ERP_CRM_SCM_BI_EAI辨析.md,企业信息化系统：ERP、CRM、SCM、BI、EAI 辨析 > 五系统逐个精讲 > 2. CRM（客户关系管理）,2. CRM（客户关系管理） 管理对象：客户。核心功能：市场营销、销售管理、客户服务、客户数据分析。,,,,,,,,,,sha256:13cd9258cd255dd2f24ead6b,ruankao ruankao::anki_build::20260520_223914 ruankao::difficulty::3 ruankao::domain::信息系统技术基础 ruankao::exam_use::上午选择 ruankao::importance::B ruankao::source_grounded ruankao::topic ruankao::topic::T-INFO-002 ruankao::type::辨析卡,100,final,通过内容、来源和工程门禁
软考::系统集成项目管理工程师::专题学习::13_信息系统技术基础::T-INFO-002_企业信息化系统_ERP、CRM、SCM、BI、EAI辨析,RuankaoTopicCard,遇到3. SCM（供应链管理）场景时，处理流程是什么？,"<div class=""answer-block"">
<div class=""section-title"">【答案】</div>
<div>3. SCM（供应链管理） 管理对象：供应链上下游。核心关注：采购、库存控制、物流配送、需求预测、供应商协同。</div>
</div>","<div class=""extra"">
<div class=""section-title"">【理解】</div>
<div>3. SCM（供应链管理） 管理对象：供应链上下游。核心关注：采购、库存控制、物流配送、需求预测、供应商协同。。这张卡来自源材料中的具体段落，用于把讲义内容改写为可回忆判断。</div>
<div class=""section-title"">【记忆线索】</div>
<div>按“先记录/识别，再分析，再批准/执行，最后更新和沟通”的管理链回忆。</div>
<div class=""section-title"">【易错点】</div>
<div>避免把相邻概念按字面相似性混用。</div>
<div class=""section-title"">【题干信号】</div>
<div>定义识别、场景判断、角色/流程边界。</div>
<div class=""section-title"">【关联专题】</div>
<div>T-INFO-002 企业信息化系统：ERP、CRM、SCM、BI、EAI 辨析</div>
<div class=""section-title"">【来源】</div>
<div>SRC-T-INFO-002-0005：企业信息化系统：ERP、CRM、SCM、BI、EAI 辨析 &gt; 五系统逐个精讲 &gt; 3. SCM（供应链管理）；3. SCM（供应链管理） 管理对象：供应链上下游。核心关注：采购、库存控制、物流配送、需求预测、供应商协同。</div>
</div>",流程卡,B,3,上午选择,信息系统技术基础,T-INFO-002,企业信息化系统：ERP、CRM、SCM、BI、EAI 辨析,SRC-T-INFO-002-0005,topic_learning_packages/topics/13_信息系统技术基础/T-INFO-002_专题学习包_企业信息化系统ERP_CRM_SCM_BI_EAI辨析.md,企业信息化系统：ERP、CRM、SCM、BI、EAI 辨析 > 五系统逐个精讲 > 3. SCM（供应链管理）,3. SCM（供应链管理） 管理对象：供应链上下游。核心关注：采购、库存控制、物流配送、需求预测、供应商协同。,,,,,,,,,,sha256:01ed9e6fe4b58dbd0f52ceaa,ruankao ruankao::anki_build::20260520_223914 ruankao::difficulty::3 ruankao::domain::信息系统技术基础 ruankao::exam_use::上午选择 ruankao::importance::B ruankao::source_grounded ruankao::topic ruankao::topic::T-INFO-002 ruankao::type::流程卡,100,final,通过内容、来源和工程门禁
软考::系统集成项目管理工程师::专题学习::13_信息系统技术基础::T-INFO-002_企业信息化系统_ERP、CRM、SCM、BI、EAI辨析,RuankaoTopicCard,遇到4. BI（商业智能）场景时，处理流程是什么？,"<div class=""answer-block"">
<div class=""section-title"">【答案】</div>
<div>4. BI（商业智能） 管理对象：数据→决策。核心技术：数据仓库、OLAP（联机分析处理）、数据挖掘、报表、仪表盘。</div>
</div>","<div class=""extra"">
<div class=""section-title"">【理解】</div>
<div>4. BI（商业智能） 管理对象：数据→决策。核心技术：数据仓库、OLAP（联机分析处理）、数据挖掘、报表、仪表盘。。这张卡来自源材料中的具体段落，用于把讲义内容改写为可回忆判断。</div>
<div class=""section-title"">【记忆线索】</div>
<div>按“先记录/识别，再分析，再批准/执行，最后更新和沟通”的管理链回忆。</div>
<div class=""section-title"">【易错点】</div>
<div>避免把相邻概念按字面相似性混用。</div>
<div class=""section-title"">【题干信号】</div>
<div>BI</div>
<div class=""section-title"">【关联专题】</div>
<div>T-INFO-002 企业信息化系统：ERP、CRM、SCM、BI、EAI 辨析</div>
<div class=""section-title"">【来源】</div>
<div>SRC-T-INFO-002-0006：企业信息化系统：ERP、CRM、SCM、BI、EAI 辨析 &gt; 五系统逐个精讲 &gt; 4. BI（商业智能）；4. BI（商业智能） 管理对象：数据→决策。核心技术：数据仓库、OLAP（联机分析处理）、数据挖掘、报表、仪表盘。</div>
</div>",流程卡,B,3,上午选择,信息系统技术基础,T-INFO-002,企业信息化系统：ERP、CRM、SCM、BI、EAI 辨析,SRC-T-INFO-002-0006,topic_learning_packages/topics/13_信息系统技术基础/T-INFO-002_专题学习包_企业信息化系统ERP_CRM_SCM_BI_EAI辨析.md,企业信息化系统：ERP、CRM、SCM、BI、EAI 辨析 > 五系统逐个精讲 > 4. BI（商业智能）,4. BI（商业智能） 管理对象：数据→决策。核心技术：数据仓库、OLAP（联机分析处理）、数据挖掘、报表、仪表盘。,,,,,,,,,,sha256:3a6cecbc773d6ed94affa6ef,ruankao ruankao::anki_build::20260520_223914 ruankao::difficulty::3 ruankao::domain::信息系统技术基础 ruankao::exam_use::上午选择 ruankao::importance::B ruankao::source_grounded ruankao::topic ruankao::topic::T-INFO-002 ruankao::type::流程卡,100,final,通过内容、来源和工程门禁
软考::系统集成项目管理工程师::专题学习::13_信息系统技术基础::T-INFO-002_企业信息化系统_ERP、CRM、SCM、BI、EAI辨析,RuankaoTopicCard,遇到辨析速查表场景时，处理流程是什么？,"<div class=""answer-block"">
<div class=""section-title"">【答案】</div>
<div>辨析速查表 系统 1 句话定位 最常见的张冠李戴陷阱 --------- ERP 管企业的内部资源 别和 CRM 混淆——ERP 对内，CRM 对外 CRM 管客户关系 别和 ERP 混淆——CRM 不主管财务和库存 SCM 管供应链上下游 别和 ERP 混淆——SCM 穿过企业边界到外部 BI 管数据分析和决策支持 别和 EAI 混淆——BI 分析数据，EAI 打通系统 EAI 管异构系统之间的集成 别和 BI 混淆——EAI 连接，</div>
</div>","<div class=""extra"">
<div class=""section-title"">【理解】</div>
<div>辨析速查表 系统 1 句话定位 最常见的张冠李戴陷阱 --------- ERP 管企业的内部资源 别和 CRM 混淆——ERP 对内，CRM 对外 CRM 管客户关系 别和 ERP 混淆——CRM 不主管财务和库存 SCM 管供应链上下游 别和 ERP 混淆——SCM 穿过企业边界到外部 BI 管数据分析和决策支持 别和 EAI 混淆——BI 分析数据，EAI 打通系统 EAI 管异构系统之间的集成 别和 BI 混淆——EAI 连接，。这张卡来自源材料中的具体段落，用于把讲义内容改写为可回忆判断。</div>
<div class=""section-title"">【记忆线索】</div>
<div>按“先记录/识别，再分析，再批准/执行，最后更新和沟通”的管理链回忆。</div>
<div class=""section-title"">【易错点】</div>
<div>避免把相邻概念按字面相似性混用。</div>
<div class=""section-title"">【题干信号】</div>
<div>ERP、CRM、BI</div>
<div class=""section-title"">【关联专题】</div>
<div>T-INFO-002 企业信息化系统：ERP、CRM、SCM、BI、EAI 辨析</div>
<div class=""section-title"">【来源】</div>
<div>SRC-T-INFO-002-0007：企业信息化系统：ERP、CRM、SCM、BI、EAI 辨析 &gt; 辨析速查表；辨析速查表 系统 1 句话定位 最常见的张冠李戴陷阱 --------- ERP 管企业的内部资源 别和 CRM 混淆——ERP 对内，CRM 对外 CRM 管客户关系 别和 ERP 混淆——CRM 不主管财务和库存 SCM 管供应链上下游 别和 ERP 混淆——SCM 穿过企业边界到外部 BI 管数据分析和决策支持 </div>
</div>",流程卡,B,3,上午选择,信息系统技术基础,T-INFO-002,企业信息化系统：ERP、CRM、SCM、BI、EAI 辨析,SRC-T-INFO-002-0007,topic_learning_packages/topics/13_信息系统技术基础/T-INFO-002_专题学习包_企业信息化系统ERP_CRM_SCM_BI_EAI辨析.md,企业信息化系统：ERP、CRM、SCM、BI、EAI 辨析 > 辨析速查表,辨析速查表 系统 1 句话定位 最常见的张冠李戴陷阱 --------- ERP 管企业的内部资源 别和 CRM 混淆——ERP 对内，CRM 对外 CRM 管客户关系 别和 ERP 混淆——CRM 不主管财务和库存 SCM 管供应链上下游 别和 ERP 混淆——SCM 穿过企业边界到外部 BI 管数据分析和决策支持 别和 EAI 混淆——BI 分析数据，EAI 打通系统 EAI 管异构系统之间的集成 别和 BI 混淆——EAI 连接，,,,,,,,,,,sha256:fc796076bcb6c95578ff622b,ruankao ruankao::anki_build::20260520_223914 ruankao::difficulty::3 ruankao::domain::信息系统技术基础 ruankao::exam_use::上午选择 ruankao::importance::B ruankao::source_grounded ruankao::topic ruankao::topic::T-INFO-002 ruankao::type::流程卡,100,final,通过内容、来源和工程门禁
软考::系统集成项目管理工程师::专题学习::13_信息系统技术基础::T-INFO-002_企业信息化系统_ERP、CRM、SCM、BI、EAI辨析,RuankaoTopicCard,遇到本轮真题覆盖增强场景时，处理流程是什么？,"<div class=""answer-block"">
<div class=""section-title"">【答案】</div>
<div>本轮真题覆盖增强：企业系统与数据分析小题 本节把 questions.full.clean.md 与既有真题映射中的高频考法反查回本专题。2010 上午题考 ERP 相比 MRP II 的供应链扩展，题库还考 CRM 数据、BI/数据仓库/OLAP。</div>
</div>","<div class=""extra"">
<div class=""section-title"">【理解】</div>
<div>本轮真题覆盖增强：企业系统与数据分析小题 本节把 questions.full.clean.md 与既有真题映射中的高频考法反查回本专题。2010 上午题考 ERP 相比 MRP II 的供应链扩展，题库还考 CRM 数据、BI/数据仓库/OLAP。。这张卡来自源材料中的具体段落，用于把讲义内容改写为可回忆判断。</div>
<div class=""section-title"">【记忆线索】</div>
<div>按“先记录/识别，再分析，再批准/执行，最后更新和沟通”的管理链回忆。</div>
<div class=""section-title"">【易错点】</div>
<div>避免把相邻概念按字面相似性混用。</div>
<div class=""section-title"">【题干信号】</div>
<div>ERP、CRM、BI</div>
<div class=""section-title"">【关联专题】</div>
<div>T-INFO-002 企业信息化系统：ERP、CRM、SCM、BI、EAI 辨析</div>
<div class=""section-title"">【来源】</div>
<div>SRC-T-INFO-002-0009：企业信息化系统：ERP、CRM、SCM、BI、EAI 辨析 &gt; 本轮真题覆盖增强：企业系统与数据分析小题；本轮真题覆盖增强：企业系统与数据分析小题 本节把 questions.full.clean.md 与既有真题映射中的高频考法反查回本专题。2010 上午题考 ERP 相比 MRP II 的供应链扩展，题库还考 CRM 数据、BI/数据仓库/OLAP。</div>
</div>",流程卡,B,3,上午选择,信息系统技术基础,T-INFO-002,企业信息化系统：ERP、CRM、SCM、BI、EAI 辨析,SRC-T-INFO-002-0009,topic_learning_packages/topics/13_信息系统技术基础/T-INFO-002_专题学习包_企业信息化系统ERP_CRM_SCM_BI_EAI辨析.md,企业信息化系统：ERP、CRM、SCM、BI、EAI 辨析 > 本轮真题覆盖增强：企业系统与数据分析小题,本轮真题覆盖增强：企业系统与数据分析小题 本节把 questions.full.clean.md 与既有真题映射中的高频考法反查回本专题。2010 上午题考 ERP 相比 MRP II 的供应链扩展，题库还考 CRM 数据、BI/数据仓库/OLAP。,,,,,,,,,,sha256:497e128b58a81d86a6fdaf6d,ruankao ruankao::anki_build::20260520_223914 ruankao::difficulty::3 ruankao::domain::信息系统技术基础 ruankao::exam_use::上午选择 ruankao::importance::B ruankao::source_grounded ruankao::topic ruankao::topic::T-INFO-002 ruankao::type::流程卡,100,final,通过内容、来源和工程门禁
软考::系统集成项目管理工程师::专题学习::13_信息系统技术基础::T-INFO-002_企业信息化系统_ERP、CRM、SCM、BI、EAI辨析,RuankaoTopicCard,题干出现哪些信号时，应想到“企业信息化系统”？,"<div class=""answer-block"">
<div class=""section-title"">【答案】</div>
<div>围绕“企业信息化系统：ERP、CRM、SCM、BI、EAI 辨析”的对象、动作、输出物、责任主体和常见陷阱定位考点。</div>
</div>","<div class=""extra"">
<div class=""section-title"">【理解】</div>
<div>围绕“企业信息化系统：ERP、CRM、SCM、BI、EAI 辨析”的对象、动作、输出物、责任主体和常见陷阱定位考点。。这张卡来自源材料中的具体段落，用于把讲义内容改写为可回忆判断。</div>
<div class=""section-title"">【记忆线索】</div>
<div>抓住题干中的对象、动作和输出，不背整段讲义。</div>
<div class=""section-title"">【易错点】</div>
<div>避免把相邻概念按字面相似性混用。</div>
<div class=""section-title"">【题干信号】</div>
<div>ERP、CRM、BI</div>
<div class=""section-title"">【关联专题】</div>
<div>T-INFO-002 企业信息化系统：ERP、CRM、SCM、BI、EAI 辨析</div>
<div class=""section-title"">【来源】</div>
<div>SRC-T-INFO-002-0001：企业信息化系统：ERP、CRM、SCM、BI、EAI 辨析；T-INFO-002｜企业信息化系统：ERP、CRM、SCM、BI、EAI 辨析 本专题用于系统辨析上午选择题中必出的一组企业信息化系统概念：ERP（企业资源计划）、CRM（客户关系管理）、SCM（供应链管理）、BI（商业智能）、EAI（企业应用集成）。核心问题：每个系统的管理对象是谁？</div>
</div>",关键词识别卡,B,3,上午选择,信息系统技术基础,T-INFO-002,企业信息化系统：ERP、CRM、SCM、BI、EAI 辨析,SRC-T-INFO-002-0001,topic_learning_packages/topics/13_信息系统技术基础/T-INFO-002_专题学习包_企业信息化系统ERP_CRM_SCM_BI_EAI辨析.md,企业信息化系统：ERP、CRM、SCM、BI、EAI 辨析,T-INFO-002｜企业信息化系统：ERP、CRM、SCM、BI、EAI 辨析 本专题用于系统辨析上午选择题中必出的一组企业信息化系统概念：ERP（企业资源计划）、CRM（客户关系管理）、SCM（供应链管理）、BI（商业智能）、EAI（企业应用集成）。核心问题：每个系统的管理对象是谁？,,,,,,,,,,sha256:8c797b47a39c095fbddc2e60,ruankao ruankao::anki_build::20260520_223914 ruankao::difficulty::3 ruankao::domain::信息系统技术基础 ruankao::exam_use::上午选择 ruankao::importance::B ruankao::source_grounded ruankao::topic ruankao::topic::T-INFO-002 ruankao::type::关键词识别卡,100,final,通过内容、来源和工程门禁
软考::系统集成项目管理工程师::专题学习::13_信息系统技术基础::T-INFO-002_企业信息化系统_ERP、CRM、SCM、BI、EAI辨析,RuankaoTopicCard,企业信息化系统类案例通常应从哪些角度答？,"<div class=""answer-block"">
<div class=""section-title"">【答案】</div>
<div>先从题干事实定位“企业信息化系统：ERP、CRM、SCM、BI、EAI 辨析”相关管理缺口，再写原因、影响、纠正措施、预防措施和需更新的文件。</div>
</div>","<div class=""extra"">
<div class=""section-title"">【理解】</div>
<div>先从题干事实定位“企业信息化系统：ERP、CRM、SCM、BI、EAI 辨析”相关管理缺口，再写原因、影响、纠正措施、预防措施和需更新的文件。。这张卡来自源材料中的具体段落，用于把讲义内容改写为可回忆判断。</div>
<div class=""section-title"">【记忆线索】</div>
<div>抓住题干中的对象、动作和输出，不背整段讲义。</div>
<div class=""section-title"">【易错点】</div>
<div>避免把相邻概念按字面相似性混用。</div>
<div class=""section-title"">【题干信号】</div>
<div>ERP、CRM、BI</div>
<div class=""section-title"">【关联专题】</div>
<div>T-INFO-002 企业信息化系统：ERP、CRM、SCM、BI、EAI 辨析</div>
<div class=""section-title"">【来源】</div>
<div>SRC-T-INFO-002-0002：企业信息化系统：ERP、CRM、SCM、BI、EAI 辨析 &gt; 先看这个专题的主线；先看这个专题的主线 这五个系统考的不是技术实现，而是&quot;谁管什么&quot;的区分。考试中常用&quot;把 A 系统的作用安在 B 头上&quot;来设陷阱。</div>
</div>",案例模板卡,B,3,下午案例,信息系统技术基础,T-INFO-002,企业信息化系统：ERP、CRM、SCM、BI、EAI 辨析,SRC-T-INFO-002-0002,topic_learning_packages/topics/13_信息系统技术基础/T-INFO-002_专题学习包_企业信息化系统ERP_CRM_SCM_BI_EAI辨析.md,企业信息化系统：ERP、CRM、SCM、BI、EAI 辨析 > 先看这个专题的主线,"先看这个专题的主线 这五个系统考的不是技术实现，而是""谁管什么""的区分。考试中常用""把 A 系统的作用安在 B 头上""来设陷阱。",,,,,,,,,,sha256:29a66ba7b2518322ea087eb0,ruankao ruankao::anki_build::20260520_223914 ruankao::difficulty::3 ruankao::domain::信息系统技术基础 ruankao::exam_use::下午案例 ruankao::importance::B ruankao::source_grounded ruankao::topic ruankao::topic::T-INFO-002 ruankao::type::案例模板卡,84,final,通过内容、来源和工程门禁；源材料自动扩展卡，建议后续人工润色
软考::系统集成项目管理工程师::专题学习::13_信息系统技术基础::T-INFO-002_企业信息化系统_ERP、CRM、SCM、BI、EAI辨析,RuankaoTopicCard,企业信息化系统中，企业信息化系统的考试判断要点是什么？,"<div class=""answer-block"">
<div class=""section-title"">【答案】</div>
<div>先看这个专题的主线 这五个系统考的不是技术实现，而是&quot;谁管什么&quot;的区分。考试中常用&quot;把 A 系统的作用安在 B 头上&quot;来设陷阱。</div>
</div>","<div class=""extra"">
<div class=""section-title"">【理解】</div>
<div>先看这个专题的主线 这五个系统考的不是技术实现，而是&quot;谁管什么&quot;的区分。考试中常用&quot;把 A 系统的作用安在 B 头上&quot;来设陷阱。。这张卡来自源材料中的具体段落，用于把讲义内容改写为可回忆判断。</div>
<div class=""section-title"">【记忆线索】</div>
<div>抓住题干中的对象、动作和输出，不背整段讲义。</div>
<div class=""section-title"">【易错点】</div>
<div>避免把相邻概念按字面相似性混用。</div>
<div class=""section-title"">【题干信号】</div>
<div>定义识别、场景判断、角色/流程边界。</div>
<div class=""section-title"">【关联专题】</div>
<div>T-INFO-002 企业信息化系统：ERP、CRM、SCM、BI、EAI 辨析</div>
<div class=""section-title"">【来源】</div>
<div>SRC-T-INFO-002-0002：企业信息化系统：ERP、CRM、SCM、BI、EAI 辨析 &gt; 先看这个专题的主线；先看这个专题的主线 这五个系统考的不是技术实现，而是&quot;谁管什么&quot;的区分。考试中常用&quot;把 A 系统的作用安在 B 头上&quot;来设陷阱。</div>
</div>",辨析卡,C,3,上午选择,信息系统技术基础,T-INFO-002,企业信息化系统：ERP、CRM、SCM、BI、EAI 辨析,SRC-T-INFO-002-0002,topic_learning_packages/topics/13_信息系统技术基础/T-INFO-002_专题学习包_企业信息化系统ERP_CRM_SCM_BI_EAI辨析.md,企业信息化系统：ERP、CRM、SCM、BI、EAI 辨析 > 先看这个专题的主线,"先看这个专题的主线 这五个系统考的不是技术实现，而是""谁管什么""的区分。考试中常用""把 A 系统的作用安在 B 头上""来设陷阱。",,,,,,,,,,sha256:927c81bd354eb3af1fad3185,ruankao ruankao::anki_build::20260520_223914 ruankao::difficulty::3 ruankao::domain::信息系统技术基础 ruankao::exam_use::上午选择 ruankao::importance::C ruankao::source_grounded ruankao::topic ruankao::topic::T-INFO-002 ruankao::type::辨析卡,84,final,通过内容、来源和工程门禁；源材料自动扩展卡，建议后续人工润色
软考::系统集成项目管理工程师::专题学习::13_信息系统技术基础::T-INFO-002_企业信息化系统_ERP、CRM、SCM、BI、EAI辨析,RuankaoTopicCard,企业信息化系统中，1. ERP（企业资源计划）的考试判断要点是什么？,"<div class=""answer-block"">
<div class=""section-title"">【答案】</div>
<div>1. ERP（企业资源计划） 管理对象：企业内部资源（人、财、物、信息）。核心模块：财务、生产、采购、库存、人力资源。</div>
</div>","<div class=""extra"">
<div class=""section-title"">【理解】</div>
<div>1. ERP（企业资源计划） 管理对象：企业内部资源（人、财、物、信息）。核心模块：财务、生产、采购、库存、人力资源。。这张卡来自源材料中的具体段落，用于把讲义内容改写为可回忆判断。</div>
<div class=""section-title"">【记忆线索】</div>
<div>抓住题干中的对象、动作和输出，不背整段讲义。</div>
<div class=""section-title"">【易错点】</div>
<div>避免把相邻概念按字面相似性混用。</div>
<div class=""section-title"">【题干信号】</div>
<div>ERP</div>
<div class=""section-title"">【关联专题】</div>
<div>T-INFO-002 企业信息化系统：ERP、CRM、SCM、BI、EAI 辨析</div>
<div class=""section-title"">【来源】</div>
<div>SRC-T-INFO-002-0003：企业信息化系统：ERP、CRM、SCM、BI、EAI 辨析 &gt; 五系统逐个精讲 &gt; 1. ERP（企业资源计划）；1. ERP（企业资源计划） 管理对象：企业内部资源（人、财、物、信息）。核心模块：财务、生产、采购、库存、人力资源。</div>
</div>",辨析卡,C,3,上午选择,信息系统技术基础,T-INFO-002,企业信息化系统：ERP、CRM、SCM、BI、EAI 辨析,SRC-T-INFO-002-0003,topic_learning_packages/topics/13_信息系统技术基础/T-INFO-002_专题学习包_企业信息化系统ERP_CRM_SCM_BI_EAI辨析.md,企业信息化系统：ERP、CRM、SCM、BI、EAI 辨析 > 五系统逐个精讲 > 1. ERP（企业资源计划）,1. ERP（企业资源计划） 管理对象：企业内部资源（人、财、物、信息）。核心模块：财务、生产、采购、库存、人力资源。,,,,,,,,,,sha256:9ebe68ec08e37ab1ec182fa5,ruankao ruankao::anki_build::20260520_223914 ruankao::difficulty::3 ruankao::domain::信息系统技术基础 ruankao::exam_use::上午选择 ruankao::importance::C ruankao::source_grounded ruankao::topic ruankao::topic::T-INFO-002 ruankao::type::辨析卡,84,final,通过内容、来源和工程门禁；源材料自动扩展卡，建议后续人工润色
软考::系统集成项目管理工程师::专题学习::13_信息系统技术基础::T-INFO-002_企业信息化系统_ERP、CRM、SCM、BI、EAI辨析,RuankaoTopicCard,企业信息化系统中，2. CRM（客户关系管理）的考试判断要点是什么？,"<div class=""answer-block"">
<div class=""section-title"">【答案】</div>
<div>2. CRM（客户关系管理） 管理对象：客户。核心功能：市场营销、销售管理、客户服务、客户数据分析。</div>
</div>","<div class=""extra"">
<div class=""section-title"">【理解】</div>
<div>2. CRM（客户关系管理） 管理对象：客户。核心功能：市场营销、销售管理、客户服务、客户数据分析。。这张卡来自源材料中的具体段落，用于把讲义内容改写为可回忆判断。</div>
<div class=""section-title"">【记忆线索】</div>
<div>抓住题干中的对象、动作和输出，不背整段讲义。</div>
<div class=""section-title"">【易错点】</div>
<div>避免把相邻概念按字面相似性混用。</div>
<div class=""section-title"">【题干信号】</div>
<div>CRM</div>
<div class=""section-title"">【关联专题】</div>
<div>T-INFO-002 企业信息化系统：ERP、CRM、SCM、BI、EAI 辨析</div>
<div class=""section-title"">【来源】</div>
<div>SRC-T-INFO-002-0004：企业信息化系统：ERP、CRM、SCM、BI、EAI 辨析 &gt; 五系统逐个精讲 &gt; 2. CRM（客户关系管理）；2. CRM（客户关系管理） 管理对象：客户。核心功能：市场营销、销售管理、客户服务、客户数据分析。</div>
</div>",辨析卡,C,3,上午选择,信息系统技术基础,T-INFO-002,企业信息化系统：ERP、CRM、SCM、BI、EAI 辨析,SRC-T-INFO-002-0004,topic_learning_packages/topics/13_信息系统技术基础/T-INFO-002_专题学习包_企业信息化系统ERP_CRM_SCM_BI_EAI辨析.md,企业信息化系统：ERP、CRM、SCM、BI、EAI 辨析 > 五系统逐个精讲 > 2. CRM（客户关系管理）,2. CRM（客户关系管理） 管理对象：客户。核心功能：市场营销、销售管理、客户服务、客户数据分析。,,,,,,,,,,sha256:2a2a11a0388dccbc34914233,ruankao ruankao::anki_build::20260520_223914 ruankao::difficulty::3 ruankao::domain::信息系统技术基础 ruankao::exam_use::上午选择 ruankao::importance::C ruankao::source_grounded ruankao::topic ruankao::topic::T-INFO-002 ruankao::type::辨析卡,84,final,通过内容、来源和工程门禁；源材料自动扩展卡，建议后续人工润色
软考::系统集成项目管理工程师::专题学习::14_案例分析专题::T-CASE-001_下午案例题通用审题与答题方法,RuankaoTopicCard,下午案例题通用审题与答题方法类案例应从哪些角度分析？,"<div class=""answer-block"">
<div class=""section-title"">【答案】</div>
<div>T-CASE-001｜下午案例题通用审题与答题方法 本专题用于学习&quot;系统集成项目管理工程师&quot;下午案例分析题的通用应对方法。它不针对某个具体知识域，而是解决一个所有案例题都绕不开的核心问题：给定一段项目场景描述，如何快速识别问题、归因到管理过程、组织原因、给出可执行措施、控制篇幅，并在有限时间内获得最多分数？</div>
</div>","<div class=""extra"">
<div class=""section-title"">【理解】</div>
<div>T-CASE-001｜下午案例题通用审题与答题方法 本专题用于学习&quot;系统集成项目管理工程师&quot;下午案例分析题的通用应对方法。它不针对某个具体知识域，而是解决一个所有案例题都绕不开的核心问题：给定一段项目场景描述，如何快速识别问题、归因到管理过程、组织原因、给出可执行措施、控制篇幅，并在有限时间内获得最多分数？。这张卡来自源材料中的具体段落，用于把讲义内容改写为可回忆判断。</div>
<div class=""section-title"">【记忆线索】</div>
<div>抓住题干中的对象、动作和输出，不背整段讲义。</div>
<div class=""section-title"">【易错点】</div>
<div>避免把相邻概念按字面相似性混用。</div>
<div class=""section-title"">【题干信号】</div>
<div>问题</div>
<div class=""section-title"">【关联专题】</div>
<div>T-CASE-001 下午案例题通用审题与答题方法</div>
<div class=""section-title"">【来源】</div>
<div>SRC-T-CASE-001-0001：下午案例题通用审题与答题方法；T-CASE-001｜下午案例题通用审题与答题方法 本专题用于学习&quot;系统集成项目管理工程师&quot;下午案例分析题的通用应对方法。它不针对某个具体知识域，而是解决一个所有案例题都绕不开的核心问题：给定一段项目场景描述，如何快速识别问题、归因到管理过程、组织原因、给出可执行措施、控制篇幅，并在有限时间内获得最多分数？</div>
</div>",案例模板卡,B,3,下午案例,案例分析专题,T-CASE-001,下午案例题通用审题与答题方法,SRC-T-CASE-001-0001,topic_learning_packages/topics/14_案例分析专题/T-CASE-001_专题学习包_下午案例题通用审题与答题方法.md,下午案例题通用审题与答题方法,"T-CASE-001｜下午案例题通用审题与答题方法 本专题用于学习""系统集成项目管理工程师""下午案例分析题的通用应对方法。它不针对某个具体知识域，而是解决一个所有案例题都绕不开的核心问题：给定一段项目场景描述，如何快速识别问题、归因到管理过程、组织原因、给出可执行措施、控制篇幅，并在有限时间内获得最多分数？",,,,,,,,,,sha256:79a1999e5fcadce9ff9ecb2f,ruankao ruankao::anki_build::20260520_223914 ruankao::difficulty::3 ruankao::domain::案例分析专题 ruankao::exam_use::下午案例 ruankao::importance::B ruankao::source_grounded ruankao::topic ruankao::topic::T-CASE-001 ruankao::type::案例模板卡,100,final,通过内容、来源和工程门禁
软考::系统集成项目管理工程师::专题学习::14_案例分析专题::T-CASE-001_下午案例题通用审题与答题方法,RuankaoTopicCard,下午案例题通用审题与答题方法相关公式或计算判断规则是什么？,"<div class=""answer-block"">
<div class=""section-title"">【答案】</div>
<div>先看这个专题的主线 下午案例题和上午选择题的思维模式完全不同。选择题考查的是&quot;识别判断&quot;——看到关键词、套公式或概念、选出正确答案。</div>
</div>","<div class=""extra"">
<div class=""section-title"">【理解】</div>
<div>先看这个专题的主线 下午案例题和上午选择题的思维模式完全不同。选择题考查的是&quot;识别判断&quot;——看到关键词、套公式或概念、选出正确答案。。这张卡来自源材料中的具体段落，用于把讲义内容改写为可回忆判断。</div>
<div class=""section-title"">【记忆线索】</div>
<div>先写公式，再代入数字，最后写文字判断。</div>
<div class=""section-title"">【易错点】</div>
<div>避免把相邻概念按字面相似性混用。</div>
<div class=""section-title"">【题干信号】</div>
<div>定义识别、场景判断、角色/流程边界。</div>
<div class=""section-title"">【关联专题】</div>
<div>T-CASE-001 下午案例题通用审题与答题方法</div>
<div class=""section-title"">【来源】</div>
<div>SRC-T-CASE-001-0002：下午案例题通用审题与答题方法 &gt; 先看这个专题的主线；先看这个专题的主线 下午案例题和上午选择题的思维模式完全不同。选择题考查的是&quot;识别判断&quot;——看到关键词、套公式或概念、选出正确答案。</div>
</div>",公式卡,B,3,上午选择,案例分析专题,T-CASE-001,下午案例题通用审题与答题方法,SRC-T-CASE-001-0002,topic_learning_packages/topics/14_案例分析专题/T-CASE-001_专题学习包_下午案例题通用审题与答题方法.md,下午案例题通用审题与答题方法 > 先看这个专题的主线,"先看这个专题的主线 下午案例题和上午选择题的思维模式完全不同。选择题考查的是""识别判断""——看到关键词、套公式或概念、选出正确答案。",,,,,,,,,,sha256:905d0d3b9db11e63e20d70f7,ruankao ruankao::anki_build::20260520_223914 ruankao::difficulty::3 ruankao::domain::案例分析专题 ruankao::exam_use::上午选择 ruankao::importance::B ruankao::source_grounded ruankao::topic ruankao::topic::T-CASE-001 ruankao::type::公式卡,100,final,通过内容、来源和工程门禁
软考::系统集成项目管理工程师::专题学习::14_案例分析专题::T-CASE-001_下午案例题通用审题与答题方法,RuankaoTopicCard,题干出现哪些信号时，应想到第一步？,"<div class=""answer-block"">
<div class=""section-title"">【答案】</div>
<div>第一步：事实层——快速审题与标注 拿到案例题后，不要马上开始写答案。先用 2-3 分钟快速从头到尾读一遍题干，在阅读中标注四类关键信息。</div>
</div>","<div class=""extra"">
<div class=""section-title"">【理解】</div>
<div>第一步：事实层——快速审题与标注 拿到案例题后，不要马上开始写答案。先用 2-3 分钟快速从头到尾读一遍题干，在阅读中标注四类关键信息。。这张卡来自源材料中的具体段落，用于把讲义内容改写为可回忆判断。</div>
<div class=""section-title"">【记忆线索】</div>
<div>抓住题干中的对象、动作和输出，不背整段讲义。</div>
<div class=""section-title"">【易错点】</div>
<div>避免把相邻概念按字面相似性混用。</div>
<div class=""section-title"">【题干信号】</div>
<div>定义识别、场景判断、角色/流程边界。</div>
<div class=""section-title"">【关联专题】</div>
<div>T-CASE-001 下午案例题通用审题与答题方法</div>
<div class=""section-title"">【来源】</div>
<div>SRC-T-CASE-001-0003：下午案例题通用审题与答题方法 &gt; 第一步：事实层——快速审题与标注；第一步：事实层——快速审题与标注 拿到案例题后，不要马上开始写答案。先用 2-3 分钟快速从头到尾读一遍题干，在阅读中标注四类关键信息。</div>
</div>",关键词识别卡,B,3,上午选择,案例分析专题,T-CASE-001,下午案例题通用审题与答题方法,SRC-T-CASE-001-0003,topic_learning_packages/topics/14_案例分析专题/T-CASE-001_专题学习包_下午案例题通用审题与答题方法.md,下午案例题通用审题与答题方法 > 第一步：事实层——快速审题与标注,第一步：事实层——快速审题与标注 拿到案例题后，不要马上开始写答案。先用 2-3 分钟快速从头到尾读一遍题干，在阅读中标注四类关键信息。,,,,,,,,,,sha256:ed84f35bce4bc91269e7a8dd,ruankao ruankao::anki_build::20260520_223914 ruankao::difficulty::3 ruankao::domain::案例分析专题 ruankao::exam_use::上午选择 ruankao::importance::B ruankao::source_grounded ruankao::topic ruankao::topic::T-CASE-001 ruankao::type::关键词识别卡,100,final,通过内容、来源和工程门禁
软考::系统集成项目管理工程师::专题学习::14_案例分析专题::T-CASE-001_下午案例题通用审题与答题方法,RuankaoTopicCard,标注 1类案例应从哪些角度分析？,"<div class=""answer-block"">
<div class=""section-title"">【答案】</div>
<div>标注 1：关键角色和部门 案例题中出现的每个角色/部门都是潜在的问题来源： - 项目经理做了什么（或没做什么）→ 判断项目经理是否履职到位 - 客户/甲方做了什么 → 判断干系人行为是否合规 - 开发团队/测试团队做了什么 → 判断执行层面问题 - 领导/发起人/CCB 做了什么 → 判断治理层面问题 - 供应商/分包商做了什么 → 判断采购和合同问题</div>
</div>","<div class=""extra"">
<div class=""section-title"">【理解】</div>
<div>标注 1：关键角色和部门 案例题中出现的每个角色/部门都是潜在的问题来源： - 项目经理做了什么（或没做什么）→ 判断项目经理是否履职到位 - 客户/甲方做了什么 → 判断干系人行为是否合规 - 开发团队/测试团队做了什么 → 判断执行层面问题 - 领导/发起人/CCB 做了什么 → 判断治理层面问题 - 供应商/分包商做了什么 → 判断采购和合同问题。这张卡来自源材料中的具体段落，用于把讲义内容改写为可回忆判断。</div>
<div class=""section-title"">【记忆线索】</div>
<div>抓住题干中的对象、动作和输出，不背整段讲义。</div>
<div class=""section-title"">【易错点】</div>
<div>避免把相邻概念按字面相似性混用。</div>
<div class=""section-title"">【题干信号】</div>
<div>测试、问题、合同、干系人</div>
<div class=""section-title"">【关联专题】</div>
<div>T-CASE-001 下午案例题通用审题与答题方法</div>
<div class=""section-title"">【来源】</div>
<div>SRC-T-CASE-001-0004：下午案例题通用审题与答题方法 &gt; 第一步：事实层——快速审题与标注 &gt; 标注 1：关键角色和部门；标注 1：关键角色和部门 案例题中出现的每个角色/部门都是潜在的问题来源： - 项目经理做了什么（或没做什么）→ 判断项目经理是否履职到位 - 客户/甲方做了什么 → 判断干系人行为是否合规 - 开发团队/测试团队做了什么 → 判断执行层面问题 - 领导/发起人/CCB 做了什么 → 判断治理层面问题 - 供应商/分包</div>
</div>",案例模板卡,B,3,下午案例,案例分析专题,T-CASE-001,下午案例题通用审题与答题方法,SRC-T-CASE-001-0004,topic_learning_packages/topics/14_案例分析专题/T-CASE-001_专题学习包_下午案例题通用审题与答题方法.md,下午案例题通用审题与答题方法 > 第一步：事实层——快速审题与标注 > 标注 1：关键角色和部门,标注 1：关键角色和部门 案例题中出现的每个角色/部门都是潜在的问题来源： - 项目经理做了什么（或没做什么）→ 判断项目经理是否履职到位 - 客户/甲方做了什么 → 判断干系人行为是否合规 - 开发团队/测试团队做了什么 → 判断执行层面问题 - 领导/发起人/CCB 做了什么 → 判断治理层面问题 - 供应商/分包商做了什么 → 判断采购和合同问题,,,,,,,,,,sha256:7a0b3f6a6a6510fd15acd6f3,ruankao ruankao::anki_build::20260520_223914 ruankao::difficulty::3 ruankao::domain::案例分析专题 ruankao::exam_use::下午案例 ruankao::importance::B ruankao::source_grounded ruankao::topic ruankao::topic::T-CASE-001 ruankao::type::案例模板卡,100,final,通过内容、来源和工程门禁
软考::系统集成项目管理工程师::专题学习::14_案例分析专题::T-CASE-001_下午案例题通用审题与答题方法,RuankaoTopicCard,标注 2类案例应从哪些角度分析？,"<div class=""answer-block"">
<div class=""section-title"">【答案】</div>
<div>标注 2：时间节点和里程碑偏差 任何提到时间的地方都要标注：&quot;计划 X 月完成，实际只完成了 Y%&quot;、&quot;延迟了&quot;、&quot;提前了&quot;、&quot;赶不上&quot;。这些直接指向进度管理问题。</div>
</div>","<div class=""extra"">
<div class=""section-title"">【理解】</div>
<div>标注 2：时间节点和里程碑偏差 任何提到时间的地方都要标注：&quot;计划 X 月完成，实际只完成了 Y%&quot;、&quot;延迟了&quot;、&quot;提前了&quot;、&quot;赶不上&quot;。这些直接指向进度管理问题。。这张卡来自源材料中的具体段落，用于把讲义内容改写为可回忆判断。</div>
<div class=""section-title"">【记忆线索】</div>
<div>抓住题干中的对象、动作和输出，不背整段讲义。</div>
<div class=""section-title"">【易错点】</div>
<div>避免把相邻概念按字面相似性混用。</div>
<div class=""section-title"">【题干信号】</div>
<div>问题</div>
<div class=""section-title"">【关联专题】</div>
<div>T-CASE-001 下午案例题通用审题与答题方法</div>
<div class=""section-title"">【来源】</div>
<div>SRC-T-CASE-001-0005：下午案例题通用审题与答题方法 &gt; 第一步：事实层——快速审题与标注 &gt; 标注 2：时间节点和里程碑偏差；标注 2：时间节点和里程碑偏差 任何提到时间的地方都要标注：&quot;计划 X 月完成，实际只完成了 Y%&quot;、&quot;延迟了&quot;、&quot;提前了&quot;、&quot;赶不上&quot;。这些直接指向进度管理问题。</div>
</div>",案例模板卡,B,3,下午案例,案例分析专题,T-CASE-001,下午案例题通用审题与答题方法,SRC-T-CASE-001-0005,topic_learning_packages/topics/14_案例分析专题/T-CASE-001_专题学习包_下午案例题通用审题与答题方法.md,下午案例题通用审题与答题方法 > 第一步：事实层——快速审题与标注 > 标注 2：时间节点和里程碑偏差,"标注 2：时间节点和里程碑偏差 任何提到时间的地方都要标注：""计划 X 月完成，实际只完成了 Y%""、""延迟了""、""提前了""、""赶不上""。这些直接指向进度管理问题。",,,,,,,,,,sha256:1629e160778fd9f74cfba599,ruankao ruankao::anki_build::20260520_223914 ruankao::difficulty::3 ruankao::domain::案例分析专题 ruankao::exam_use::下午案例 ruankao::importance::B ruankao::source_grounded ruankao::topic ruankao::topic::T-CASE-001 ruankao::type::案例模板卡,100,final,通过内容、来源和工程门禁
软考::系统集成项目管理工程师::专题学习::14_案例分析专题::T-CASE-001_下午案例题通用审题与答题方法,RuankaoTopicCard,标注 3类案例应从哪些角度分析？,"<div class=""answer-block"">
<div class=""section-title"">【答案】</div>
<div>标注 3：数字异常 成本数据（超支了多少）、预算数据（追加了多少）、质量数据（多少缺陷、多少返工），这些数字是后续挣值分析或影响判断的直接输入。</div>
</div>","<div class=""extra"">
<div class=""section-title"">【理解】</div>
<div>标注 3：数字异常 成本数据（超支了多少）、预算数据（追加了多少）、质量数据（多少缺陷、多少返工），这些数字是后续挣值分析或影响判断的直接输入。。这张卡来自源材料中的具体段落，用于把讲义内容改写为可回忆判断。</div>
<div class=""section-title"">【记忆线索】</div>
<div>抓住题干中的对象、动作和输出，不背整段讲义。</div>
<div class=""section-title"">【易错点】</div>
<div>避免把相邻概念按字面相似性混用。</div>
<div class=""section-title"">【题干信号】</div>
<div>定义识别、场景判断、角色/流程边界。</div>
<div class=""section-title"">【关联专题】</div>
<div>T-CASE-001 下午案例题通用审题与答题方法</div>
<div class=""section-title"">【来源】</div>
<div>SRC-T-CASE-001-0006：下午案例题通用审题与答题方法 &gt; 第一步：事实层——快速审题与标注 &gt; 标注 3：数字异常；标注 3：数字异常 成本数据（超支了多少）、预算数据（追加了多少）、质量数据（多少缺陷、多少返工），这些数字是后续挣值分析或影响判断的直接输入。</div>
</div>",案例模板卡,B,3,下午案例,案例分析专题,T-CASE-001,下午案例题通用审题与答题方法,SRC-T-CASE-001-0006,topic_learning_packages/topics/14_案例分析专题/T-CASE-001_专题学习包_下午案例题通用审题与答题方法.md,下午案例题通用审题与答题方法 > 第一步：事实层——快速审题与标注 > 标注 3：数字异常,标注 3：数字异常 成本数据（超支了多少）、预算数据（追加了多少）、质量数据（多少缺陷、多少返工），这些数字是后续挣值分析或影响判断的直接输入。,,,,,,,,,,sha256:28403b0bc727509298dfce5a,ruankao ruankao::anki_build::20260520_223914 ruankao::difficulty::3 ruankao::domain::案例分析专题 ruankao::exam_use::下午案例 ruankao::importance::B ruankao::source_grounded ruankao::topic ruankao::topic::T-CASE-001 ruankao::type::案例模板卡,100,final,通过内容、来源和工程门禁
软考::系统集成项目管理工程师::专题学习::14_案例分析专题::T-CASE-001_下午案例题通用审题与答题方法,RuankaoTopicCard,第三步类案例应从哪些角度分析？,"<div class=""answer-block"">
<div class=""section-title"">【答案】</div>
<div>第三步：答题层——四类问题的答题格式 案例题通常有 3-4 个子问题，每个子问题的答题类型不同。需要先判断问的是什么类型，再采用对应的格式。</div>
</div>","<div class=""extra"">
<div class=""section-title"">【理解】</div>
<div>第三步：答题层——四类问题的答题格式 案例题通常有 3-4 个子问题，每个子问题的答题类型不同。需要先判断问的是什么类型，再采用对应的格式。。这张卡来自源材料中的具体段落，用于把讲义内容改写为可回忆判断。</div>
<div class=""section-title"">【记忆线索】</div>
<div>抓住题干中的对象、动作和输出，不背整段讲义。</div>
<div class=""section-title"">【易错点】</div>
<div>避免把相邻概念按字面相似性混用。</div>
<div class=""section-title"">【题干信号】</div>
<div>问题</div>
<div class=""section-title"">【关联专题】</div>
<div>T-CASE-001 下午案例题通用审题与答题方法</div>
<div class=""section-title"">【来源】</div>
<div>SRC-T-CASE-001-0009：下午案例题通用审题与答题方法 &gt; 第三步：答题层——四类问题的答题格式；第三步：答题层——四类问题的答题格式 案例题通常有 3-4 个子问题，每个子问题的答题类型不同。需要先判断问的是什么类型，再采用对应的格式。</div>
</div>",案例模板卡,B,3,下午案例,案例分析专题,T-CASE-001,下午案例题通用审题与答题方法,SRC-T-CASE-001-0009,topic_learning_packages/topics/14_案例分析专题/T-CASE-001_专题学习包_下午案例题通用审题与答题方法.md,下午案例题通用审题与答题方法 > 第三步：答题层——四类问题的答题格式,第三步：答题层——四类问题的答题格式 案例题通常有 3-4 个子问题，每个子问题的答题类型不同。需要先判断问的是什么类型，再采用对应的格式。,,,,,,,,,,sha256:0b0f3c070dc84e464deb2897,ruankao ruankao::anki_build::20260520_223914 ruankao::difficulty::3 ruankao::domain::案例分析专题 ruankao::exam_use::下午案例 ruankao::importance::B ruankao::source_grounded ruankao::topic ruankao::topic::T-CASE-001 ruankao::type::案例模板卡,100,final,通过内容、来源和工程门禁
软考::系统集成项目管理工程师::专题学习::14_案例分析专题::T-CASE-001_下午案例题通用审题与答题方法,RuankaoTopicCard,类型 A类案例应从哪些角度分析？,"<div class=""answer-block"">
<div class=""section-title"">【答案】</div>
<div>类型 A：找问题/识别错误 典型问法：&quot;请指出该项目管理中存在的问题。&quot; 答题要诀：逐条列出，按知识域分组，用&quot;缺失/没有/不足/未&quot;开头。</div>
</div>","<div class=""extra"">
<div class=""section-title"">【理解】</div>
<div>类型 A：找问题/识别错误 典型问法：&quot;请指出该项目管理中存在的问题。&quot; 答题要诀：逐条列出，按知识域分组，用&quot;缺失/没有/不足/未&quot;开头。。这张卡来自源材料中的具体段落，用于把讲义内容改写为可回忆判断。</div>
<div class=""section-title"">【记忆线索】</div>
<div>抓住题干中的对象、动作和输出，不背整段讲义。</div>
<div class=""section-title"">【易错点】</div>
<div>避免把相邻概念按字面相似性混用。</div>
<div class=""section-title"">【题干信号】</div>
<div>问题</div>
<div class=""section-title"">【关联专题】</div>
<div>T-CASE-001 下午案例题通用审题与答题方法</div>
<div class=""section-title"">【来源】</div>
<div>SRC-T-CASE-001-0010：下午案例题通用审题与答题方法 &gt; 第三步：答题层——四类问题的答题格式 &gt; 类型 A：找问题/识别错误；类型 A：找问题/识别错误 典型问法：&quot;请指出该项目管理中存在的问题。&quot; 答题要诀：逐条列出，按知识域分组，用&quot;缺失/没有/不足/未&quot;开头。</div>
</div>",案例模板卡,B,3,下午案例,案例分析专题,T-CASE-001,下午案例题通用审题与答题方法,SRC-T-CASE-001-0010,topic_learning_packages/topics/14_案例分析专题/T-CASE-001_专题学习包_下午案例题通用审题与答题方法.md,下午案例题通用审题与答题方法 > 第三步：答题层——四类问题的答题格式 > 类型 A：找问题/识别错误,"类型 A：找问题/识别错误 典型问法：""请指出该项目管理中存在的问题。"" 答题要诀：逐条列出，按知识域分组，用""缺失/没有/不足/未""开头。",,,,,,,,,,sha256:ff2f1c1e2ad45e7bcaad4079,ruankao ruankao::anki_build::20260520_223914 ruankao::difficulty::3 ruankao::domain::案例分析专题 ruankao::exam_use::下午案例 ruankao::importance::B ruankao::source_grounded ruankao::topic ruankao::topic::T-CASE-001 ruankao::type::案例模板卡,100,final,通过内容、来源和工程门禁
软考::系统集成项目管理工程师::专题学习::14_案例分析专题::T-CASE-001_下午案例题通用审题与答题方法,RuankaoTopicCard,类型 B类案例应从哪些角度分析？,"<div class=""answer-block"">
<div class=""section-title"">【答案】</div>
<div>类型 B：分析原因 典型问法：&quot;请分析造成 X 问题的原因。&quot; 答题要诀：按因果链展开——先写直接原因，再写深层原因。</div>
</div>","<div class=""extra"">
<div class=""section-title"">【理解】</div>
<div>类型 B：分析原因 典型问法：&quot;请分析造成 X 问题的原因。&quot; 答题要诀：按因果链展开——先写直接原因，再写深层原因。。这张卡来自源材料中的具体段落，用于把讲义内容改写为可回忆判断。</div>
<div class=""section-title"">【记忆线索】</div>
<div>抓住题干中的对象、动作和输出，不背整段讲义。</div>
<div class=""section-title"">【易错点】</div>
<div>避免把相邻概念按字面相似性混用。</div>
<div class=""section-title"">【题干信号】</div>
<div>问题</div>
<div class=""section-title"">【关联专题】</div>
<div>T-CASE-001 下午案例题通用审题与答题方法</div>
<div class=""section-title"">【来源】</div>
<div>SRC-T-CASE-001-0011：下午案例题通用审题与答题方法 &gt; 第三步：答题层——四类问题的答题格式 &gt; 类型 B：分析原因；类型 B：分析原因 典型问法：&quot;请分析造成 X 问题的原因。&quot; 答题要诀：按因果链展开——先写直接原因，再写深层原因。</div>
</div>",案例模板卡,B,3,下午案例,案例分析专题,T-CASE-001,下午案例题通用审题与答题方法,SRC-T-CASE-001-0011,topic_learning_packages/topics/14_案例分析专题/T-CASE-001_专题学习包_下午案例题通用审题与答题方法.md,下午案例题通用审题与答题方法 > 第三步：答题层——四类问题的答题格式 > 类型 B：分析原因,"类型 B：分析原因 典型问法：""请分析造成 X 问题的原因。"" 答题要诀：按因果链展开——先写直接原因，再写深层原因。",,,,,,,,,,sha256:923912f14ddcf64a7e01a04b,ruankao ruankao::anki_build::20260520_223914 ruankao::difficulty::3 ruankao::domain::案例分析专题 ruankao::exam_use::下午案例 ruankao::importance::B ruankao::source_grounded ruankao::topic ruankao::topic::T-CASE-001 ruankao::type::案例模板卡,100,final,通过内容、来源和工程门禁
软考::系统集成项目管理工程师::专题学习::14_案例分析专题::T-CASE-001_下午案例题通用审题与答题方法,RuankaoTopicCard,类型 C类案例应从哪些角度分析？,"<div class=""answer-block"">
<div class=""section-title"">【答案】</div>
<div>类型 C：提出措施/改进建议 典型问法：&quot;请提出改进措施&quot;或&quot;项目经理应该怎么做。&quot; 答题要诀：措施必须和前面分析的问题/原因一一对应。</div>
</div>","<div class=""extra"">
<div class=""section-title"">【理解】</div>
<div>类型 C：提出措施/改进建议 典型问法：&quot;请提出改进措施&quot;或&quot;项目经理应该怎么做。&quot; 答题要诀：措施必须和前面分析的问题/原因一一对应。。这张卡来自源材料中的具体段落，用于把讲义内容改写为可回忆判断。</div>
<div class=""section-title"">【记忆线索】</div>
<div>抓住题干中的对象、动作和输出，不背整段讲义。</div>
<div class=""section-title"">【易错点】</div>
<div>避免把相邻概念按字面相似性混用。</div>
<div class=""section-title"">【题干信号】</div>
<div>问题</div>
<div class=""section-title"">【关联专题】</div>
<div>T-CASE-001 下午案例题通用审题与答题方法</div>
<div class=""section-title"">【来源】</div>
<div>SRC-T-CASE-001-0012：下午案例题通用审题与答题方法 &gt; 第三步：答题层——四类问题的答题格式 &gt; 类型 C：提出措施/改进建议；类型 C：提出措施/改进建议 典型问法：&quot;请提出改进措施&quot;或&quot;项目经理应该怎么做。&quot; 答题要诀：措施必须和前面分析的问题/原因一一对应。</div>
</div>",案例模板卡,B,3,下午案例,案例分析专题,T-CASE-001,下午案例题通用审题与答题方法,SRC-T-CASE-001-0012,topic_learning_packages/topics/14_案例分析专题/T-CASE-001_专题学习包_下午案例题通用审题与答题方法.md,下午案例题通用审题与答题方法 > 第三步：答题层——四类问题的答题格式 > 类型 C：提出措施/改进建议,"类型 C：提出措施/改进建议 典型问法：""请提出改进措施""或""项目经理应该怎么做。"" 答题要诀：措施必须和前面分析的问题/原因一一对应。",,,,,,,,,,sha256:b3c5e60c5dfcd0109d362fa4,ruankao ruankao::anki_build::20260520_223914 ruankao::difficulty::3 ruankao::domain::案例分析专题 ruankao::exam_use::下午案例 ruankao::importance::B ruankao::source_grounded ruankao::topic ruankao::topic::T-CASE-001 ruankao::type::案例模板卡,100,final,通过内容、来源和工程门禁
软考::系统集成项目管理工程师::专题学习::14_案例分析专题::T-CASE-001_下午案例题通用审题与答题方法,RuankaoTopicCard,时间分配类案例应从哪些角度分析？,"<div class=""answer-block"">
<div class=""section-title"">【答案】</div>
<div>时间分配 下午案例题通常 90 分钟，约 3-4 道大题，每道题约 20-25 分钟： - 审题标注：2-3 分钟 - 读问题：1 分钟 - 每问作答：5-8 分钟 - 检查补充：2 分钟</div>
</div>","<div class=""extra"">
<div class=""section-title"">【理解】</div>
<div>时间分配 下午案例题通常 90 分钟，约 3-4 道大题，每道题约 20-25 分钟： - 审题标注：2-3 分钟 - 读问题：1 分钟 - 每问作答：5-8 分钟 - 检查补充：2 分钟。这张卡来自源材料中的具体段落，用于把讲义内容改写为可回忆判断。</div>
<div class=""section-title"">【记忆线索】</div>
<div>抓住题干中的对象、动作和输出，不背整段讲义。</div>
<div class=""section-title"">【易错点】</div>
<div>避免把相邻概念按字面相似性混用。</div>
<div class=""section-title"">【题干信号】</div>
<div>问题</div>
<div class=""section-title"">【关联专题】</div>
<div>T-CASE-001 下午案例题通用审题与答题方法</div>
<div class=""section-title"">【来源】</div>
<div>SRC-T-CASE-001-0013：下午案例题通用审题与答题方法 &gt; 第三步（续）：答题格式与时间分配 &gt; 时间分配；时间分配 下午案例题通常 90 分钟，约 3-4 道大题，每道题约 20-25 分钟： - 审题标注：2-3 分钟 - 读问题：1 分钟 - 每问作答：5-8 分钟 - 检查补充：2 分钟</div>
</div>",案例模板卡,B,3,下午案例,案例分析专题,T-CASE-001,下午案例题通用审题与答题方法,SRC-T-CASE-001-0013,topic_learning_packages/topics/14_案例分析专题/T-CASE-001_专题学习包_下午案例题通用审题与答题方法.md,下午案例题通用审题与答题方法 > 第三步（续）：答题格式与时间分配 > 时间分配,时间分配 下午案例题通常 90 分钟，约 3-4 道大题，每道题约 20-25 分钟： - 审题标注：2-3 分钟 - 读问题：1 分钟 - 每问作答：5-8 分钟 - 检查补充：2 分钟,,,,,,,,,,sha256:f6e954c7f7c3dde6b3ca9271,ruankao ruankao::anki_build::20260520_223914 ruankao::difficulty::3 ruankao::domain::案例分析专题 ruankao::exam_use::下午案例 ruankao::importance::B ruankao::source_grounded ruankao::topic ruankao::topic::T-CASE-001 ruankao::type::案例模板卡,100,final,通过内容、来源和工程门禁
软考::系统集成项目管理工程师::专题学习::14_案例分析专题::T-CASE-001_下午案例题通用审题与答题方法,RuankaoTopicCard,字数控制类案例应从哪些角度分析？,"<div class=""answer-block"">
<div class=""section-title"">【答案】</div>
<div>字数控制 每个&quot;问题点&quot;或&quot;措施点&quot;用 1-3 句话，不超过 4 行。不要求写长文，要求每个点都&quot;有信息&quot;。</div>
</div>","<div class=""extra"">
<div class=""section-title"">【理解】</div>
<div>字数控制 每个&quot;问题点&quot;或&quot;措施点&quot;用 1-3 句话，不超过 4 行。不要求写长文，要求每个点都&quot;有信息&quot;。。这张卡来自源材料中的具体段落，用于把讲义内容改写为可回忆判断。</div>
<div class=""section-title"">【记忆线索】</div>
<div>抓住题干中的对象、动作和输出，不背整段讲义。</div>
<div class=""section-title"">【易错点】</div>
<div>避免把相邻概念按字面相似性混用。</div>
<div class=""section-title"">【题干信号】</div>
<div>问题</div>
<div class=""section-title"">【关联专题】</div>
<div>T-CASE-001 下午案例题通用审题与答题方法</div>
<div class=""section-title"">【来源】</div>
<div>SRC-T-CASE-001-0014：下午案例题通用审题与答题方法 &gt; 第三步（续）：答题格式与时间分配 &gt; 字数控制；字数控制 每个&quot;问题点&quot;或&quot;措施点&quot;用 1-3 句话，不超过 4 行。不要求写长文，要求每个点都&quot;有信息&quot;。</div>
</div>",案例模板卡,B,3,下午案例,案例分析专题,T-CASE-001,下午案例题通用审题与答题方法,SRC-T-CASE-001-0014,topic_learning_packages/topics/14_案例分析专题/T-CASE-001_专题学习包_下午案例题通用审题与答题方法.md,下午案例题通用审题与答题方法 > 第三步（续）：答题格式与时间分配 > 字数控制,"字数控制 每个""问题点""或""措施点""用 1-3 句话，不超过 4 行。不要求写长文，要求每个点都""有信息""。",,,,,,,,,,sha256:676878f633b7b42a94ee514e,ruankao ruankao::anki_build::20260520_223914 ruankao::difficulty::3 ruankao::domain::案例分析专题 ruankao::exam_use::下午案例 ruankao::importance::B ruankao::source_grounded ruankao::topic ruankao::topic::T-CASE-001 ruankao::type::案例模板卡,100,final,通过内容、来源和工程门禁
软考::系统集成项目管理工程师::专题学习::14_案例分析专题::T-CASE-002_进度延误与成本超支案例专项模板,RuankaoTopicCard,进度延误与成本超支案例专项模板类案例应从哪些角度分析？,"<div class=""answer-block"">
<div class=""section-title"">【答案】</div>
<div>T-CASE-002｜进度延误与成本超支案例专项模板 本专题与 T-CASE-001（通用案例方法）配合使用。提供进度延误和成本超支两类高频案例的专项诊断模板，解决&quot;知道该写什么框架，但具体到进度/成本案例时不知道从哪些角度展开&quot;的问题。</div>
</div>","<div class=""extra"">
<div class=""section-title"">【理解】</div>
<div>T-CASE-002｜进度延误与成本超支案例专项模板 本专题与 T-CASE-001（通用案例方法）配合使用。提供进度延误和成本超支两类高频案例的专项诊断模板，解决&quot;知道该写什么框架，但具体到进度/成本案例时不知道从哪些角度展开&quot;的问题。。这张卡来自源材料中的具体段落，用于把讲义内容改写为可回忆判断。</div>
<div class=""section-title"">【记忆线索】</div>
<div>抓住题干中的对象、动作和输出，不背整段讲义。</div>
<div class=""section-title"">【易错点】</div>
<div>避免把相邻概念按字面相似性混用。</div>
<div class=""section-title"">【题干信号】</div>
<div>问题</div>
<div class=""section-title"">【关联专题】</div>
<div>T-CASE-002 进度延误与成本超支案例专项模板</div>
<div class=""section-title"">【来源】</div>
<div>SRC-T-CASE-002-0001：进度延误与成本超支案例专项模板；T-CASE-002｜进度延误与成本超支案例专项模板 本专题与 T-CASE-001（通用案例方法）配合使用。提供进度延误和成本超支两类高频案例的专项诊断模板，解决&quot;知道该写什么框架，但具体到进度/成本案例时不知道从哪些角度展开&quot;的问题。</div>
</div>",案例模板卡,B,3,下午案例,案例分析专题,T-CASE-002,进度延误与成本超支案例专项模板,SRC-T-CASE-002-0001,topic_learning_packages/topics/14_案例分析专题/T-CASE-002_专题学习包_进度延误与成本超支案例专项模板.md,进度延误与成本超支案例专项模板,"T-CASE-002｜进度延误与成本超支案例专项模板 本专题与 T-CASE-001（通用案例方法）配合使用。提供进度延误和成本超支两类高频案例的专项诊断模板，解决""知道该写什么框架，但具体到进度/成本案例时不知道从哪些角度展开""的问题。",,,,,,,,,,sha256:0271005660b09b2690fdaacc,ruankao ruankao::anki_build::20260520_223914 ruankao::difficulty::3 ruankao::domain::案例分析专题 ruankao::exam_use::下午案例 ruankao::importance::B ruankao::source_grounded ruankao::topic ruankao::topic::T-CASE-002 ruankao::type::案例模板卡,100,final,通过内容、来源和工程门禁
软考::系统集成项目管理工程师::专题学习::14_案例分析专题::T-CASE-002_进度延误与成本超支案例专项模板,RuankaoTopicCard,措施模板相关公式或计算判断规则是什么？,"<div class=""answer-block"">
<div class=""section-title"">【答案】</div>
<div>措施模板 问法 回答框架 关键词 --------- 如何追赶进度 识别关键路径→赶工/快速跟进→评估对成本质量的影响→更新计划 关键路径、成本斜率、返工风险 如何防止再延误 三点估算替代单点估算→建立偏差预警→周期性进度审查 PERT、预警阈值、控制 团队效率不足 培训/技术支援→调整任务分配→考虑人员替换或增援 技能匹配、沟通成本 ---</div>
</div>","<div class=""extra"">
<div class=""section-title"">【理解】</div>
<div>措施模板 问法 回答框架 关键词 --------- 如何追赶进度 识别关键路径→赶工/快速跟进→评估对成本质量的影响→更新计划 关键路径、成本斜率、返工风险 如何防止再延误 三点估算替代单点估算→建立偏差预警→周期性进度审查 PERT、预警阈值、控制 团队效率不足 培训/技术支援→调整任务分配→考虑人员替换或增援 技能匹配、沟通成本 ---。这张卡来自源材料中的具体段落，用于把讲义内容改写为可回忆判断。</div>
<div class=""section-title"">【记忆线索】</div>
<div>先写公式，再代入数字，最后写文字判断。</div>
<div class=""section-title"">【易错点】</div>
<div>避免把相邻概念按字面相似性混用。</div>
<div class=""section-title"">【题干信号】</div>
<div>风险、评估、沟通</div>
<div class=""section-title"">【关联专题】</div>
<div>T-CASE-002 进度延误与成本超支案例专项模板</div>
<div class=""section-title"">【来源】</div>
<div>SRC-T-CASE-002-0002：进度延误与成本超支案例专项模板 &gt; 进度延误案例模板 &gt; 措施模板；措施模板 问法 回答框架 关键词 --------- 如何追赶进度 识别关键路径→赶工/快速跟进→评估对成本质量的影响→更新计划 关键路径、成本斜率、返工风险 如何防止再延误 三点估算替代单点估算→建立偏差预警→周期性进度审查 PERT、预警阈值、控制 团队效率不足 培训/技术支援→调整任务分配→考虑人员替换或增援 技</div>
</div>",公式卡,B,3,上午选择,案例分析专题,T-CASE-002,进度延误与成本超支案例专项模板,SRC-T-CASE-002-0002,topic_learning_packages/topics/14_案例分析专题/T-CASE-002_专题学习包_进度延误与成本超支案例专项模板.md,进度延误与成本超支案例专项模板 > 进度延误案例模板 > 措施模板,措施模板 问法 回答框架 关键词 --------- 如何追赶进度 识别关键路径→赶工/快速跟进→评估对成本质量的影响→更新计划 关键路径、成本斜率、返工风险 如何防止再延误 三点估算替代单点估算→建立偏差预警→周期性进度审查 PERT、预警阈值、控制 团队效率不足 培训/技术支援→调整任务分配→考虑人员替换或增援 技能匹配、沟通成本 ---,,,,,,,,,,sha256:e92dee189cb9e15341b52beb,ruankao ruankao::anki_build::20260520_223914 ruankao::difficulty::3 ruankao::domain::案例分析专题 ruankao::exam_use::上午选择 ruankao::importance::B ruankao::source_grounded ruankao::topic ruankao::topic::T-CASE-002 ruankao::type::公式卡,100,final,通过内容、来源和工程门禁
软考::系统集成项目管理工程师::专题学习::14_案例分析专题::T-CASE-002_进度延误与成本超支案例专项模板,RuankaoTopicCard,措施模板相关公式或计算判断规则是什么？,"<div class=""answer-block"">
<div class=""section-title"">【答案】</div>
<div>措施模板 问法 回答框架 ------ 控制成本 立即停止范围蔓延→严格变更控制→分析CV/CPI根因→针对性控制 预测最终成本 计算EAC（典型/非典型）→沟通干系人→如超预算需走变更 防止再超支 改进估算方法→设偏差阈值→周期性挣值分析→加强范围控制 ---</div>
</div>","<div class=""extra"">
<div class=""section-title"">【理解】</div>
<div>措施模板 问法 回答框架 ------ 控制成本 立即停止范围蔓延→严格变更控制→分析CV/CPI根因→针对性控制 预测最终成本 计算EAC（典型/非典型）→沟通干系人→如超预算需走变更 防止再超支 改进估算方法→设偏差阈值→周期性挣值分析→加强范围控制 ---。这张卡来自源材料中的具体段落，用于把讲义内容改写为可回忆判断。</div>
<div class=""section-title"">【记忆线索】</div>
<div>先写公式，再代入数字，最后写文字判断。</div>
<div class=""section-title"">【易错点】</div>
<div>避免把相邻概念按字面相似性混用。</div>
<div class=""section-title"">【题干信号】</div>
<div>变更、CPI、沟通、干系人</div>
<div class=""section-title"">【关联专题】</div>
<div>T-CASE-002 进度延误与成本超支案例专项模板</div>
<div class=""section-title"">【来源】</div>
<div>SRC-T-CASE-002-0003：进度延误与成本超支案例专项模板 &gt; 成本超支案例模板 &gt; 措施模板；措施模板 问法 回答框架 ------ 控制成本 立即停止范围蔓延→严格变更控制→分析CV/CPI根因→针对性控制 预测最终成本 计算EAC（典型/非典型）→沟通干系人→如超预算需走变更 防止再超支 改进估算方法→设偏差阈值→周期性挣值分析→加强范围控制 ---</div>
</div>",公式卡,B,3,上午选择,案例分析专题,T-CASE-002,进度延误与成本超支案例专项模板,SRC-T-CASE-002-0003,topic_learning_packages/topics/14_案例分析专题/T-CASE-002_专题学习包_进度延误与成本超支案例专项模板.md,进度延误与成本超支案例专项模板 > 成本超支案例模板 > 措施模板,措施模板 问法 回答框架 ------ 控制成本 立即停止范围蔓延→严格变更控制→分析CV/CPI根因→针对性控制 预测最终成本 计算EAC（典型/非典型）→沟通干系人→如超预算需走变更 防止再超支 改进估算方法→设偏差阈值→周期性挣值分析→加强范围控制 ---,,,,,,,,,,sha256:0e482dedef8b8e8a2e65429c,ruankao ruankao::anki_build::20260520_223914 ruankao::difficulty::3 ruankao::domain::案例分析专题 ruankao::exam_use::上午选择 ruankao::importance::B ruankao::source_grounded ruankao::topic ruankao::topic::T-CASE-002 ruankao::type::公式卡,100,final,通过内容、来源和工程门禁
软考::系统集成项目管理工程师::专题学习::14_案例分析专题::T-CASE-002_进度延误与成本超支案例专项模板,RuankaoTopicCard,典型题目训练类案例应从哪些角度分析？,"<div class=""answer-block"">
<div class=""section-title"">【答案】</div>
<div>典型题目训练 进度案例｜盲目赶工 某项目计划8个月完成。第5个月末只完成了原计划第3个月末的工作。</div>
</div>","<div class=""extra"">
<div class=""section-title"">【理解】</div>
<div>典型题目训练 进度案例｜盲目赶工 某项目计划8个月完成。第5个月末只完成了原计划第3个月末的工作。。这张卡来自源材料中的具体段落，用于把讲义内容改写为可回忆判断。</div>
<div class=""section-title"">【记忆线索】</div>
<div>抓住题干中的对象、动作和输出，不背整段讲义。</div>
<div class=""section-title"">【易错点】</div>
<div>避免把相邻概念按字面相似性混用。</div>
<div class=""section-title"">【题干信号】</div>
<div>定义识别、场景判断、角色/流程边界。</div>
<div class=""section-title"">【关联专题】</div>
<div>T-CASE-002 进度延误与成本超支案例专项模板</div>
<div class=""section-title"">【来源】</div>
<div>SRC-T-CASE-002-0004：进度延误与成本超支案例专项模板 &gt; 典型题目训练；典型题目训练 进度案例｜盲目赶工 某项目计划8个月完成。第5个月末只完成了原计划第3个月末的工作。</div>
</div>",案例模板卡,B,3,下午案例,案例分析专题,T-CASE-002,进度延误与成本超支案例专项模板,SRC-T-CASE-002-0004,topic_learning_packages/topics/14_案例分析专题/T-CASE-002_专题学习包_进度延误与成本超支案例专项模板.md,进度延误与成本超支案例专项模板 > 典型题目训练,典型题目训练 进度案例｜盲目赶工 某项目计划8个月完成。第5个月末只完成了原计划第3个月末的工作。,,,,,,,,,,sha256:ece9b5e095287eae527e80fd,ruankao ruankao::anki_build::20260520_223914 ruankao::difficulty::3 ruankao::domain::案例分析专题 ruankao::exam_use::下午案例 ruankao::importance::B ruankao::source_grounded ruankao::topic ruankao::topic::T-CASE-002 ruankao::type::案例模板卡,100,final,通过内容、来源和工程门禁
软考::系统集成项目管理工程师::专题学习::14_案例分析专题::T-CASE-002_进度延误与成本超支案例专项模板,RuankaoTopicCard,本轮真题覆盖增强相关公式或计算判断规则是什么？,"<div class=""answer-block"">
<div class=""section-title"">【答案】</div>
<div>本轮真题覆盖增强：进度成本案例数据化 本节把 questions.full.clean.md 与既有真题映射中的高频考法反查回本专题。2019 下午试题三、四分别给出进度拖期和 EVM 数据，是本专题的核心案例来源。</div>
</div>","<div class=""extra"">
<div class=""section-title"">【理解】</div>
<div>本轮真题覆盖增强：进度成本案例数据化 本节把 questions.full.clean.md 与既有真题映射中的高频考法反查回本专题。2019 下午试题三、四分别给出进度拖期和 EVM 数据，是本专题的核心案例来源。。这张卡来自源材料中的具体段落，用于把讲义内容改写为可回忆判断。</div>
<div class=""section-title"">【记忆线索】</div>
<div>先写公式，再代入数字，最后写文字判断。</div>
<div class=""section-title"">【易错点】</div>
<div>避免把相邻概念按字面相似性混用。</div>
<div class=""section-title"">【题干信号】</div>
<div>定义识别、场景判断、角色/流程边界。</div>
<div class=""section-title"">【关联专题】</div>
<div>T-CASE-002 进度延误与成本超支案例专项模板</div>
<div class=""section-title"">【来源】</div>
<div>SRC-T-CASE-002-0005：进度延误与成本超支案例专项模板 &gt; 本轮真题覆盖增强：进度成本案例数据化；本轮真题覆盖增强：进度成本案例数据化 本节把 questions.full.clean.md 与既有真题映射中的高频考法反查回本专题。2019 下午试题三、四分别给出进度拖期和 EVM 数据，是本专题的核心案例来源。</div>
</div>",公式卡,B,3,上午选择,案例分析专题,T-CASE-002,进度延误与成本超支案例专项模板,SRC-T-CASE-002-0005,topic_learning_packages/topics/14_案例分析专题/T-CASE-002_专题学习包_进度延误与成本超支案例专项模板.md,进度延误与成本超支案例专项模板 > 本轮真题覆盖增强：进度成本案例数据化,本轮真题覆盖增强：进度成本案例数据化 本节把 questions.full.clean.md 与既有真题映射中的高频考法反查回本专题。2019 下午试题三、四分别给出进度拖期和 EVM 数据，是本专题的核心案例来源。,,,,,,,,,,sha256:930613d649a0b329a8a0831e,ruankao ruankao::anki_build::20260520_223914 ruankao::difficulty::3 ruankao::domain::案例分析专题 ruankao::exam_use::上午选择 ruankao::importance::B ruankao::source_grounded ruankao::topic ruankao::topic::T-CASE-002 ruankao::type::公式卡,100,final,通过内容、来源和工程门禁
软考::系统集成项目管理工程师::专题学习::14_案例分析专题::T-CASE-002_进度延误与成本超支案例专项模板,RuankaoTopicCard,题干出现哪些信号时，应想到“进度延误与成本超支案例专项模板”？,"<div class=""answer-block"">
<div class=""section-title"">【答案】</div>
<div>围绕“进度延误与成本超支案例专项模板”的对象、动作、输出物、责任主体和常见陷阱定位考点。</div>
</div>","<div class=""extra"">
<div class=""section-title"">【理解】</div>
<div>围绕“进度延误与成本超支案例专项模板”的对象、动作、输出物、责任主体和常见陷阱定位考点。。这张卡来自源材料中的具体段落，用于把讲义内容改写为可回忆判断。</div>
<div class=""section-title"">【记忆线索】</div>
<div>抓住题干中的对象、动作和输出，不背整段讲义。</div>
<div class=""section-title"">【易错点】</div>
<div>避免把相邻概念按字面相似性混用。</div>
<div class=""section-title"">【题干信号】</div>
<div>定义识别、场景判断、角色/流程边界。</div>
<div class=""section-title"">【关联专题】</div>
<div>T-CASE-002 进度延误与成本超支案例专项模板</div>
<div class=""section-title"">【来源】</div>
<div>SRC-T-CASE-002-0001：进度延误与成本超支案例专项模板；T-CASE-002｜进度延误与成本超支案例专项模板 本专题与 T-CASE-001（通用案例方法）配合使用。提供进度延误和成本超支两类高频案例的专项诊断模板，解决&quot;知道该写什么框架，但具体到进度/成本案例时不知道从哪些角度展开&quot;的问题。</div>
</div>",关键词识别卡,B,3,上午选择,案例分析专题,T-CASE-002,进度延误与成本超支案例专项模板,SRC-T-CASE-002-0001,topic_learning_packages/topics/14_案例分析专题/T-CASE-002_专题学习包_进度延误与成本超支案例专项模板.md,进度延误与成本超支案例专项模板,"T-CASE-002｜进度延误与成本超支案例专项模板 本专题与 T-CASE-001（通用案例方法）配合使用。提供进度延误和成本超支两类高频案例的专项诊断模板，解决""知道该写什么框架，但具体到进度/成本案例时不知道从哪些角度展开""的问题。",,,,,,,,,,sha256:dd8a07b3f1550075d4cb1aad,ruankao ruankao::anki_build::20260520_223914 ruankao::difficulty::3 ruankao::domain::案例分析专题 ruankao::exam_use::上午选择 ruankao::importance::B ruankao::source_grounded ruankao::topic ruankao::topic::T-CASE-002 ruankao::type::关键词识别卡,100,final,通过内容、来源和工程门禁
软考::系统集成项目管理工程师::专题学习::14_案例分析专题::T-CASE-002_进度延误与成本超支案例专项模板,RuankaoTopicCard,进度延误与成本超支案例专项模板中，措施模板的考试判断要点是什么？,"<div class=""answer-block"">
<div class=""section-title"">【答案】</div>
<div>措施模板 问法 回答框架 关键词 --------- 如何追赶进度 识别关键路径→赶工/快速跟进→评估对成本质量的影响→更新计划 关键路径、成本斜率、返工风险 如何防止再延误 三点估算替代单点估算→建立偏差预警→周期性进度审查 PERT、预警阈值、控制 团队效率不足 培训/技术支援→调整任务分配→考虑人员替换或增援 技能匹配、沟通成本 ---</div>
</div>","<div class=""extra"">
<div class=""section-title"">【理解】</div>
<div>措施模板 问法 回答框架 关键词 --------- 如何追赶进度 识别关键路径→赶工/快速跟进→评估对成本质量的影响→更新计划 关键路径、成本斜率、返工风险 如何防止再延误 三点估算替代单点估算→建立偏差预警→周期性进度审查 PERT、预警阈值、控制 团队效率不足 培训/技术支援→调整任务分配→考虑人员替换或增援 技能匹配、沟通成本 ---。这张卡来自源材料中的具体段落，用于把讲义内容改写为可回忆判断。</div>
<div class=""section-title"">【记忆线索】</div>
<div>抓住题干中的对象、动作和输出，不背整段讲义。</div>
<div class=""section-title"">【易错点】</div>
<div>避免把相邻概念按字面相似性混用。</div>
<div class=""section-title"">【题干信号】</div>
<div>风险、评估、沟通</div>
<div class=""section-title"">【关联专题】</div>
<div>T-CASE-002 进度延误与成本超支案例专项模板</div>
<div class=""section-title"">【来源】</div>
<div>SRC-T-CASE-002-0002：进度延误与成本超支案例专项模板 &gt; 进度延误案例模板 &gt; 措施模板；措施模板 问法 回答框架 关键词 --------- 如何追赶进度 识别关键路径→赶工/快速跟进→评估对成本质量的影响→更新计划 关键路径、成本斜率、返工风险 如何防止再延误 三点估算替代单点估算→建立偏差预警→周期性进度审查 PERT、预警阈值、控制 团队效率不足 培训/技术支援→调整任务分配→考虑人员替换或增援 技</div>
</div>",案例模板卡,C,3,上午选择,案例分析专题,T-CASE-002,进度延误与成本超支案例专项模板,SRC-T-CASE-002-0002,topic_learning_packages/topics/14_案例分析专题/T-CASE-002_专题学习包_进度延误与成本超支案例专项模板.md,进度延误与成本超支案例专项模板 > 进度延误案例模板 > 措施模板,措施模板 问法 回答框架 关键词 --------- 如何追赶进度 识别关键路径→赶工/快速跟进→评估对成本质量的影响→更新计划 关键路径、成本斜率、返工风险 如何防止再延误 三点估算替代单点估算→建立偏差预警→周期性进度审查 PERT、预警阈值、控制 团队效率不足 培训/技术支援→调整任务分配→考虑人员替换或增援 技能匹配、沟通成本 ---,,,,,,,,,,sha256:f3d86f0b83eaa0a6ae4d6f28,ruankao ruankao::anki_build::20260520_223914 ruankao::difficulty::3 ruankao::domain::案例分析专题 ruankao::exam_use::上午选择 ruankao::importance::C ruankao::source_grounded ruankao::topic ruankao::topic::T-CASE-002 ruankao::type::案例模板卡,84,final,通过内容、来源和工程门禁；源材料自动扩展卡，建议后续人工润色
软考::系统集成项目管理工程师::专题学习::14_案例分析专题::T-CASE-002_进度延误与成本超支案例专项模板,RuankaoTopicCard,进度延误与成本超支案例专项模板中，措施模板的考试判断要点是什么？,"<div class=""answer-block"">
<div class=""section-title"">【答案】</div>
<div>措施模板 问法 回答框架 ------ 控制成本 立即停止范围蔓延→严格变更控制→分析CV/CPI根因→针对性控制 预测最终成本 计算EAC（典型/非典型）→沟通干系人→如超预算需走变更 防止再超支 改进估算方法→设偏差阈值→周期性挣值分析→加强范围控制 ---</div>
</div>","<div class=""extra"">
<div class=""section-title"">【理解】</div>
<div>措施模板 问法 回答框架 ------ 控制成本 立即停止范围蔓延→严格变更控制→分析CV/CPI根因→针对性控制 预测最终成本 计算EAC（典型/非典型）→沟通干系人→如超预算需走变更 防止再超支 改进估算方法→设偏差阈值→周期性挣值分析→加强范围控制 ---。这张卡来自源材料中的具体段落，用于把讲义内容改写为可回忆判断。</div>
<div class=""section-title"">【记忆线索】</div>
<div>抓住题干中的对象、动作和输出，不背整段讲义。</div>
<div class=""section-title"">【易错点】</div>
<div>避免把相邻概念按字面相似性混用。</div>
<div class=""section-title"">【题干信号】</div>
<div>变更、CPI、沟通、干系人</div>
<div class=""section-title"">【关联专题】</div>
<div>T-CASE-002 进度延误与成本超支案例专项模板</div>
<div class=""section-title"">【来源】</div>
<div>SRC-T-CASE-002-0003：进度延误与成本超支案例专项模板 &gt; 成本超支案例模板 &gt; 措施模板；措施模板 问法 回答框架 ------ 控制成本 立即停止范围蔓延→严格变更控制→分析CV/CPI根因→针对性控制 预测最终成本 计算EAC（典型/非典型）→沟通干系人→如超预算需走变更 防止再超支 改进估算方法→设偏差阈值→周期性挣值分析→加强范围控制 ---</div>
</div>",案例模板卡,C,3,上午选择,案例分析专题,T-CASE-002,进度延误与成本超支案例专项模板,SRC-T-CASE-002-0003,topic_learning_packages/topics/14_案例分析专题/T-CASE-002_专题学习包_进度延误与成本超支案例专项模板.md,进度延误与成本超支案例专项模板 > 成本超支案例模板 > 措施模板,措施模板 问法 回答框架 ------ 控制成本 立即停止范围蔓延→严格变更控制→分析CV/CPI根因→针对性控制 预测最终成本 计算EAC（典型/非典型）→沟通干系人→如超预算需走变更 防止再超支 改进估算方法→设偏差阈值→周期性挣值分析→加强范围控制 ---,,,,,,,,,,sha256:273f648609e1a3a0bddcf6ae,ruankao ruankao::anki_build::20260520_223914 ruankao::difficulty::3 ruankao::domain::案例分析专题 ruankao::exam_use::上午选择 ruankao::importance::C ruankao::source_grounded ruankao::topic ruankao::topic::T-CASE-002 ruankao::type::案例模板卡,84,final,通过内容、来源和工程门禁；源材料自动扩展卡，建议后续人工润色
软考::系统集成项目管理工程师::专题学习::14_案例分析专题::T-CASE-002_进度延误与成本超支案例专项模板,RuankaoTopicCard,进度延误与成本超支案例专项模板中，典型题目训练的考试判断要点是什么？,"<div class=""answer-block"">
<div class=""section-title"">【答案】</div>
<div>典型题目训练 进度案例｜盲目赶工 某项目计划8个月完成。第5个月末只完成了原计划第3个月末的工作。</div>
</div>","<div class=""extra"">
<div class=""section-title"">【理解】</div>
<div>典型题目训练 进度案例｜盲目赶工 某项目计划8个月完成。第5个月末只完成了原计划第3个月末的工作。。这张卡来自源材料中的具体段落，用于把讲义内容改写为可回忆判断。</div>
<div class=""section-title"">【记忆线索】</div>
<div>抓住题干中的对象、动作和输出，不背整段讲义。</div>
<div class=""section-title"">【易错点】</div>
<div>避免把相邻概念按字面相似性混用。</div>
<div class=""section-title"">【题干信号】</div>
<div>定义识别、场景判断、角色/流程边界。</div>
<div class=""section-title"">【关联专题】</div>
<div>T-CASE-002 进度延误与成本超支案例专项模板</div>
<div class=""section-title"">【来源】</div>
<div>SRC-T-CASE-002-0004：进度延误与成本超支案例专项模板 &gt; 典型题目训练；典型题目训练 进度案例｜盲目赶工 某项目计划8个月完成。第5个月末只完成了原计划第3个月末的工作。</div>
</div>",案例模板卡,C,3,上午选择,案例分析专题,T-CASE-002,进度延误与成本超支案例专项模板,SRC-T-CASE-002-0004,topic_learning_packages/topics/14_案例分析专题/T-CASE-002_专题学习包_进度延误与成本超支案例专项模板.md,进度延误与成本超支案例专项模板 > 典型题目训练,典型题目训练 进度案例｜盲目赶工 某项目计划8个月完成。第5个月末只完成了原计划第3个月末的工作。,,,,,,,,,,sha256:e4c7a908bfb5abdb6991f589,ruankao ruankao::anki_build::20260520_223914 ruankao::difficulty::3 ruankao::domain::案例分析专题 ruankao::exam_use::上午选择 ruankao::importance::C ruankao::source_grounded ruankao::topic ruankao::topic::T-CASE-002 ruankao::type::案例模板卡,84,final,通过内容、来源和工程门禁；源材料自动扩展卡，建议后续人工润色
软考::系统集成项目管理工程师::专题学习::14_案例分析专题::T-CASE-002_进度延误与成本超支案例专项模板,RuankaoTopicCard,进度延误与成本超支案例专项模板中，本轮真题覆盖增强的考试判断要点是什么？,"<div class=""answer-block"">
<div class=""section-title"">【答案】</div>
<div>本轮真题覆盖增强：进度成本案例数据化 本节把 questions.full.clean.md 与既有真题映射中的高频考法反查回本专题。2019 下午试题三、四分别给出进度拖期和 EVM 数据，是本专题的核心案例来源。</div>
</div>","<div class=""extra"">
<div class=""section-title"">【理解】</div>
<div>本轮真题覆盖增强：进度成本案例数据化 本节把 questions.full.clean.md 与既有真题映射中的高频考法反查回本专题。2019 下午试题三、四分别给出进度拖期和 EVM 数据，是本专题的核心案例来源。。这张卡来自源材料中的具体段落，用于把讲义内容改写为可回忆判断。</div>
<div class=""section-title"">【记忆线索】</div>
<div>抓住题干中的对象、动作和输出，不背整段讲义。</div>
<div class=""section-title"">【易错点】</div>
<div>避免把相邻概念按字面相似性混用。</div>
<div class=""section-title"">【题干信号】</div>
<div>定义识别、场景判断、角色/流程边界。</div>
<div class=""section-title"">【关联专题】</div>
<div>T-CASE-002 进度延误与成本超支案例专项模板</div>
<div class=""section-title"">【来源】</div>
<div>SRC-T-CASE-002-0005：进度延误与成本超支案例专项模板 &gt; 本轮真题覆盖增强：进度成本案例数据化；本轮真题覆盖增强：进度成本案例数据化 本节把 questions.full.clean.md 与既有真题映射中的高频考法反查回本专题。2019 下午试题三、四分别给出进度拖期和 EVM 数据，是本专题的核心案例来源。</div>
</div>",案例模板卡,C,3,上午选择,案例分析专题,T-CASE-002,进度延误与成本超支案例专项模板,SRC-T-CASE-002-0005,topic_learning_packages/topics/14_案例分析专题/T-CASE-002_专题学习包_进度延误与成本超支案例专项模板.md,进度延误与成本超支案例专项模板 > 本轮真题覆盖增强：进度成本案例数据化,本轮真题覆盖增强：进度成本案例数据化 本节把 questions.full.clean.md 与既有真题映射中的高频考法反查回本专题。2019 下午试题三、四分别给出进度拖期和 EVM 数据，是本专题的核心案例来源。,,,,,,,,,,sha256:6e0f93b139284d82e616ed75,ruankao ruankao::anki_build::20260520_223914 ruankao::difficulty::3 ruankao::domain::案例分析专题 ruankao::exam_use::上午选择 ruankao::importance::C ruankao::source_grounded ruankao::topic ruankao::topic::T-CASE-002 ruankao::type::案例模板卡,84,final,通过内容、来源和工程门禁；源材料自动扩展卡，建议后续人工润色
软考::系统集成项目管理工程师::专题学习::14_案例分析专题::T-CASE-002_进度延误与成本超支案例专项模板,RuankaoTopicCard,进度延误与成本超支案例专项模板中，进度延误与成本超支案例专项模板的考试判断要点是什么？,"<div class=""answer-block"">
<div class=""section-title"">【答案】</div>
<div>T-CASE-002｜进度延误与成本超支案例专项模板 本专题与 T-CASE-001（通用案例方法）配合使用。提供进度延误和成本超支两类高频案例的专项诊断模板，解决&quot;知道该写什么框架，但具体到进度/成本案例时不知道从哪些角度展开&quot;的问题。</div>
</div>","<div class=""extra"">
<div class=""section-title"">【理解】</div>
<div>T-CASE-002｜进度延误与成本超支案例专项模板 本专题与 T-CASE-001（通用案例方法）配合使用。提供进度延误和成本超支两类高频案例的专项诊断模板，解决&quot;知道该写什么框架，但具体到进度/成本案例时不知道从哪些角度展开&quot;的问题。。这张卡来自源材料中的具体段落，用于把讲义内容改写为可回忆判断。</div>
<div class=""section-title"">【记忆线索】</div>
<div>抓住题干中的对象、动作和输出，不背整段讲义。</div>
<div class=""section-title"">【易错点】</div>
<div>避免把相邻概念按字面相似性混用。</div>
<div class=""section-title"">【题干信号】</div>
<div>问题</div>
<div class=""section-title"">【关联专题】</div>
<div>T-CASE-002 进度延误与成本超支案例专项模板</div>
<div class=""section-title"">【来源】</div>
<div>SRC-T-CASE-002-0001：进度延误与成本超支案例专项模板；T-CASE-002｜进度延误与成本超支案例专项模板 本专题与 T-CASE-001（通用案例方法）配合使用。提供进度延误和成本超支两类高频案例的专项诊断模板，解决&quot;知道该写什么框架，但具体到进度/成本案例时不知道从哪些角度展开&quot;的问题。</div>
</div>",案例模板卡,C,3,上午选择,案例分析专题,T-CASE-002,进度延误与成本超支案例专项模板,SRC-T-CASE-002-0001,topic_learning_packages/topics/14_案例分析专题/T-CASE-002_专题学习包_进度延误与成本超支案例专项模板.md,进度延误与成本超支案例专项模板,"T-CASE-002｜进度延误与成本超支案例专项模板 本专题与 T-CASE-001（通用案例方法）配合使用。提供进度延误和成本超支两类高频案例的专项诊断模板，解决""知道该写什么框架，但具体到进度/成本案例时不知道从哪些角度展开""的问题。",,,,,,,,,,sha256:19122ae456c8f0b1d7675d69,ruankao ruankao::anki_build::20260520_223914 ruankao::difficulty::3 ruankao::domain::案例分析专题 ruankao::exam_use::上午选择 ruankao::importance::C ruankao::source_grounded ruankao::topic ruankao::topic::T-CASE-002 ruankao::type::案例模板卡,84,final,通过内容、来源和工程门禁；源材料自动扩展卡，建议后续人工润色
软考::系统集成项目管理工程师::专题学习::14_案例分析专题::T-CASE-003_范围蔓延、变更失控与合同纠纷案例模板,RuankaoTopicCard,范围蔓延案例的典型错误链是什么？,"<div class=""answer-block"">
<div class=""section-title"">【答案】</div>
<div>绕过正式流程新增需求 → 未分析影响 → 未批准变更 → 未更新基准 → 工期、成本或验收失控。</div>
</div>","<div class=""extra"">
<div class=""section-title"">【理解】</div>
<div>绕过正式流程新增需求 → 未分析影响 → 未批准变更 → 未更新基准 → 工期、成本或验收失控。。这张卡来自源材料中的具体段落，用于把讲义内容改写为可回忆判断。</div>
<div class=""section-title"">【记忆线索】</div>
<div>抓住题干中的对象、动作和输出，不背整段讲义。</div>
<div class=""section-title"">【易错点】</div>
<div>避免把相邻概念按字面相似性混用。</div>
<div class=""section-title"">【题干信号】</div>
<div>验收、变更</div>
<div class=""section-title"">【关联专题】</div>
<div>T-CASE-003 范围蔓延、变更失控与合同纠纷案例模板；T-INT-004；T-SCOPE-002</div>
<div class=""section-title"">【来源】</div>
<div>SRC-T-CASE-003-0002：范围蔓延、变更失控与合同纠纷案例模板 &gt; 范围蔓延与变更失控案例模板 &gt; 变体识别；变体识别 剧情变体 关键信号词 ------ 客户绕路型 &quot;客户直接联系开发人员&quot;、&quot;口头要求&quot;、&quot;为了维护客户关系&quot; 领导越权型 &quot;领导直接要求&quot;、&quot;高层打招呼&quot;、&quot;没走流程&quot; 团队擅自型 &quot;团队自己决定&quot;、&quot;觉得应该加上&quot;、&quot;没通知PM&quot; 渐进蔓延型 &quot;每次加一点&quot;、&quot;需求不知不觉就变多了&quot;、&quot;回头看才发现&quot;</div>
</div>",案例模板卡,A,3,下午案例,案例分析专题,T-CASE-003,范围蔓延、变更失控与合同纠纷案例模板,SRC-T-CASE-003-0002,topic_learning_packages/topics/14_案例分析专题/T-CASE-003_专题学习包_范围蔓延变更失控与合同纠纷案例模板.md,范围蔓延、变更失控与合同纠纷案例模板 > 范围蔓延与变更失控案例模板 > 变体识别,"变体识别 剧情变体 关键信号词 ------ 客户绕路型 ""客户直接联系开发人员""、""口头要求""、""为了维护客户关系"" 领导越权型 ""领导直接要求""、""高层打招呼""、""没走流程"" 团队擅自型 ""团队自己决定""、""觉得应该加上""、""没通知PM"" 渐进蔓延型 ""每次加一点""、""需求不知不觉就变多了""、""回头看才发现""",,T-INT-004;T-SCOPE-002,,,,,,,,sha256:f3227749b080b30ffa427f75,ruankao ruankao::anki_build::20260520_223914 ruankao::difficulty::3 ruankao::domain::案例分析专题 ruankao::exam_use::下午案例 ruankao::importance::A ruankao::source_grounded ruankao::topic ruankao::topic::T-CASE-003 ruankao::type::案例模板卡,100,final,通过内容、来源和工程门禁
软考::系统集成项目管理工程师::专题学习::14_案例分析专题::T-CASE-003_范围蔓延、变更失控与合同纠纷案例模板,RuankaoTopicCard,范围蔓延 vs 合法变更的核心区别是什么？,"<div class=""answer-block"">
<div class=""section-title"">【答案】</div>
<div>范围蔓延是未经控制增加范围；合法变更经过提出、分析、批准并更新计划或基准。</div>
</div>","<div class=""extra"">
<div class=""section-title"">【理解】</div>
<div>范围蔓延是未经控制增加范围；合法变更经过提出、分析、批准并更新计划或基准。。这张卡来自源材料中的具体段落，用于把讲义内容改写为可回忆判断。</div>
<div class=""section-title"">【记忆线索】</div>
<div>先判断对象、责任主体、时间点和输出物，再排除张冠李戴的选项。</div>
<div class=""section-title"">【易错点】</div>
<div>不能口头同意或绕过 CCB 直接改基准。</div>
<div class=""section-title"">【题干信号】</div>
<div>变更</div>
<div class=""section-title"">【关联专题】</div>
<div>T-CASE-003 范围蔓延、变更失控与合同纠纷案例模板；T-INT-004</div>
<div class=""section-title"">【来源】</div>
<div>SRC-T-CASE-003-0001：范围蔓延、变更失控与合同纠纷案例模板；T-CASE-003｜范围蔓延、变更失控与合同纠纷案例模板 本专题与 T-CASE-001 和 T-CASE-002 配合使用。提供范围蔓延/变更失控和合同纠纷/索赔两类案例的专项诊断模板。</div>
</div>",辨析卡,A,3,下午案例,案例分析专题,T-CASE-003,范围蔓延、变更失控与合同纠纷案例模板,SRC-T-CASE-003-0001,topic_learning_packages/topics/14_案例分析专题/T-CASE-003_专题学习包_范围蔓延变更失控与合同纠纷案例模板.md,范围蔓延、变更失控与合同纠纷案例模板,T-CASE-003｜范围蔓延、变更失控与合同纠纷案例模板 本专题与 T-CASE-001 和 T-CASE-002 配合使用。提供范围蔓延/变更失控和合同纠纷/索赔两类案例的专项诊断模板。,,T-INT-004,,,,,,,,sha256:6930bf2d54b91f013479ca0c,ruankao ruankao::anki_build::20260520_223914 ruankao::difficulty::3 ruankao::domain::案例分析专题 ruankao::exam_use::下午案例 ruankao::importance::A ruankao::source_grounded ruankao::topic ruankao::topic::T-CASE-003 ruankao::type::辨析卡,100,final,通过内容、来源和工程门禁
软考::系统集成项目管理工程师::专题学习::14_案例分析专题::T-CASE-003_范围蔓延、变更失控与合同纠纷案例模板,RuankaoTopicCard,合同纠纷案例通常应先检查哪些材料？,"<div class=""answer-block"">
<div class=""section-title"">【答案】</div>
<div>先检查合同范围、验收标准、变更条款、付款条件、索赔证据和双方签署记录。</div>
</div>","<div class=""extra"">
<div class=""section-title"">【理解】</div>
<div>先检查合同范围、验收标准、变更条款、付款条件、索赔证据和双方签署记录。。这张卡来自源材料中的具体段落，用于把讲义内容改写为可回忆判断。</div>
<div class=""section-title"">【记忆线索】</div>
<div>抓住题干中的对象、动作和输出，不背整段讲义。</div>
<div class=""section-title"">【易错点】</div>
<div>避免把相邻概念按字面相似性混用。</div>
<div class=""section-title"">【题干信号】</div>
<div>验收、变更、合同、索赔</div>
<div class=""section-title"">【关联专题】</div>
<div>T-CASE-003 范围蔓延、变更失控与合同纠纷案例模板；T-PROC-001</div>
<div class=""section-title"">【来源】</div>
<div>SRC-T-CASE-003-0001：范围蔓延、变更失控与合同纠纷案例模板；T-CASE-003｜范围蔓延、变更失控与合同纠纷案例模板 本专题与 T-CASE-001 和 T-CASE-002 配合使用。提供范围蔓延/变更失控和合同纠纷/索赔两类案例的专项诊断模板。</div>
</div>",案例模板卡,A,3,下午案例,案例分析专题,T-CASE-003,范围蔓延、变更失控与合同纠纷案例模板,SRC-T-CASE-003-0001,topic_learning_packages/topics/14_案例分析专题/T-CASE-003_专题学习包_范围蔓延变更失控与合同纠纷案例模板.md,范围蔓延、变更失控与合同纠纷案例模板,T-CASE-003｜范围蔓延、变更失控与合同纠纷案例模板 本专题与 T-CASE-001 和 T-CASE-002 配合使用。提供范围蔓延/变更失控和合同纠纷/索赔两类案例的专项诊断模板。,,T-PROC-001,,,,,,,,sha256:fa70b3fe93b57aad9ac6c506,ruankao ruankao::anki_build::20260520_223914 ruankao::difficulty::3 ruankao::domain::案例分析专题 ruankao::exam_use::下午案例 ruankao::importance::A ruankao::source_grounded ruankao::topic ruankao::topic::T-CASE-003 ruankao::type::案例模板卡,100,final,通过内容、来源和工程门禁
软考::系统集成项目管理工程师::专题学习::14_案例分析专题::T-CASE-003_范围蔓延、变更失控与合同纠纷案例模板,RuankaoTopicCard,客户口头提出新增需求时，项目经理应如何处理？,"<div class=""answer-block"">
<div class=""section-title"">【答案】</div>
<div>记录为变更请求，分析影响，走变更控制流程；批准后再更新基准和合同/计划。</div>
</div>","<div class=""extra"">
<div class=""section-title"">【理解】</div>
<div>记录为变更请求，分析影响，走变更控制流程；批准后再更新基准和合同/计划。。这张卡来自源材料中的具体段落，用于把讲义内容改写为可回忆判断。</div>
<div class=""section-title"">【记忆线索】</div>
<div>抓住题干中的对象、动作和输出，不背整段讲义。</div>
<div class=""section-title"">【易错点】</div>
<div>避免把相邻概念按字面相似性混用。</div>
<div class=""section-title"">【题干信号】</div>
<div>变更、合同</div>
<div class=""section-title"">【关联专题】</div>
<div>T-CASE-003 范围蔓延、变更失控与合同纠纷案例模板；T-INT-004</div>
<div class=""section-title"">【来源】</div>
<div>SRC-T-CASE-003-0001：范围蔓延、变更失控与合同纠纷案例模板；T-CASE-003｜范围蔓延、变更失控与合同纠纷案例模板 本专题与 T-CASE-001 和 T-CASE-002 配合使用。提供范围蔓延/变更失控和合同纠纷/索赔两类案例的专项诊断模板。</div>
</div>",流程卡,A,3,下午案例,案例分析专题,T-CASE-003,范围蔓延、变更失控与合同纠纷案例模板,SRC-T-CASE-003-0001,topic_learning_packages/topics/14_案例分析专题/T-CASE-003_专题学习包_范围蔓延变更失控与合同纠纷案例模板.md,范围蔓延、变更失控与合同纠纷案例模板,T-CASE-003｜范围蔓延、变更失控与合同纠纷案例模板 本专题与 T-CASE-001 和 T-CASE-002 配合使用。提供范围蔓延/变更失控和合同纠纷/索赔两类案例的专项诊断模板。,,T-INT-004,,,,,,,,sha256:1e7b4e665a643fadb4470dd5,ruankao ruankao::anki_build::20260520_223914 ruankao::difficulty::3 ruankao::domain::案例分析专题 ruankao::exam_use::下午案例 ruankao::importance::A ruankao::source_grounded ruankao::topic ruankao::topic::T-CASE-003 ruankao::type::流程卡,100,final,通过内容、来源和工程门禁
软考::系统集成项目管理工程师::专题学习::14_案例分析专题::T-CASE-003_范围蔓延、变更失控与合同纠纷案例模板,RuankaoTopicCard,范围蔓延、变更失控与合同纠纷案例模板类案例应从哪些角度分析？,"<div class=""answer-block"">
<div class=""section-title"">【答案】</div>
<div>T-CASE-003｜范围蔓延、变更失控与合同纠纷案例模板 本专题与 T-CASE-001 和 T-CASE-002 配合使用。提供范围蔓延/变更失控和合同纠纷/索赔两类案例的专项诊断模板。</div>
</div>","<div class=""extra"">
<div class=""section-title"">【理解】</div>
<div>T-CASE-003｜范围蔓延、变更失控与合同纠纷案例模板 本专题与 T-CASE-001 和 T-CASE-002 配合使用。提供范围蔓延/变更失控和合同纠纷/索赔两类案例的专项诊断模板。。这张卡来自源材料中的具体段落，用于把讲义内容改写为可回忆判断。</div>
<div class=""section-title"">【记忆线索】</div>
<div>抓住题干中的对象、动作和输出，不背整段讲义。</div>
<div class=""section-title"">【易错点】</div>
<div>不能口头同意或绕过 CCB 直接改基准。</div>
<div class=""section-title"">【题干信号】</div>
<div>变更、合同、索赔</div>
<div class=""section-title"">【关联专题】</div>
<div>T-CASE-003 范围蔓延、变更失控与合同纠纷案例模板</div>
<div class=""section-title"">【来源】</div>
<div>SRC-T-CASE-003-0001：范围蔓延、变更失控与合同纠纷案例模板；T-CASE-003｜范围蔓延、变更失控与合同纠纷案例模板 本专题与 T-CASE-001 和 T-CASE-002 配合使用。提供范围蔓延/变更失控和合同纠纷/索赔两类案例的专项诊断模板。</div>
</div>",案例模板卡,B,3,下午案例,案例分析专题,T-CASE-003,范围蔓延、变更失控与合同纠纷案例模板,SRC-T-CASE-003-0001,topic_learning_packages/topics/14_案例分析专题/T-CASE-003_专题学习包_范围蔓延变更失控与合同纠纷案例模板.md,范围蔓延、变更失控与合同纠纷案例模板,T-CASE-003｜范围蔓延、变更失控与合同纠纷案例模板 本专题与 T-CASE-001 和 T-CASE-002 配合使用。提供范围蔓延/变更失控和合同纠纷/索赔两类案例的专项诊断模板。,,,,,,,,,,sha256:5dea4680f268b2ba4b8daf03,ruankao ruankao::anki_build::20260520_223914 ruankao::difficulty::3 ruankao::domain::案例分析专题 ruankao::exam_use::下午案例 ruankao::importance::B ruankao::source_grounded ruankao::topic ruankao::topic::T-CASE-003 ruankao::type::案例模板卡,100,final,通过内容、来源和工程门禁
软考::系统集成项目管理工程师::专题学习::14_案例分析专题::T-CASE-003_范围蔓延、变更失控与合同纠纷案例模板,RuankaoTopicCard,题干出现哪些信号时，应想到变体识别？,"<div class=""answer-block"">
<div class=""section-title"">【答案】</div>
<div>变体识别 剧情变体 关键信号词 ------ 客户绕路型 &quot;客户直接联系开发人员&quot;、&quot;口头要求&quot;、&quot;为了维护客户关系&quot; 领导越权型 &quot;领导直接要求&quot;、&quot;高层打招呼&quot;、&quot;没走流程&quot; 团队擅自型 &quot;团队自己决定&quot;、&quot;觉得应该加上&quot;、&quot;没通知PM&quot; 渐进蔓延型 &quot;每次加一点&quot;、&quot;需求不知不觉就变多了&quot;、&quot;回头看才发现&quot;</div>
</div>","<div class=""extra"">
<div class=""section-title"">【理解】</div>
<div>变体识别 剧情变体 关键信号词 ------ 客户绕路型 &quot;客户直接联系开发人员&quot;、&quot;口头要求&quot;、&quot;为了维护客户关系&quot; 领导越权型 &quot;领导直接要求&quot;、&quot;高层打招呼&quot;、&quot;没走流程&quot; 团队擅自型 &quot;团队自己决定&quot;、&quot;觉得应该加上&quot;、&quot;没通知PM&quot; 渐进蔓延型 &quot;每次加一点&quot;、&quot;需求不知不觉就变多了&quot;、&quot;回头看才发现&quot;。这张卡来自源材料中的具体段落，用于把讲义内容改写为可回忆判断。</div>
<div class=""section-title"">【记忆线索】</div>
<div>抓住题干中的对象、动作和输出，不背整段讲义。</div>
<div class=""section-title"">【易错点】</div>
<div>避免把相邻概念按字面相似性混用。</div>
<div class=""section-title"">【题干信号】</div>
<div>定义识别、场景判断、角色/流程边界。</div>
<div class=""section-title"">【关联专题】</div>
<div>T-CASE-003 范围蔓延、变更失控与合同纠纷案例模板</div>
<div class=""section-title"">【来源】</div>
<div>SRC-T-CASE-003-0002：范围蔓延、变更失控与合同纠纷案例模板 &gt; 范围蔓延与变更失控案例模板 &gt; 变体识别；变体识别 剧情变体 关键信号词 ------ 客户绕路型 &quot;客户直接联系开发人员&quot;、&quot;口头要求&quot;、&quot;为了维护客户关系&quot; 领导越权型 &quot;领导直接要求&quot;、&quot;高层打招呼&quot;、&quot;没走流程&quot; 团队擅自型 &quot;团队自己决定&quot;、&quot;觉得应该加上&quot;、&quot;没通知PM&quot; 渐进蔓延型 &quot;每次加一点&quot;、&quot;需求不知不觉就变多了&quot;、&quot;回头看才发现&quot;</div>
</div>",关键词识别卡,B,3,上午选择,案例分析专题,T-CASE-003,范围蔓延、变更失控与合同纠纷案例模板,SRC-T-CASE-003-0002,topic_learning_packages/topics/14_案例分析专题/T-CASE-003_专题学习包_范围蔓延变更失控与合同纠纷案例模板.md,范围蔓延、变更失控与合同纠纷案例模板 > 范围蔓延与变更失控案例模板 > 变体识别,"变体识别 剧情变体 关键信号词 ------ 客户绕路型 ""客户直接联系开发人员""、""口头要求""、""为了维护客户关系"" 领导越权型 ""领导直接要求""、""高层打招呼""、""没走流程"" 团队擅自型 ""团队自己决定""、""觉得应该加上""、""没通知PM"" 渐进蔓延型 ""每次加一点""、""需求不知不觉就变多了""、""回头看才发现""",,,,,,,,,,sha256:697da31d9849c5b06e696815,ruankao ruankao::anki_build::20260520_223914 ruankao::difficulty::3 ruankao::domain::案例分析专题 ruankao::exam_use::上午选择 ruankao::importance::B ruankao::source_grounded ruankao::topic ruankao::topic::T-CASE-003 ruankao::type::关键词识别卡,90,final,Back 偏长
软考::系统集成项目管理工程师::专题学习::14_案例分析专题::T-CASE-003_范围蔓延、变更失控与合同纠纷案例模板,RuankaoTopicCard,答题框架（答题得分点）相关公式或计算判断规则是什么？,"<div class=""answer-block"">
<div class=""section-title"">【答案】</div>
<div>答题框架（答题得分点） 找问题：① 变更控制流程缺失/形同虚设；② 范围基准未被维护；③ 干系人/客户绕过项目经理；④ PM监控频率不足；⑤ 团队缺乏变更管理意识。 分析原因：① 项目启动时未建立有效的变更控制流程；② 未与客户/干系人就变更路径达成共识（谁可以发起变更、通过什么渠道）；③ WBS 不全/不清晰→范围边界模糊→蔓延容易发生；④ PM未能及时收集工作绩效信息。</div>
</div>","<div class=""extra"">
<div class=""section-title"">【理解】</div>
<div>答题框架（答题得分点） 找问题：① 变更控制流程缺失/形同虚设；② 范围基准未被维护；③ 干系人/客户绕过项目经理；④ PM监控频率不足；⑤ 团队缺乏变更管理意识。 分析原因：① 项目启动时未建立有效的变更控制流程；② 未与客户/干系人就变更路径达成共识（谁可以发起变更、通过什么渠道）；③ WBS 不全/不清晰→范围边界模糊→蔓延容易发生；④ PM未能及时收集工作绩效信息。。这张卡来自源材料中的具体段落，用于把讲义内容改写为可回忆判断。</div>
<div class=""section-title"">【记忆线索】</div>
<div>先写公式，再代入数字，最后写文字判断。</div>
<div class=""section-title"">【易错点】</div>
<div>避免把相邻概念按字面相似性混用。</div>
<div class=""section-title"">【题干信号】</div>
<div>变更、问题、WBS、干系人</div>
<div class=""section-title"">【关联专题】</div>
<div>T-CASE-003 范围蔓延、变更失控与合同纠纷案例模板</div>
<div class=""section-title"">【来源】</div>
<div>SRC-T-CASE-003-0003：范围蔓延、变更失控与合同纠纷案例模板 &gt; 范围蔓延与变更失控案例模板 &gt; 答题框架（答题得分点）；答题框架（答题得分点） 找问题：① 变更控制流程缺失/形同虚设；② 范围基准未被维护；③ 干系人/客户绕过项目经理；④ PM监控频率不足；⑤ 团队缺乏变更管理意识。 分析原因：① 项目启动时未建立有效的变更控制流程；② 未与客户/干系人就变更路径达成共识（谁可以发起变更、通过什么渠道）；③ WBS 不全/不清晰→范围边</div>
</div>",公式卡,B,3,上午选择,案例分析专题,T-CASE-003,范围蔓延、变更失控与合同纠纷案例模板,SRC-T-CASE-003-0003,topic_learning_packages/topics/14_案例分析专题/T-CASE-003_专题学习包_范围蔓延变更失控与合同纠纷案例模板.md,范围蔓延、变更失控与合同纠纷案例模板 > 范围蔓延与变更失控案例模板 > 答题框架（答题得分点）,答题框架（答题得分点） 找问题：① 变更控制流程缺失/形同虚设；② 范围基准未被维护；③ 干系人/客户绕过项目经理；④ PM监控频率不足；⑤ 团队缺乏变更管理意识。 分析原因：① 项目启动时未建立有效的变更控制流程；② 未与客户/干系人就变更路径达成共识（谁可以发起变更、通过什么渠道）；③ WBS 不全/不清晰→范围边界模糊→蔓延容易发生；④ PM未能及时收集工作绩效信息。,,,,,,,,,,sha256:5d0923f487899c84bd24f2d7,ruankao ruankao::anki_build::20260520_223914 ruankao::difficulty::3 ruankao::domain::案例分析专题 ruankao::exam_use::上午选择 ruankao::importance::B ruankao::source_grounded ruankao::topic ruankao::topic::T-CASE-003 ruankao::type::公式卡,100,final,通过内容、来源和工程门禁
软考::系统集成项目管理工程师::专题学习::14_案例分析专题::T-CASE-003_范围蔓延、变更失控与合同纠纷案例模板,RuankaoTopicCard,典型题目训练类案例应从哪些角度分析？,"<div class=""answer-block"">
<div class=""section-title"">【答案】</div>
<div>典型题目训练 变更失控案例 某项目开发过半时，甲方信息中心主任多次直接找开发人员增加报表功能。开发人员为维护客户关系口头答应了。</div>
</div>","<div class=""extra"">
<div class=""section-title"">【理解】</div>
<div>典型题目训练 变更失控案例 某项目开发过半时，甲方信息中心主任多次直接找开发人员增加报表功能。开发人员为维护客户关系口头答应了。。这张卡来自源材料中的具体段落，用于把讲义内容改写为可回忆判断。</div>
<div class=""section-title"">【记忆线索】</div>
<div>抓住题干中的对象、动作和输出，不背整段讲义。</div>
<div class=""section-title"">【易错点】</div>
<div>避免把相邻概念按字面相似性混用。</div>
<div class=""section-title"">【题干信号】</div>
<div>变更</div>
<div class=""section-title"">【关联专题】</div>
<div>T-CASE-003 范围蔓延、变更失控与合同纠纷案例模板</div>
<div class=""section-title"">【来源】</div>
<div>SRC-T-CASE-003-0005：范围蔓延、变更失控与合同纠纷案例模板 &gt; 典型题目训练；典型题目训练 变更失控案例 某项目开发过半时，甲方信息中心主任多次直接找开发人员增加报表功能。开发人员为维护客户关系口头答应了。</div>
</div>",案例模板卡,B,3,下午案例,案例分析专题,T-CASE-003,范围蔓延、变更失控与合同纠纷案例模板,SRC-T-CASE-003-0005,topic_learning_packages/topics/14_案例分析专题/T-CASE-003_专题学习包_范围蔓延变更失控与合同纠纷案例模板.md,范围蔓延、变更失控与合同纠纷案例模板 > 典型题目训练,典型题目训练 变更失控案例 某项目开发过半时，甲方信息中心主任多次直接找开发人员增加报表功能。开发人员为维护客户关系口头答应了。,,,,,,,,,,sha256:86ea41964f8f47af05b00647,ruankao ruankao::anki_build::20260520_223914 ruankao::difficulty::3 ruankao::domain::案例分析专题 ruankao::exam_use::下午案例 ruankao::importance::B ruankao::source_grounded ruankao::topic ruankao::topic::T-CASE-003 ruankao::type::案例模板卡,100,final,通过内容、来源和工程门禁
软考::系统集成项目管理工程师::专题学习::14_案例分析专题::T-CASE-003_范围蔓延、变更失控与合同纠纷案例模板,RuankaoTopicCard,范围蔓延、变更失控与合同纠纷案例模板中，范围蔓延、变更失控与合同纠纷案例模板的考试判断要点是什么？,"<div class=""answer-block"">
<div class=""section-title"">【答案】</div>
<div>T-CASE-003｜范围蔓延、变更失控与合同纠纷案例模板 本专题与 T-CASE-001 和 T-CASE-002 配合使用。提供范围蔓延/变更失控和合同纠纷/索赔两类案例的专项诊断模板。</div>
</div>","<div class=""extra"">
<div class=""section-title"">【理解】</div>
<div>T-CASE-003｜范围蔓延、变更失控与合同纠纷案例模板 本专题与 T-CASE-001 和 T-CASE-002 配合使用。提供范围蔓延/变更失控和合同纠纷/索赔两类案例的专项诊断模板。。这张卡来自源材料中的具体段落，用于把讲义内容改写为可回忆判断。</div>
<div class=""section-title"">【记忆线索】</div>
<div>抓住题干中的对象、动作和输出，不背整段讲义。</div>
<div class=""section-title"">【易错点】</div>
<div>不能口头同意或绕过 CCB 直接改基准。</div>
<div class=""section-title"">【题干信号】</div>
<div>变更、合同、索赔</div>
<div class=""section-title"">【关联专题】</div>
<div>T-CASE-003 范围蔓延、变更失控与合同纠纷案例模板</div>
<div class=""section-title"">【来源】</div>
<div>SRC-T-CASE-003-0001：范围蔓延、变更失控与合同纠纷案例模板；T-CASE-003｜范围蔓延、变更失控与合同纠纷案例模板 本专题与 T-CASE-001 和 T-CASE-002 配合使用。提供范围蔓延/变更失控和合同纠纷/索赔两类案例的专项诊断模板。</div>
</div>",案例模板卡,C,3,上午选择,案例分析专题,T-CASE-003,范围蔓延、变更失控与合同纠纷案例模板,SRC-T-CASE-003-0001,topic_learning_packages/topics/14_案例分析专题/T-CASE-003_专题学习包_范围蔓延变更失控与合同纠纷案例模板.md,范围蔓延、变更失控与合同纠纷案例模板,T-CASE-003｜范围蔓延、变更失控与合同纠纷案例模板 本专题与 T-CASE-001 和 T-CASE-002 配合使用。提供范围蔓延/变更失控和合同纠纷/索赔两类案例的专项诊断模板。,,,,,,,,,,sha256:c7d372384ca8d0fefb2bcd0b,ruankao ruankao::anki_build::20260520_223914 ruankao::difficulty::3 ruankao::domain::案例分析专题 ruankao::exam_use::上午选择 ruankao::importance::C ruankao::source_grounded ruankao::topic ruankao::topic::T-CASE-003 ruankao::type::案例模板卡,84,final,通过内容、来源和工程门禁；源材料自动扩展卡，建议后续人工润色
软考::系统集成项目管理工程师::专题学习::14_案例分析专题::T-CASE-003_范围蔓延、变更失控与合同纠纷案例模板,RuankaoTopicCard,范围蔓延、变更失控与合同纠纷案例模板中，变体识别的考试判断要点是什么？,"<div class=""answer-block"">
<div class=""section-title"">【答案】</div>
<div>变体识别 剧情变体 关键信号词 ------ 客户绕路型 &quot;客户直接联系开发人员&quot;、&quot;口头要求&quot;、&quot;为了维护客户关系&quot; 领导越权型 &quot;领导直接要求&quot;、&quot;高层打招呼&quot;、&quot;没走流程&quot; 团队擅自型 &quot;团队自己决定&quot;、&quot;觉得应该加上&quot;、&quot;没通知PM&quot; 渐进蔓延型 &quot;每次加一点&quot;、&quot;需求不知不觉就变多了&quot;、&quot;回头看才发现&quot;</div>
</div>","<div class=""extra"">
<div class=""section-title"">【理解】</div>
<div>变体识别 剧情变体 关键信号词 ------ 客户绕路型 &quot;客户直接联系开发人员&quot;、&quot;口头要求&quot;、&quot;为了维护客户关系&quot; 领导越权型 &quot;领导直接要求&quot;、&quot;高层打招呼&quot;、&quot;没走流程&quot; 团队擅自型 &quot;团队自己决定&quot;、&quot;觉得应该加上&quot;、&quot;没通知PM&quot; 渐进蔓延型 &quot;每次加一点&quot;、&quot;需求不知不觉就变多了&quot;、&quot;回头看才发现&quot;。这张卡来自源材料中的具体段落，用于把讲义内容改写为可回忆判断。</div>
<div class=""section-title"">【记忆线索】</div>
<div>抓住题干中的对象、动作和输出，不背整段讲义。</div>
<div class=""section-title"">【易错点】</div>
<div>不能口头同意或绕过 CCB 直接改基准。</div>
<div class=""section-title"">【题干信号】</div>
<div>变更、合同</div>
<div class=""section-title"">【关联专题】</div>
<div>T-CASE-003 范围蔓延、变更失控与合同纠纷案例模板</div>
<div class=""section-title"">【来源】</div>
<div>SRC-T-CASE-003-0002：范围蔓延、变更失控与合同纠纷案例模板 &gt; 范围蔓延与变更失控案例模板 &gt; 变体识别；变体识别 剧情变体 关键信号词 ------ 客户绕路型 &quot;客户直接联系开发人员&quot;、&quot;口头要求&quot;、&quot;为了维护客户关系&quot; 领导越权型 &quot;领导直接要求&quot;、&quot;高层打招呼&quot;、&quot;没走流程&quot; 团队擅自型 &quot;团队自己决定&quot;、&quot;觉得应该加上&quot;、&quot;没通知PM&quot; 渐进蔓延型 &quot;每次加一点&quot;、&quot;需求不知不觉就变多了&quot;、&quot;回头看才发现&quot;</div>
</div>",案例模板卡,C,3,上午选择,案例分析专题,T-CASE-003,范围蔓延、变更失控与合同纠纷案例模板,SRC-T-CASE-003-0002,topic_learning_packages/topics/14_案例分析专题/T-CASE-003_专题学习包_范围蔓延变更失控与合同纠纷案例模板.md,范围蔓延、变更失控与合同纠纷案例模板 > 范围蔓延与变更失控案例模板 > 变体识别,"变体识别 剧情变体 关键信号词 ------ 客户绕路型 ""客户直接联系开发人员""、""口头要求""、""为了维护客户关系"" 领导越权型 ""领导直接要求""、""高层打招呼""、""没走流程"" 团队擅自型 ""团队自己决定""、""觉得应该加上""、""没通知PM"" 渐进蔓延型 ""每次加一点""、""需求不知不觉就变多了""、""回头看才发现""",,,,,,,,,,sha256:113a431306a81b2148deebdb,ruankao ruankao::anki_build::20260520_223914 ruankao::difficulty::3 ruankao::domain::案例分析专题 ruankao::exam_use::上午选择 ruankao::importance::C ruankao::source_grounded ruankao::topic ruankao::topic::T-CASE-003 ruankao::type::案例模板卡,84,final,Back 偏长；源材料自动扩展卡，建议后续人工润色
软考::系统集成项目管理工程师::专题学习::14_案例分析专题::T-CASE-003_范围蔓延、变更失控与合同纠纷案例模板,RuankaoTopicCard,范围蔓延、变更失控与合同纠纷案例模板中，答题框架（答题得分点）的考试判断要点是什么？,"<div class=""answer-block"">
<div class=""section-title"">【答案】</div>
<div>答题框架（答题得分点） 找问题：① 变更控制流程缺失/形同虚设；② 范围基准未被维护；③ 干系人/客户绕过项目经理；④ PM监控频率不足；⑤ 团队缺乏变更管理意识。 分析原因：① 项目启动时未建立有效的变更控制流程；② 未与客户/干系人就变更路径达成共识（谁可以发起变更、通过什么渠道）；③ WBS 不全/不清晰→范围边界模糊→蔓延容易发生；④ PM未能及时收集工作绩效信息。</div>
</div>","<div class=""extra"">
<div class=""section-title"">【理解】</div>
<div>答题框架（答题得分点） 找问题：① 变更控制流程缺失/形同虚设；② 范围基准未被维护；③ 干系人/客户绕过项目经理；④ PM监控频率不足；⑤ 团队缺乏变更管理意识。 分析原因：① 项目启动时未建立有效的变更控制流程；② 未与客户/干系人就变更路径达成共识（谁可以发起变更、通过什么渠道）；③ WBS 不全/不清晰→范围边界模糊→蔓延容易发生；④ PM未能及时收集工作绩效信息。。这张卡来自源材料中的具体段落，用于把讲义内容改写为可回忆判断。</div>
<div class=""section-title"">【记忆线索】</div>
<div>抓住题干中的对象、动作和输出，不背整段讲义。</div>
<div class=""section-title"">【易错点】</div>
<div>不能口头同意或绕过 CCB 直接改基准。</div>
<div class=""section-title"">【题干信号】</div>
<div>变更、问题、合同、WBS、干系人</div>
<div class=""section-title"">【关联专题】</div>
<div>T-CASE-003 范围蔓延、变更失控与合同纠纷案例模板</div>
<div class=""section-title"">【来源】</div>
<div>SRC-T-CASE-003-0003：范围蔓延、变更失控与合同纠纷案例模板 &gt; 范围蔓延与变更失控案例模板 &gt; 答题框架（答题得分点）；答题框架（答题得分点） 找问题：① 变更控制流程缺失/形同虚设；② 范围基准未被维护；③ 干系人/客户绕过项目经理；④ PM监控频率不足；⑤ 团队缺乏变更管理意识。 分析原因：① 项目启动时未建立有效的变更控制流程；② 未与客户/干系人就变更路径达成共识（谁可以发起变更、通过什么渠道）；③ WBS 不全/不清晰→范围边</div>
</div>",案例模板卡,C,3,上午选择,案例分析专题,T-CASE-003,范围蔓延、变更失控与合同纠纷案例模板,SRC-T-CASE-003-0003,topic_learning_packages/topics/14_案例分析专题/T-CASE-003_专题学习包_范围蔓延变更失控与合同纠纷案例模板.md,范围蔓延、变更失控与合同纠纷案例模板 > 范围蔓延与变更失控案例模板 > 答题框架（答题得分点）,答题框架（答题得分点） 找问题：① 变更控制流程缺失/形同虚设；② 范围基准未被维护；③ 干系人/客户绕过项目经理；④ PM监控频率不足；⑤ 团队缺乏变更管理意识。 分析原因：① 项目启动时未建立有效的变更控制流程；② 未与客户/干系人就变更路径达成共识（谁可以发起变更、通过什么渠道）；③ WBS 不全/不清晰→范围边界模糊→蔓延容易发生；④ PM未能及时收集工作绩效信息。,,,,,,,,,,sha256:d8f9891e2a349423bd74ace4,ruankao ruankao::anki_build::20260520_223914 ruankao::difficulty::3 ruankao::domain::案例分析专题 ruankao::exam_use::上午选择 ruankao::importance::C ruankao::source_grounded ruankao::topic ruankao::topic::T-CASE-003 ruankao::type::案例模板卡,84,final,通过内容、来源和工程门禁；源材料自动扩展卡，建议后续人工润色
软考::系统集成项目管理工程师::专题学习::14_案例分析专题::T-CASE-003_范围蔓延、变更失控与合同纠纷案例模板,RuankaoTopicCard,范围蔓延、变更失控与合同纠纷案例模板中，典型题目训练的考试判断要点是什么？,"<div class=""answer-block"">
<div class=""section-title"">【答案】</div>
<div>典型题目训练 变更失控案例 某项目开发过半时，甲方信息中心主任多次直接找开发人员增加报表功能。开发人员为维护客户关系口头答应了。</div>
</div>","<div class=""extra"">
<div class=""section-title"">【理解】</div>
<div>典型题目训练 变更失控案例 某项目开发过半时，甲方信息中心主任多次直接找开发人员增加报表功能。开发人员为维护客户关系口头答应了。。这张卡来自源材料中的具体段落，用于把讲义内容改写为可回忆判断。</div>
<div class=""section-title"">【记忆线索】</div>
<div>抓住题干中的对象、动作和输出，不背整段讲义。</div>
<div class=""section-title"">【易错点】</div>
<div>不能口头同意或绕过 CCB 直接改基准。</div>
<div class=""section-title"">【题干信号】</div>
<div>变更、合同</div>
<div class=""section-title"">【关联专题】</div>
<div>T-CASE-003 范围蔓延、变更失控与合同纠纷案例模板</div>
<div class=""section-title"">【来源】</div>
<div>SRC-T-CASE-003-0005：范围蔓延、变更失控与合同纠纷案例模板 &gt; 典型题目训练；典型题目训练 变更失控案例 某项目开发过半时，甲方信息中心主任多次直接找开发人员增加报表功能。开发人员为维护客户关系口头答应了。</div>
</div>",案例模板卡,C,3,上午选择,案例分析专题,T-CASE-003,范围蔓延、变更失控与合同纠纷案例模板,SRC-T-CASE-003-0005,topic_learning_packages/topics/14_案例分析专题/T-CASE-003_专题学习包_范围蔓延变更失控与合同纠纷案例模板.md,范围蔓延、变更失控与合同纠纷案例模板 > 典型题目训练,典型题目训练 变更失控案例 某项目开发过半时，甲方信息中心主任多次直接找开发人员增加报表功能。开发人员为维护客户关系口头答应了。,,,,,,,,,,sha256:552ebde3ae3dcad472e950f8,ruankao ruankao::anki_build::20260520_223914 ruankao::difficulty::3 ruankao::domain::案例分析专题 ruankao::exam_use::上午选择 ruankao::importance::C ruankao::source_grounded ruankao::topic ruankao::topic::T-CASE-003 ruankao::type::案例模板卡,84,final,通过内容、来源和工程门禁；源材料自动扩展卡，建议后续人工润色
软考::系统集成项目管理工程师::专题学习::14_案例分析专题::T-COM-002_沟通管理与干系人冲突案例模板,RuankaoTopicCard,沟通管理与干系人冲突案例模板类案例应从哪些角度分析？,"<div class=""answer-block"">
<div class=""section-title"">【答案】</div>
<div>T-COM-002｜沟通管理与干系人冲突案例模板 本专题与 T-CASE-001 和 T-COM-001 配合使用。提供&quot;沟通不畅与干系人冲突&quot;这一高频下午案例场景的专项诊断模板和答题框架。</div>
</div>","<div class=""extra"">
<div class=""section-title"">【理解】</div>
<div>T-COM-002｜沟通管理与干系人冲突案例模板 本专题与 T-CASE-001 和 T-COM-001 配合使用。提供&quot;沟通不畅与干系人冲突&quot;这一高频下午案例场景的专项诊断模板和答题框架。。这张卡来自源材料中的具体段落，用于把讲义内容改写为可回忆判断。</div>
<div class=""section-title"">【记忆线索】</div>
<div>抓住题干中的对象、动作和输出，不背整段讲义。</div>
<div class=""section-title"">【易错点】</div>
<div>避免把相邻概念按字面相似性混用。</div>
<div class=""section-title"">【题干信号】</div>
<div>沟通、干系人</div>
<div class=""section-title"">【关联专题】</div>
<div>T-COM-002 沟通管理与干系人冲突案例模板</div>
<div class=""section-title"">【来源】</div>
<div>SRC-T-COM-002-0001：沟通管理与干系人冲突案例模板；T-COM-002｜沟通管理与干系人冲突案例模板 本专题与 T-CASE-001 和 T-COM-001 配合使用。提供&quot;沟通不畅与干系人冲突&quot;这一高频下午案例场景的专项诊断模板和答题框架。</div>
</div>",案例模板卡,B,3,下午案例,案例分析专题,T-COM-002,沟通管理与干系人冲突案例模板,SRC-T-COM-002-0001,topic_learning_packages/topics/14_案例分析专题/T-COM-002_专题学习包_沟通管理与干系人冲突案例模板.md,沟通管理与干系人冲突案例模板,"T-COM-002｜沟通管理与干系人冲突案例模板 本专题与 T-CASE-001 和 T-COM-001 配合使用。提供""沟通不畅与干系人冲突""这一高频下午案例场景的专项诊断模板和答题框架。",,,,,,,,,,sha256:c56191334b932d5436b7d26d,ruankao ruankao::anki_build::20260520_223914 ruankao::difficulty::3 ruankao::domain::案例分析专题 ruankao::exam_use::下午案例 ruankao::importance::B ruankao::source_grounded ruankao::topic ruankao::topic::T-COM-002 ruankao::type::案例模板卡,100,final,通过内容、来源和工程门禁
软考::系统集成项目管理工程师::专题学习::14_案例分析专题::T-COM-002_沟通管理与干系人冲突案例模板,RuankaoTopicCard,诊断框架（三问法）类案例应从哪些角度分析？,"<div class=""answer-block"">
<div class=""section-title"">【答案】</div>
<div>诊断框架（三问法） 问 1：干系人识别完整吗？ - 是否只识别了&quot;直接参与项目的核心团队&quot;而漏了&quot;受项目影响的部门/角色&quot;？</div>
</div>","<div class=""extra"">
<div class=""section-title"">【理解】</div>
<div>诊断框架（三问法） 问 1：干系人识别完整吗？ - 是否只识别了&quot;直接参与项目的核心团队&quot;而漏了&quot;受项目影响的部门/角色&quot;？。这张卡来自源材料中的具体段落，用于把讲义内容改写为可回忆判断。</div>
<div class=""section-title"">【记忆线索】</div>
<div>抓住题干中的对象、动作和输出，不背整段讲义。</div>
<div class=""section-title"">【易错点】</div>
<div>避免把相邻概念按字面相似性混用。</div>
<div class=""section-title"">【题干信号】</div>
<div>干系人</div>
<div class=""section-title"">【关联专题】</div>
<div>T-COM-002 沟通管理与干系人冲突案例模板</div>
<div class=""section-title"">【来源】</div>
<div>SRC-T-COM-002-0002：沟通管理与干系人冲突案例模板 &gt; 诊断框架（三问法）；诊断框架（三问法） 问 1：干系人识别完整吗？ - 是否只识别了&quot;直接参与项目的核心团队&quot;而漏了&quot;受项目影响的部门/角色&quot;？</div>
</div>",案例模板卡,B,3,下午案例,案例分析专题,T-COM-002,沟通管理与干系人冲突案例模板,SRC-T-COM-002-0002,topic_learning_packages/topics/14_案例分析专题/T-COM-002_专题学习包_沟通管理与干系人冲突案例模板.md,沟通管理与干系人冲突案例模板 > 诊断框架（三问法）,"诊断框架（三问法） 问 1：干系人识别完整吗？ - 是否只识别了""直接参与项目的核心团队""而漏了""受项目影响的部门/角色""？",,,,,,,,,,sha256:12744d678e08058837f0e81f,ruankao ruankao::anki_build::20260520_223914 ruankao::difficulty::3 ruankao::domain::案例分析专题 ruankao::exam_use::下午案例 ruankao::importance::B ruankao::source_grounded ruankao::topic ruankao::topic::T-COM-002 ruankao::type::案例模板卡,100,final,通过内容、来源和工程门禁
软考::系统集成项目管理工程师::专题学习::14_案例分析专题::T-COM-002_沟通管理与干系人冲突案例模板,RuankaoTopicCard,答题框架类案例应从哪些角度分析？,"<div class=""answer-block"">
<div class=""section-title"">【答案】</div>
<div>答题框架 步骤 内容 ------ 找问题 ① 干系人识别不完整——漏掉受项目影响的关键方 ② 沟通管理计划缺失或范围过窄 ③ 缺乏反馈确认机制 ④ 干系人参与度评估缺失 分析原因 项目启动阶段投入在干系人识别和沟通规划上的精力不足，只看&quot;谁在项目组里&quot;，没看&quot;谁受项目影响&quot; 提措施 ① 补充识别干系人→更新干系人登记册 ② 用参与度评估矩阵标出 C（当前）和 D（期望）的差距 ③ 制定针对每类干系人的沟通策略 ④ 建立反馈确认机制—在</div>
</div>","<div class=""extra"">
<div class=""section-title"">【理解】</div>
<div>答题框架 步骤 内容 ------ 找问题 ① 干系人识别不完整——漏掉受项目影响的关键方 ② 沟通管理计划缺失或范围过窄 ③ 缺乏反馈确认机制 ④ 干系人参与度评估缺失 分析原因 项目启动阶段投入在干系人识别和沟通规划上的精力不足，只看&quot;谁在项目组里&quot;，没看&quot;谁受项目影响&quot; 提措施 ① 补充识别干系人→更新干系人登记册 ② 用参与度评估矩阵标出 C（当前）和 D（期望）的差距 ③ 制定针对每类干系人的沟通策略 ④ 建立反馈确认机制—在。这张卡来自源材料中的具体段落，用于把讲义内容改写为可回忆判断。</div>
<div class=""section-title"">【记忆线索】</div>
<div>抓住题干中的对象、动作和输出，不背整段讲义。</div>
<div class=""section-title"">【易错点】</div>
<div>避免把相邻概念按字面相似性混用。</div>
<div class=""section-title"">【题干信号】</div>
<div>问题、评估、沟通、干系人</div>
<div class=""section-title"">【关联专题】</div>
<div>T-COM-002 沟通管理与干系人冲突案例模板</div>
<div class=""section-title"">【来源】</div>
<div>SRC-T-COM-002-0003：沟通管理与干系人冲突案例模板 &gt; 答题框架；答题框架 步骤 内容 ------ 找问题 ① 干系人识别不完整——漏掉受项目影响的关键方 ② 沟通管理计划缺失或范围过窄 ③ 缺乏反馈确认机制 ④ 干系人参与度评估缺失 分析原因 项目启动阶段投入在干系人识别和沟通规划上的精力不足，只看&quot;谁在项目组里&quot;，没看&quot;谁受项目影响&quot; 提措施 ① 补充识别干系人→更新干系人登记</div>
</div>",案例模板卡,B,3,下午案例,案例分析专题,T-COM-002,沟通管理与干系人冲突案例模板,SRC-T-COM-002-0003,topic_learning_packages/topics/14_案例分析专题/T-COM-002_专题学习包_沟通管理与干系人冲突案例模板.md,沟通管理与干系人冲突案例模板 > 答题框架,"答题框架 步骤 内容 ------ 找问题 ① 干系人识别不完整——漏掉受项目影响的关键方 ② 沟通管理计划缺失或范围过窄 ③ 缺乏反馈确认机制 ④ 干系人参与度评估缺失 分析原因 项目启动阶段投入在干系人识别和沟通规划上的精力不足，只看""谁在项目组里""，没看""谁受项目影响"" 提措施 ① 补充识别干系人→更新干系人登记册 ② 用参与度评估矩阵标出 C（当前）和 D（期望）的差距 ③ 制定针对每类干系人的沟通策略 ④ 建立反馈确认机制—在",,,,,,,,,,sha256:eb546f2bf53f621c4eaa86f9,ruankao ruankao::anki_build::20260520_223914 ruankao::difficulty::3 ruankao::domain::案例分析专题 ruankao::exam_use::下午案例 ruankao::importance::B ruankao::source_grounded ruankao::topic ruankao::topic::T-COM-002 ruankao::type::案例模板卡,100,final,通过内容、来源和工程门禁
软考::系统集成项目管理工程师::专题学习::14_案例分析专题::T-COM-002_沟通管理与干系人冲突案例模板,RuankaoTopicCard,案例训练片段类案例应从哪些角度分析？,"<div class=""answer-block"">
<div class=""section-title"">【答案】</div>
<div>案例训练片段 训练的片段｜突然的抵制 某集团 ERP 项目已实施 8 个月。在准备上线时，财务部突然拒绝配合数据迁移，理由&quot;我们不知道你们什么时候要上线，我们这个月财务结账不能动系统&quot;。</div>
</div>","<div class=""extra"">
<div class=""section-title"">【理解】</div>
<div>案例训练片段 训练的片段｜突然的抵制 某集团 ERP 项目已实施 8 个月。在准备上线时，财务部突然拒绝配合数据迁移，理由&quot;我们不知道你们什么时候要上线，我们这个月财务结账不能动系统&quot;。。这张卡来自源材料中的具体段落，用于把讲义内容改写为可回忆判断。</div>
<div class=""section-title"">【记忆线索】</div>
<div>抓住题干中的对象、动作和输出，不背整段讲义。</div>
<div class=""section-title"">【易错点】</div>
<div>避免把相邻概念按字面相似性混用。</div>
<div class=""section-title"">【题干信号】</div>
<div>ERP</div>
<div class=""section-title"">【关联专题】</div>
<div>T-COM-002 沟通管理与干系人冲突案例模板</div>
<div class=""section-title"">【来源】</div>
<div>SRC-T-COM-002-0004：沟通管理与干系人冲突案例模板 &gt; 案例训练片段；案例训练片段 训练的片段｜突然的抵制 某集团 ERP 项目已实施 8 个月。在准备上线时，财务部突然拒绝配合数据迁移，理由&quot;我们不知道你们什么时候要上线，我们这个月财务结账不能动系统&quot;。</div>
</div>",案例模板卡,B,3,下午案例,案例分析专题,T-COM-002,沟通管理与干系人冲突案例模板,SRC-T-COM-002-0004,topic_learning_packages/topics/14_案例分析专题/T-COM-002_专题学习包_沟通管理与干系人冲突案例模板.md,沟通管理与干系人冲突案例模板 > 案例训练片段,"案例训练片段 训练的片段｜突然的抵制 某集团 ERP 项目已实施 8 个月。在准备上线时，财务部突然拒绝配合数据迁移，理由""我们不知道你们什么时候要上线，我们这个月财务结账不能动系统""。",,,,,,,,,,sha256:0408b385b8829f03555494ad,ruankao ruankao::anki_build::20260520_223914 ruankao::difficulty::3 ruankao::domain::案例分析专题 ruankao::exam_use::下午案例 ruankao::importance::B ruankao::source_grounded ruankao::topic ruankao::topic::T-COM-002 ruankao::type::案例模板卡,100,final,通过内容、来源和工程门禁
软考::系统集成项目管理工程师::专题学习::14_案例分析专题::T-COM-002_沟通管理与干系人冲突案例模板,RuankaoTopicCard,本轮真题覆盖增强类案例应从哪些角度分析？,"<div class=""answer-block"">
<div class=""section-title"">【答案】</div>
<div>本轮真题覆盖增强：干系人冲突案例 本节把 questions.full.clean.md 与既有真题映射中的高频考法反查回本专题。2019 范围案例里客户主管长期缺席、翻译传递失真，是沟通与干系人管理的典型证据。</div>
</div>","<div class=""extra"">
<div class=""section-title"">【理解】</div>
<div>本轮真题覆盖增强：干系人冲突案例 本节把 questions.full.clean.md 与既有真题映射中的高频考法反查回本专题。2019 范围案例里客户主管长期缺席、翻译传递失真，是沟通与干系人管理的典型证据。。这张卡来自源材料中的具体段落，用于把讲义内容改写为可回忆判断。</div>
<div class=""section-title"">【记忆线索】</div>
<div>抓住题干中的对象、动作和输出，不背整段讲义。</div>
<div class=""section-title"">【易错点】</div>
<div>避免把相邻概念按字面相似性混用。</div>
<div class=""section-title"">【题干信号】</div>
<div>沟通、干系人</div>
<div class=""section-title"">【关联专题】</div>
<div>T-COM-002 沟通管理与干系人冲突案例模板</div>
<div class=""section-title"">【来源】</div>
<div>SRC-T-COM-002-0005：沟通管理与干系人冲突案例模板 &gt; 本轮真题覆盖增强：干系人冲突案例；本轮真题覆盖增强：干系人冲突案例 本节把 questions.full.clean.md 与既有真题映射中的高频考法反查回本专题。2019 范围案例里客户主管长期缺席、翻译传递失真，是沟通与干系人管理的典型证据。</div>
</div>",案例模板卡,B,3,下午案例,案例分析专题,T-COM-002,沟通管理与干系人冲突案例模板,SRC-T-COM-002-0005,topic_learning_packages/topics/14_案例分析专题/T-COM-002_专题学习包_沟通管理与干系人冲突案例模板.md,沟通管理与干系人冲突案例模板 > 本轮真题覆盖增强：干系人冲突案例,本轮真题覆盖增强：干系人冲突案例 本节把 questions.full.clean.md 与既有真题映射中的高频考法反查回本专题。2019 范围案例里客户主管长期缺席、翻译传递失真，是沟通与干系人管理的典型证据。,,,,,,,,,,sha256:442e82246c0627bc965dfa39,ruankao ruankao::anki_build::20260520_223914 ruankao::difficulty::3 ruankao::domain::案例分析专题 ruankao::exam_use::下午案例 ruankao::importance::B ruankao::source_grounded ruankao::topic ruankao::topic::T-COM-002 ruankao::type::案例模板卡,100,final,通过内容、来源和工程门禁
软考::系统集成项目管理工程师::专题学习::14_案例分析专题::T-COM-002_沟通管理与干系人冲突案例模板,RuankaoTopicCard,题干出现哪些信号时，应想到“沟通与干系人冲突案例模板”？,"<div class=""answer-block"">
<div class=""section-title"">【答案】</div>
<div>围绕“沟通管理与干系人冲突案例模板”的对象、动作、输出物、责任主体和常见陷阱定位考点。</div>
</div>","<div class=""extra"">
<div class=""section-title"">【理解】</div>
<div>围绕“沟通管理与干系人冲突案例模板”的对象、动作、输出物、责任主体和常见陷阱定位考点。。这张卡来自源材料中的具体段落，用于把讲义内容改写为可回忆判断。</div>
<div class=""section-title"">【记忆线索】</div>
<div>抓住题干中的对象、动作和输出，不背整段讲义。</div>
<div class=""section-title"">【易错点】</div>
<div>避免把相邻概念按字面相似性混用。</div>
<div class=""section-title"">【题干信号】</div>
<div>沟通、干系人</div>
<div class=""section-title"">【关联专题】</div>
<div>T-COM-002 沟通管理与干系人冲突案例模板</div>
<div class=""section-title"">【来源】</div>
<div>SRC-T-COM-002-0001：沟通管理与干系人冲突案例模板；T-COM-002｜沟通管理与干系人冲突案例模板 本专题与 T-CASE-001 和 T-COM-001 配合使用。提供&quot;沟通不畅与干系人冲突&quot;这一高频下午案例场景的专项诊断模板和答题框架。</div>
</div>",关键词识别卡,B,3,上午选择,案例分析专题,T-COM-002,沟通管理与干系人冲突案例模板,SRC-T-COM-002-0001,topic_learning_packages/topics/14_案例分析专题/T-COM-002_专题学习包_沟通管理与干系人冲突案例模板.md,沟通管理与干系人冲突案例模板,"T-COM-002｜沟通管理与干系人冲突案例模板 本专题与 T-CASE-001 和 T-COM-001 配合使用。提供""沟通不畅与干系人冲突""这一高频下午案例场景的专项诊断模板和答题框架。",,,,,,,,,,sha256:92c2f730b07b8fdafbaaa61c,ruankao ruankao::anki_build::20260520_223914 ruankao::difficulty::3 ruankao::domain::案例分析专题 ruankao::exam_use::上午选择 ruankao::importance::B ruankao::source_grounded ruankao::topic ruankao::topic::T-COM-002 ruankao::type::关键词识别卡,100,final,通过内容、来源和工程门禁
软考::系统集成项目管理工程师::专题学习::14_案例分析专题::T-COM-002_沟通管理与干系人冲突案例模板,RuankaoTopicCard,沟通与干系人冲突案例模板中，诊断框架（三问法）的考试判断要点是什么？,"<div class=""answer-block"">
<div class=""section-title"">【答案】</div>
<div>诊断框架（三问法） 问 1：干系人识别完整吗？ - 是否只识别了&quot;直接参与项目的核心团队&quot;而漏了&quot;受项目影响的部门/角色&quot;？</div>
</div>","<div class=""extra"">
<div class=""section-title"">【理解】</div>
<div>诊断框架（三问法） 问 1：干系人识别完整吗？ - 是否只识别了&quot;直接参与项目的核心团队&quot;而漏了&quot;受项目影响的部门/角色&quot;？。这张卡来自源材料中的具体段落，用于把讲义内容改写为可回忆判断。</div>
<div class=""section-title"">【记忆线索】</div>
<div>抓住题干中的对象、动作和输出，不背整段讲义。</div>
<div class=""section-title"">【易错点】</div>
<div>避免把相邻概念按字面相似性混用。</div>
<div class=""section-title"">【题干信号】</div>
<div>沟通、干系人</div>
<div class=""section-title"">【关联专题】</div>
<div>T-COM-002 沟通管理与干系人冲突案例模板</div>
<div class=""section-title"">【来源】</div>
<div>SRC-T-COM-002-0002：沟通管理与干系人冲突案例模板 &gt; 诊断框架（三问法）；诊断框架（三问法） 问 1：干系人识别完整吗？ - 是否只识别了&quot;直接参与项目的核心团队&quot;而漏了&quot;受项目影响的部门/角色&quot;？</div>
</div>",案例模板卡,C,3,上午选择,案例分析专题,T-COM-002,沟通管理与干系人冲突案例模板,SRC-T-COM-002-0002,topic_learning_packages/topics/14_案例分析专题/T-COM-002_专题学习包_沟通管理与干系人冲突案例模板.md,沟通管理与干系人冲突案例模板 > 诊断框架（三问法）,"诊断框架（三问法） 问 1：干系人识别完整吗？ - 是否只识别了""直接参与项目的核心团队""而漏了""受项目影响的部门/角色""？",,,,,,,,,,sha256:8c0f9be1dba98e3d29f89529,ruankao ruankao::anki_build::20260520_223914 ruankao::difficulty::3 ruankao::domain::案例分析专题 ruankao::exam_use::上午选择 ruankao::importance::C ruankao::source_grounded ruankao::topic ruankao::topic::T-COM-002 ruankao::type::案例模板卡,84,final,通过内容、来源和工程门禁；源材料自动扩展卡，建议后续人工润色
软考::系统集成项目管理工程师::专题学习::14_案例分析专题::T-COM-002_沟通管理与干系人冲突案例模板,RuankaoTopicCard,沟通与干系人冲突案例模板中，答题框架的考试判断要点是什么？,"<div class=""answer-block"">
<div class=""section-title"">【答案】</div>
<div>答题框架 步骤 内容 ------ 找问题 ① 干系人识别不完整——漏掉受项目影响的关键方 ② 沟通管理计划缺失或范围过窄 ③ 缺乏反馈确认机制 ④ 干系人参与度评估缺失 分析原因 项目启动阶段投入在干系人识别和沟通规划上的精力不足，只看&quot;谁在项目组里&quot;，没看&quot;谁受项目影响&quot; 提措施 ① 补充识别干系人→更新干系人登记册 ② 用参与度评估矩阵标出 C（当前）和 D（期望）的差距 ③ 制定针对每类干系人的沟通策略 ④ 建立反馈确认机制—在</div>
</div>","<div class=""extra"">
<div class=""section-title"">【理解】</div>
<div>答题框架 步骤 内容 ------ 找问题 ① 干系人识别不完整——漏掉受项目影响的关键方 ② 沟通管理计划缺失或范围过窄 ③ 缺乏反馈确认机制 ④ 干系人参与度评估缺失 分析原因 项目启动阶段投入在干系人识别和沟通规划上的精力不足，只看&quot;谁在项目组里&quot;，没看&quot;谁受项目影响&quot; 提措施 ① 补充识别干系人→更新干系人登记册 ② 用参与度评估矩阵标出 C（当前）和 D（期望）的差距 ③ 制定针对每类干系人的沟通策略 ④ 建立反馈确认机制—在。这张卡来自源材料中的具体段落，用于把讲义内容改写为可回忆判断。</div>
<div class=""section-title"">【记忆线索】</div>
<div>抓住题干中的对象、动作和输出，不背整段讲义。</div>
<div class=""section-title"">【易错点】</div>
<div>避免把相邻概念按字面相似性混用。</div>
<div class=""section-title"">【题干信号】</div>
<div>问题、评估、沟通、干系人</div>
<div class=""section-title"">【关联专题】</div>
<div>T-COM-002 沟通管理与干系人冲突案例模板</div>
<div class=""section-title"">【来源】</div>
<div>SRC-T-COM-002-0003：沟通管理与干系人冲突案例模板 &gt; 答题框架；答题框架 步骤 内容 ------ 找问题 ① 干系人识别不完整——漏掉受项目影响的关键方 ② 沟通管理计划缺失或范围过窄 ③ 缺乏反馈确认机制 ④ 干系人参与度评估缺失 分析原因 项目启动阶段投入在干系人识别和沟通规划上的精力不足，只看&quot;谁在项目组里&quot;，没看&quot;谁受项目影响&quot; 提措施 ① 补充识别干系人→更新干系人登记</div>
</div>",案例模板卡,C,3,上午选择,案例分析专题,T-COM-002,沟通管理与干系人冲突案例模板,SRC-T-COM-002-0003,topic_learning_packages/topics/14_案例分析专题/T-COM-002_专题学习包_沟通管理与干系人冲突案例模板.md,沟通管理与干系人冲突案例模板 > 答题框架,"答题框架 步骤 内容 ------ 找问题 ① 干系人识别不完整——漏掉受项目影响的关键方 ② 沟通管理计划缺失或范围过窄 ③ 缺乏反馈确认机制 ④ 干系人参与度评估缺失 分析原因 项目启动阶段投入在干系人识别和沟通规划上的精力不足，只看""谁在项目组里""，没看""谁受项目影响"" 提措施 ① 补充识别干系人→更新干系人登记册 ② 用参与度评估矩阵标出 C（当前）和 D（期望）的差距 ③ 制定针对每类干系人的沟通策略 ④ 建立反馈确认机制—在",,,,,,,,,,sha256:ea3f44bb42add3fe28f22a1e,ruankao ruankao::anki_build::20260520_223914 ruankao::difficulty::3 ruankao::domain::案例分析专题 ruankao::exam_use::上午选择 ruankao::importance::C ruankao::source_grounded ruankao::topic ruankao::topic::T-COM-002 ruankao::type::案例模板卡,84,final,通过内容、来源和工程门禁；源材料自动扩展卡，建议后续人工润色
软考::系统集成项目管理工程师::专题学习::99_综合专题与跨域辨析::T-CROSS-001_高频跨域概念辨析与易错点,RuankaoTopicCard,高频跨域概念辨析与易错点类案例应从哪些角度分析？,"<div class=""answer-block"">
<div class=""section-title"">【答案】</div>
<div>T-CROSS-001｜高频跨域概念辨析与易错点 本专题用于集中辨析系统集成项目管理工程师考试中最容易在选择题和案例题中被混淆的高频概念对。这些概念对跨域出现，如果你只背了各自独立的定义，不知道它们在真题中怎么被&quot;调换着问&quot;，就很容易失分。</div>
</div>","<div class=""extra"">
<div class=""section-title"">【理解】</div>
<div>T-CROSS-001｜高频跨域概念辨析与易错点 本专题用于集中辨析系统集成项目管理工程师考试中最容易在选择题和案例题中被混淆的高频概念对。这些概念对跨域出现，如果你只背了各自独立的定义，不知道它们在真题中怎么被&quot;调换着问&quot;，就很容易失分。。这张卡来自源材料中的具体段落，用于把讲义内容改写为可回忆判断。</div>
<div class=""section-title"">【记忆线索】</div>
<div>抓住题干中的对象、动作和输出，不背整段讲义。</div>
<div class=""section-title"">【易错点】</div>
<div>避免把相邻概念按字面相似性混用。</div>
<div class=""section-title"">【题干信号】</div>
<div>定义识别、场景判断、角色/流程边界。</div>
<div class=""section-title"">【关联专题】</div>
<div>T-CROSS-001 高频跨域概念辨析与易错点</div>
<div class=""section-title"">【来源】</div>
<div>SRC-T-CROSS-001-0001：高频跨域概念辨析与易错点；T-CROSS-001｜高频跨域概念辨析与易错点 本专题用于集中辨析系统集成项目管理工程师考试中最容易在选择题和案例题中被混淆的高频概念对。这些概念对跨域出现，如果你只背了各自独立的定义，不知道它们在真题中怎么被&quot;调换着问&quot;，就很容易失分。</div>
</div>",案例模板卡,B,3,下午案例,综合专题与跨域辨析,T-CROSS-001,高频跨域概念辨析与易错点,SRC-T-CROSS-001-0001,topic_learning_packages/topics/99_综合专题与跨域辨析/T-CROSS-001_专题学习包_高频跨域概念辨析与易错点.md,高频跨域概念辨析与易错点,"T-CROSS-001｜高频跨域概念辨析与易错点 本专题用于集中辨析系统集成项目管理工程师考试中最容易在选择题和案例题中被混淆的高频概念对。这些概念对跨域出现，如果你只背了各自独立的定义，不知道它们在真题中怎么被""调换着问""，就很容易失分。",,,,,,,,,,sha256:80d9c622a374e99c5805d8ad,ruankao ruankao::anki_build::20260520_223914 ruankao::cross_topic ruankao::difficulty::3 ruankao::domain::综合专题与跨域辨析 ruankao::exam_use::下午案例 ruankao::importance::B ruankao::source_grounded ruankao::topic ruankao::topic::T-CROSS-001 ruankao::type::案例模板卡,100,final,通过内容、来源和工程门禁
软考::系统集成项目管理工程师::专题学习::99_综合专题与跨域辨析::T-CROSS-001_高频跨域概念辨析与易错点,RuankaoTopicCard,高频跨域概念辨析与易错点的核心区别或边界是什么？,"<div class=""answer-block"">
<div class=""section-title"">【答案】</div>
<div>先看这个专题的主线 以下概念辨析按考试频率排列。每个辨析都包含：概念核心、关键区别、常考调换方式、一句话判断口诀。</div>
</div>","<div class=""extra"">
<div class=""section-title"">【理解】</div>
<div>先看这个专题的主线 以下概念辨析按考试频率排列。每个辨析都包含：概念核心、关键区别、常考调换方式、一句话判断口诀。。这张卡来自源材料中的具体段落，用于把讲义内容改写为可回忆判断。</div>
<div class=""section-title"">【记忆线索】</div>
<div>先判断对象、责任主体、时间点和输出物，再排除张冠李戴的选项。</div>
<div class=""section-title"">【易错点】</div>
<div>避免把相邻概念按字面相似性混用。</div>
<div class=""section-title"">【题干信号】</div>
<div>定义识别、场景判断、角色/流程边界。</div>
<div class=""section-title"">【关联专题】</div>
<div>T-CROSS-001 高频跨域概念辨析与易错点</div>
<div class=""section-title"">【来源】</div>
<div>SRC-T-CROSS-001-0002：高频跨域概念辨析与易错点 &gt; 先看这个专题的主线；先看这个专题的主线 以下概念辨析按考试频率排列。每个辨析都包含：概念核心、关键区别、常考调换方式、一句话判断口诀。</div>
</div>",辨析卡,B,3,上午选择,综合专题与跨域辨析,T-CROSS-001,高频跨域概念辨析与易错点,SRC-T-CROSS-001-0002,topic_learning_packages/topics/99_综合专题与跨域辨析/T-CROSS-001_专题学习包_高频跨域概念辨析与易错点.md,高频跨域概念辨析与易错点 > 先看这个专题的主线,先看这个专题的主线 以下概念辨析按考试频率排列。每个辨析都包含：概念核心、关键区别、常考调换方式、一句话判断口诀。,,,,,,,,,,sha256:0abdf6b487e716c17e6362ab,ruankao ruankao::anki_build::20260520_223914 ruankao::cross_topic ruankao::difficulty::3 ruankao::domain::综合专题与跨域辨析 ruankao::exam_use::上午选择 ruankao::importance::B ruankao::source_grounded ruankao::topic ruankao::topic::T-CROSS-001 ruankao::type::辨析卡,100,final,通过内容、来源和工程门禁
软考::系统集成项目管理工程师::专题学习::99_综合专题与跨域辨析::T-CROSS-001_高频跨域概念辨析与易错点,RuankaoTopicCard,辨析 1类案例应从哪些角度分析？,"<div class=""answer-block"">
<div class=""section-title"">【答案】</div>
<div>辨析 1：项目章程 vs 项目管理计划 [高 频] 选择题和案例题中最高频的调换对。 维度 项目章程 项目管理计划 --------- 谁发布 发起人（或项目以外的高层） 项目经理领导制定，团队参与 主要作用 正式批准项目存在，授权项目经理动用资源 说明项目将如何执行、监督和控制 内容层级 高层级：项目目标、总体范围、里程碑、关键干系人 详细：各子管理计划 + 三大基准（范围/进度/成本） 生成时间 项目最早，启动过程组 规划过程组，章</div>
</div>","<div class=""extra"">
<div class=""section-title"">【理解】</div>
<div>辨析 1：项目章程 vs 项目管理计划 [高 频] 选择题和案例题中最高频的调换对。 维度 项目章程 项目管理计划 --------- 谁发布 发起人（或项目以外的高层） 项目经理领导制定，团队参与 主要作用 正式批准项目存在，授权项目经理动用资源 说明项目将如何执行、监督和控制 内容层级 高层级：项目目标、总体范围、里程碑、关键干系人 详细：各子管理计划 + 三大基准（范围/进度/成本） 生成时间 项目最早，启动过程组 规划过程组，章。这张卡来自源材料中的具体段落，用于把讲义内容改写为可回忆判断。</div>
<div class=""section-title"">【记忆线索】</div>
<div>抓住题干中的对象、动作和输出，不背整段讲义。</div>
<div class=""section-title"">【易错点】</div>
<div>避免把相邻概念按字面相似性混用。</div>
<div class=""section-title"">【题干信号】</div>
<div>章程、干系人</div>
<div class=""section-title"">【关联专题】</div>
<div>T-CROSS-001 高频跨域概念辨析与易错点</div>
<div class=""section-title"">【来源】</div>
<div>SRC-T-CROSS-001-0003：高频跨域概念辨析与易错点 &gt; 辨析 1：项目章程 vs 项目管理计划；辨析 1：项目章程 vs 项目管理计划 [高 频] 选择题和案例题中最高频的调换对。 维度 项目章程 项目管理计划 --------- 谁发布 发起人（或项目以外的高层） 项目经理领导制定，团队参与 主要作用 正式批准项目存在，授权项目经理动用资源 说明项目将如何执行、监督和控制 内容层级 高层级：项目目标、总体范围、</div>
</div>",案例模板卡,B,3,下午案例,综合专题与跨域辨析,T-CROSS-001,高频跨域概念辨析与易错点,SRC-T-CROSS-001-0003,topic_learning_packages/topics/99_综合专题与跨域辨析/T-CROSS-001_专题学习包_高频跨域概念辨析与易错点.md,高频跨域概念辨析与易错点 > 辨析 1：项目章程 vs 项目管理计划,辨析 1：项目章程 vs 项目管理计划 [高 频] 选择题和案例题中最高频的调换对。 维度 项目章程 项目管理计划 --------- 谁发布 发起人（或项目以外的高层） 项目经理领导制定，团队参与 主要作用 正式批准项目存在，授权项目经理动用资源 说明项目将如何执行、监督和控制 内容层级 高层级：项目目标、总体范围、里程碑、关键干系人 详细：各子管理计划 + 三大基准（范围/进度/成本） 生成时间 项目最早，启动过程组 规划过程组，章,,,,,,,,,,sha256:0e3a431f71c8e5f8e3ca51f1,ruankao ruankao::anki_build::20260520_223914 ruankao::cross_topic ruankao::difficulty::3 ruankao::domain::综合专题与跨域辨析 ruankao::exam_use::下午案例 ruankao::importance::B ruankao::source_grounded ruankao::topic ruankao::topic::T-CROSS-001 ruankao::type::案例模板卡,100,final,通过内容、来源和工程门禁
软考::系统集成项目管理工程师::专题学习::99_综合专题与跨域辨析::T-CROSS-001_高频跨域概念辨析与易错点,RuankaoTopicCard,题干出现哪些信号时，应想到辨析 4？,"<div class=""answer-block"">
<div class=""section-title"">【答案】</div>
<div>辨析 4：赶工 vs 快速跟进 vs 资源平衡 [高 频] 参见 T007 专题的详细讲解。 方法 核心动作 主要代价 关键词 ------------ 赶工 增加资源/加班 成本增加 &quot;加人&quot;&quot;加班&quot;&quot;加资源&quot;&quot;增加投入&quot; 快速跟进 活动并行/重叠 风险增加、返工 &quot;并行&quot;&quot;重叠&quot;&quot;同时做&quot;&quot;未完成就提前开始&quot; 资源平衡 调整活动时间以适应资源限制 工期可能延长 &quot;资源冲突&quot;&quot;资源过度分配&quot;&quot;同一资源被多用&quot; 一句话判断：赶工 = 加</div>
</div>","<div class=""extra"">
<div class=""section-title"">【理解】</div>
<div>辨析 4：赶工 vs 快速跟进 vs 资源平衡 [高 频] 参见 T007 专题的详细讲解。 方法 核心动作 主要代价 关键词 ------------ 赶工 增加资源/加班 成本增加 &quot;加人&quot;&quot;加班&quot;&quot;加资源&quot;&quot;增加投入&quot; 快速跟进 活动并行/重叠 风险增加、返工 &quot;并行&quot;&quot;重叠&quot;&quot;同时做&quot;&quot;未完成就提前开始&quot; 资源平衡 调整活动时间以适应资源限制 工期可能延长 &quot;资源冲突&quot;&quot;资源过度分配&quot;&quot;同一资源被多用&quot; 一句话判断：赶工 = 加。这张卡来自源材料中的具体段落，用于把讲义内容改写为可回忆判断。</div>
<div class=""section-title"">【记忆线索】</div>
<div>抓住题干中的对象、动作和输出，不背整段讲义。</div>
<div class=""section-title"">【易错点】</div>
<div>避免把相邻概念按字面相似性混用。</div>
<div class=""section-title"">【题干信号】</div>
<div>风险</div>
<div class=""section-title"">【关联专题】</div>
<div>T-CROSS-001 高频跨域概念辨析与易错点</div>
<div class=""section-title"">【来源】</div>
<div>SRC-T-CROSS-001-0006：高频跨域概念辨析与易错点 &gt; 辨析 4：赶工 vs 快速跟进 vs 资源平衡；辨析 4：赶工 vs 快速跟进 vs 资源平衡 [高 频] 参见 T007 专题的详细讲解。 方法 核心动作 主要代价 关键词 ------------ 赶工 增加资源/加班 成本增加 &quot;加人&quot;&quot;加班&quot;&quot;加资源&quot;&quot;增加投入&quot; 快速跟进 活动并行/重叠 风险增加、返工 &quot;并行&quot;&quot;重叠&quot;&quot;同时做&quot;&quot;未完成就提前开始&quot; 资源</div>
</div>",关键词识别卡,B,3,上午选择,综合专题与跨域辨析,T-CROSS-001,高频跨域概念辨析与易错点,SRC-T-CROSS-001-0006,topic_learning_packages/topics/99_综合专题与跨域辨析/T-CROSS-001_专题学习包_高频跨域概念辨析与易错点.md,高频跨域概念辨析与易错点 > 辨析 4：赶工 vs 快速跟进 vs 资源平衡,"辨析 4：赶工 vs 快速跟进 vs 资源平衡 [高 频] 参见 T007 专题的详细讲解。 方法 核心动作 主要代价 关键词 ------------ 赶工 增加资源/加班 成本增加 ""加人""""加班""""加资源""""增加投入"" 快速跟进 活动并行/重叠 风险增加、返工 ""并行""""重叠""""同时做""""未完成就提前开始"" 资源平衡 调整活动时间以适应资源限制 工期可能延长 ""资源冲突""""资源过度分配""""同一资源被多用"" 一句话判断：赶工 = 加",,,,,,,,,,sha256:4e331da5b06c4ffca697d00e,ruankao ruankao::anki_build::20260520_223914 ruankao::cross_topic ruankao::difficulty::3 ruankao::domain::综合专题与跨域辨析 ruankao::exam_use::上午选择 ruankao::importance::B ruankao::source_grounded ruankao::topic ruankao::topic::T-CROSS-001 ruankao::type::关键词识别卡,90,final,Back 偏长
软考::系统集成项目管理工程师::专题学习::99_综合专题与跨域辨析::T-CROSS-001_高频跨域概念辨析与易错点,RuankaoTopicCard,辨析 6类案例应从哪些角度分析？,"<div class=""answer-block"">
<div class=""section-title"">【答案】</div>
<div>辨析 6：纠正措施 vs 预防措施 vs 缺陷补救 [中 频] 参见 T-INT-004 专题的变更请求分类。 - 纠正措施：使项目绩效和计划重新一致（事后纠偏，针对过程） - 预防措施：确保未来绩效符合计划（事前预防，针对过程） - 缺陷补救：修复不符合要求的产品组件（针对产品） 一句话判断：纠正 = &quot;偏了拉回来&quot;，预防 = &quot;还没偏先堵住&quot;，缺陷补救 = &quot;产品坏了修好&quot;。</div>
</div>","<div class=""extra"">
<div class=""section-title"">【理解】</div>
<div>辨析 6：纠正措施 vs 预防措施 vs 缺陷补救 [中 频] 参见 T-INT-004 专题的变更请求分类。 - 纠正措施：使项目绩效和计划重新一致（事后纠偏，针对过程） - 预防措施：确保未来绩效符合计划（事前预防，针对过程） - 缺陷补救：修复不符合要求的产品组件（针对产品） 一句话判断：纠正 = &quot;偏了拉回来&quot;，预防 = &quot;还没偏先堵住&quot;，缺陷补救 = &quot;产品坏了修好&quot;。。这张卡来自源材料中的具体段落，用于把讲义内容改写为可回忆判断。</div>
<div class=""section-title"">【记忆线索】</div>
<div>抓住题干中的对象、动作和输出，不背整段讲义。</div>
<div class=""section-title"">【易错点】</div>
<div>避免把相邻概念按字面相似性混用。</div>
<div class=""section-title"">【题干信号】</div>
<div>变更</div>
<div class=""section-title"">【关联专题】</div>
<div>T-CROSS-001 高频跨域概念辨析与易错点</div>
<div class=""section-title"">【来源】</div>
<div>SRC-T-CROSS-001-0008：高频跨域概念辨析与易错点 &gt; 辨析 6：纠正措施 vs 预防措施 vs 缺陷补救；辨析 6：纠正措施 vs 预防措施 vs 缺陷补救 [中 频] 参见 T-INT-004 专题的变更请求分类。 - 纠正措施：使项目绩效和计划重新一致（事后纠偏，针对过程） - 预防措施：确保未来绩效符合计划（事前预防，针对过程） - 缺陷补救：修复不符合要求的产品组件（针对产品） 一句话判断：纠正 = &quot;偏了拉回来&quot;</div>
</div>",案例模板卡,B,3,下午案例,综合专题与跨域辨析,T-CROSS-001,高频跨域概念辨析与易错点,SRC-T-CROSS-001-0008,topic_learning_packages/topics/99_综合专题与跨域辨析/T-CROSS-001_专题学习包_高频跨域概念辨析与易错点.md,高频跨域概念辨析与易错点 > 辨析 6：纠正措施 vs 预防措施 vs 缺陷补救,"辨析 6：纠正措施 vs 预防措施 vs 缺陷补救 [中 频] 参见 T-INT-004 专题的变更请求分类。 - 纠正措施：使项目绩效和计划重新一致（事后纠偏，针对过程） - 预防措施：确保未来绩效符合计划（事前预防，针对过程） - 缺陷补救：修复不符合要求的产品组件（针对产品） 一句话判断：纠正 = ""偏了拉回来""，预防 = ""还没偏先堵住""，缺陷补救 = ""产品坏了修好""。",,,,,,,,,,sha256:00e130f02c3b34e923b99333,ruankao ruankao::anki_build::20260520_223914 ruankao::cross_topic ruankao::difficulty::3 ruankao::domain::综合专题与跨域辨析 ruankao::exam_use::下午案例 ruankao::importance::B ruankao::source_grounded ruankao::topic ruankao::topic::T-CROSS-001 ruankao::type::案例模板卡,100,final,通过内容、来源和工程门禁
软考::系统集成项目管理工程师::专题学习::99_综合专题与跨域辨析::T-CROSS-001_高频跨域概念辨析与易错点,RuankaoTopicCard,辨析 7的核心区别或边界是什么？,"<div class=""answer-block"">
<div class=""section-title"">【答案】</div>
<div>辨析 7：风险登记册 vs 问题日志 - 风险登记册：记录的是未来的、可能发生但尚未发生的事件（风险 = 不确定性）。 - 问题日志：记录的是已经发生的、正在影响项目的事件（问题 = 已发生的风险或新出现的确定性问题）。</div>
</div>","<div class=""extra"">
<div class=""section-title"">【理解】</div>
<div>辨析 7：风险登记册 vs 问题日志 - 风险登记册：记录的是未来的、可能发生但尚未发生的事件（风险 = 不确定性）。 - 问题日志：记录的是已经发生的、正在影响项目的事件（问题 = 已发生的风险或新出现的确定性问题）。。这张卡来自源材料中的具体段落，用于把讲义内容改写为可回忆判断。</div>
<div class=""section-title"">【记忆线索】</div>
<div>先判断对象、责任主体、时间点和输出物，再排除张冠李戴的选项。</div>
<div class=""section-title"">【易错点】</div>
<div>避免把相邻概念按字面相似性混用。</div>
<div class=""section-title"">【题干信号】</div>
<div>风险、问题</div>
<div class=""section-title"">【关联专题】</div>
<div>T-CROSS-001 高频跨域概念辨析与易错点</div>
<div class=""section-title"">【来源】</div>
<div>SRC-T-CROSS-001-0009：高频跨域概念辨析与易错点 &gt; 辨析 7：风险登记册 vs 问题日志；辨析 7：风险登记册 vs 问题日志 - 风险登记册：记录的是未来的、可能发生但尚未发生的事件（风险 = 不确定性）。 - 问题日志：记录的是已经发生的、正在影响项目的事件（问题 = 已发生的风险或新出现的确定性问题）。</div>
</div>",辨析卡,B,3,上午选择,综合专题与跨域辨析,T-CROSS-001,高频跨域概念辨析与易错点,SRC-T-CROSS-001-0009,topic_learning_packages/topics/99_综合专题与跨域辨析/T-CROSS-001_专题学习包_高频跨域概念辨析与易错点.md,高频跨域概念辨析与易错点 > 辨析 7：风险登记册 vs 问题日志,辨析 7：风险登记册 vs 问题日志 - 风险登记册：记录的是未来的、可能发生但尚未发生的事件（风险 = 不确定性）。 - 问题日志：记录的是已经发生的、正在影响项目的事件（问题 = 已发生的风险或新出现的确定性问题）。,,,,,,,,,,sha256:6be3e32e509a367e56943e85,ruankao ruankao::anki_build::20260520_223914 ruankao::cross_topic ruankao::difficulty::3 ruankao::domain::综合专题与跨域辨析 ruankao::exam_use::上午选择 ruankao::importance::B ruankao::source_grounded ruankao::topic ruankao::topic::T-CROSS-001 ruankao::type::辨析卡,100,final,通过内容、来源和工程门禁
软考::系统集成项目管理工程师::专题学习::99_综合专题与跨域辨析::T-CROSS-001_高频跨域概念辨析与易错点,RuankaoTopicCard,辨析 8的核心区别或边界是什么？,"<div class=""answer-block"">
<div class=""section-title"">【答案】</div>
<div>辨析 8：管理收尾 vs 合同收尾 - 管理收尾（行政收尾）：项目或阶段结束时的全面收尾活动。包括验收可交付成果、总结经验教训、归档项目文件、释放资源。</div>
</div>","<div class=""extra"">
<div class=""section-title"">【理解】</div>
<div>辨析 8：管理收尾 vs 合同收尾 - 管理收尾（行政收尾）：项目或阶段结束时的全面收尾活动。包括验收可交付成果、总结经验教训、归档项目文件、释放资源。。这张卡来自源材料中的具体段落，用于把讲义内容改写为可回忆判断。</div>
<div class=""section-title"">【记忆线索】</div>
<div>先判断对象、责任主体、时间点和输出物，再排除张冠李戴的选项。</div>
<div class=""section-title"">【易错点】</div>
<div>避免把相邻概念按字面相似性混用。</div>
<div class=""section-title"">【题干信号】</div>
<div>验收、合同</div>
<div class=""section-title"">【关联专题】</div>
<div>T-CROSS-001 高频跨域概念辨析与易错点</div>
<div class=""section-title"">【来源】</div>
<div>SRC-T-CROSS-001-0010：高频跨域概念辨析与易错点 &gt; 辨析 8：管理收尾 vs 合同收尾；辨析 8：管理收尾 vs 合同收尾 - 管理收尾（行政收尾）：项目或阶段结束时的全面收尾活动。包括验收可交付成果、总结经验教训、归档项目文件、释放资源。</div>
</div>",辨析卡,B,3,上午选择,综合专题与跨域辨析,T-CROSS-001,高频跨域概念辨析与易错点,SRC-T-CROSS-001-0010,topic_learning_packages/topics/99_综合专题与跨域辨析/T-CROSS-001_专题学习包_高频跨域概念辨析与易错点.md,高频跨域概念辨析与易错点 > 辨析 8：管理收尾 vs 合同收尾,辨析 8：管理收尾 vs 合同收尾 - 管理收尾（行政收尾）：项目或阶段结束时的全面收尾活动。包括验收可交付成果、总结经验教训、归档项目文件、释放资源。,,,,,,,,,,sha256:08ceb7bf77354d8c91f14858,ruankao ruankao::anki_build::20260520_223914 ruankao::cross_topic ruankao::difficulty::3 ruankao::domain::综合专题与跨域辨析 ruankao::exam_use::上午选择 ruankao::importance::B ruankao::source_grounded ruankao::topic ruankao::topic::T-CROSS-001 ruankao::type::辨析卡,100,final,通过内容、来源和工程门禁
软考::系统集成项目管理工程师::专题学习::99_综合专题与跨域辨析::T-CROSS-001_高频跨域概念辨析与易错点,RuankaoTopicCard,辨析 9的核心区别或边界是什么？,"<div class=""answer-block"">
<div class=""section-title"">【答案】</div>
<div>辨析 9：工作绩效数据 vs 工作绩效信息 vs 工作绩效报告 [中 频] - 工作绩效数据（Data）：原始观察和测量值，未经加工。如&quot;本周完成了 3 个功能模块的编码&quot;。</div>
</div>","<div class=""extra"">
<div class=""section-title"">【理解】</div>
<div>辨析 9：工作绩效数据 vs 工作绩效信息 vs 工作绩效报告 [中 频] - 工作绩效数据（Data）：原始观察和测量值，未经加工。如&quot;本周完成了 3 个功能模块的编码&quot;。。这张卡来自源材料中的具体段落，用于把讲义内容改写为可回忆判断。</div>
<div class=""section-title"">【记忆线索】</div>
<div>先判断对象、责任主体、时间点和输出物，再排除张冠李戴的选项。</div>
<div class=""section-title"">【易错点】</div>
<div>避免把相邻概念按字面相似性混用。</div>
<div class=""section-title"">【题干信号】</div>
<div>定义识别、场景判断、角色/流程边界。</div>
<div class=""section-title"">【关联专题】</div>
<div>T-CROSS-001 高频跨域概念辨析与易错点</div>
<div class=""section-title"">【来源】</div>
<div>SRC-T-CROSS-001-0011：高频跨域概念辨析与易错点 &gt; 辨析 9：工作绩效数据 vs 工作绩效信息 vs 工作绩效报告；辨析 9：工作绩效数据 vs 工作绩效信息 vs 工作绩效报告 [中 频] - 工作绩效数据（Data）：原始观察和测量值，未经加工。如&quot;本周完成了 3 个功能模块的编码&quot;。</div>
</div>",辨析卡,B,3,上午选择,综合专题与跨域辨析,T-CROSS-001,高频跨域概念辨析与易错点,SRC-T-CROSS-001-0011,topic_learning_packages/topics/99_综合专题与跨域辨析/T-CROSS-001_专题学习包_高频跨域概念辨析与易错点.md,高频跨域概念辨析与易错点 > 辨析 9：工作绩效数据 vs 工作绩效信息 vs 工作绩效报告,"辨析 9：工作绩效数据 vs 工作绩效信息 vs 工作绩效报告 [中 频] - 工作绩效数据（Data）：原始观察和测量值，未经加工。如""本周完成了 3 个功能模块的编码""。",,,,,,,,,,sha256:2d0d988202d2053f002747cb,ruankao ruankao::anki_build::20260520_223914 ruankao::cross_topic ruankao::difficulty::3 ruankao::domain::综合专题与跨域辨析 ruankao::exam_use::上午选择 ruankao::importance::B ruankao::source_grounded ruankao::topic ruankao::topic::T-CROSS-001 ruankao::type::辨析卡,100,final,通过内容、来源和工程门禁
软考::系统集成项目管理工程师::专题学习::99_综合专题与跨域辨析::T-CROSS-001_高频跨域概念辨析与易错点,RuankaoTopicCard,题干出现哪些信号时，应想到本轮真题覆盖增强？,"<div class=""answer-block"">
<div class=""section-title"">【答案】</div>
<div>本轮真题覆盖增强：跨域易混概念反查 本节把 questions.full.clean.md 与既有真题映射中的高频考法反查回本专题。真题喜欢把一个题干同时挂到范围、质量、变更、配置、风险等多个域，跨域辨析用于避免答偏。</div>
</div>","<div class=""extra"">
<div class=""section-title"">【理解】</div>
<div>本轮真题覆盖增强：跨域易混概念反查 本节把 questions.full.clean.md 与既有真题映射中的高频考法反查回本专题。真题喜欢把一个题干同时挂到范围、质量、变更、配置、风险等多个域，跨域辨析用于避免答偏。。这张卡来自源材料中的具体段落，用于把讲义内容改写为可回忆判断。</div>
<div class=""section-title"">【记忆线索】</div>
<div>抓住题干中的对象、动作和输出，不背整段讲义。</div>
<div class=""section-title"">【易错点】</div>
<div>避免把相邻概念按字面相似性混用。</div>
<div class=""section-title"">【题干信号】</div>
<div>变更、风险、配置</div>
<div class=""section-title"">【关联专题】</div>
<div>T-CROSS-001 高频跨域概念辨析与易错点</div>
<div class=""section-title"">【来源】</div>
<div>SRC-T-CROSS-001-0013：高频跨域概念辨析与易错点 &gt; 本轮真题覆盖增强：跨域易混概念反查；本轮真题覆盖增强：跨域易混概念反查 本节把 questions.full.clean.md 与既有真题映射中的高频考法反查回本专题。真题喜欢把一个题干同时挂到范围、质量、变更、配置、风险等多个域，跨域辨析用于避免答偏。</div>
</div>",关键词识别卡,B,3,上午选择,综合专题与跨域辨析,T-CROSS-001,高频跨域概念辨析与易错点,SRC-T-CROSS-001-0013,topic_learning_packages/topics/99_综合专题与跨域辨析/T-CROSS-001_专题学习包_高频跨域概念辨析与易错点.md,高频跨域概念辨析与易错点 > 本轮真题覆盖增强：跨域易混概念反查,本轮真题覆盖增强：跨域易混概念反查 本节把 questions.full.clean.md 与既有真题映射中的高频考法反查回本专题。真题喜欢把一个题干同时挂到范围、质量、变更、配置、风险等多个域，跨域辨析用于避免答偏。,,,,,,,,,,sha256:69ec394dd5affbe598d3b0d7,ruankao ruankao::anki_build::20260520_223914 ruankao::cross_topic ruankao::difficulty::3 ruankao::domain::综合专题与跨域辨析 ruankao::exam_use::上午选择 ruankao::importance::B ruankao::source_grounded ruankao::topic ruankao::topic::T-CROSS-001 ruankao::type::关键词识别卡,100,final,通过内容、来源和工程门禁
软考::系统集成项目管理工程师::专题学习::99_综合专题与跨域辨析::T-CROSS-001_高频跨域概念辨析与易错点,RuankaoTopicCard,高频跨域概念辨析与易错点中，本轮真题覆盖增强的考试判断要点是什么？,"<div class=""answer-block"">
<div class=""section-title"">【答案】</div>
<div>本轮真题覆盖增强：跨域易混概念反查 本节把 questions.full.clean.md 与既有真题映射中的高频考法反查回本专题。真题喜欢把一个题干同时挂到范围、质量、变更、配置、风险等多个域，跨域辨析用于避免答偏。</div>
</div>","<div class=""extra"">
<div class=""section-title"">【理解】</div>
<div>本轮真题覆盖增强：跨域易混概念反查 本节把 questions.full.clean.md 与既有真题映射中的高频考法反查回本专题。真题喜欢把一个题干同时挂到范围、质量、变更、配置、风险等多个域，跨域辨析用于避免答偏。。这张卡来自源材料中的具体段落，用于把讲义内容改写为可回忆判断。</div>
<div class=""section-title"">【记忆线索】</div>
<div>抓住题干中的对象、动作和输出，不背整段讲义。</div>
<div class=""section-title"">【易错点】</div>
<div>避免把相邻概念按字面相似性混用。</div>
<div class=""section-title"">【题干信号】</div>
<div>变更、风险、配置</div>
<div class=""section-title"">【关联专题】</div>
<div>T-CROSS-001 高频跨域概念辨析与易错点</div>
<div class=""section-title"">【来源】</div>
<div>SRC-T-CROSS-001-0013：高频跨域概念辨析与易错点 &gt; 本轮真题覆盖增强：跨域易混概念反查；本轮真题覆盖增强：跨域易混概念反查 本节把 questions.full.clean.md 与既有真题映射中的高频考法反查回本专题。真题喜欢把一个题干同时挂到范围、质量、变更、配置、风险等多个域，跨域辨析用于避免答偏。</div>
</div>",辨析卡,C,3,上午选择,综合专题与跨域辨析,T-CROSS-001,高频跨域概念辨析与易错点,SRC-T-CROSS-001-0013,topic_learning_packages/topics/99_综合专题与跨域辨析/T-CROSS-001_专题学习包_高频跨域概念辨析与易错点.md,高频跨域概念辨析与易错点 > 本轮真题覆盖增强：跨域易混概念反查,本轮真题覆盖增强：跨域易混概念反查 本节把 questions.full.clean.md 与既有真题映射中的高频考法反查回本专题。真题喜欢把一个题干同时挂到范围、质量、变更、配置、风险等多个域，跨域辨析用于避免答偏。,,,,,,,,,,sha256:1caf653ce167825352e043c8,ruankao ruankao::anki_build::20260520_223914 ruankao::cross_topic ruankao::difficulty::3 ruankao::domain::综合专题与跨域辨析 ruankao::exam_use::上午选择 ruankao::importance::C ruankao::source_grounded ruankao::topic ruankao::topic::T-CROSS-001 ruankao::type::辨析卡,84,final,通过内容、来源和工程门禁；源材料自动扩展卡，建议后续人工润色
软考::系统集成项目管理工程师::专题学习::99_综合专题与跨域辨析::T-CROSS-001_高频跨域概念辨析与易错点,RuankaoTopicCard,高频跨域概念辨析与易错点中，高频跨域概念辨析与易错点的考试判断要点是什么？,"<div class=""answer-block"">
<div class=""section-title"">【答案】</div>
<div>T-CROSS-001｜高频跨域概念辨析与易错点 本专题用于集中辨析系统集成项目管理工程师考试中最容易在选择题和案例题中被混淆的高频概念对。这些概念对跨域出现，如果你只背了各自独立的定义，不知道它们在真题中怎么被&quot;调换着问&quot;，就很容易失分。</div>
</div>","<div class=""extra"">
<div class=""section-title"">【理解】</div>
<div>T-CROSS-001｜高频跨域概念辨析与易错点 本专题用于集中辨析系统集成项目管理工程师考试中最容易在选择题和案例题中被混淆的高频概念对。这些概念对跨域出现，如果你只背了各自独立的定义，不知道它们在真题中怎么被&quot;调换着问&quot;，就很容易失分。。这张卡来自源材料中的具体段落，用于把讲义内容改写为可回忆判断。</div>
<div class=""section-title"">【记忆线索】</div>
<div>抓住题干中的对象、动作和输出，不背整段讲义。</div>
<div class=""section-title"">【易错点】</div>
<div>避免把相邻概念按字面相似性混用。</div>
<div class=""section-title"">【题干信号】</div>
<div>定义识别、场景判断、角色/流程边界。</div>
<div class=""section-title"">【关联专题】</div>
<div>T-CROSS-001 高频跨域概念辨析与易错点</div>
<div class=""section-title"">【来源】</div>
<div>SRC-T-CROSS-001-0001：高频跨域概念辨析与易错点；T-CROSS-001｜高频跨域概念辨析与易错点 本专题用于集中辨析系统集成项目管理工程师考试中最容易在选择题和案例题中被混淆的高频概念对。这些概念对跨域出现，如果你只背了各自独立的定义，不知道它们在真题中怎么被&quot;调换着问&quot;，就很容易失分。</div>
</div>",辨析卡,C,3,上午选择,综合专题与跨域辨析,T-CROSS-001,高频跨域概念辨析与易错点,SRC-T-CROSS-001-0001,topic_learning_packages/topics/99_综合专题与跨域辨析/T-CROSS-001_专题学习包_高频跨域概念辨析与易错点.md,高频跨域概念辨析与易错点,"T-CROSS-001｜高频跨域概念辨析与易错点 本专题用于集中辨析系统集成项目管理工程师考试中最容易在选择题和案例题中被混淆的高频概念对。这些概念对跨域出现，如果你只背了各自独立的定义，不知道它们在真题中怎么被""调换着问""，就很容易失分。",,,,,,,,,,sha256:d3ee6a90389063a2e185949f,ruankao ruankao::anki_build::20260520_223914 ruankao::cross_topic ruankao::difficulty::3 ruankao::domain::综合专题与跨域辨析 ruankao::exam_use::上午选择 ruankao::importance::C ruankao::source_grounded ruankao::topic ruankao::topic::T-CROSS-001 ruankao::type::辨析卡,84,final,通过内容、来源和工程门禁；源材料自动扩展卡，建议后续人工润色
软考::系统集成项目管理工程师::专题学习::99_综合专题与跨域辨析::T-CROSS-001_高频跨域概念辨析与易错点,RuankaoTopicCard,高频跨域概念辨析与易错点中，高频跨域概念辨析与易错点的考试判断要点是什么？,"<div class=""answer-block"">
<div class=""section-title"">【答案】</div>
<div>先看这个专题的主线 以下概念辨析按考试频率排列。每个辨析都包含：概念核心、关键区别、常考调换方式、一句话判断口诀。</div>
</div>","<div class=""extra"">
<div class=""section-title"">【理解】</div>
<div>先看这个专题的主线 以下概念辨析按考试频率排列。每个辨析都包含：概念核心、关键区别、常考调换方式、一句话判断口诀。。这张卡来自源材料中的具体段落，用于把讲义内容改写为可回忆判断。</div>
<div class=""section-title"">【记忆线索】</div>
<div>抓住题干中的对象、动作和输出，不背整段讲义。</div>
<div class=""section-title"">【易错点】</div>
<div>避免把相邻概念按字面相似性混用。</div>
<div class=""section-title"">【题干信号】</div>
<div>定义识别、场景判断、角色/流程边界。</div>
<div class=""section-title"">【关联专题】</div>
<div>T-CROSS-001 高频跨域概念辨析与易错点</div>
<div class=""section-title"">【来源】</div>
<div>SRC-T-CROSS-001-0002：高频跨域概念辨析与易错点 &gt; 先看这个专题的主线；先看这个专题的主线 以下概念辨析按考试频率排列。每个辨析都包含：概念核心、关键区别、常考调换方式、一句话判断口诀。</div>
</div>",辨析卡,C,3,上午选择,综合专题与跨域辨析,T-CROSS-001,高频跨域概念辨析与易错点,SRC-T-CROSS-001-0002,topic_learning_packages/topics/99_综合专题与跨域辨析/T-CROSS-001_专题学习包_高频跨域概念辨析与易错点.md,高频跨域概念辨析与易错点 > 先看这个专题的主线,先看这个专题的主线 以下概念辨析按考试频率排列。每个辨析都包含：概念核心、关键区别、常考调换方式、一句话判断口诀。,,,,,,,,,,sha256:dc3cbebcaf36353520ea8268,ruankao ruankao::anki_build::20260520_223914 ruankao::cross_topic ruankao::difficulty::3 ruankao::domain::综合专题与跨域辨析 ruankao::exam_use::上午选择 ruankao::importance::C ruankao::source_grounded ruankao::topic ruankao::topic::T-CROSS-001 ruankao::type::辨析卡,84,final,通过内容、来源和工程门禁；源材料自动扩展卡，建议后续人工润色
软考::系统集成项目管理工程师::专题学习::99_综合专题与跨域辨析::T-ORG-001_组织结构、项目经理权限与PMO,RuankaoTopicCard,组织结构、项目经理权限与 PMO的核心区别或边界是什么？,"<div class=""answer-block"">
<div class=""section-title"">【答案】</div>
<div>T-ORG-001｜组织结构、项目经理权限与 PMO 本专题用于系统辨析&quot;项目管理基础&quot;中三个高度耦合、考试中常被交叉考查的概念：组织结构类型（职能型/项目型/矩阵型）、项目经理在各结构中的权限差异、项目管理办公室（PMO）的三种类型和职能。核心问题是：组织凭什么把项目交给项目经理管？</div>
</div>","<div class=""extra"">
<div class=""section-title"">【理解】</div>
<div>T-ORG-001｜组织结构、项目经理权限与 PMO 本专题用于系统辨析&quot;项目管理基础&quot;中三个高度耦合、考试中常被交叉考查的概念：组织结构类型（职能型/项目型/矩阵型）、项目经理在各结构中的权限差异、项目管理办公室（PMO）的三种类型和职能。核心问题是：组织凭什么把项目交给项目经理管？。这张卡来自源材料中的具体段落，用于把讲义内容改写为可回忆判断。</div>
<div class=""section-title"">【记忆线索】</div>
<div>先判断对象、责任主体、时间点和输出物，再排除张冠李戴的选项。</div>
<div class=""section-title"">【易错点】</div>
<div>避免把相邻概念按字面相似性混用。</div>
<div class=""section-title"">【题干信号】</div>
<div>问题</div>
<div class=""section-title"">【关联专题】</div>
<div>T-ORG-001 组织结构、项目经理权限与 PMO</div>
<div class=""section-title"">【来源】</div>
<div>SRC-T-ORG-001-0001：组织结构、项目经理权限与 PMO；T-ORG-001｜组织结构、项目经理权限与 PMO 本专题用于系统辨析&quot;项目管理基础&quot;中三个高度耦合、考试中常被交叉考查的概念：组织结构类型（职能型/项目型/矩阵型）、项目经理在各结构中的权限差异、项目管理办公室（PMO）的三种类型和职能。核心问题是：组织凭什么把项目交给项目经理管？</div>
</div>",辨析卡,B,3,上午选择,综合专题与跨域辨析,T-ORG-001,组织结构、项目经理权限与 PMO,SRC-T-ORG-001-0001,topic_learning_packages/topics/99_综合专题与跨域辨析/T-ORG-001_专题学习包_组织结构项目经理权限与PMO.md,组织结构、项目经理权限与 PMO,"T-ORG-001｜组织结构、项目经理权限与 PMO 本专题用于系统辨析""项目管理基础""中三个高度耦合、考试中常被交叉考查的概念：组织结构类型（职能型/项目型/矩阵型）、项目经理在各结构中的权限差异、项目管理办公室（PMO）的三种类型和职能。核心问题是：组织凭什么把项目交给项目经理管？",,,,,,,,,,sha256:21cb7a638711acd4e22ff6ee,ruankao ruankao::anki_build::20260520_223914 ruankao::difficulty::3 ruankao::domain::综合专题与跨域辨析 ruankao::exam_use::上午选择 ruankao::importance::B ruankao::source_grounded ruankao::topic ruankao::topic::T-ORG-001 ruankao::type::辨析卡,100,final,通过内容、来源和工程门禁
软考::系统集成项目管理工程师::专题学习::99_综合专题与跨域辨析::T-ORG-001_组织结构、项目经理权限与PMO,RuankaoTopicCard,组织结构、项目经理权限与 PMO的考试要点是什么？,"<div class=""answer-block"">
<div class=""section-title"">【答案】</div>
<div>先看这个专题的主线 组织结构和项目经理权限是一组&quot;连续体&quot;——从职能型（项目经理几乎无权力）到项目型（项目经理权力最大），矩阵型在中间，又分弱矩阵/平衡矩阵/强矩阵。考试核心不是背诵定义，而是判断一个组织场景中，项目经理处于什么权力位置、应该怎么管理。</div>
</div>","<div class=""extra"">
<div class=""section-title"">【理解】</div>
<div>先看这个专题的主线 组织结构和项目经理权限是一组&quot;连续体&quot;——从职能型（项目经理几乎无权力）到项目型（项目经理权力最大），矩阵型在中间，又分弱矩阵/平衡矩阵/强矩阵。考试核心不是背诵定义，而是判断一个组织场景中，项目经理处于什么权力位置、应该怎么管理。。这张卡来自源材料中的具体段落，用于把讲义内容改写为可回忆判断。</div>
<div class=""section-title"">【记忆线索】</div>
<div>抓住题干中的对象、动作和输出，不背整段讲义。</div>
<div class=""section-title"">【易错点】</div>
<div>避免把相邻概念按字面相似性混用。</div>
<div class=""section-title"">【题干信号】</div>
<div>定义识别、场景判断、角色/流程边界。</div>
<div class=""section-title"">【关联专题】</div>
<div>T-ORG-001 组织结构、项目经理权限与 PMO</div>
<div class=""section-title"">【来源】</div>
<div>SRC-T-ORG-001-0002：组织结构、项目经理权限与 PMO &gt; 先看这个专题的主线；先看这个专题的主线 组织结构和项目经理权限是一组&quot;连续体&quot;——从职能型（项目经理几乎无权力）到项目型（项目经理权力最大），矩阵型在中间，又分弱矩阵/平衡矩阵/强矩阵。考试核心不是背诵定义，而是判断一个组织场景中，项目经理处于什么权力位置、应该怎么管理。</div>
</div>",概念卡,B,3,上午选择,综合专题与跨域辨析,T-ORG-001,组织结构、项目经理权限与 PMO,SRC-T-ORG-001-0002,topic_learning_packages/topics/99_综合专题与跨域辨析/T-ORG-001_专题学习包_组织结构项目经理权限与PMO.md,组织结构、项目经理权限与 PMO > 先看这个专题的主线,"先看这个专题的主线 组织结构和项目经理权限是一组""连续体""——从职能型（项目经理几乎无权力）到项目型（项目经理权力最大），矩阵型在中间，又分弱矩阵/平衡矩阵/强矩阵。考试核心不是背诵定义，而是判断一个组织场景中，项目经理处于什么权力位置、应该怎么管理。",,,,,,,,,,sha256:3a375f11650ef62797c098af,ruankao ruankao::anki_build::20260520_223914 ruankao::difficulty::3 ruankao::domain::综合专题与跨域辨析 ruankao::exam_use::上午选择 ruankao::importance::B ruankao::source_grounded ruankao::topic ruankao::topic::T-ORG-001 ruankao::type::概念卡,100,final,通过内容、来源和工程门禁
软考::系统集成项目管理工程师::专题学习::99_综合专题与跨域辨析::T-ORG-001_组织结构、项目经理权限与PMO,RuankaoTopicCard,三种基本组织结构的考试要点是什么？,"<div class=""answer-block"">
<div class=""section-title"">【答案】</div>
<div>三种基本组织结构 类型 项目经理权力 资源归属 适用场景 典型特征 --------------- 职能型 几乎没有 各职能部门 日常运营为主的组织 PM 只是&quot;喊人帮忙&quot; 项目型 高，全权负责 项目团队独占 以项目为主业的组织 项目结束团队解散 矩阵型 弱/中/强，共享 职能经理控制(弱)到PM控制(强) 同时有运营和项目 双重汇报关系 ---</div>
</div>","<div class=""extra"">
<div class=""section-title"">【理解】</div>
<div>三种基本组织结构 类型 项目经理权力 资源归属 适用场景 典型特征 --------------- 职能型 几乎没有 各职能部门 日常运营为主的组织 PM 只是&quot;喊人帮忙&quot; 项目型 高，全权负责 项目团队独占 以项目为主业的组织 项目结束团队解散 矩阵型 弱/中/强，共享 职能经理控制(弱)到PM控制(强) 同时有运营和项目 双重汇报关系 ---。这张卡来自源材料中的具体段落，用于把讲义内容改写为可回忆判断。</div>
<div class=""section-title"">【记忆线索】</div>
<div>抓住题干中的对象、动作和输出，不背整段讲义。</div>
<div class=""section-title"">【易错点】</div>
<div>避免把相邻概念按字面相似性混用。</div>
<div class=""section-title"">【题干信号】</div>
<div>定义识别、场景判断、角色/流程边界。</div>
<div class=""section-title"">【关联专题】</div>
<div>T-ORG-001 组织结构、项目经理权限与 PMO</div>
<div class=""section-title"">【来源】</div>
<div>SRC-T-ORG-001-0003：组织结构、项目经理权限与 PMO &gt; 三种基本组织结构；三种基本组织结构 类型 项目经理权力 资源归属 适用场景 典型特征 --------------- 职能型 几乎没有 各职能部门 日常运营为主的组织 PM 只是&quot;喊人帮忙&quot; 项目型 高，全权负责 项目团队独占 以项目为主业的组织 项目结束团队解散 矩阵型 弱/中/强，共享 职能经理控制(弱)到PM控制(强) 同时有运营</div>
</div>",概念卡,B,3,上午选择,综合专题与跨域辨析,T-ORG-001,组织结构、项目经理权限与 PMO,SRC-T-ORG-001-0003,topic_learning_packages/topics/99_综合专题与跨域辨析/T-ORG-001_专题学习包_组织结构项目经理权限与PMO.md,组织结构、项目经理权限与 PMO > 三种基本组织结构,"三种基本组织结构 类型 项目经理权力 资源归属 适用场景 典型特征 --------------- 职能型 几乎没有 各职能部门 日常运营为主的组织 PM 只是""喊人帮忙"" 项目型 高，全权负责 项目团队独占 以项目为主业的组织 项目结束团队解散 矩阵型 弱/中/强，共享 职能经理控制(弱)到PM控制(强) 同时有运营和项目 双重汇报关系 ---",,,,,,,,,,sha256:43ad1ec56016099fa4124ff6,ruankao ruankao::anki_build::20260520_223914 ruankao::difficulty::3 ruankao::domain::综合专题与跨域辨析 ruankao::exam_use::上午选择 ruankao::importance::B ruankao::source_grounded ruankao::topic ruankao::topic::T-ORG-001 ruankao::type::概念卡,80,final,疑似大而空问题
软考::系统集成项目管理工程师::专题学习::99_综合专题与跨域辨析::T-ORG-001_组织结构、项目经理权限与PMO,RuankaoTopicCard,矩阵型的进一步细分的核心区别或边界是什么？,"<div class=""answer-block"">
<div class=""section-title"">【答案】</div>
<div>矩阵型的进一步细分 [辨析｜弱矩阵 vs 平衡矩阵 vs 强矩阵] - 弱矩阵：职能经理掌握大部分权力。PM 更像是项目协调员而非真正的经理，主要做沟通协调和文档管理。</div>
</div>","<div class=""extra"">
<div class=""section-title"">【理解】</div>
<div>矩阵型的进一步细分 [辨析｜弱矩阵 vs 平衡矩阵 vs 强矩阵] - 弱矩阵：职能经理掌握大部分权力。PM 更像是项目协调员而非真正的经理，主要做沟通协调和文档管理。。这张卡来自源材料中的具体段落，用于把讲义内容改写为可回忆判断。</div>
<div class=""section-title"">【记忆线索】</div>
<div>先判断对象、责任主体、时间点和输出物，再排除张冠李戴的选项。</div>
<div class=""section-title"">【易错点】</div>
<div>避免把相邻概念按字面相似性混用。</div>
<div class=""section-title"">【题干信号】</div>
<div>沟通</div>
<div class=""section-title"">【关联专题】</div>
<div>T-ORG-001 组织结构、项目经理权限与 PMO</div>
<div class=""section-title"">【来源】</div>
<div>SRC-T-ORG-001-0004：组织结构、项目经理权限与 PMO &gt; 矩阵型的进一步细分；矩阵型的进一步细分 [辨析｜弱矩阵 vs 平衡矩阵 vs 强矩阵] - 弱矩阵：职能经理掌握大部分权力。PM 更像是项目协调员而非真正的经理，主要做沟通协调和文档管理。</div>
</div>",辨析卡,B,3,上午选择,综合专题与跨域辨析,T-ORG-001,组织结构、项目经理权限与 PMO,SRC-T-ORG-001-0004,topic_learning_packages/topics/99_综合专题与跨域辨析/T-ORG-001_专题学习包_组织结构项目经理权限与PMO.md,组织结构、项目经理权限与 PMO > 矩阵型的进一步细分,矩阵型的进一步细分 [辨析｜弱矩阵 vs 平衡矩阵 vs 强矩阵] - 弱矩阵：职能经理掌握大部分权力。PM 更像是项目协调员而非真正的经理，主要做沟通协调和文档管理。,,,,,,,,,,sha256:f1fa4fef37f4aaf2124614ec,ruankao ruankao::anki_build::20260520_223914 ruankao::difficulty::3 ruankao::domain::综合专题与跨域辨析 ruankao::exam_use::上午选择 ruankao::importance::B ruankao::source_grounded ruankao::topic ruankao::topic::T-ORG-001 ruankao::type::辨析卡,100,final,通过内容、来源和工程门禁
软考::系统集成项目管理工程师::专题学习::99_综合专题与跨域辨析::T-ORG-001_组织结构、项目经理权限与PMO,RuankaoTopicCard,本轮真题覆盖增强的考试要点是什么？,"<div class=""answer-block"">
<div class=""section-title"">【答案】</div>
<div>本轮真题覆盖增强：组织结构与 PM 权限 本节把 questions.full.clean.md 与既有真题映射中的高频考法反查回本专题。组织结构题常考项目经理权限、资源可用性、成员双重汇报，以及 PMO 支持/控制/指令类型。</div>
</div>","<div class=""extra"">
<div class=""section-title"">【理解】</div>
<div>本轮真题覆盖增强：组织结构与 PM 权限 本节把 questions.full.clean.md 与既有真题映射中的高频考法反查回本专题。组织结构题常考项目经理权限、资源可用性、成员双重汇报，以及 PMO 支持/控制/指令类型。。这张卡来自源材料中的具体段落，用于把讲义内容改写为可回忆判断。</div>
<div class=""section-title"">【记忆线索】</div>
<div>抓住题干中的对象、动作和输出，不背整段讲义。</div>
<div class=""section-title"">【易错点】</div>
<div>避免把相邻概念按字面相似性混用。</div>
<div class=""section-title"">【题干信号】</div>
<div>定义识别、场景判断、角色/流程边界。</div>
<div class=""section-title"">【关联专题】</div>
<div>T-ORG-001 组织结构、项目经理权限与 PMO</div>
<div class=""section-title"">【来源】</div>
<div>SRC-T-ORG-001-0007：组织结构、项目经理权限与 PMO &gt; 本轮真题覆盖增强：组织结构与 PM 权限；本轮真题覆盖增强：组织结构与 PM 权限 本节把 questions.full.clean.md 与既有真题映射中的高频考法反查回本专题。组织结构题常考项目经理权限、资源可用性、成员双重汇报，以及 PMO 支持/控制/指令类型。</div>
</div>",概念卡,B,3,上午选择,综合专题与跨域辨析,T-ORG-001,组织结构、项目经理权限与 PMO,SRC-T-ORG-001-0007,topic_learning_packages/topics/99_综合专题与跨域辨析/T-ORG-001_专题学习包_组织结构项目经理权限与PMO.md,组织结构、项目经理权限与 PMO > 本轮真题覆盖增强：组织结构与 PM 权限,本轮真题覆盖增强：组织结构与 PM 权限 本节把 questions.full.clean.md 与既有真题映射中的高频考法反查回本专题。组织结构题常考项目经理权限、资源可用性、成员双重汇报，以及 PMO 支持/控制/指令类型。,,,,,,,,,,sha256:be42b80c3b939340367894da,ruankao ruankao::anki_build::20260520_223914 ruankao::difficulty::3 ruankao::domain::综合专题与跨域辨析 ruankao::exam_use::上午选择 ruankao::importance::B ruankao::source_grounded ruankao::topic ruankao::topic::T-ORG-001 ruankao::type::概念卡,100,final,通过内容、来源和工程门禁
软考::系统集成项目管理工程师::专题学习::99_综合专题与跨域辨析::T-ORG-001_组织结构、项目经理权限与PMO,RuankaoTopicCard,题干出现哪些信号时，应想到“组织结构、项目经理权限与 PMO”？,"<div class=""answer-block"">
<div class=""section-title"">【答案】</div>
<div>围绕“组织结构、项目经理权限与 PMO”的对象、动作、输出物、责任主体和常见陷阱定位考点。</div>
</div>","<div class=""extra"">
<div class=""section-title"">【理解】</div>
<div>围绕“组织结构、项目经理权限与 PMO”的对象、动作、输出物、责任主体和常见陷阱定位考点。。这张卡来自源材料中的具体段落，用于把讲义内容改写为可回忆判断。</div>
<div class=""section-title"">【记忆线索】</div>
<div>抓住题干中的对象、动作和输出，不背整段讲义。</div>
<div class=""section-title"">【易错点】</div>
<div>避免把相邻概念按字面相似性混用。</div>
<div class=""section-title"">【题干信号】</div>
<div>定义识别、场景判断、角色/流程边界。</div>
<div class=""section-title"">【关联专题】</div>
<div>T-ORG-001 组织结构、项目经理权限与 PMO</div>
<div class=""section-title"">【来源】</div>
<div>SRC-T-ORG-001-0001：组织结构、项目经理权限与 PMO；T-ORG-001｜组织结构、项目经理权限与 PMO 本专题用于系统辨析&quot;项目管理基础&quot;中三个高度耦合、考试中常被交叉考查的概念：组织结构类型（职能型/项目型/矩阵型）、项目经理在各结构中的权限差异、项目管理办公室（PMO）的三种类型和职能。核心问题是：组织凭什么把项目交给项目经理管？</div>
</div>",关键词识别卡,B,3,上午选择,综合专题与跨域辨析,T-ORG-001,组织结构、项目经理权限与 PMO,SRC-T-ORG-001-0001,topic_learning_packages/topics/99_综合专题与跨域辨析/T-ORG-001_专题学习包_组织结构项目经理权限与PMO.md,组织结构、项目经理权限与 PMO,"T-ORG-001｜组织结构、项目经理权限与 PMO 本专题用于系统辨析""项目管理基础""中三个高度耦合、考试中常被交叉考查的概念：组织结构类型（职能型/项目型/矩阵型）、项目经理在各结构中的权限差异、项目管理办公室（PMO）的三种类型和职能。核心问题是：组织凭什么把项目交给项目经理管？",,,,,,,,,,sha256:b88fd6f2f9bbf1f14278eccb,ruankao ruankao::anki_build::20260520_223914 ruankao::difficulty::3 ruankao::domain::综合专题与跨域辨析 ruankao::exam_use::上午选择 ruankao::importance::B ruankao::source_grounded ruankao::topic ruankao::topic::T-ORG-001 ruankao::type::关键词识别卡,100,final,通过内容、来源和工程门禁
软考::系统集成项目管理工程师::专题学习::99_综合专题与跨域辨析::T-ORG-001_组织结构、项目经理权限与PMO,RuankaoTopicCard,组织结构、项目经理权限与 PMO中，组织结构、项目经理权限与 PMO的考试判断要点是什么？,"<div class=""answer-block"">
<div class=""section-title"">【答案】</div>
<div>先看这个专题的主线 组织结构和项目经理权限是一组&quot;连续体&quot;——从职能型（项目经理几乎无权力）到项目型（项目经理权力最大），矩阵型在中间，又分弱矩阵/平衡矩阵/强矩阵。考试核心不是背诵定义，而是判断一个组织场景中，项目经理处于什么权力位置、应该怎么管理。</div>
</div>","<div class=""extra"">
<div class=""section-title"">【理解】</div>
<div>先看这个专题的主线 组织结构和项目经理权限是一组&quot;连续体&quot;——从职能型（项目经理几乎无权力）到项目型（项目经理权力最大），矩阵型在中间，又分弱矩阵/平衡矩阵/强矩阵。考试核心不是背诵定义，而是判断一个组织场景中，项目经理处于什么权力位置、应该怎么管理。。这张卡来自源材料中的具体段落，用于把讲义内容改写为可回忆判断。</div>
<div class=""section-title"">【记忆线索】</div>
<div>抓住题干中的对象、动作和输出，不背整段讲义。</div>
<div class=""section-title"">【易错点】</div>
<div>避免把相邻概念按字面相似性混用。</div>
<div class=""section-title"">【题干信号】</div>
<div>定义识别、场景判断、角色/流程边界。</div>
<div class=""section-title"">【关联专题】</div>
<div>T-ORG-001 组织结构、项目经理权限与 PMO</div>
<div class=""section-title"">【来源】</div>
<div>SRC-T-ORG-001-0002：组织结构、项目经理权限与 PMO &gt; 先看这个专题的主线；先看这个专题的主线 组织结构和项目经理权限是一组&quot;连续体&quot;——从职能型（项目经理几乎无权力）到项目型（项目经理权力最大），矩阵型在中间，又分弱矩阵/平衡矩阵/强矩阵。考试核心不是背诵定义，而是判断一个组织场景中，项目经理处于什么权力位置、应该怎么管理。</div>
</div>",概念卡,C,3,上午选择,综合专题与跨域辨析,T-ORG-001,组织结构、项目经理权限与 PMO,SRC-T-ORG-001-0002,topic_learning_packages/topics/99_综合专题与跨域辨析/T-ORG-001_专题学习包_组织结构项目经理权限与PMO.md,组织结构、项目经理权限与 PMO > 先看这个专题的主线,"先看这个专题的主线 组织结构和项目经理权限是一组""连续体""——从职能型（项目经理几乎无权力）到项目型（项目经理权力最大），矩阵型在中间，又分弱矩阵/平衡矩阵/强矩阵。考试核心不是背诵定义，而是判断一个组织场景中，项目经理处于什么权力位置、应该怎么管理。",,,,,,,,,,sha256:ae4c28e3dc673b409bd333c6,ruankao ruankao::anki_build::20260520_223914 ruankao::difficulty::3 ruankao::domain::综合专题与跨域辨析 ruankao::exam_use::上午选择 ruankao::importance::C ruankao::source_grounded ruankao::topic ruankao::topic::T-ORG-001 ruankao::type::概念卡,84,final,通过内容、来源和工程门禁；源材料自动扩展卡，建议后续人工润色
软考::系统集成项目管理工程师::专题学习::99_综合专题与跨域辨析::T-ORG-001_组织结构、项目经理权限与PMO,RuankaoTopicCard,组织结构、项目经理权限与 PMO中，三种基本组织结构的考试判断要点是什么？,"<div class=""answer-block"">
<div class=""section-title"">【答案】</div>
<div>三种基本组织结构 类型 项目经理权力 资源归属 适用场景 典型特征 --------------- 职能型 几乎没有 各职能部门 日常运营为主的组织 PM 只是&quot;喊人帮忙&quot; 项目型 高，全权负责 项目团队独占 以项目为主业的组织 项目结束团队解散 矩阵型 弱/中/强，共享 职能经理控制(弱)到PM控制(强) 同时有运营和项目 双重汇报关系 ---</div>
</div>","<div class=""extra"">
<div class=""section-title"">【理解】</div>
<div>三种基本组织结构 类型 项目经理权力 资源归属 适用场景 典型特征 --------------- 职能型 几乎没有 各职能部门 日常运营为主的组织 PM 只是&quot;喊人帮忙&quot; 项目型 高，全权负责 项目团队独占 以项目为主业的组织 项目结束团队解散 矩阵型 弱/中/强，共享 职能经理控制(弱)到PM控制(强) 同时有运营和项目 双重汇报关系 ---。这张卡来自源材料中的具体段落，用于把讲义内容改写为可回忆判断。</div>
<div class=""section-title"">【记忆线索】</div>
<div>抓住题干中的对象、动作和输出，不背整段讲义。</div>
<div class=""section-title"">【易错点】</div>
<div>避免把相邻概念按字面相似性混用。</div>
<div class=""section-title"">【题干信号】</div>
<div>定义识别、场景判断、角色/流程边界。</div>
<div class=""section-title"">【关联专题】</div>
<div>T-ORG-001 组织结构、项目经理权限与 PMO</div>
<div class=""section-title"">【来源】</div>
<div>SRC-T-ORG-001-0003：组织结构、项目经理权限与 PMO &gt; 三种基本组织结构；三种基本组织结构 类型 项目经理权力 资源归属 适用场景 典型特征 --------------- 职能型 几乎没有 各职能部门 日常运营为主的组织 PM 只是&quot;喊人帮忙&quot; 项目型 高，全权负责 项目团队独占 以项目为主业的组织 项目结束团队解散 矩阵型 弱/中/强，共享 职能经理控制(弱)到PM控制(强) 同时有运营</div>
</div>",概念卡,C,3,上午选择,综合专题与跨域辨析,T-ORG-001,组织结构、项目经理权限与 PMO,SRC-T-ORG-001-0003,topic_learning_packages/topics/99_综合专题与跨域辨析/T-ORG-001_专题学习包_组织结构项目经理权限与PMO.md,组织结构、项目经理权限与 PMO > 三种基本组织结构,"三种基本组织结构 类型 项目经理权力 资源归属 适用场景 典型特征 --------------- 职能型 几乎没有 各职能部门 日常运营为主的组织 PM 只是""喊人帮忙"" 项目型 高，全权负责 项目团队独占 以项目为主业的组织 项目结束团队解散 矩阵型 弱/中/强，共享 职能经理控制(弱)到PM控制(强) 同时有运营和项目 双重汇报关系 ---",,,,,,,,,,sha256:4a295dbc8d34954f44855b1e,ruankao ruankao::anki_build::20260520_223914 ruankao::difficulty::3 ruankao::domain::综合专题与跨域辨析 ruankao::exam_use::上午选择 ruankao::importance::C ruankao::source_grounded ruankao::topic ruankao::topic::T-ORG-001 ruankao::type::概念卡,84,final,通过内容、来源和工程门禁；源材料自动扩展卡，建议后续人工润色
软考::系统集成项目管理工程师::专题学习::99_综合专题与跨域辨析::T-RISK-003_风险、问题、变更与应急措施的跨域辨析,RuankaoTopicCard,风险、问题、变更与应急措施的跨域辨析类案例应从哪些角度分析？,"<div class=""answer-block"">
<div class=""section-title"">【答案】</div>
<div>T-RISK-003｜风险、问题、变更与应急措施的跨域辨析 本专题用于厘清考试中四个常被混用的管理概念：风险 vs 问题 vs 变更请求 vs 应急措施/权变措施。核心问题是：项目执行中突然出了状况——这到底是风险发生了（转入问题）、新出现的问题（之前没识别）、还是需要走变更控制？</div>
</div>","<div class=""extra"">
<div class=""section-title"">【理解】</div>
<div>T-RISK-003｜风险、问题、变更与应急措施的跨域辨析 本专题用于厘清考试中四个常被混用的管理概念：风险 vs 问题 vs 变更请求 vs 应急措施/权变措施。核心问题是：项目执行中突然出了状况——这到底是风险发生了（转入问题）、新出现的问题（之前没识别）、还是需要走变更控制？。这张卡来自源材料中的具体段落，用于把讲义内容改写为可回忆判断。</div>
<div class=""section-title"">【记忆线索】</div>
<div>抓住题干中的对象、动作和输出，不背整段讲义。</div>
<div class=""section-title"">【易错点】</div>
<div>不能口头同意或绕过 CCB 直接改基准。</div>
<div class=""section-title"">【题干信号】</div>
<div>变更、风险、问题</div>
<div class=""section-title"">【关联专题】</div>
<div>T-RISK-003 风险、问题、变更与应急措施的跨域辨析</div>
<div class=""section-title"">【来源】</div>
<div>SRC-T-RISK-003-0001：风险、问题、变更与应急措施的跨域辨析；T-RISK-003｜风险、问题、变更与应急措施的跨域辨析 本专题用于厘清考试中四个常被混用的管理概念：风险 vs 问题 vs 变更请求 vs 应急措施/权变措施。核心问题是：项目执行中突然出了状况——这到底是风险发生了（转入问题）、新出现的问题（之前没识别）、还是需要走变更控制？</div>
</div>",案例模板卡,B,3,下午案例,综合专题与跨域辨析,T-RISK-003,风险、问题、变更与应急措施的跨域辨析,SRC-T-RISK-003-0001,topic_learning_packages/topics/99_综合专题与跨域辨析/T-RISK-003_专题学习包_风险问题变更与应急措施跨域辨析.md,风险、问题、变更与应急措施的跨域辨析,T-RISK-003｜风险、问题、变更与应急措施的跨域辨析 本专题用于厘清考试中四个常被混用的管理概念：风险 vs 问题 vs 变更请求 vs 应急措施/权变措施。核心问题是：项目执行中突然出了状况——这到底是风险发生了（转入问题）、新出现的问题（之前没识别）、还是需要走变更控制？,,,,,,,,,,sha256:c93c2880c70c0a0c51d144ed,ruankao ruankao::anki_build::20260520_223914 ruankao::cross_topic ruankao::difficulty::3 ruankao::domain::综合专题与跨域辨析 ruankao::exam_use::下午案例 ruankao::importance::B ruankao::source_grounded ruankao::topic ruankao::topic::T-RISK-003 ruankao::type::案例模板卡,100,final,通过内容、来源和工程门禁
软考::系统集成项目管理工程师::专题学习::99_综合专题与跨域辨析::T-RISK-003_风险、问题、变更与应急措施的跨域辨析,RuankaoTopicCard,应急措施 vs 权变措施类案例应从哪些角度分析？,"<div class=""answer-block"">
<div class=""section-title"">【答案】</div>
<div>应急措施 vs 权变措施 应急措施（Contingency Plan）：针对已识别风险提前制定好的应对方案。风险一发生，立即启动应急措施。</div>
</div>","<div class=""extra"">
<div class=""section-title"">【理解】</div>
<div>应急措施 vs 权变措施 应急措施（Contingency Plan）：针对已识别风险提前制定好的应对方案。风险一发生，立即启动应急措施。。这张卡来自源材料中的具体段落，用于把讲义内容改写为可回忆判断。</div>
<div class=""section-title"">【记忆线索】</div>
<div>先判断对象、责任主体、时间点和输出物，再排除张冠李戴的选项。</div>
<div class=""section-title"">【易错点】</div>
<div>避免把相邻概念按字面相似性混用。</div>
<div class=""section-title"">【题干信号】</div>
<div>风险</div>
<div class=""section-title"">【关联专题】</div>
<div>T-RISK-003 风险、问题、变更与应急措施的跨域辨析</div>
<div class=""section-title"">【来源】</div>
<div>SRC-T-RISK-003-0002：风险、问题、变更与应急措施的跨域辨析 &gt; 核心辨析 &gt; 应急措施 vs 权变措施；应急措施 vs 权变措施 应急措施（Contingency Plan）：针对已识别风险提前制定好的应对方案。风险一发生，立即启动应急措施。</div>
</div>",案例模板卡,B,3,下午案例,综合专题与跨域辨析,T-RISK-003,风险、问题、变更与应急措施的跨域辨析,SRC-T-RISK-003-0002,topic_learning_packages/topics/99_综合专题与跨域辨析/T-RISK-003_专题学习包_风险问题变更与应急措施跨域辨析.md,风险、问题、变更与应急措施的跨域辨析 > 核心辨析 > 应急措施 vs 权变措施,应急措施 vs 权变措施 应急措施（Contingency Plan）：针对已识别风险提前制定好的应对方案。风险一发生，立即启动应急措施。,,,,,,,,,,sha256:94fa8f71db8d643ae04bf4ee,ruankao ruankao::anki_build::20260520_223914 ruankao::cross_topic ruankao::difficulty::3 ruankao::domain::综合专题与跨域辨析 ruankao::exam_use::下午案例 ruankao::importance::B ruankao::source_grounded ruankao::topic ruankao::topic::T-RISK-003 ruankao::type::案例模板卡,100,final,通过内容、来源和工程门禁
软考::系统集成项目管理工程师::专题学习::99_综合专题与跨域辨析::T-RISK-003_风险、问题、变更与应急措施的跨域辨析,RuankaoTopicCard,问题 vs 变更请求类案例应从哪些角度分析？,"<div class=""answer-block"">
<div class=""section-title"">【答案】</div>
<div>问题 vs 变更请求 出了问题后，如果解决问题需要修改基准（范围/进度/成本基准），就必须提交变更请求走 CCB 审批。如果不需要改基准（在浮动时间或应急储备内解决），则不需要走变更。</div>
</div>","<div class=""extra"">
<div class=""section-title"">【理解】</div>
<div>问题 vs 变更请求 出了问题后，如果解决问题需要修改基准（范围/进度/成本基准），就必须提交变更请求走 CCB 审批。如果不需要改基准（在浮动时间或应急储备内解决），则不需要走变更。。这张卡来自源材料中的具体段落，用于把讲义内容改写为可回忆判断。</div>
<div class=""section-title"">【记忆线索】</div>
<div>先判断对象、责任主体、时间点和输出物，再排除张冠李戴的选项。</div>
<div class=""section-title"">【易错点】</div>
<div>不能口头同意或绕过 CCB 直接改基准。</div>
<div class=""section-title"">【题干信号】</div>
<div>变更、问题</div>
<div class=""section-title"">【关联专题】</div>
<div>T-RISK-003 风险、问题、变更与应急措施的跨域辨析</div>
<div class=""section-title"">【来源】</div>
<div>SRC-T-RISK-003-0003：风险、问题、变更与应急措施的跨域辨析 &gt; 核心辨析 &gt; 问题 vs 变更请求；问题 vs 变更请求 出了问题后，如果解决问题需要修改基准（范围/进度/成本基准），就必须提交变更请求走 CCB 审批。如果不需要改基准（在浮动时间或应急储备内解决），则不需要走变更。</div>
</div>",案例模板卡,B,3,下午案例,综合专题与跨域辨析,T-RISK-003,风险、问题、变更与应急措施的跨域辨析,SRC-T-RISK-003-0003,topic_learning_packages/topics/99_综合专题与跨域辨析/T-RISK-003_专题学习包_风险问题变更与应急措施跨域辨析.md,风险、问题、变更与应急措施的跨域辨析 > 核心辨析 > 问题 vs 变更请求,问题 vs 变更请求 出了问题后，如果解决问题需要修改基准（范围/进度/成本基准），就必须提交变更请求走 CCB 审批。如果不需要改基准（在浮动时间或应急储备内解决），则不需要走变更。,,,,,,,,,,sha256:f67e8fba063348204f8dbc06,ruankao ruankao::anki_build::20260520_223914 ruankao::cross_topic ruankao::difficulty::3 ruankao::domain::综合专题与跨域辨析 ruankao::exam_use::下午案例 ruankao::importance::B ruankao::source_grounded ruankao::topic ruankao::topic::T-RISK-003 ruankao::type::案例模板卡,100,final,通过内容、来源和工程门禁
软考::系统集成项目管理工程师::专题学习::99_综合专题与跨域辨析::T-RISK-003_风险、问题、变更与应急措施的跨域辨析,RuankaoTopicCard,典型题详解与举一反三类案例应从哪些角度分析？,"<div class=""answer-block"">
<div class=""section-title"">【答案】</div>
<div>典型题详解与举一反三 例题 1｜风险 vs 问题 某已识别风险（概率 40%）在项目执行中实际发生了。项目经理应该： A. 从风险登记册中删除该条记录 B. 在风险登记册中更新状态，并在问题日志中记录该问题 C. 只更新问题日志 D. 什么都不做 已发生的风险→更新风险登记册状态+在问题日志中记录。</div>
</div>","<div class=""extra"">
<div class=""section-title"">【理解】</div>
<div>典型题详解与举一反三 例题 1｜风险 vs 问题 某已识别风险（概率 40%）在项目执行中实际发生了。项目经理应该： A. 从风险登记册中删除该条记录 B. 在风险登记册中更新状态，并在问题日志中记录该问题 C. 只更新问题日志 D. 什么都不做 已发生的风险→更新风险登记册状态+在问题日志中记录。。这张卡来自源材料中的具体段落，用于把讲义内容改写为可回忆判断。</div>
<div class=""section-title"">【记忆线索】</div>
<div>抓住题干中的对象、动作和输出，不背整段讲义。</div>
<div class=""section-title"">【易错点】</div>
<div>避免把相邻概念按字面相似性混用。</div>
<div class=""section-title"">【题干信号】</div>
<div>风险、问题</div>
<div class=""section-title"">【关联专题】</div>
<div>T-RISK-003 风险、问题、变更与应急措施的跨域辨析</div>
<div class=""section-title"">【来源】</div>
<div>SRC-T-RISK-003-0004：风险、问题、变更与应急措施的跨域辨析 &gt; 典型题详解与举一反三；典型题详解与举一反三 例题 1｜风险 vs 问题 某已识别风险（概率 40%）在项目执行中实际发生了。项目经理应该： A. 从风险登记册中删除该条记录 B. 在风险登记册中更新状态，并在问题日志中记录该问题 C. 只更新问题日志 D. 什么都不做 已发生的风险→更新风险登记册状态+在问题日志中记录。</div>
</div>",案例模板卡,B,3,下午案例,综合专题与跨域辨析,T-RISK-003,风险、问题、变更与应急措施的跨域辨析,SRC-T-RISK-003-0004,topic_learning_packages/topics/99_综合专题与跨域辨析/T-RISK-003_专题学习包_风险问题变更与应急措施跨域辨析.md,风险、问题、变更与应急措施的跨域辨析 > 典型题详解与举一反三,典型题详解与举一反三 例题 1｜风险 vs 问题 某已识别风险（概率 40%）在项目执行中实际发生了。项目经理应该： A. 从风险登记册中删除该条记录 B. 在风险登记册中更新状态，并在问题日志中记录该问题 C. 只更新问题日志 D. 什么都不做 已发生的风险→更新风险登记册状态+在问题日志中记录。,,,,,,,,,,sha256:a66496d492c7aa5661f5fe91,ruankao ruankao::anki_build::20260520_223914 ruankao::cross_topic ruankao::difficulty::3 ruankao::domain::综合专题与跨域辨析 ruankao::exam_use::下午案例 ruankao::importance::B ruankao::source_grounded ruankao::topic ruankao::topic::T-RISK-003 ruankao::type::案例模板卡,100,final,通过内容、来源和工程门禁
软考::系统集成项目管理工程师::专题学习::99_综合专题与跨域辨析::T-RISK-003_风险、问题、变更与应急措施的跨域辨析,RuankaoTopicCard,本轮真题覆盖增强类案例应从哪些角度分析？,"<div class=""answer-block"">
<div class=""section-title"">【答案】</div>
<div>本轮真题覆盖增强：风险、问题、变更、应急措施边界 本节把 questions.full.clean.md 与既有真题映射中的高频考法反查回本专题。案例题常把“新人生产率低”“可能继续延期”“已经发生缺陷”“提出新需求”混写在同一段。</div>
</div>","<div class=""extra"">
<div class=""section-title"">【理解】</div>
<div>本轮真题覆盖增强：风险、问题、变更、应急措施边界 本节把 questions.full.clean.md 与既有真题映射中的高频考法反查回本专题。案例题常把“新人生产率低”“可能继续延期”“已经发生缺陷”“提出新需求”混写在同一段。。这张卡来自源材料中的具体段落，用于把讲义内容改写为可回忆判断。</div>
<div class=""section-title"">【记忆线索】</div>
<div>抓住题干中的对象、动作和输出，不背整段讲义。</div>
<div class=""section-title"">【易错点】</div>
<div>避免把相邻概念按字面相似性混用。</div>
<div class=""section-title"">【题干信号】</div>
<div>变更、风险、问题</div>
<div class=""section-title"">【关联专题】</div>
<div>T-RISK-003 风险、问题、变更与应急措施的跨域辨析</div>
<div class=""section-title"">【来源】</div>
<div>SRC-T-RISK-003-0005：风险、问题、变更与应急措施的跨域辨析 &gt; 本轮真题覆盖增强：风险、问题、变更、应急措施边界；本轮真题覆盖增强：风险、问题、变更、应急措施边界 本节把 questions.full.clean.md 与既有真题映射中的高频考法反查回本专题。案例题常把“新人生产率低”“可能继续延期”“已经发生缺陷”“提出新需求”混写在同一段。</div>
</div>",案例模板卡,B,3,下午案例,综合专题与跨域辨析,T-RISK-003,风险、问题、变更与应急措施的跨域辨析,SRC-T-RISK-003-0005,topic_learning_packages/topics/99_综合专题与跨域辨析/T-RISK-003_专题学习包_风险问题变更与应急措施跨域辨析.md,风险、问题、变更与应急措施的跨域辨析 > 本轮真题覆盖增强：风险、问题、变更、应急措施边界,本轮真题覆盖增强：风险、问题、变更、应急措施边界 本节把 questions.full.clean.md 与既有真题映射中的高频考法反查回本专题。案例题常把“新人生产率低”“可能继续延期”“已经发生缺陷”“提出新需求”混写在同一段。,,,,,,,,,,sha256:e66ccc7b1c866dfd61bee6cb,ruankao ruankao::anki_build::20260520_223914 ruankao::cross_topic ruankao::difficulty::3 ruankao::domain::综合专题与跨域辨析 ruankao::exam_use::下午案例 ruankao::importance::B ruankao::source_grounded ruankao::topic ruankao::topic::T-RISK-003 ruankao::type::案例模板卡,100,final,通过内容、来源和工程门禁
软考::系统集成项目管理工程师::专题学习::99_综合专题与跨域辨析::T-RISK-003_风险、问题、变更与应急措施的跨域辨析,RuankaoTopicCard,题干出现哪些信号时，应想到“风险、问题、变更与应急措施的跨域辨析”？,"<div class=""answer-block"">
<div class=""section-title"">【答案】</div>
<div>围绕“风险、问题、变更与应急措施的跨域辨析”的对象、动作、输出物、责任主体和常见陷阱定位考点。</div>
</div>","<div class=""extra"">
<div class=""section-title"">【理解】</div>
<div>围绕“风险、问题、变更与应急措施的跨域辨析”的对象、动作、输出物、责任主体和常见陷阱定位考点。。这张卡来自源材料中的具体段落，用于把讲义内容改写为可回忆判断。</div>
<div class=""section-title"">【记忆线索】</div>
<div>抓住题干中的对象、动作和输出，不背整段讲义。</div>
<div class=""section-title"">【易错点】</div>
<div>不能口头同意或绕过 CCB 直接改基准。</div>
<div class=""section-title"">【题干信号】</div>
<div>变更、风险、问题</div>
<div class=""section-title"">【关联专题】</div>
<div>T-RISK-003 风险、问题、变更与应急措施的跨域辨析</div>
<div class=""section-title"">【来源】</div>
<div>SRC-T-RISK-003-0001：风险、问题、变更与应急措施的跨域辨析；T-RISK-003｜风险、问题、变更与应急措施的跨域辨析 本专题用于厘清考试中四个常被混用的管理概念：风险 vs 问题 vs 变更请求 vs 应急措施/权变措施。核心问题是：项目执行中突然出了状况——这到底是风险发生了（转入问题）、新出现的问题（之前没识别）、还是需要走变更控制？</div>
</div>",关键词识别卡,B,3,上午选择,综合专题与跨域辨析,T-RISK-003,风险、问题、变更与应急措施的跨域辨析,SRC-T-RISK-003-0001,topic_learning_packages/topics/99_综合专题与跨域辨析/T-RISK-003_专题学习包_风险问题变更与应急措施跨域辨析.md,风险、问题、变更与应急措施的跨域辨析,T-RISK-003｜风险、问题、变更与应急措施的跨域辨析 本专题用于厘清考试中四个常被混用的管理概念：风险 vs 问题 vs 变更请求 vs 应急措施/权变措施。核心问题是：项目执行中突然出了状况——这到底是风险发生了（转入问题）、新出现的问题（之前没识别）、还是需要走变更控制？,,,,,,,,,,sha256:fa317f903bc779f372682465,ruankao ruankao::anki_build::20260520_223914 ruankao::cross_topic ruankao::difficulty::3 ruankao::domain::综合专题与跨域辨析 ruankao::exam_use::上午选择 ruankao::importance::B ruankao::source_grounded ruankao::topic ruankao::topic::T-RISK-003 ruankao::type::关键词识别卡,100,final,通过内容、来源和工程门禁
软考::系统集成项目管理工程师::专题学习::99_综合专题与跨域辨析::T-RISK-003_风险、问题、变更与应急措施的跨域辨析,RuankaoTopicCard,风险、问题、变更与应急措施的跨域辨析中，应急措施 vs 权变措施的考试判断要点是什么？,"<div class=""answer-block"">
<div class=""section-title"">【答案】</div>
<div>应急措施 vs 权变措施 应急措施（Contingency Plan）：针对已识别风险提前制定好的应对方案。风险一发生，立即启动应急措施。</div>
</div>","<div class=""extra"">
<div class=""section-title"">【理解】</div>
<div>应急措施 vs 权变措施 应急措施（Contingency Plan）：针对已识别风险提前制定好的应对方案。风险一发生，立即启动应急措施。。这张卡来自源材料中的具体段落，用于把讲义内容改写为可回忆判断。</div>
<div class=""section-title"">【记忆线索】</div>
<div>先判断对象、责任主体、时间点和输出物，再排除张冠李戴的选项。</div>
<div class=""section-title"">【易错点】</div>
<div>不能口头同意或绕过 CCB 直接改基准。</div>
<div class=""section-title"">【题干信号】</div>
<div>变更、风险、问题</div>
<div class=""section-title"">【关联专题】</div>
<div>T-RISK-003 风险、问题、变更与应急措施的跨域辨析</div>
<div class=""section-title"">【来源】</div>
<div>SRC-T-RISK-003-0002：风险、问题、变更与应急措施的跨域辨析 &gt; 核心辨析 &gt; 应急措施 vs 权变措施；应急措施 vs 权变措施 应急措施（Contingency Plan）：针对已识别风险提前制定好的应对方案。风险一发生，立即启动应急措施。</div>
</div>",案例模板卡,C,3,上午选择,综合专题与跨域辨析,T-RISK-003,风险、问题、变更与应急措施的跨域辨析,SRC-T-RISK-003-0002,topic_learning_packages/topics/99_综合专题与跨域辨析/T-RISK-003_专题学习包_风险问题变更与应急措施跨域辨析.md,风险、问题、变更与应急措施的跨域辨析 > 核心辨析 > 应急措施 vs 权变措施,应急措施 vs 权变措施 应急措施（Contingency Plan）：针对已识别风险提前制定好的应对方案。风险一发生，立即启动应急措施。,,,,,,,,,,sha256:fe5c7eafafe27876282ea93b,ruankao ruankao::anki_build::20260520_223914 ruankao::cross_topic ruankao::difficulty::3 ruankao::domain::综合专题与跨域辨析 ruankao::exam_use::上午选择 ruankao::importance::C ruankao::source_grounded ruankao::topic ruankao::topic::T-RISK-003 ruankao::type::案例模板卡,84,final,通过内容、来源和工程门禁；源材料自动扩展卡，建议后续人工润色
软考::系统集成项目管理工程师::专题学习::99_综合专题与跨域辨析::T-RISK-003_风险、问题、变更与应急措施的跨域辨析,RuankaoTopicCard,风险、问题、变更与应急措施的跨域辨析中，问题 vs 变更请求的考试判断要点是什么？,"<div class=""answer-block"">
<div class=""section-title"">【答案】</div>
<div>问题 vs 变更请求 出了问题后，如果解决问题需要修改基准（范围/进度/成本基准），就必须提交变更请求走 CCB 审批。如果不需要改基准（在浮动时间或应急储备内解决），则不需要走变更。</div>
</div>","<div class=""extra"">
<div class=""section-title"">【理解】</div>
<div>问题 vs 变更请求 出了问题后，如果解决问题需要修改基准（范围/进度/成本基准），就必须提交变更请求走 CCB 审批。如果不需要改基准（在浮动时间或应急储备内解决），则不需要走变更。。这张卡来自源材料中的具体段落，用于把讲义内容改写为可回忆判断。</div>
<div class=""section-title"">【记忆线索】</div>
<div>先判断对象、责任主体、时间点和输出物，再排除张冠李戴的选项。</div>
<div class=""section-title"">【易错点】</div>
<div>不能口头同意或绕过 CCB 直接改基准。</div>
<div class=""section-title"">【题干信号】</div>
<div>变更、风险、问题</div>
<div class=""section-title"">【关联专题】</div>
<div>T-RISK-003 风险、问题、变更与应急措施的跨域辨析</div>
<div class=""section-title"">【来源】</div>
<div>SRC-T-RISK-003-0003：风险、问题、变更与应急措施的跨域辨析 &gt; 核心辨析 &gt; 问题 vs 变更请求；问题 vs 变更请求 出了问题后，如果解决问题需要修改基准（范围/进度/成本基准），就必须提交变更请求走 CCB 审批。如果不需要改基准（在浮动时间或应急储备内解决），则不需要走变更。</div>
</div>",案例模板卡,C,3,上午选择,综合专题与跨域辨析,T-RISK-003,风险、问题、变更与应急措施的跨域辨析,SRC-T-RISK-003-0003,topic_learning_packages/topics/99_综合专题与跨域辨析/T-RISK-003_专题学习包_风险问题变更与应急措施跨域辨析.md,风险、问题、变更与应急措施的跨域辨析 > 核心辨析 > 问题 vs 变更请求,问题 vs 变更请求 出了问题后，如果解决问题需要修改基准（范围/进度/成本基准），就必须提交变更请求走 CCB 审批。如果不需要改基准（在浮动时间或应急储备内解决），则不需要走变更。,,,,,,,,,,sha256:6357cf519dd5d166961ad7ae,ruankao ruankao::anki_build::20260520_223914 ruankao::cross_topic ruankao::difficulty::3 ruankao::domain::综合专题与跨域辨析 ruankao::exam_use::上午选择 ruankao::importance::C ruankao::source_grounded ruankao::topic ruankao::topic::T-RISK-003 ruankao::type::案例模板卡,84,final,通过内容、来源和工程门禁；源材料自动扩展卡，建议后续人工润色
软考::系统集成项目管理工程师::专题学习::99_综合专题与跨域辨析::T-RISK-003_风险、问题、变更与应急措施的跨域辨析,RuankaoTopicCard,风险、问题、变更与应急措施的跨域辨析中，典型题详解与举一反三的考试判断要点是什么？,"<div class=""answer-block"">
<div class=""section-title"">【答案】</div>
<div>典型题详解与举一反三 例题 1｜风险 vs 问题 某已识别风险（概率 40%）在项目执行中实际发生了。项目经理应该： A. 从风险登记册中删除该条记录 B. 在风险登记册中更新状态，并在问题日志中记录该问题 C. 只更新问题日志 D. 什么都不做 已发生的风险→更新风险登记册状态+在问题日志中记录。</div>
</div>","<div class=""extra"">
<div class=""section-title"">【理解】</div>
<div>典型题详解与举一反三 例题 1｜风险 vs 问题 某已识别风险（概率 40%）在项目执行中实际发生了。项目经理应该： A. 从风险登记册中删除该条记录 B. 在风险登记册中更新状态，并在问题日志中记录该问题 C. 只更新问题日志 D. 什么都不做 已发生的风险→更新风险登记册状态+在问题日志中记录。。这张卡来自源材料中的具体段落，用于把讲义内容改写为可回忆判断。</div>
<div class=""section-title"">【记忆线索】</div>
<div>抓住题干中的对象、动作和输出，不背整段讲义。</div>
<div class=""section-title"">【易错点】</div>
<div>不能口头同意或绕过 CCB 直接改基准。</div>
<div class=""section-title"">【题干信号】</div>
<div>变更、风险、问题</div>
<div class=""section-title"">【关联专题】</div>
<div>T-RISK-003 风险、问题、变更与应急措施的跨域辨析</div>
<div class=""section-title"">【来源】</div>
<div>SRC-T-RISK-003-0004：风险、问题、变更与应急措施的跨域辨析 &gt; 典型题详解与举一反三；典型题详解与举一反三 例题 1｜风险 vs 问题 某已识别风险（概率 40%）在项目执行中实际发生了。项目经理应该： A. 从风险登记册中删除该条记录 B. 在风险登记册中更新状态，并在问题日志中记录该问题 C. 只更新问题日志 D. 什么都不做 已发生的风险→更新风险登记册状态+在问题日志中记录。</div>
</div>",案例模板卡,C,3,上午选择,综合专题与跨域辨析,T-RISK-003,风险、问题、变更与应急措施的跨域辨析,SRC-T-RISK-003-0004,topic_learning_packages/topics/99_综合专题与跨域辨析/T-RISK-003_专题学习包_风险问题变更与应急措施跨域辨析.md,风险、问题、变更与应急措施的跨域辨析 > 典型题详解与举一反三,典型题详解与举一反三 例题 1｜风险 vs 问题 某已识别风险（概率 40%）在项目执行中实际发生了。项目经理应该： A. 从风险登记册中删除该条记录 B. 在风险登记册中更新状态，并在问题日志中记录该问题 C. 只更新问题日志 D. 什么都不做 已发生的风险→更新风险登记册状态+在问题日志中记录。,,,,,,,,,,sha256:1df4d6a6157d2f334da05147,ruankao ruankao::anki_build::20260520_223914 ruankao::cross_topic ruankao::difficulty::3 ruankao::domain::综合专题与跨域辨析 ruankao::exam_use::上午选择 ruankao::importance::C ruankao::source_grounded ruankao::topic ruankao::topic::T-RISK-003 ruankao::type::案例模板卡,84,final,通过内容、来源和工程门禁；源材料自动扩展卡，建议后续人工润色
软考::系统集成项目管理工程师::专题学习::99_综合专题与跨域辨析::T-RISK-003_风险、问题、变更与应急措施的跨域辨析,RuankaoTopicCard,风险、问题、变更与应急措施的跨域辨析中，本轮真题覆盖增强的考试判断要点是什么？,"<div class=""answer-block"">
<div class=""section-title"">【答案】</div>
<div>本轮真题覆盖增强：风险、问题、变更、应急措施边界 本节把 questions.full.clean.md 与既有真题映射中的高频考法反查回本专题。案例题常把“新人生产率低”“可能继续延期”“已经发生缺陷”“提出新需求”混写在同一段。</div>
</div>","<div class=""extra"">
<div class=""section-title"">【理解】</div>
<div>本轮真题覆盖增强：风险、问题、变更、应急措施边界 本节把 questions.full.clean.md 与既有真题映射中的高频考法反查回本专题。案例题常把“新人生产率低”“可能继续延期”“已经发生缺陷”“提出新需求”混写在同一段。。这张卡来自源材料中的具体段落，用于把讲义内容改写为可回忆判断。</div>
<div class=""section-title"">【记忆线索】</div>
<div>抓住题干中的对象、动作和输出，不背整段讲义。</div>
<div class=""section-title"">【易错点】</div>
<div>不能口头同意或绕过 CCB 直接改基准。</div>
<div class=""section-title"">【题干信号】</div>
<div>变更、风险、问题</div>
<div class=""section-title"">【关联专题】</div>
<div>T-RISK-003 风险、问题、变更与应急措施的跨域辨析</div>
<div class=""section-title"">【来源】</div>
<div>SRC-T-RISK-003-0005：风险、问题、变更与应急措施的跨域辨析 &gt; 本轮真题覆盖增强：风险、问题、变更、应急措施边界；本轮真题覆盖增强：风险、问题、变更、应急措施边界 本节把 questions.full.clean.md 与既有真题映射中的高频考法反查回本专题。案例题常把“新人生产率低”“可能继续延期”“已经发生缺陷”“提出新需求”混写在同一段。</div>
</div>",案例模板卡,C,3,上午选择,综合专题与跨域辨析,T-RISK-003,风险、问题、变更与应急措施的跨域辨析,SRC-T-RISK-003-0005,topic_learning_packages/topics/99_综合专题与跨域辨析/T-RISK-003_专题学习包_风险问题变更与应急措施跨域辨析.md,风险、问题、变更与应急措施的跨域辨析 > 本轮真题覆盖增强：风险、问题、变更、应急措施边界,本轮真题覆盖增强：风险、问题、变更、应急措施边界 本节把 questions.full.clean.md 与既有真题映射中的高频考法反查回本专题。案例题常把“新人生产率低”“可能继续延期”“已经发生缺陷”“提出新需求”混写在同一段。,,,,,,,,,,sha256:0cfd8de8b48d8cfb33f083db,ruankao ruankao::anki_build::20260520_223914 ruankao::cross_topic ruankao::difficulty::3 ruankao::domain::综合专题与跨域辨析 ruankao::exam_use::上午选择 ruankao::importance::C ruankao::source_grounded ruankao::topic ruankao::topic::T-RISK-003 ruankao::type::案例模板卡,84,final,通过内容、来源和工程门禁；源材料自动扩展卡，建议后续人工润色
软考::系统集成项目管理工程师::专题学习::99_综合专题与跨域辨析::T-RISK-003_风险、问题、变更与应急措施的跨域辨析,RuankaoTopicCard,风险、问题、变更与应急措施的跨域辨析中，风险、问题、变更与应急措施的跨域辨析的考试判断要点是什么？,"<div class=""answer-block"">
<div class=""section-title"">【答案】</div>
<div>T-RISK-003｜风险、问题、变更与应急措施的跨域辨析 本专题用于厘清考试中四个常被混用的管理概念：风险 vs 问题 vs 变更请求 vs 应急措施/权变措施。核心问题是：项目执行中突然出了状况——这到底是风险发生了（转入问题）、新出现的问题（之前没识别）、还是需要走变更控制？</div>
</div>","<div class=""extra"">
<div class=""section-title"">【理解】</div>
<div>T-RISK-003｜风险、问题、变更与应急措施的跨域辨析 本专题用于厘清考试中四个常被混用的管理概念：风险 vs 问题 vs 变更请求 vs 应急措施/权变措施。核心问题是：项目执行中突然出了状况——这到底是风险发生了（转入问题）、新出现的问题（之前没识别）、还是需要走变更控制？。这张卡来自源材料中的具体段落，用于把讲义内容改写为可回忆判断。</div>
<div class=""section-title"">【记忆线索】</div>
<div>抓住题干中的对象、动作和输出，不背整段讲义。</div>
<div class=""section-title"">【易错点】</div>
<div>不能口头同意或绕过 CCB 直接改基准。</div>
<div class=""section-title"">【题干信号】</div>
<div>变更、风险、问题</div>
<div class=""section-title"">【关联专题】</div>
<div>T-RISK-003 风险、问题、变更与应急措施的跨域辨析</div>
<div class=""section-title"">【来源】</div>
<div>SRC-T-RISK-003-0001：风险、问题、变更与应急措施的跨域辨析；T-RISK-003｜风险、问题、变更与应急措施的跨域辨析 本专题用于厘清考试中四个常被混用的管理概念：风险 vs 问题 vs 变更请求 vs 应急措施/权变措施。核心问题是：项目执行中突然出了状况——这到底是风险发生了（转入问题）、新出现的问题（之前没识别）、还是需要走变更控制？</div>
</div>",案例模板卡,C,3,上午选择,综合专题与跨域辨析,T-RISK-003,风险、问题、变更与应急措施的跨域辨析,SRC-T-RISK-003-0001,topic_learning_packages/topics/99_综合专题与跨域辨析/T-RISK-003_专题学习包_风险问题变更与应急措施跨域辨析.md,风险、问题、变更与应急措施的跨域辨析,T-RISK-003｜风险、问题、变更与应急措施的跨域辨析 本专题用于厘清考试中四个常被混用的管理概念：风险 vs 问题 vs 变更请求 vs 应急措施/权变措施。核心问题是：项目执行中突然出了状况——这到底是风险发生了（转入问题）、新出现的问题（之前没识别）、还是需要走变更控制？,,,,,,,,,,sha256:d5df25360388cc440c98cdff,ruankao ruankao::anki_build::20260520_223914 ruankao::cross_topic ruankao::difficulty::3 ruankao::domain::综合专题与跨域辨析 ruankao::exam_use::上午选择 ruankao::importance::C ruankao::source_grounded ruankao::topic ruankao::topic::T-RISK-003 ruankao::type::案例模板卡,84,final,通过内容、来源和工程门禁；源材料自动扩展卡，建议后续人工润色
软考::系统集成项目管理工程师::专题学习::99_综合专题与跨域辨析::T-SCOPE-003_范围确认、质量控制、验收与测试的边界辨析,RuankaoTopicCard,范围确认、质量控制、验收与测试的边界辨析的核心区别或边界是什么？,"<div class=""answer-block"">
<div class=""section-title"">【答案】</div>
<div>T-SCOPE-003｜范围确认、质量控制、验收与测试的边界辨析 本专题用于集中辨析&quot;确认范围 vs 控制质量 vs 验收 vs 测试&quot;这四个在考试中张冠李戴频率最高的概念组。核心问题：项目交付一个东西后，接下来要做的事——谁来做、做什么、属于哪个过程组、属于哪个知识域？</div>
</div>","<div class=""extra"">
<div class=""section-title"">【理解】</div>
<div>T-SCOPE-003｜范围确认、质量控制、验收与测试的边界辨析 本专题用于集中辨析&quot;确认范围 vs 控制质量 vs 验收 vs 测试&quot;这四个在考试中张冠李戴频率最高的概念组。核心问题：项目交付一个东西后，接下来要做的事——谁来做、做什么、属于哪个过程组、属于哪个知识域？。这张卡来自源材料中的具体段落，用于把讲义内容改写为可回忆判断。</div>
<div class=""section-title"">【记忆线索】</div>
<div>先判断对象、责任主体、时间点和输出物，再排除张冠李戴的选项。</div>
<div class=""section-title"">【易错点】</div>
<div>测试通过不等于客户验收，质量合格不等于范围已确认。</div>
<div class=""section-title"">【题干信号】</div>
<div>验收、测试、问题</div>
<div class=""section-title"">【关联专题】</div>
<div>T-SCOPE-003 范围确认、质量控制、验收与测试的边界辨析</div>
<div class=""section-title"">【来源】</div>
<div>SRC-T-SCOPE-003-0001：范围确认、质量控制、验收与测试的边界辨析；T-SCOPE-003｜范围确认、质量控制、验收与测试的边界辨析 本专题用于集中辨析&quot;确认范围 vs 控制质量 vs 验收 vs 测试&quot;这四个在考试中张冠李戴频率最高的概念组。核心问题：项目交付一个东西后，接下来要做的事——谁来做、做什么、属于哪个过程组、属于哪个知识域？</div>
</div>",辨析卡,B,3,上午选择,综合专题与跨域辨析,T-SCOPE-003,范围确认、质量控制、验收与测试的边界辨析,SRC-T-SCOPE-003-0001,topic_learning_packages/topics/99_综合专题与跨域辨析/T-SCOPE-003_专题学习包_范围确认质量控制验收与测试边界辨析.md,范围确认、质量控制、验收与测试的边界辨析,"T-SCOPE-003｜范围确认、质量控制、验收与测试的边界辨析 本专题用于集中辨析""确认范围 vs 控制质量 vs 验收 vs 测试""这四个在考试中张冠李戴频率最高的概念组。核心问题：项目交付一个东西后，接下来要做的事——谁来做、做什么、属于哪个过程组、属于哪个知识域？",,,,,,,,,,sha256:fb94aeb0fb7e0a06da48bb29,ruankao ruankao::anki_build::20260520_223914 ruankao::cross_topic ruankao::difficulty::3 ruankao::domain::综合专题与跨域辨析 ruankao::exam_use::上午选择 ruankao::importance::B ruankao::source_grounded ruankao::topic ruankao::topic::T-SCOPE-003 ruankao::type::辨析卡,100,final,通过内容、来源和工程门禁
软考::系统集成项目管理工程师::专题学习::99_综合专题与跨域辨析::T-SCOPE-003_范围确认、质量控制、验收与测试的边界辨析,RuankaoTopicCard,辨析 1的核心区别或边界是什么？,"<div class=""answer-block"">
<div class=""section-title"">【答案】</div>
<div>辨析 1：QC vs 确认范围 [核心区分] QC 问的是&quot;东西好不好&quot;（内部技术检查），确认范围问的是&quot;东西对不对&quot;（外部正式验收）。QC 在先，确认范围在后。</div>
</div>","<div class=""extra"">
<div class=""section-title"">【理解】</div>
<div>辨析 1：QC vs 确认范围 [核心区分] QC 问的是&quot;东西好不好&quot;（内部技术检查），确认范围问的是&quot;东西对不对&quot;（外部正式验收）。QC 在先，确认范围在后。。这张卡来自源材料中的具体段落，用于把讲义内容改写为可回忆判断。</div>
<div class=""section-title"">【记忆线索】</div>
<div>先判断对象、责任主体、时间点和输出物，再排除张冠李戴的选项。</div>
<div class=""section-title"">【易错点】</div>
<div>避免把相邻概念按字面相似性混用。</div>
<div class=""section-title"">【题干信号】</div>
<div>验收</div>
<div class=""section-title"">【关联专题】</div>
<div>T-SCOPE-003 范围确认、质量控制、验收与测试的边界辨析</div>
<div class=""section-title"">【来源】</div>
<div>SRC-T-SCOPE-003-0003：范围确认、质量控制、验收与测试的边界辨析 &gt; 辨析 1：QC vs 确认范围；辨析 1：QC vs 确认范围 [核心区分] QC 问的是&quot;东西好不好&quot;（内部技术检查），确认范围问的是&quot;东西对不对&quot;（外部正式验收）。QC 在先，确认范围在后。</div>
</div>",辨析卡,B,3,上午选择,综合专题与跨域辨析,T-SCOPE-003,范围确认、质量控制、验收与测试的边界辨析,SRC-T-SCOPE-003-0003,topic_learning_packages/topics/99_综合专题与跨域辨析/T-SCOPE-003_专题学习包_范围确认质量控制验收与测试边界辨析.md,范围确认、质量控制、验收与测试的边界辨析 > 辨析 1：QC vs 确认范围,"辨析 1：QC vs 确认范围 [核心区分] QC 问的是""东西好不好""（内部技术检查），确认范围问的是""东西对不对""（外部正式验收）。QC 在先，确认范围在后。",,,,,,,,,,sha256:8c5ce6bfa7e21f3b5b3be5b8,ruankao ruankao::anki_build::20260520_223914 ruankao::cross_topic ruankao::difficulty::3 ruankao::domain::综合专题与跨域辨析 ruankao::exam_use::上午选择 ruankao::importance::B ruankao::source_grounded ruankao::topic ruankao::topic::T-SCOPE-003 ruankao::type::辨析卡,100,final,通过内容、来源和工程门禁
软考::系统集成项目管理工程师::专题学习::99_综合专题与跨域辨析::T-SCOPE-003_范围确认、质量控制、验收与测试的边界辨析,RuankaoTopicCard,辨析 2的核心区别或边界是什么？,"<div class=""answer-block"">
<div class=""section-title"">【答案】</div>
<div>辨析 2：确认范围 vs 最终验收 [核心区分] 确认范围是过程中的验收（每个可交付成果完成后都可以做），最终验收是项目结束时的总体验收。多次确认范围 → 一次最终验收。</div>
</div>","<div class=""extra"">
<div class=""section-title"">【理解】</div>
<div>辨析 2：确认范围 vs 最终验收 [核心区分] 确认范围是过程中的验收（每个可交付成果完成后都可以做），最终验收是项目结束时的总体验收。多次确认范围 → 一次最终验收。。这张卡来自源材料中的具体段落，用于把讲义内容改写为可回忆判断。</div>
<div class=""section-title"">【记忆线索】</div>
<div>先判断对象、责任主体、时间点和输出物，再排除张冠李戴的选项。</div>
<div class=""section-title"">【易错点】</div>
<div>避免把相邻概念按字面相似性混用。</div>
<div class=""section-title"">【题干信号】</div>
<div>验收</div>
<div class=""section-title"">【关联专题】</div>
<div>T-SCOPE-003 范围确认、质量控制、验收与测试的边界辨析</div>
<div class=""section-title"">【来源】</div>
<div>SRC-T-SCOPE-003-0004：范围确认、质量控制、验收与测试的边界辨析 &gt; 辨析 2：确认范围 vs 最终验收；辨析 2：确认范围 vs 最终验收 [核心区分] 确认范围是过程中的验收（每个可交付成果完成后都可以做），最终验收是项目结束时的总体验收。多次确认范围 → 一次最终验收。</div>
</div>",辨析卡,B,3,上午选择,综合专题与跨域辨析,T-SCOPE-003,范围确认、质量控制、验收与测试的边界辨析,SRC-T-SCOPE-003-0004,topic_learning_packages/topics/99_综合专题与跨域辨析/T-SCOPE-003_专题学习包_范围确认质量控制验收与测试边界辨析.md,范围确认、质量控制、验收与测试的边界辨析 > 辨析 2：确认范围 vs 最终验收,辨析 2：确认范围 vs 最终验收 [核心区分] 确认范围是过程中的验收（每个可交付成果完成后都可以做），最终验收是项目结束时的总体验收。多次确认范围 → 一次最终验收。,,,,,,,,,,sha256:671cedc8cebf7f8831684acc,ruankao ruankao::anki_build::20260520_223914 ruankao::cross_topic ruankao::difficulty::3 ruankao::domain::综合专题与跨域辨析 ruankao::exam_use::上午选择 ruankao::importance::B ruankao::source_grounded ruankao::topic ruankao::topic::T-SCOPE-003 ruankao::type::辨析卡,100,final,通过内容、来源和工程门禁
软考::系统集成项目管理工程师::专题学习::99_综合专题与跨域辨析::T-SCOPE-003_范围确认、质量控制、验收与测试的边界辨析,RuankaoTopicCard,辨析 3的核心区别或边界是什么？,"<div class=""answer-block"">
<div class=""section-title"">【答案】</div>
<div>辨析 3：确认范围 vs 控制范围 [核心区分] 确认范围=验收可交付成果。控制范围=监控是否做了范围外的工作。</div>
</div>","<div class=""extra"">
<div class=""section-title"">【理解】</div>
<div>辨析 3：确认范围 vs 控制范围 [核心区分] 确认范围=验收可交付成果。控制范围=监控是否做了范围外的工作。。这张卡来自源材料中的具体段落，用于把讲义内容改写为可回忆判断。</div>
<div class=""section-title"">【记忆线索】</div>
<div>先判断对象、责任主体、时间点和输出物，再排除张冠李戴的选项。</div>
<div class=""section-title"">【易错点】</div>
<div>避免把相邻概念按字面相似性混用。</div>
<div class=""section-title"">【题干信号】</div>
<div>验收</div>
<div class=""section-title"">【关联专题】</div>
<div>T-SCOPE-003 范围确认、质量控制、验收与测试的边界辨析</div>
<div class=""section-title"">【来源】</div>
<div>SRC-T-SCOPE-003-0005：范围确认、质量控制、验收与测试的边界辨析 &gt; 辨析 3：确认范围 vs 控制范围；辨析 3：确认范围 vs 控制范围 [核心区分] 确认范围=验收可交付成果。控制范围=监控是否做了范围外的工作。</div>
</div>",辨析卡,B,3,上午选择,综合专题与跨域辨析,T-SCOPE-003,范围确认、质量控制、验收与测试的边界辨析,SRC-T-SCOPE-003-0005,topic_learning_packages/topics/99_综合专题与跨域辨析/T-SCOPE-003_专题学习包_范围确认质量控制验收与测试边界辨析.md,范围确认、质量控制、验收与测试的边界辨析 > 辨析 3：确认范围 vs 控制范围,辨析 3：确认范围 vs 控制范围 [核心区分] 确认范围=验收可交付成果。控制范围=监控是否做了范围外的工作。,,,,,,,,,,sha256:e1e7fe7411581ca5c2c3efb4,ruankao ruankao::anki_build::20260520_223914 ruankao::cross_topic ruankao::difficulty::3 ruankao::domain::综合专题与跨域辨析 ruankao::exam_use::上午选择 ruankao::importance::B ruankao::source_grounded ruankao::topic ruankao::topic::T-SCOPE-003 ruankao::type::辨析卡,100,final,通过内容、来源和工程门禁
软考::系统集成项目管理工程师::专题学习::99_综合专题与跨域辨析::T-SCOPE-003_范围确认、质量控制、验收与测试的边界辨析,RuankaoTopicCard,辨析 4的核心区别或边界是什么？,"<div class=""answer-block"">
<div class=""section-title"">【答案】</div>
<div>辨析 4：测试 vs QC [核心区分] 测试是 QC 的手段之一（不是全部）。QC 还包括检查、测量、抽检、走查等其他手段。</div>
</div>","<div class=""extra"">
<div class=""section-title"">【理解】</div>
<div>辨析 4：测试 vs QC [核心区分] 测试是 QC 的手段之一（不是全部）。QC 还包括检查、测量、抽检、走查等其他手段。。这张卡来自源材料中的具体段落，用于把讲义内容改写为可回忆判断。</div>
<div class=""section-title"">【记忆线索】</div>
<div>先判断对象、责任主体、时间点和输出物，再排除张冠李戴的选项。</div>
<div class=""section-title"">【易错点】</div>
<div>避免把相邻概念按字面相似性混用。</div>
<div class=""section-title"">【题干信号】</div>
<div>测试</div>
<div class=""section-title"">【关联专题】</div>
<div>T-SCOPE-003 范围确认、质量控制、验收与测试的边界辨析</div>
<div class=""section-title"">【来源】</div>
<div>SRC-T-SCOPE-003-0006：范围确认、质量控制、验收与测试的边界辨析 &gt; 辨析 4：测试 vs QC；辨析 4：测试 vs QC [核心区分] 测试是 QC 的手段之一（不是全部）。QC 还包括检查、测量、抽检、走查等其他手段。</div>
</div>",辨析卡,B,3,上午选择,综合专题与跨域辨析,T-SCOPE-003,范围确认、质量控制、验收与测试的边界辨析,SRC-T-SCOPE-003-0006,topic_learning_packages/topics/99_综合专题与跨域辨析/T-SCOPE-003_专题学习包_范围确认质量控制验收与测试边界辨析.md,范围确认、质量控制、验收与测试的边界辨析 > 辨析 4：测试 vs QC,辨析 4：测试 vs QC [核心区分] 测试是 QC 的手段之一（不是全部）。QC 还包括检查、测量、抽检、走查等其他手段。,,,,,,,,,,sha256:3edebc335ed3fe475c3964e1,ruankao ruankao::anki_build::20260520_223914 ruankao::cross_topic ruankao::difficulty::3 ruankao::domain::综合专题与跨域辨析 ruankao::exam_use::上午选择 ruankao::importance::B ruankao::source_grounded ruankao::topic ruankao::topic::T-SCOPE-003 ruankao::type::辨析卡,100,final,通过内容、来源和工程门禁
软考::系统集成项目管理工程师::专题学习::99_综合专题与跨域辨析::T-SCOPE-003_范围确认、质量控制、验收与测试的边界辨析,RuankaoTopicCard,典型题详解与举一反三的核心区别或边界是什么？,"<div class=""answer-block"">
<div class=""section-title"">【答案】</div>
<div>典型题详解与举一反三 例题 1｜QC 还是确认范围？ 项目团队对已完成的一个功能模块进行了集成测试，确认所有技术指标达标。</div>
</div>","<div class=""extra"">
<div class=""section-title"">【理解】</div>
<div>典型题详解与举一反三 例题 1｜QC 还是确认范围？ 项目团队对已完成的一个功能模块进行了集成测试，确认所有技术指标达标。。这张卡来自源材料中的具体段落，用于把讲义内容改写为可回忆判断。</div>
<div class=""section-title"">【记忆线索】</div>
<div>先判断对象、责任主体、时间点和输出物，再排除张冠李戴的选项。</div>
<div class=""section-title"">【易错点】</div>
<div>避免把相邻概念按字面相似性混用。</div>
<div class=""section-title"">【题干信号】</div>
<div>测试</div>
<div class=""section-title"">【关联专题】</div>
<div>T-SCOPE-003 范围确认、质量控制、验收与测试的边界辨析</div>
<div class=""section-title"">【来源】</div>
<div>SRC-T-SCOPE-003-0007：范围确认、质量控制、验收与测试的边界辨析 &gt; 典型题详解与举一反三；典型题详解与举一反三 例题 1｜QC 还是确认范围？ 项目团队对已完成的一个功能模块进行了集成测试，确认所有技术指标达标。</div>
</div>",辨析卡,B,3,上午选择,综合专题与跨域辨析,T-SCOPE-003,范围确认、质量控制、验收与测试的边界辨析,SRC-T-SCOPE-003-0007,topic_learning_packages/topics/99_综合专题与跨域辨析/T-SCOPE-003_专题学习包_范围确认质量控制验收与测试边界辨析.md,范围确认、质量控制、验收与测试的边界辨析 > 典型题详解与举一反三,典型题详解与举一反三 例题 1｜QC 还是确认范围？ 项目团队对已完成的一个功能模块进行了集成测试，确认所有技术指标达标。,,,,,,,,,,sha256:30b23dac1d32f42faece465b,ruankao ruankao::anki_build::20260520_223914 ruankao::cross_topic ruankao::difficulty::3 ruankao::domain::综合专题与跨域辨析 ruankao::exam_use::上午选择 ruankao::importance::B ruankao::source_grounded ruankao::topic ruankao::topic::T-SCOPE-003 ruankao::type::辨析卡,100,final,通过内容、来源和工程门禁
软考::系统集成项目管理工程师::专题学习::99_综合专题与跨域辨析::T-SCOPE-003_范围确认、质量控制、验收与测试的边界辨析,RuankaoTopicCard,题干出现哪些信号时，应想到“范围确认、质量控制、验收与测试的边界”？,"<div class=""answer-block"">
<div class=""section-title"">【答案】</div>
<div>围绕“范围确认、质量控制、验收与测试的边界辨析”的对象、动作、输出物、责任主体和常见陷阱定位考点。</div>
</div>","<div class=""extra"">
<div class=""section-title"">【理解】</div>
<div>围绕“范围确认、质量控制、验收与测试的边界辨析”的对象、动作、输出物、责任主体和常见陷阱定位考点。。这张卡来自源材料中的具体段落，用于把讲义内容改写为可回忆判断。</div>
<div class=""section-title"">【记忆线索】</div>
<div>抓住题干中的对象、动作和输出，不背整段讲义。</div>
<div class=""section-title"">【易错点】</div>
<div>测试通过不等于客户验收，质量合格不等于范围已确认。</div>
<div class=""section-title"">【题干信号】</div>
<div>验收、测试</div>
<div class=""section-title"">【关联专题】</div>
<div>T-SCOPE-003 范围确认、质量控制、验收与测试的边界辨析</div>
<div class=""section-title"">【来源】</div>
<div>SRC-T-SCOPE-003-0001：范围确认、质量控制、验收与测试的边界辨析；T-SCOPE-003｜范围确认、质量控制、验收与测试的边界辨析 本专题用于集中辨析&quot;确认范围 vs 控制质量 vs 验收 vs 测试&quot;这四个在考试中张冠李戴频率最高的概念组。核心问题：项目交付一个东西后，接下来要做的事——谁来做、做什么、属于哪个过程组、属于哪个知识域？</div>
</div>",关键词识别卡,B,3,上午选择,综合专题与跨域辨析,T-SCOPE-003,范围确认、质量控制、验收与测试的边界辨析,SRC-T-SCOPE-003-0001,topic_learning_packages/topics/99_综合专题与跨域辨析/T-SCOPE-003_专题学习包_范围确认质量控制验收与测试边界辨析.md,范围确认、质量控制、验收与测试的边界辨析,"T-SCOPE-003｜范围确认、质量控制、验收与测试的边界辨析 本专题用于集中辨析""确认范围 vs 控制质量 vs 验收 vs 测试""这四个在考试中张冠李戴频率最高的概念组。核心问题：项目交付一个东西后，接下来要做的事——谁来做、做什么、属于哪个过程组、属于哪个知识域？",,,,,,,,,,sha256:f2d1f979e20a9c743956de84,ruankao ruankao::anki_build::20260520_223914 ruankao::cross_topic ruankao::difficulty::3 ruankao::domain::综合专题与跨域辨析 ruankao::exam_use::上午选择 ruankao::importance::B ruankao::source_grounded ruankao::topic ruankao::topic::T-SCOPE-003 ruankao::type::关键词识别卡,100,final,通过内容、来源和工程门禁
软考::系统集成项目管理工程师::专题学习::99_综合专题与跨域辨析::T-SCOPE-003_范围确认、质量控制、验收与测试的边界辨析,RuankaoTopicCard,范围确认、质量控制、验收与测试的边界类案例通常应从哪些角度答？,"<div class=""answer-block"">
<div class=""section-title"">【答案】</div>
<div>先从题干事实定位“范围确认、质量控制、验收与测试的边界辨析”相关管理缺口，再写原因、影响、纠正措施、预防措施和需更新的文件。</div>
</div>","<div class=""extra"">
<div class=""section-title"">【理解】</div>
<div>先从题干事实定位“范围确认、质量控制、验收与测试的边界辨析”相关管理缺口，再写原因、影响、纠正措施、预防措施和需更新的文件。。这张卡来自源材料中的具体段落，用于把讲义内容改写为可回忆判断。</div>
<div class=""section-title"">【记忆线索】</div>
<div>抓住题干中的对象、动作和输出，不背整段讲义。</div>
<div class=""section-title"">【易错点】</div>
<div>测试通过不等于客户验收，质量合格不等于范围已确认。</div>
<div class=""section-title"">【题干信号】</div>
<div>验收、测试</div>
<div class=""section-title"">【关联专题】</div>
<div>T-SCOPE-003 范围确认、质量控制、验收与测试的边界辨析</div>
<div class=""section-title"">【来源】</div>
<div>SRC-T-SCOPE-003-0003：范围确认、质量控制、验收与测试的边界辨析 &gt; 辨析 1：QC vs 确认范围；辨析 1：QC vs 确认范围 [核心区分] QC 问的是&quot;东西好不好&quot;（内部技术检查），确认范围问的是&quot;东西对不对&quot;（外部正式验收）。QC 在先，确认范围在后。</div>
</div>",案例模板卡,B,3,下午案例,综合专题与跨域辨析,T-SCOPE-003,范围确认、质量控制、验收与测试的边界辨析,SRC-T-SCOPE-003-0003,topic_learning_packages/topics/99_综合专题与跨域辨析/T-SCOPE-003_专题学习包_范围确认质量控制验收与测试边界辨析.md,范围确认、质量控制、验收与测试的边界辨析 > 辨析 1：QC vs 确认范围,"辨析 1：QC vs 确认范围 [核心区分] QC 问的是""东西好不好""（内部技术检查），确认范围问的是""东西对不对""（外部正式验收）。QC 在先，确认范围在后。",,,,,,,,,,sha256:dd5d83157b971143ed3412cf,ruankao ruankao::anki_build::20260520_223914 ruankao::cross_topic ruankao::difficulty::3 ruankao::domain::综合专题与跨域辨析 ruankao::exam_use::下午案例 ruankao::importance::B ruankao::source_grounded ruankao::topic ruankao::topic::T-SCOPE-003 ruankao::type::案例模板卡,84,final,通过内容、来源和工程门禁；源材料自动扩展卡，建议后续人工润色
软考::系统集成项目管理工程师::专题学习::99_综合专题与跨域辨析::T-SCOPE-003_范围确认、质量控制、验收与测试的边界辨析,RuankaoTopicCard,范围确认、质量控制、验收与测试的边界中，辨析 2的考试判断要点是什么？,"<div class=""answer-block"">
<div class=""section-title"">【答案】</div>
<div>辨析 2：确认范围 vs 最终验收 [核心区分] 确认范围是过程中的验收（每个可交付成果完成后都可以做），最终验收是项目结束时的总体验收。多次确认范围 → 一次最终验收。</div>
</div>","<div class=""extra"">
<div class=""section-title"">【理解】</div>
<div>辨析 2：确认范围 vs 最终验收 [核心区分] 确认范围是过程中的验收（每个可交付成果完成后都可以做），最终验收是项目结束时的总体验收。多次确认范围 → 一次最终验收。。这张卡来自源材料中的具体段落，用于把讲义内容改写为可回忆判断。</div>
<div class=""section-title"">【记忆线索】</div>
<div>抓住题干中的对象、动作和输出，不背整段讲义。</div>
<div class=""section-title"">【易错点】</div>
<div>测试通过不等于客户验收，质量合格不等于范围已确认。</div>
<div class=""section-title"">【题干信号】</div>
<div>验收、测试</div>
<div class=""section-title"">【关联专题】</div>
<div>T-SCOPE-003 范围确认、质量控制、验收与测试的边界辨析</div>
<div class=""section-title"">【来源】</div>
<div>SRC-T-SCOPE-003-0004：范围确认、质量控制、验收与测试的边界辨析 &gt; 辨析 2：确认范围 vs 最终验收；辨析 2：确认范围 vs 最终验收 [核心区分] 确认范围是过程中的验收（每个可交付成果完成后都可以做），最终验收是项目结束时的总体验收。多次确认范围 → 一次最终验收。</div>
</div>",辨析卡,C,3,上午选择,综合专题与跨域辨析,T-SCOPE-003,范围确认、质量控制、验收与测试的边界辨析,SRC-T-SCOPE-003-0004,topic_learning_packages/topics/99_综合专题与跨域辨析/T-SCOPE-003_专题学习包_范围确认质量控制验收与测试边界辨析.md,范围确认、质量控制、验收与测试的边界辨析 > 辨析 2：确认范围 vs 最终验收,辨析 2：确认范围 vs 最终验收 [核心区分] 确认范围是过程中的验收（每个可交付成果完成后都可以做），最终验收是项目结束时的总体验收。多次确认范围 → 一次最终验收。,,,,,,,,,,sha256:ce2e0d7ab41e1a4dd6fe9781,ruankao ruankao::anki_build::20260520_223914 ruankao::cross_topic ruankao::difficulty::3 ruankao::domain::综合专题与跨域辨析 ruankao::exam_use::上午选择 ruankao::importance::C ruankao::source_grounded ruankao::topic ruankao::topic::T-SCOPE-003 ruankao::type::辨析卡,84,final,通过内容、来源和工程门禁；源材料自动扩展卡，建议后续人工润色
软考::系统集成项目管理工程师::专题学习::99_综合专题与跨域辨析::T-SCOPE-003_范围确认、质量控制、验收与测试的边界辨析,RuankaoTopicCard,范围确认、质量控制、验收与测试的边界中，辨析 3的考试判断要点是什么？,"<div class=""answer-block"">
<div class=""section-title"">【答案】</div>
<div>辨析 3：确认范围 vs 控制范围 [核心区分] 确认范围=验收可交付成果。控制范围=监控是否做了范围外的工作。</div>
</div>","<div class=""extra"">
<div class=""section-title"">【理解】</div>
<div>辨析 3：确认范围 vs 控制范围 [核心区分] 确认范围=验收可交付成果。控制范围=监控是否做了范围外的工作。。这张卡来自源材料中的具体段落，用于把讲义内容改写为可回忆判断。</div>
<div class=""section-title"">【记忆线索】</div>
<div>抓住题干中的对象、动作和输出，不背整段讲义。</div>
<div class=""section-title"">【易错点】</div>
<div>测试通过不等于客户验收，质量合格不等于范围已确认。</div>
<div class=""section-title"">【题干信号】</div>
<div>验收、测试</div>
<div class=""section-title"">【关联专题】</div>
<div>T-SCOPE-003 范围确认、质量控制、验收与测试的边界辨析</div>
<div class=""section-title"">【来源】</div>
<div>SRC-T-SCOPE-003-0005：范围确认、质量控制、验收与测试的边界辨析 &gt; 辨析 3：确认范围 vs 控制范围；辨析 3：确认范围 vs 控制范围 [核心区分] 确认范围=验收可交付成果。控制范围=监控是否做了范围外的工作。</div>
</div>",辨析卡,C,3,上午选择,综合专题与跨域辨析,T-SCOPE-003,范围确认、质量控制、验收与测试的边界辨析,SRC-T-SCOPE-003-0005,topic_learning_packages/topics/99_综合专题与跨域辨析/T-SCOPE-003_专题学习包_范围确认质量控制验收与测试边界辨析.md,范围确认、质量控制、验收与测试的边界辨析 > 辨析 3：确认范围 vs 控制范围,辨析 3：确认范围 vs 控制范围 [核心区分] 确认范围=验收可交付成果。控制范围=监控是否做了范围外的工作。,,,,,,,,,,sha256:d0cfae3dd1a3b395cc209a6f,ruankao ruankao::anki_build::20260520_223914 ruankao::cross_topic ruankao::difficulty::3 ruankao::domain::综合专题与跨域辨析 ruankao::exam_use::上午选择 ruankao::importance::C ruankao::source_grounded ruankao::topic ruankao::topic::T-SCOPE-003 ruankao::type::辨析卡,84,final,通过内容、来源和工程门禁；源材料自动扩展卡，建议后续人工润色
软考::系统集成项目管理工程师::专题学习::99_综合专题与跨域辨析::T-SCOPE-003_范围确认、质量控制、验收与测试的边界辨析,RuankaoTopicCard,范围确认、质量控制、验收与测试的边界中，辨析 4的考试判断要点是什么？,"<div class=""answer-block"">
<div class=""section-title"">【答案】</div>
<div>辨析 4：测试 vs QC [核心区分] 测试是 QC 的手段之一（不是全部）。QC 还包括检查、测量、抽检、走查等其他手段。</div>
</div>","<div class=""extra"">
<div class=""section-title"">【理解】</div>
<div>辨析 4：测试 vs QC [核心区分] 测试是 QC 的手段之一（不是全部）。QC 还包括检查、测量、抽检、走查等其他手段。。这张卡来自源材料中的具体段落，用于把讲义内容改写为可回忆判断。</div>
<div class=""section-title"">【记忆线索】</div>
<div>抓住题干中的对象、动作和输出，不背整段讲义。</div>
<div class=""section-title"">【易错点】</div>
<div>测试通过不等于客户验收，质量合格不等于范围已确认。</div>
<div class=""section-title"">【题干信号】</div>
<div>验收、测试</div>
<div class=""section-title"">【关联专题】</div>
<div>T-SCOPE-003 范围确认、质量控制、验收与测试的边界辨析</div>
<div class=""section-title"">【来源】</div>
<div>SRC-T-SCOPE-003-0006：范围确认、质量控制、验收与测试的边界辨析 &gt; 辨析 4：测试 vs QC；辨析 4：测试 vs QC [核心区分] 测试是 QC 的手段之一（不是全部）。QC 还包括检查、测量、抽检、走查等其他手段。</div>
</div>",辨析卡,C,3,上午选择,综合专题与跨域辨析,T-SCOPE-003,范围确认、质量控制、验收与测试的边界辨析,SRC-T-SCOPE-003-0006,topic_learning_packages/topics/99_综合专题与跨域辨析/T-SCOPE-003_专题学习包_范围确认质量控制验收与测试边界辨析.md,范围确认、质量控制、验收与测试的边界辨析 > 辨析 4：测试 vs QC,辨析 4：测试 vs QC [核心区分] 测试是 QC 的手段之一（不是全部）。QC 还包括检查、测量、抽检、走查等其他手段。,,,,,,,,,,sha256:3b6237dace801261cf4685ec,ruankao ruankao::anki_build::20260520_223914 ruankao::cross_topic ruankao::difficulty::3 ruankao::domain::综合专题与跨域辨析 ruankao::exam_use::上午选择 ruankao::importance::C ruankao::source_grounded ruankao::topic ruankao::topic::T-SCOPE-003 ruankao::type::辨析卡,84,final,通过内容、来源和工程门禁；源材料自动扩展卡，建议后续人工润色
软考::系统集成项目管理工程师::专题学习::99_综合专题与跨域辨析::T-SCOPE-003_范围确认、质量控制、验收与测试的边界辨析,RuankaoTopicCard,范围确认、质量控制、验收与测试的边界中，典型题详解与举一反三的考试判断要点是什么？,"<div class=""answer-block"">
<div class=""section-title"">【答案】</div>
<div>典型题详解与举一反三 例题 1｜QC 还是确认范围？ 项目团队对已完成的一个功能模块进行了集成测试，确认所有技术指标达标。</div>
</div>","<div class=""extra"">
<div class=""section-title"">【理解】</div>
<div>典型题详解与举一反三 例题 1｜QC 还是确认范围？ 项目团队对已完成的一个功能模块进行了集成测试，确认所有技术指标达标。。这张卡来自源材料中的具体段落，用于把讲义内容改写为可回忆判断。</div>
<div class=""section-title"">【记忆线索】</div>
<div>抓住题干中的对象、动作和输出，不背整段讲义。</div>
<div class=""section-title"">【易错点】</div>
<div>测试通过不等于客户验收，质量合格不等于范围已确认。</div>
<div class=""section-title"">【题干信号】</div>
<div>验收、测试</div>
<div class=""section-title"">【关联专题】</div>
<div>T-SCOPE-003 范围确认、质量控制、验收与测试的边界辨析</div>
<div class=""section-title"">【来源】</div>
<div>SRC-T-SCOPE-003-0007：范围确认、质量控制、验收与测试的边界辨析 &gt; 典型题详解与举一反三；典型题详解与举一反三 例题 1｜QC 还是确认范围？ 项目团队对已完成的一个功能模块进行了集成测试，确认所有技术指标达标。</div>
</div>",辨析卡,C,3,上午选择,综合专题与跨域辨析,T-SCOPE-003,范围确认、质量控制、验收与测试的边界辨析,SRC-T-SCOPE-003-0007,topic_learning_packages/topics/99_综合专题与跨域辨析/T-SCOPE-003_专题学习包_范围确认质量控制验收与测试边界辨析.md,范围确认、质量控制、验收与测试的边界辨析 > 典型题详解与举一反三,典型题详解与举一反三 例题 1｜QC 还是确认范围？ 项目团队对已完成的一个功能模块进行了集成测试，确认所有技术指标达标。,,,,,,,,,,sha256:87cba5ea5a8923367b5d60fe,ruankao ruankao::anki_build::20260520_223914 ruankao::cross_topic ruankao::difficulty::3 ruankao::domain::综合专题与跨域辨析 ruankao::exam_use::上午选择 ruankao::importance::C ruankao::source_grounded ruankao::topic ruankao::topic::T-SCOPE-003 ruankao::type::辨析卡,84,final,通过内容、来源和工程门禁；源材料自动扩展卡，建议后续人工润色
